{
  "parent": "wasd.pick:recipes/crafter_recipe",
  "display": {
    "icon": {
      "item": "minecraft:netherite_pickaxe",
      "nbt": "{CustomModelData:6371002}"
    },
    "title": "控制镐",
    "description": "按住Shift键时获得挖掘疲劳，有时挖矿用更慢的挖掘速度会更好一些。",
    "frame": "goal",
    "show_toast": true,
    "announce_to_chat": false,
    "hidden": false
  },
  "criteria": {
    "requirement": {
      "trigger": "minecraft:inventory_changed",
      "conditions": {
        "items": [
          {
            "nbt": "{CustomModelData:6371002}",
            "items": [
              "minecraft:netherite_pickaxe"
            ]
          }
        ]
      }
    }
  }
}
