{
  "parent": "wasd.pick:recipes/root",
  "display": {
    "icon": {
      "item": "minecraft:item_frame",
      "nbt": "{CustomModelData:6370001}"
    },
    "title": "自定义工作台",
    "description": "用于制作本数据包中的所有自定义物品。",
    "frame": "goal",
    "show_toast": false,
    "announce_to_chat": false,
    "hidden": false
  },
  "criteria": {
    "requirement": {
      "trigger": "minecraft:inventory_changed",
      "conditions": {
        "items": [
          {
            "nbt": "{CustomModelData:6370001}",
            "items": [
              "minecraft:item_frame"
            ]
          }
        ]
      }
    }
  }
}
