{
  "parent": "wasd.pick:recipes/crafter_recipe",
  "display": {
    "icon": {
      "item": "minecraft:netherite_pickaxe",
      "nbt": "{CustomModelData:6371006}"
    },
    "title": "龙镐",
    "description": "可一次挖掘5x5x3区域内的方块，并留下矿石。升级版的凋灵镐。",
    "frame": "goal",
    "show_toast": true,
    "announce_to_chat": false,
    "hidden": false
  },
  "criteria": {
    "requirement": {
      "trigger": "minecraft:inventory_changed",
      "conditions": {
        "items": [
          {
            "nbt": "{CustomModelData:6371006}",
            "items": [
              "minecraft:netherite_pickaxe"
            ]
          }
        ]
      }
    }
  }
}
