{
  "parent": "wasd.pick:recipes/crafter_recipe",
  "display": {
    "icon": {
      "item": "minecraft:netherite_pickaxe",
      "nbt": "{CustomModelData:6371004}"
    },
    "title": "高效镐",
    "description": "自带效率8的附魔，当拥有急迫2的药水效果时，可秒挖深板岩。",
    "frame": "goal",
    "show_toast": true,
    "announce_to_chat": false,
    "hidden": false
  },
  "criteria": {
    "requirement": {
      "trigger": "minecraft:inventory_changed",
      "conditions": {
        "items": [
          {
            "nbt": "{CustomModelData:6371004}",
            "items": [
              "minecraft:netherite_pickaxe"
            ]
          }
        ]
      }
    }
  }
}
