{
  "parent": "wasd.pick:recipes/crafter_recipe",
  "display": {
    "icon": {
      "item": "minecraft:diamond_pickaxe",
      "nbt": "{CustomModelData:6370009}"
    },
    "title": "巨型钻石镐",
    "description": "可一次破坏3x3x3区域的方块。",
    "frame": "goal",
    "show_toast": true,
    "announce_to_chat": false,
    "hidden": false
  },
  "criteria": {
    "requirement": {
      "trigger": "minecraft:inventory_changed",
      "conditions": {
        "items": [
          {
            "nbt": "{CustomModelData:6370009}",
            "items": [
              "minecraft:diamond_pickaxe"
            ]
          }
        ]
      }
    }
  }
}
