{
  "parent": "wasd.pick:recipes/crafter_recipe",
  "display": {
    "icon": {
      "item": "minecraft:diamond_pickaxe",
      "nbt": "{CustomModelData:6370011}"
    },
    "title": "冰镐",
    "description": "在挖掘方块时能将附近的熔岩凝固成黑曜石，将水冻结为冰。",
    "frame": "goal",
    "show_toast": true,
    "announce_to_chat": false,
    "hidden": false
  },
  "criteria": {
    "requirement": {
      "trigger": "minecraft:inventory_changed",
      "conditions": {
        "items": [
          {
            "nbt": "{CustomModelData:6370011}",
            "items": [
              "minecraft:diamond_pickaxe"
            ]
          }
        ]
      }
    }
  }
}
