{
  "parent": "wasd.pick:recipes/crafter_recipe",
  "display": {
    "icon": {
      "item": "minecraft:wooden_pickaxe",
      "nbt": "{CustomModelData:6370002}"
    },
    "title": "原木镐",
    "description": "可一次挖掘3x3区域，但是挖掘速度比较慢。",
    "frame": "goal",
    "show_toast": true,
    "announce_to_chat": false,
    "hidden": false
  },
  "criteria": {
    "requirement": {
      "trigger": "minecraft:inventory_changed",
      "conditions": {
        "items": [
          {
            "nbt": "{CustomModelData:6370002}",
            "items": [
              "minecraft:wooden_pickaxe"
            ]
          }
        ]
      }
    }
  }
}
