{
  "parent": "wasd.pick:recipes/crafter_recipe",
  "display": {
    "icon": {
      "item": "minecraft:diamond_pickaxe",
      "nbt": "{CustomModelData:6370012}"
    },
    "title": "幸运镐",
    "description": "在不附精准采集挖掘矿石时，可随机掉落稀有物品。有时是好的，但有时是坏的，也有可能会掉落传奇物品。",
    "frame": "goal",
    "show_toast": true,
    "announce_to_chat": false,
    "hidden": false
  },
  "criteria": {
    "requirement": {
      "trigger": "minecraft:inventory_changed",
      "conditions": {
        "items": [
          {
            "nbt": "{CustomModelData:6370012}",
            "items": [
              "minecraft:diamond_pickaxe"
            ]
          }
        ]
      }
    }
  }
}
