{
  "parent": "wasd.pick:recipes/crafter_recipe",
  "display": {
    "icon": {
      "item": "minecraft:diamond_pickaxe",
      "nbt": "{CustomModelData:6370007}"
    },
    "title": "动力镐",
    "description": "一开始挖矿是需要时间，但是如果你持续挖矿，那么可瞬挖。",
    "frame": "goal",
    "show_toast": true,
    "announce_to_chat": false,
    "hidden": false
  },
  "criteria": {
    "requirement": {
      "trigger": "minecraft:inventory_changed",
      "conditions": {
        "items": [
          {
            "nbt": "{CustomModelData:6370007}",
            "items": [
              "minecraft:diamond_pickaxe"
            ]
          }
        ]
      }
    }
  }
}
