{
  "parent": "wasd.pick:recipes/crafter_recipe",
  "display": {
    "icon": {
      "item": "minecraft:iron_pickaxe",
      "nbt": "{CustomModelData:6370004}"
    },
    "title": "枕头镐",
    "description": "一把挖掘速度较慢，但是自带精准采集。",
    "frame": "goal",
    "show_toast": true,
    "announce_to_chat": false,
    "hidden": false
  },
  "criteria": {
    "requirement": {
      "trigger": "minecraft:inventory_changed",
      "conditions": {
        "items": [
          {
            "nbt": "{CustomModelData:6370004}",
            "items": [
              "minecraft:iron_pickaxe"
            ]
          }
        ]
      }
    }
  }
}
