{
  "parent": "wasd.pick:recipes/crafter_recipe",
  "display": {
    "icon": {
      "item": "minecraft:wooden_pickaxe",
      "nbt": "{CustomModelData:6370003}"
    },
    "title": "雪镐",
    "description": "在挖掘冰、浮冰和蓝冰时自带精准采集。",
    "frame": "goal",
    "show_toast": true,
    "announce_to_chat": false,
    "hidden": false
  },
  "criteria": {
    "requirement": {
      "trigger": "minecraft:inventory_changed",
      "conditions": {
        "items": [
          {
            "nbt": "{CustomModelData:6370003}",
            "items": [
              "minecraft:wooden_pickaxe"
            ]
          }
        ]
      }
    }
  }
}
