{
  "parent": "wasd.pick:recipes/crafter_recipe",
  "display": {
    "icon": {
      "item": "minecraft:golden_pickaxe",
      "nbt": "{CustomModelData:6370002}"
    },
    "title": "TNT镐",
    "description": "挖掘方块时在当前位置召唤TNT爆炸。危险！",
    "frame": "goal",
    "show_toast": true,
    "announce_to_chat": false,
    "hidden": false
  },
  "criteria": {
    "requirement": {
      "trigger": "minecraft:inventory_changed",
      "conditions": {
        "items": [
          {
            "nbt": "{CustomModelData:6370002}",
            "items": [
              "minecraft:golden_pickaxe"
            ]
          }
        ]
      }
    }
  }
}
