{
  "parent": "wasd.pick:recipes/crafter_recipe",
  "display": {
    "icon": {
      "item": "minecraft:iron_pickaxe",
      "nbt": "{CustomModelData:6370010}"
    },
    "title": "火把镐",
    "description": "当挖掘光照为0的方块时可放置火把。",
    "frame": "goal",
    "show_toast": true,
    "announce_to_chat": false,
    "hidden": false
  },
  "criteria": {
    "requirement": {
      "trigger": "minecraft:inventory_changed",
      "conditions": {
        "items": [
          {
            "nbt": "{CustomModelData:6370010}",
            "items": [
              "minecraft:iron_pickaxe"
            ]
          }
        ]
      }
    }
  }
}
