{
	"credit": "Made with Blockbench",
	"parent": "minecraft:item/handheld",
	"textures": {
		"layer0": "minecraft:item/iron_sword"
	},
	"display": {
		"firstperson_righthand": {
			"rotation": [0, 85.75, 25],
			"translation": [4, 3.6, 1.8],
			"scale": [0.68, 0.68, 0.68]
		},
		"firstperson_lefthand": {
			"rotation": [-6.23, -85.73, -26.32],
			"translation": [-6.25, 3.6, 1.8],
			"scale": [0.68, 0.68, 0.68]
		},
		"head": {
			"rotation": [0, 90, -45],
			"translation": [0, -45, 0],
			"scale": [1.5, 1.5, 1.5]
		}
	}
}