{
	"credit": "Made with Blockbench",
	"parent": "minecraft:item/handheld",
	"textures": {
		"layer0": "minecraft:item/wooden_sword"
	},
	"display": {
		"firstperson_righthand": {
			"rotation": [84.5, -49, 131.4],
			"translation": [1.13, 3.2, 1.13],
			"scale": [0.68, 0.68, 0.68]
		},
		"firstperson_lefthand": {
			"rotation": [-95.5, 49, 48],
			"translation": [1.13, 3.2, 1.13],
			"scale": [0.68, 0.68, 0.68]
		},
		"head": {
			"rotation": [0, 90, -45],
			"translation": [0, -45, 0],
			"scale": [1.5, 1.5, 1.5]
		}
	}
}