{
  "ultrawarm": true,
  "natural": false,
  "piglin_safe": false,
  "respawn_anchor_works": true,
  "bed_works": false,
  "has_raids": true,
  "has_skylight": true,
  "has_ceiling": false,
  "coordinate_scale": 8,
  "ambient_light": -20,
  "fixed_time": 18000,
  "logical_height": 100,
  "infiniburn": "#minecraft:infiniburn_end",
  "min_y": 0,
  "height": 128,
  "monster_spawn_block_light_limit": 0,
  "monster_spawn_light_level": {
    "type": "minecraft:uniform",
    "value": {
      "min_inclusive": 0,
      "max_inclusive": 7
    }
  }
}
