{
	"credit": "Made with Blockbench",
	"texture_size": [32, 32],
	"textures": {
		"staff_bermundes_hermit_staff": "./whirlwind"
	},
	"elements": [
		{
			"from": [-0.001, -2.001, 7.999],
			"to": [5.001, 0.001, 8.001],
			"rotation": {"angle": 22.5, "axis": "z", "origin": [4, 0, 8]},
			"faces": {
				"north": {"uv": [9, 0, 11.5, 1], "texture": "#staff_bermundes_hermit_staff"},
				"east": {"uv": [0, 0, 2, 2], "texture": "#missing"},
				"south": {"uv": [11.5, 0, 9, 1], "texture": "#staff_bermundes_hermit_staff"},
				"west": {"uv": [0, 0, 2, 2], "texture": "#missing"},
				"up": {"uv": [8, 0, 13, 2], "texture": "#missing"},
				"down": {"uv": [0, 8, 5, 10], "texture": "#missing"}
			}
		},
		{
			"from": [0, 0, 7],
			"to": [16, 2, 9],
			"faces": {
				"north": {"uv": [0, 0, 8, 1], "texture": "#staff_bermundes_hermit_staff"},
				"east": {"uv": [8, 0, 9, 1], "texture": "#staff_bermundes_hermit_staff"},
				"south": {"uv": [8, 0, 0, 1], "texture": "#staff_bermundes_hermit_staff"},
				"west": {"uv": [8, 0, 9, 1], "texture": "#staff_bermundes_hermit_staff"},
				"up": {"uv": [0, 1, 8, 2], "texture": "#staff_bermundes_hermit_staff"},
				"down": {"uv": [0, 2, 8, 3], "texture": "#staff_bermundes_hermit_staff"}
			}
		},
		{
			"from": [0, 0, 7],
			"to": [16, 2, 9],
			"faces": {
				"north": {"uv": [0, 0, 8, 1], "texture": "#staff_bermundes_hermit_staff"},
				"east": {"uv": [8, 0, 9, 1], "texture": "#staff_bermundes_hermit_staff"},
				"south": {"uv": [8, 0, 0, 1], "texture": "#staff_bermundes_hermit_staff"},
				"west": {"uv": [8, 0, 9, 1], "texture": "#staff_bermundes_hermit_staff"},
				"up": {"uv": [0, 1, 8, 2], "texture": "#staff_bermundes_hermit_staff"},
				"down": {"uv": [0, 2, 8, 3], "texture": "#staff_bermundes_hermit_staff"}
			}
		},
		{
			"from": [6, 2, 7],
			"to": [13, 5, 9],
			"faces": {
				"north": {"uv": [0, 10, 3.5, 11.5], "texture": "#staff_bermundes_hermit_staff"},
				"east": {"uv": [3.5, 10, 4.5, 11.5], "texture": "#staff_bermundes_hermit_staff"},
				"south": {"uv": [3.5, 10, 0, 11.5], "texture": "#staff_bermundes_hermit_staff"},
				"west": {"uv": [3.5, 10, 4.5, 11.5], "texture": "#staff_bermundes_hermit_staff"},
				"up": {"uv": [0, 11.5, 3.5, 12.5], "texture": "#staff_bermundes_hermit_staff"},
				"down": {"uv": [0, 11.5, 3.5, 12.5], "texture": "#staff_bermundes_hermit_staff"}
			}
		},
		{
			"from": [2.999, 1.999, 7.999],
			"to": [15.001, 6.001, 8.001],
			"faces": {
				"north": {"uv": [0, 12.5, 6, 14.5], "texture": "#staff_bermundes_hermit_staff"},
				"east": {"uv": [3.5, 11.5, 4.5, 12.5], "texture": "#staff_bermundes_hermit_staff"},
				"south": {"uv": [6, 12.5, 0, 14.5], "texture": "#staff_bermundes_hermit_staff"},
				"west": {"uv": [3.5, 11.5, 4.5, 12.5], "texture": "#staff_bermundes_hermit_staff"},
				"up": {"uv": [3.5, 11.5, 4.5, 12.5], "texture": "#staff_bermundes_hermit_staff"},
				"down": {"uv": [3.5, 11.5, 4.5, 12.5], "texture": "#staff_bermundes_hermit_staff"}
			}
		},
		{
			"from": [2.999, 4.499, 6.499],
			"to": [5.001, 4.501, 9.501],
			"faces": {
				"north": {"uv": [0, 12.5, 6, 14.5], "texture": "#staff_bermundes_hermit_staff"},
				"east": {"uv": [3.5, 10, 4.5, 11.5], "texture": "#staff_bermundes_hermit_staff"},
				"south": {"uv": [6, 12.5, 0, 14.5], "texture": "#staff_bermundes_hermit_staff"},
				"west": {"uv": [3.5, 10, 4.5, 11.5], "texture": "#staff_bermundes_hermit_staff"},
				"up": {"uv": [4.5, 11, 5.5, 12.5], "texture": "#staff_bermundes_hermit_staff"},
				"down": {"uv": [0, 11.5, 3.5, 12.5], "texture": "#staff_bermundes_hermit_staff"}
			}
		},
		{
			"from": [2.999, 3.499, 6.499],
			"to": [5.001, 3.501, 9.501],
			"faces": {
				"north": {"uv": [0, 12.5, 6, 14.5], "texture": "#staff_bermundes_hermit_staff"},
				"east": {"uv": [3.5, 10, 4.5, 11.5], "texture": "#staff_bermundes_hermit_staff"},
				"south": {"uv": [6, 12.5, 0, 14.5], "texture": "#staff_bermundes_hermit_staff"},
				"west": {"uv": [3.5, 10, 4.5, 11.5], "texture": "#staff_bermundes_hermit_staff"},
				"up": {"uv": [4.5, 11, 5.5, 12.5], "texture": "#staff_bermundes_hermit_staff"},
				"down": {"uv": [0, 11.5, 3.5, 12.5], "texture": "#staff_bermundes_hermit_staff"}
			}
		},
		{
			"from": [2.999, 2.499, 6.499],
			"to": [5.001, 2.501, 9.501],
			"faces": {
				"north": {"uv": [0, 12.5, 6, 14.5], "texture": "#staff_bermundes_hermit_staff"},
				"east": {"uv": [3.5, 10, 4.5, 11.5], "texture": "#staff_bermundes_hermit_staff"},
				"south": {"uv": [6, 12.5, 0, 14.5], "texture": "#staff_bermundes_hermit_staff"},
				"west": {"uv": [3.5, 10, 4.5, 11.5], "texture": "#staff_bermundes_hermit_staff"},
				"up": {"uv": [4.5, 11, 5.5, 12.5], "texture": "#staff_bermundes_hermit_staff"},
				"down": {"uv": [0, 11.5, 3.5, 12.5], "texture": "#staff_bermundes_hermit_staff"}
			}
		},
		{
			"from": [14, 0, 4],
			"to": [16, 2, 12],
			"faces": {
				"north": {"uv": [4, 3, 5, 4], "texture": "#staff_bermundes_hermit_staff"},
				"east": {"uv": [0, 3, 4, 4], "texture": "#staff_bermundes_hermit_staff"},
				"south": {"uv": [5, 3, 4, 4], "texture": "#staff_bermundes_hermit_staff"},
				"west": {"uv": [5, 3, 9, 4], "texture": "#staff_bermundes_hermit_staff"},
				"up": {"uv": [0, 4, 1, 8], "texture": "#staff_bermundes_hermit_staff"},
				"down": {"uv": [1, 4, 2, 8], "texture": "#staff_bermundes_hermit_staff"}
			}
		},
		{
			"from": [15.999, 0.999, 4.999],
			"to": [19.001, 1.001, 11.001],
			"faces": {
				"north": {"uv": [8, 1, 11, 2], "texture": "#staff_bermundes_hermit_staff"},
				"east": {"uv": [8, 1, 11, 2], "texture": "#staff_bermundes_hermit_staff"},
				"south": {"uv": [8, 1, 11, 2], "texture": "#staff_bermundes_hermit_staff"},
				"west": {"uv": [8, 1, 11, 2], "texture": "#staff_bermundes_hermit_staff"},
				"up": {"uv": [9, 1, 10.5, 4], "texture": "#staff_bermundes_hermit_staff"},
				"down": {"uv": [8, 1, 11, 2], "texture": "#staff_bermundes_hermit_staff"}
			}
		},
		{
			"from": [14, 0.5, -2],
			"to": [16, 1.5, 4],
			"rotation": {"angle": 45, "axis": "y", "origin": [16, 1, 4]},
			"faces": {
				"north": {"uv": [3, 5, 4, 5.5], "texture": "#staff_bermundes_hermit_staff"},
				"east": {"uv": [3, 4, 6, 4.5], "texture": "#staff_bermundes_hermit_staff"},
				"south": {"uv": [4, 5, 3, 5.5], "texture": "#staff_bermundes_hermit_staff"},
				"west": {"uv": [3, 4.5, 6, 5], "texture": "#staff_bermundes_hermit_staff"},
				"up": {"uv": [2, 4, 3, 7], "texture": "#staff_bermundes_hermit_staff"},
				"down": {"uv": [2, 7, 3, 10], "texture": "#staff_bermundes_hermit_staff"}
			}
		},
		{
			"from": [5.999, 0.999, 2.999],
			"to": [16.001, 1.001, 13.001],
			"rotation": {"angle": -45, "axis": "y", "origin": [11, 1, 8]},
			"faces": {
				"north": {"uv": [10.5, 1, 15.5, 6], "texture": "#staff_bermundes_hermit_staff"},
				"east": {"uv": [10.5, 1, 15.5, 6], "texture": "#staff_bermundes_hermit_staff"},
				"south": {"uv": [10.5, 1, 15.5, 6], "texture": "#staff_bermundes_hermit_staff"},
				"west": {"uv": [10.5, 1, 15.5, 6], "texture": "#staff_bermundes_hermit_staff"},
				"up": {"uv": [10.5, 11, 15.5, 16], "texture": "#staff_bermundes_hermit_staff"},
				"down": {"uv": [15.5, 11, 10.5, 16], "rotation": 180, "texture": "#staff_bermundes_hermit_staff"}
			}
		},
		{
			"from": [14, 0.5, 12],
			"to": [16, 1.5, 18],
			"rotation": {"angle": -45, "axis": "y", "origin": [16, 1, 12]},
			"faces": {
				"north": {"uv": [3, 5, 4, 5.5], "texture": "#staff_bermundes_hermit_staff"},
				"east": {"uv": [3, 4, 6, 4.5], "texture": "#staff_bermundes_hermit_staff"},
				"south": {"uv": [4, 5, 3, 5.5], "texture": "#staff_bermundes_hermit_staff"},
				"west": {"uv": [6, 4.5, 3, 5], "texture": "#staff_bermundes_hermit_staff"},
				"up": {"uv": [2, 7, 3, 4], "texture": "#staff_bermundes_hermit_staff"},
				"down": {"uv": [2, 10, 3, 7], "texture": "#staff_bermundes_hermit_staff"}
			}
		}
	],
	"gui_light": "front",
	"overrides": [
		{
			"predicate": {
				"pulling": 1
			},
			"model": "item/crossbow_pulling_0"
		},
		{
			"predicate": {
				"pulling": 1,
				"pull": 0.58
			},
			"model": "item/crossbow_pulling_1"
		},
		{
			"predicate": {
				"pulling": 1,
				"pull": 1
			},
			"model": "item/crossbow_pulling_2"
		},
		{
			"predicate": {
				"charged": 1
			},
			"model": "item/crossbow_arrow"
		},
		{
			"predicate": {
				"charged": 1,
				"firework": 1
			},
			"model": "item/crossbow_firework"
		}
	],
	"display": {
		"thirdperson_righthand": {
			"rotation": [0, 75, 0],
			"translation": [0, 7.25, 0]
		},
		"thirdperson_lefthand": {
			"rotation": [0, -105, 0],
			"translation": [0, 7.25, 0]
		},
		"firstperson_righthand": {
			"rotation": [0, 80, 0],
			"translation": [4, 8.5, -2]
		},
		"firstperson_lefthand": {
			"rotation": [0, -80, 0],
			"translation": [2, 8.5, -2]
		},
		"ground": {
			"translation": [-0.75, 6, 0],
			"scale": [0.5, 0.5, 0.5]
		},
		"gui": {
			"rotation": [-180, 45, -135],
			"translation": [4, 4, 0],
			"scale": [0.8, 0.8, 0.8]
		},
		"fixed": {
			"rotation": [0, 0, 45],
			"translation": [-2.5, 3.5, 0],
			"scale": [0.65, 0.65, 0.65]
		}
	}
}