[
  {
    "function": "minecraft:set_damage",
    "damage": {
      "type": "minecraft:score",
      "target": {
        "type": "minecraft:fixed",
        "name": "#xcc_durab"
      },
      "score": "xcc_op",
      "scale": 0.01
    }
  },
  {
    "function": "minecraft:set_damage",
    "damage": 0.1195,
    "add": true
  },
  {
    "function": "minecraft:copy_nbt",
    "source": {
      "type": "minecraft:storage",
      "source": "xylo_crafting:op"
    },
    "ops": [
      {
        "source": "forge_items[{Slot:15b}].tag.RepairCost",
        "target": "RepairCost",
        "op": "replace"
      }
    ]
  }
]

