{
  "function": "minecraft:set_lore",
  "entity": "this",
  "lore": [
    [
        {
          "text": "使用: ",
          "color": "gray",
          "italic": false
        },
        {
          "score": {
            "name": "#xs_usages",
            "objective": "xs_op"
          },
          "color": "gray",
          "italic": false
        }
    ],
    [
      [
        {
          "text": "剩余时间 ",
          "color": "gray",
          "italic": false
        },
        {
          "score": {
            "name": "#xs_min_left",
            "objective": "xs_op"
          },
          "color": "gray",
          "italic": false
        },
        {
          "text": ":",
          "color": "gray",
          "italic": false
        },
        {
          "score": {
            "name": "#xs_sec_left",
            "objective": "xs_op"
          },
          "color": "gray",
          "italic": false
        }
      ]
    ]
  ]
}