{
	"credit": "Made with Blockbench",
	"textures": {
		"1": "block/light_gray_concrete",
		"2": "block/gray_concrete",
		"4": "block/quartz_pillar",
		"6": "block/quartz_block_bottom",
		"7": "block/chiseled_quartz_block_top",
		"particle": "block/white_concrete"
	},
	"elements": [
		{
			"name": "head",
			"from": [1, 2.5, 15.75],
			"to": [15, 15.75, 16],
			"rotation": {"angle": 0, "axis": "y", "origin": [11, 21.5, 10]},
			"faces": {
				"north": {"uv": [1, 0.25, 15, 13.5], "texture": "#6"},
				"east": {"uv": [0, 0.25, 0.25, 13.5], "texture": "#6"},
				"south": {"uv": [1, 0.25, 15, 13.5], "texture": "#6"},
				"west": {"uv": [15.75, 0.25, 16, 13.5], "texture": "#6"},
				"up": {"uv": [1, 15.75, 15, 16], "texture": "#6"},
				"down": {"uv": [1, 0, 15, 0.25], "texture": "#6"}
			}
		},
		{
			"name": "head",
			"from": [1.25, 2.75, 15.25],
			"to": [14.75, 15.5, 15.75],
			"rotation": {"angle": 0, "axis": "y", "origin": [11, 21.5, 9.75]},
			"faces": {
				"east": {"uv": [0.25, 0.5, 0.75, 13.25], "texture": "#6"},
				"west": {"uv": [15.25, 0.5, 15.75, 13.25], "texture": "#6"},
				"up": {"uv": [1.25, 15.25, 14.75, 15.75], "texture": "#6"},
				"down": {"uv": [1.25, 0.25, 14.75, 0.75], "texture": "#6"}
			}
		},
		{
			"name": "head",
			"from": [1, 2.5, 15],
			"to": [15, 15.75, 15.25],
			"rotation": {"angle": 0, "axis": "y", "origin": [11, 21.5, 9.25]},
			"faces": {
				"north": {"uv": [1, 0.25, 15, 13.5], "texture": "#4"},
				"east": {"uv": [0.75, 0.25, 1, 13.5], "texture": "#4"},
				"south": {"uv": [1, 0.25, 15, 13.5], "texture": "#4"},
				"west": {"uv": [15, 0.25, 15.25, 13.5], "texture": "#4"},
				"up": {"uv": [1, 15, 15, 15.25], "texture": "#4"},
				"down": {"uv": [1, 0.75, 15, 1], "texture": "#4"}
			}
		},
		{
			"name": "head",
			"from": [11.85, 13.1, 14.25],
			"to": [12.9, 13.65, 15.25],
			"rotation": {"angle": 0, "axis": "y", "origin": [20, 21.5, 10]},
			"faces": {
				"east": {"uv": [0.75, 2.35, 1.75, 2.9], "texture": "#1"},
				"west": {"uv": [14.25, 2.35, 15.25, 2.9], "texture": "#1"},
				"up": {"uv": [11.85, 14.25, 12.9, 15.25], "texture": "#1"},
				"down": {"uv": [11.85, 0.75, 12.9, 1.75], "texture": "#1"}
			}
		},
		{
			"name": "head",
			"from": [3.1, 13.1, 14.25],
			"to": [4.15, 13.65, 15.25],
			"rotation": {"angle": 0, "axis": "y", "origin": [11, 21.5, 10]},
			"faces": {
				"east": {"uv": [0.75, 2.35, 1.75, 2.9], "texture": "#1"},
				"west": {"uv": [14.25, 2.35, 15.25, 2.9], "texture": "#1"},
				"up": {"uv": [3.1, 14.25, 4.15, 15.25], "texture": "#1"},
				"down": {"uv": [3.1, 0.75, 4.15, 1.75], "texture": "#1"}
			}
		},
		{
			"name": "head",
			"from": [2.25, 13, 0.75],
			"to": [13.75, 14, 14.25],
			"rotation": {"angle": 0, "axis": "y", "origin": [11, 21.5, 9]},
			"faces": {
				"north": {"uv": [2.25, 2, 13.75, 3], "texture": "#6"},
				"east": {"uv": [1.75, 2, 15.25, 3], "texture": "#6"},
				"south": {"uv": [2.25, 2, 13.75, 3], "texture": "#6"},
				"west": {"uv": [0.75, 2, 14.25, 3], "texture": "#6"},
				"up": {"uv": [2.25, 0.75, 13.75, 14.25], "texture": "#6"},
				"down": {"uv": [2.25, 1.75, 13.75, 15.25], "texture": "#6"}
			}
		},
		{
			"from": [2.75, 5.99322, 4.23639],
			"to": [13.25, 12.49322, 5.23639],
			"rotation": {"angle": -22.5, "axis": "x", "origin": [8, 5.24322, 4.73639]},
			"faces": {
				"north": {"uv": [2.75, 3.50678, 13.25, 10.00678], "rotation": 180, "texture": "#6"},
				"east": {"uv": [4.76361, 3.50678, 11.26361, 4.50678], "rotation": 270, "texture": "#6"},
				"south": {"uv": [2.75, 3.50678, 13.25, 10.00678], "texture": "#6"},
				"west": {"uv": [4.23639, 3.50678, 10.73639, 4.50678], "rotation": 90, "texture": "#6"},
				"down": {"uv": [2.75, 10.76361, 13.25, 11.76361], "texture": "#6"}
			}
		},
		{
			"from": [2.75, 11.75, 1.5],
			"to": [13.25, 12.25, 15],
			"rotation": {"angle": 0, "axis": "y", "origin": [11, 19.75, 9]},
			"faces": {
				"north": {"uv": [2.75, 3.75, 13.25, 4.25], "texture": "#6"},
				"east": {"uv": [1, 3.75, 14.5, 4.25], "texture": "#6"},
				"west": {"uv": [1.5, 3.75, 15, 4.25], "texture": "#6"},
				"up": {"uv": [2.75, 1.5, 13.25, 15], "texture": "#6"},
				"down": {"uv": [2.75, 1, 13.25, 14.5], "texture": "#6"}
			}
		},
		{
			"from": [2.75, 12.75, 1.5],
			"to": [13.25, 13, 15],
			"rotation": {"angle": 0, "axis": "y", "origin": [11, 20.5, 9]},
			"faces": {
				"north": {"uv": [2.75, 3, 13.25, 3.25], "texture": "#6"},
				"east": {"uv": [1, 3, 14.5, 3.25], "texture": "#6"},
				"west": {"uv": [1.5, 3, 15, 3.25], "texture": "#6"},
				"up": {"uv": [2.75, 1.5, 13.25, 15], "texture": "#6"},
				"down": {"uv": [2.75, 1, 13.25, 14.5], "texture": "#6"}
			}
		},
		{
			"from": [3, 12.25, 1.75],
			"to": [13, 12.75, 15],
			"rotation": {"angle": 0, "axis": "y", "origin": [11, 20, 9]},
			"faces": {
				"north": {"uv": [3, 3.25, 13, 3.75], "texture": "#2"},
				"east": {"uv": [1, 3.25, 14.25, 3.75], "texture": "#2"},
				"west": {"uv": [1.75, 3.25, 15, 3.75], "texture": "#2"}
			}
		},
		{
			"from": [3, 10.25, 2.5],
			"to": [13, 11.75, 15],
			"rotation": {"angle": 0, "axis": "y", "origin": [11, 18.75, 9]},
			"faces": {
				"east": {"uv": [1, 4.25, 13.5, 5.75], "texture": "#7"},
				"west": {"uv": [2.5, 4.25, 15, 5.75], "texture": "#7"}
			}
		},
		{
			"from": [2.85, 8.75, 3],
			"to": [13.15, 10.25, 15],
			"rotation": {"angle": 0, "axis": "y", "origin": [11, 17.25, 9]},
			"faces": {
				"east": {"uv": [1, 5.75, 13, 7.25], "texture": "#6"},
				"west": {"uv": [3, 5.75, 15, 7.25], "texture": "#6"},
				"up": {"uv": [2.85, 3, 13.15, 15], "texture": "#6"}
			}
		},
		{
			"from": [2.85, 7.25, 3.75],
			"to": [13.15, 8.75, 15],
			"rotation": {"angle": 0, "axis": "y", "origin": [11, 15.75, 9]},
			"faces": {
				"east": {"uv": [1, 7.25, 12.25, 8.75], "texture": "#6"},
				"west": {"uv": [3.75, 7.25, 15, 8.75], "texture": "#6"}
			}
		},
		{
			"from": [2.75, 5.75, 4],
			"to": [13.25, 7.25, 15],
			"rotation": {"angle": 0, "axis": "y", "origin": [11, 14.25, 9]},
			"faces": {
				"east": {"uv": [1, 8.75, 12, 10.25], "texture": "#6"},
				"west": {"uv": [4, 8.75, 15, 10.25], "texture": "#6"},
				"up": {"uv": [2.75, 4, 13.25, 15], "texture": "#6"},
				"down": {"uv": [2.75, 1, 13.25, 12], "texture": "#6"}
			}
		},
		{
			"from": [5.75, 4.25, 7],
			"to": [10.25, 5.75, 15],
			"rotation": {"angle": 0, "axis": "y", "origin": [11, 12.75, 9]},
			"faces": {
				"north": {"uv": [5.75, 10.25, 10.25, 11.75], "texture": "#6"},
				"down": {"uv": [5.75, 1, 10.25, 9], "texture": "#6"}
			}
		},
		{
			"from": [9.06066, 5.62132, 7],
			"to": [11.31066, 6.87132, 15],
			"rotation": {"angle": 45, "axis": "z", "origin": [11.31066, 6.37132, 11]},
			"faces": {
				"north": {"uv": [4.68934, 9.12868, 6.93934, 10.37868], "texture": "#6"},
				"south": {"uv": [9.06066, 9.12868, 11.31066, 10.37868], "texture": "#6"},
				"down": {"uv": [9.06066, 1, 11.31066, 9], "texture": "#6"}
			}
		},
		{
			"from": [4.01256, 3.94454, 7],
			"to": [5.26256, 6.19454, 15],
			"rotation": {"angle": 45, "axis": "z", "origin": [4.51256, 6.19454, 11]},
			"faces": {
				"north": {"uv": [10.73744, 9.80546, 12.98744, 11.05546], "rotation": 90, "texture": "#6"},
				"south": {"uv": [4.01256, 9.80546, 6.26256, 11.05546], "rotation": 270, "texture": "#6"},
				"west": {"uv": [7, 9.80546, 9.25, 17.80546], "rotation": 270, "texture": "#6"}
			}
		}
	],
	"display": {
		"head": {
			"rotation": [0, -180, 0],
			"translation": [0, -12.5, 0],
			"scale": [2.3, 2.3, 2.3]
		}
	},
	"groups": [
		{
			"name": "back",
			"origin": [11, 21, 9.25],
			"color": 0,
			"children": [0, 1, 2]
		},
		{
			"name": "head",
			"origin": [11, 21, 9],
			"color": 0,
			"children": [3, 4, 5]
		},
		{
			"name": "body",
			"origin": [4.51256, 5.94454, 11],
			"color": 0,
			"children": [6, 7, 8, 9, 10, 11, 12, 13, 14, 15, 16]
		}
	]
}