{
    "type": "minecraft:crafting_shaped",
    "pattern": [
        "#B#",
        "#C#",
        "#A#"
    ],
    "key": {
        "#": {
            "tag": "minecraft:planks"
        },
        "A": {
            "item": "minecraft:arrow"
        },
        "C": {
            "item": "minecraft:fletching_table"
        },
        "B": {
            "item": "minecraft:bow"
        }
    },
    "result": {
        "item": "minecraft:item_frame",
        "data":"{display:{Name:'{\"text\":\"Bow Crafter\",\"italic\":false}'},CustomModelData:6370002,EntityTag:{Item:{id:\"minecraft:item_frame\",Count:1b,tag:{CustomModelData:6370002}},Tags:[\"wasd.bow_crafter\"],Facing:1b,Invulnerable:1b,Invisible:1b,Fixed:1b}}"
    }
}