{
    "pools": [
        {
            "rolls": 1,
            "entries": [
                {
                    "type": "loot_table",
                    "weight": 1,
                    "name": "divine_dimension:items/equipment/chromium_sword"
                },
                {
                    "type": "loot_table",
                    "weight": 1,
                    "name": "divine_dimension:items/equipment/chromium_pickaxe"
                },
                {
                    "type": "loot_table",
                    "weight": 1,
                    "name": "divine_dimension:items/equipment/chromium_axe"
                },
                {
                    "type": "loot_table",
                    "weight": 1,
                    "name": "divine_dimension:items/equipment/chromium_shovel"
                },
                {
                    "type": "loot_table",
                    "weight": 1,
                    "name": "divine_dimension:items/equipment/chromium_hoe"
                },
                {
                    "type": "loot_table",
                    "weight": 1,
                    "name": "divine_dimension:items/equipment/chromium_crossbow"
                },
                {
                    "type": "loot_table",
                    "weight": 1,
                    "name": "divine_dimension:items/equipment/chromium_shield"
                },
                {
                    "type": "loot_table",
                    "weight": 1,
                    "name": "divine_dimension:items/equipment/chromium_sword",
                    "functions": [
                        {
                            "function": "enchant_with_levels",
                            "levels": {
                                "min": 5,
                                "max": 25
                            },
                            "treasure": true
                        }
                    ]
                },
                {
                    "type": "loot_table",
                    "weight": 1,
                    "name": "divine_dimension:items/equipment/chromium_pickaxe",
                    "functions": [
                        {
                            "function": "enchant_with_levels",
                            "levels": {
                                "min": 5,
                                "max": 25
                            },
                            "treasure": true
                        }
                    ]
                },
                {
                    "type": "loot_table",
                    "weight": 1,
                    "name": "divine_dimension:items/equipment/chromium_axe",
                    "functions": [
                        {
                            "function": "enchant_with_levels",
                            "levels": {
                                "min": 5,
                                "max": 25
                            },
                            "treasure": true
                        }
                    ]
                },
                {
                    "type": "loot_table",
                    "weight": 1,
                    "name": "divine_dimension:items/equipment/chromium_shovel",
                    "functions": [
                        {
                            "function": "enchant_with_levels",
                            "levels": {
                                "min": 5,
                                "max": 25
                            },
                            "treasure": true
                        }
                    ]
                },
                {
                    "type": "loot_table",
                    "weight": 1,
                    "name": "divine_dimension:items/equipment/chromium_hoe",
                    "functions": [
                        {
                            "function": "enchant_with_levels",
                            "levels": {
                                "min": 5,
                                "max": 25
                            },
                            "treasure": true
                        }
                    ]
                },
                {
                    "type": "loot_table",
                    "weight": 1,
                    "name": "divine_dimension:items/equipment/chromium_crossbow",
                    "functions": [
                        {
                            "function": "enchant_with_levels",
                            "levels": {
                                "min": 5,
                                "max": 25
                            },
                            "treasure": true
                        }
                    ]
                },
                {
                    "type": "loot_table",
                    "weight": 1,
                    "name": "divine_dimension:items/equipment/chromium_shield",
                    "functions": [
                        {
                            "function": "enchant_with_levels",
                            "levels": {
                                "min": 5,
                                "max": 25
                            },
                            "treasure": true
                        }
                    ]
                }
            ]
        }
    ]
}