[
  {
    "function": "minecraft:copy_nbt",
    "source": {
      "type": "minecraft:storage",
      "source": "xylo_tools:op"
    },
    "ops": [
      {
        "source": "SelectedItem.tag.xylo_tools.durability",
        "target": "xylo_tools.durability",
        "op": "replace"
      }
    ]
  },
  {
    "function": "minecraft:set_damage",
    "damage": {
      "type": "minecraft:score",
      "target": {
        "type": "minecraft:fixed",
        "name": "#xtl_damage"
      },
      "score": "xtl_op",
      "scale": 0.0002
    },
    "add": false
  },
  {
    "function": "minecraft:set_nbt",
    "tag": "{xylo_tools:{has_lore:1b}}",
    "conditions": [
      {
        "condition": "minecraft:value_check",
        "value": {
          "type": "minecraft:score",
          "target": {
            "type": "minecraft:fixed",
            "name": "#xtl_show_lore"
          },
          "score": "xtl_op"
        },
        "range": 1
      }
    ]
  },
  {
    "function": "minecraft:copy_nbt",
    "source": {
      "type": "minecraft:storage",
      "source": "xylo_tools:op"
    },
    "ops": [
      {
        "source": "SelectedItem.tag.display.Lore",
        "target": "display.Lore",
        "op": "replace"
      }
    ],
    "conditions": [
      {
        "condition": "minecraft:value_check",
        "value": {
          "type": "minecraft:score",
          "target": {
            "type": "minecraft:fixed",
            "name": "#xtl_show_lore"
          },
          "score": "xtl_op"
        },
        "range": 1
      }
    ]
  },
  {
    "function": "minecraft:set_lore",
    "entity": "this",
    "lore": [
      [
        [
          {
            "text": "",
            "color": "gray"
          }
        ]
      ],
      [
        [
          {
            "text": "耐久: ",
            "color": "gray",
            "italic": false
          },
          {
            "nbt": "SelectedItem.tag.xylo_tools.durability",
            "storage": "xylo_tools:op",
            "color": "gray"
          },
          {
            "text": "/",
            "color": "gray"
          },
          {
            "nbt": "SelectedItem.tag.xylo_tools.max_durability",
            "storage": "xylo_tools:op",
            "color": "gray"
          }
        ]
      ]
    ],
    "conditions": [
      {
        "condition": "minecraft:value_check",
        "value": {
          "type": "minecraft:score",
          "target": {
            "type": "minecraft:fixed",
            "name": "#xtl_show_lore"
          },
          "score": "xtl_op"
        },
        "range": 1
      }
    ]
  }
]