[
  {
    "function": "minecraft:copy_nbt",
    "source": {
      "type": "minecraft:storage",
      "source": "xylo_tools:op"
    },
    "ops": [
      {
        "source": "SelectedItem.tag.xylo_tools.durability",
        "target": "xylo_tools.durability",
        "op": "replace"
      }
    ]
  },
  {
    "function": "minecraft:set_damage",
    "damage": {
      "type": "minecraft:score",
      "target": {
        "type": "minecraft:fixed",
        "name": "#xtl_damage"
      },
      "score": "xtl_op",
      "scale": 0.0002
    },
    "add": false
  }
]