{
  "display": {
    "icon": {
      "item": "minecraft:nether_star"
    },
    "title": {
      "text": "阵营数据包",
      "color": "green",
      "bold": true,
      "italic": false
    },
    "description": {
      "text": "阵营",
      "color": "white",
      "bold": false,
      "italic": false
    },
    "frame": "goal",
    "show_toast": false,
    "announce_to_chat": false
  },
  "parent": "xylo:datapacks_list",
  "criteria": {
    "tick": {
      "trigger": "minecraft:tick"
    }
  }
}
