{
  "display": {
    "icon": {
      "item": "minecraft:book",
      "nbt": "{CustomModelData:12340100}"
    },
    "title": {
      "text": "更好的末影箱数据包",
      "color": "green",
      "bold": true,
      "italic": false
    },
    "description": {
      "text": "改进后的末影箱。",
      "color": "white",
      "bold": false,
      "italic": false
    },
    "frame": "goal",
    "show_toast": false,
    "announce_to_chat": false
  },
  "parent": "xylo:datapacks_list",
  "criteria": {
    "requirement": {
      "trigger": "minecraft:tick"
    }
  }
}
