{
  "type": "minecraft:generic",
  "pools": [
    {
      "rolls": 1,
      "entries": [
        {
          "type": "minecraft:item",
          "name": "minecraft:iron_helmet",
          "functions": [
            {
              "function": "minecraft:set_count",
              "count": 1
            },
            {
              "function": "minecraft:set_nbt",
              "tag": "{display:{Name:'{\"text\":\"绿宝石头盔\",\"italic\":false}'},AttributeModifiers:[{Slot:\"head\", AttributeName:\"generic.armor_toughness\", Name:\"generic.armor_toughness\", Amount:1, Operation:0, UUID:[I; 12340500, 12340500, 12340500, 12340500]},{Slot:\"head\",AttributeName:\"generic.armor\", Name:\"generic.armor\", Amount:2, Operation:0, UUID:[I; 12340500, 12340500, 12340500, 12340500]}],CustomModelData:12340500}"
            }
          ],
          "conditions": [
            {
              "condition": "minecraft:entity_properties",
              "entity": "this",
              "predicate": {
                "nbt": "{ArmorItems:[{id:\"minecraft:paper\",tag:{xylo_crafting:{grid_out:{0:{id:\"minecraft:emerald\"},1:{id:\"minecraft:emerald\"},2:{id:\"minecraft:emerald\"},3:{id:\"minecraft:emerald\"},4:{id:\"minecraft:air\"},5:{id:\"minecraft:emerald\"},6:{id:\"minecraft:air\"},7:{id:\"minecraft:air\"},8:{id:\"minecraft:air\"}}}}}]}"
              }
            }
          ]
        },
        {
          "type": "minecraft:item",
          "name": "minecraft:iron_chestplate",
          "functions": [
            {
              "function": "minecraft:set_count",
              "count": 1
            },
            {
              "function": "minecraft:set_nbt",
              "tag": "{display:{Name:'{\"text\":\"绿宝石胸甲\",\"italic\":false}'},AttributeModifiers:[{Slot:\"chest\",AttributeName:\"generic.armor\", Name:\"generic.armor\", Amount:6, Operation:0, UUID:[I; 12340501, 12340501, 12340501, 12340501]},{Slot:\"chest\", AttributeName:\"generic.armor_toughness\", Name:\"generic.armor_toughness\", Amount:1, Operation:0, UUID:[I; 12340501, 12340501, 12340501, 12340501]}],CustomModelData:12340501}"
            }
          ],
          "conditions": [
            {
              "condition": "minecraft:entity_properties",
              "entity": "this",
              "predicate": {
                "nbt": "{ArmorItems:[{id:\"minecraft:paper\",tag:{xylo_crafting:{grid_out:{0:{id:\"minecraft:emerald\"},1:{id:\"minecraft:air\"},2:{id:\"minecraft:emerald\"},3:{id:\"minecraft:emerald\"},4:{id:\"minecraft:emerald\"},5:{id:\"minecraft:emerald\"},6:{id:\"minecraft:emerald\"},7:{id:\"minecraft:emerald\"},8:{id:\"minecraft:emerald\"}}}}}]}"
              }
            }
          ]
        },
        {
          "type": "minecraft:item",
          "name": "minecraft:iron_leggings",
          "functions": [
            {
              "function": "minecraft:set_count",
              "count": 1
            },
            {
              "function": "minecraft:set_nbt",
              "tag": "{display:{Name:'{\"text\":\"绿宝石护腿\",\"italic\":false}'},AttributeModifiers:[{Slot:\"legs\",AttributeName:\"generic.armor\", Name:\"generic.armor\", Amount:5, Operation:0, UUID:[I; 12340502, 12340502, 12340502, 12340502]},{Slot:\"legs\", AttributeName:\"generic.armor_toughness\", Name:\"generic.armor_toughness\", Amount:1, Operation:0, UUID:[I; 12340502, 12340502, 12340502, 12340502]}],CustomModelData:12340502}"
            }
          ],
          "conditions": [
            {
              "condition": "minecraft:entity_properties",
              "entity": "this",
              "predicate": {
                "nbt": "{ArmorItems:[{id:\"minecraft:paper\",tag:{xylo_crafting:{grid_out:{0:{id:\"minecraft:emerald\"},1:{id:\"minecraft:emerald\"},2:{id:\"minecraft:emerald\"},3:{id:\"minecraft:emerald\"},4:{id:\"minecraft:air\"},5:{id:\"minecraft:emerald\"},6:{id:\"minecraft:emerald\"},7:{id:\"minecraft:air\"},8:{id:\"minecraft:emerald\"}}}}}]}"
              }
            }
          ]
        },
        {
          "type": "minecraft:item",
          "name": "minecraft:iron_boots",
          "functions": [
            {
              "function": "minecraft:set_count",
              "count": 1
            },
            {
              "function": "minecraft:set_nbt",
              "tag": "{display:{Name:'{\"text\":\"绿宝石靴\",\"italic\":false}'},AttributeModifiers:[{Slot:\"feet\",AttributeName:\"generic.armor\", Name:\"generic.armor\", Amount:2, Operation:0, UUID:[I; 12340503, 12340503, 12340503, 12340503]},{Slot:\"feet\", AttributeName:\"generic.armor_toughness\", Name:\"generic.armor_toughness\", Amount:1, Operation:0, UUID:[I; 12340503, 12340503, 12340503, 12340503]}],CustomModelData:12340503}"
            }
          ],
          "conditions": [
            {
              "condition": "minecraft:entity_properties",
              "entity": "this",
              "predicate": {
                "nbt": "{ArmorItems:[{id:\"minecraft:paper\",tag:{xylo_crafting:{grid_out:{0:{id:\"minecraft:emerald\"},1:{id:\"minecraft:air\"},2:{id:\"minecraft:emerald\"},3:{id:\"minecraft:emerald\"},4:{id:\"minecraft:air\"},5:{id:\"minecraft:emerald\"},6:{id:\"minecraft:air\"},7:{id:\"minecraft:air\"},8:{id:\"minecraft:air\"}}}}}]}"
              }
            }
          ]
        },
        {
          "type": "minecraft:item",
          "name": "minecraft:iron_sword",
          "functions": [
            {
              "function": "minecraft:set_count",
              "count": 1
            },
            {
              "function": "minecraft:set_nbt",
              "tag": "{display:{Name:'{\"text\":\"绿宝石剑\",\"italic\":false}'},AttributeModifiers:[{Slot:\"mainhand\",AttributeName:\"generic.attack_damage\", Name:\"generic.attack_damage\", Amount:5.0, Operation:0, UUID:[I; 12340504, 12340504, 12340504, 12340504]},{Slot:\"mainhand\", AttributeName:\"generic.attack_speed\", Name:\"generic.attack_speed\", Amount:-2.4, Operation:0, UUID:[I; 12340504, 12340504, 12340504, 12340504]}],CustomModelData:12340504}"
            }
          ],
          "conditions": [
            {
              "condition": "minecraft:entity_properties",
              "entity": "this",
              "predicate": {
                "nbt": "{ArmorItems:[{id:\"minecraft:paper\",tag:{xylo_crafting:{grid_out:{0:{id:\"minecraft:emerald\"},1:{id:\"minecraft:air\"},2:{id:\"minecraft:air\"},3:{id:\"minecraft:emerald\"},4:{id:\"minecraft:air\"},5:{id:\"minecraft:air\"},6:{id:\"minecraft:stick\"},7:{id:\"minecraft:air\"},8:{id:\"minecraft:air\"}}}}}]}"
              }
            }
          ]
        },
        {
          "type": "minecraft:item",
          "name": "minecraft:iron_pickaxe",
          "functions": [
            {
              "function": "minecraft:set_count",
              "count": 1
            },
            {
              "function": "minecraft:set_nbt",
              "tag": "{display:{Name:'{\"text\":\"绿宝石镐\",\"italic\":false}'},AttributeModifiers:[{Slot:\"mainhand\",AttributeName:\"generic.attack_damage\", Name:\"generic.attack_damage\", Amount:3.0, Operation:0, UUID:[I; 12340505, 12340505, 12340505, 12340505]},{Slot:\"mainhand\", AttributeName:\"generic.attack_speed\", Name:\"generic.attack_speed\", Amount:-2.8, Operation:0, UUID:[I; 12340505, 12340505, 12340505, 12340505]}],CustomModelData:12340505}"
            }
          ],
          "conditions": [
            {
              "condition": "minecraft:entity_properties",
              "entity": "this",
              "predicate": {
                "nbt": "{ArmorItems:[{id:\"minecraft:paper\",tag:{xylo_crafting:{grid_out:{0:{id:\"minecraft:emerald\"},1:{id:\"minecraft:emerald\"},2:{id:\"minecraft:emerald\"},3:{id:\"minecraft:air\"},4:{id:\"minecraft:stick\"},5:{id:\"minecraft:air\"},6:{id:\"minecraft:air\"},7:{id:\"minecraft:stick\"},8:{id:\"minecraft:air\"}}}}}]}"
              }
            }
          ]
        },
        {
          "type": "minecraft:item",
          "name": "minecraft:iron_axe",
          "functions": [
            {
              "function": "minecraft:set_count",
              "count": 1
            },
            {
              "function": "minecraft:set_nbt",
              "tag": "{display:{Name:'{\"text\":\"绿宝石斧\",\"italic\":false}'},AttributeModifiers:[{Slot:\"mainhand\",AttributeName:\"generic.attack_damage\", Name:\"generic.attack_damage\", Amount:8.0, Operation:0, UUID:[I; 12340506, 12340506, 12340506, 12340506]},{Slot:\"mainhand\", AttributeName:\"generic.attack_speed\", Name:\"generic.attack_speed\", Amount:-3.1, Operation:0, UUID:[I; 12340506, 12340506, 12340506, 12340506]}],CustomModelData:12340506}"
            }
          ],
          "conditions": [
            {
              "condition": "minecraft:alternative",
              "terms": [
                {
                  "condition": "minecraft:entity_properties",
                  "entity": "this",
                  "predicate": {
                    "nbt": "{ArmorItems:[{id:\"minecraft:paper\",tag:{xylo_crafting:{grid_out:{0:{id:\"minecraft:emerald\"},1:{id:\"minecraft:emerald\"},2:{id:\"minecraft:air\"},3:{id:\"minecraft:stick\"},4:{id:\"minecraft:emerald\"},5:{id:\"minecraft:air\"},6:{id:\"minecraft:stick\"},7:{id:\"minecraft:air\"},8:{id:\"minecraft:air\"}}}}}]}"
                  }
                },
                {
                  "condition": "minecraft:entity_properties",
                  "entity": "this",
                  "predicate": {
                    "nbt": "{ArmorItems:[{id:\"minecraft:paper\",tag:{xylo_crafting:{grid_out:{0:{id:\"minecraft:emerald\"},1:{id:\"minecraft:emerald\"},2:{id:\"minecraft:air\"},3:{id:\"minecraft:emerald\"},4:{id:\"minecraft:stick\"},5:{id:\"minecraft:air\"},6:{id:\"minecraft:air\"},7:{id:\"minecraft:stick\"},8:{id:\"minecraft:air\"}}}}}]}"
                  }
                }
              ]
            }
          ]
        },
        {
          "type": "minecraft:item",
          "name": "minecraft:iron_shovel",
          "functions": [
            {
              "function": "minecraft:set_count",
              "count": 1
            },
            {
              "function": "minecraft:set_nbt",
              "tag": "{display:{Name:'{\"text\":\"绿宝石铲\",\"italic\":false}'},AttributeModifiers:[{Slot:\"mainhand\",AttributeName:\"generic.attack_damage\", Name:\"generic.attack_damage\", Amount:3.5, Operation:0, UUID:[I; 12340507, 12340507, 12340507, 12340507]},{Slot:\"mainhand\", AttributeName:\"generic.attack_speed\", Name:\"generic.attack_speed\", Amount:-3, Operation:0, UUID:[I; 12340507, 12340507, 12340507, 12340507]}],CustomModelData:12340507}"
            }
          ],
          "conditions": [
            {
              "condition": "minecraft:entity_properties",
              "entity": "this",
              "predicate": {
                "nbt": "{ArmorItems:[{id:\"minecraft:paper\",tag:{xylo_crafting:{grid_out:{0:{id:\"minecraft:emerald\"},1:{id:\"minecraft:air\"},2:{id:\"minecraft:air\"},3:{id:\"minecraft:stick\"},4:{id:\"minecraft:air\"},5:{id:\"minecraft:air\"},6:{id:\"minecraft:stick\"},7:{id:\"minecraft:air\"},8:{id:\"minecraft:air\"}}}}}]}"
              }
            }
          ]
        },
        {
          "type": "minecraft:item",
          "name": "minecraft:iron_hoe",
          "functions": [
            {
              "function": "minecraft:set_count",
              "count": 1
            },
            {
              "function": "minecraft:set_nbt",
              "tag": "{display:{Name:'{\"text\":\"绿宝石锄\",\"italic\":false}'},AttributeModifiers:[{Slot:\"mainhand\",AttributeName:\"generic.attack_damage\", Name:\"generic.attack_damage\", Amount:0.0, Operation:0, UUID:[I; 12340508, 12340508, 12340508, 12340508]},{Slot:\"mainhand\", AttributeName:\"generic.attack_speed\", Name:\"generic.attack_speed\", Amount:-1, Operation:0, UUID:[I; 12340508, 12340508, 12340508, 12340508]}],CustomModelData:12340508}"
            }
          ],
          "conditions": [
            {
              "condition": "minecraft:alternative",
              "terms": [
                {
                  "condition": "minecraft:entity_properties",
                  "entity": "this",
                  "predicate": {
                    "nbt": "{ArmorItems:[{id:\"minecraft:paper\",tag:{xylo_crafting:{grid_out:{0:{id:\"minecraft:emerald\"},1:{id:\"minecraft:emerald\"},2:{id:\"minecraft:air\"},3:{id:\"minecraft:stick\"},4:{id:\"minecraft:air\"},5:{id:\"minecraft:air\"},6:{id:\"minecraft:stick\"},7:{id:\"minecraft:air\"},8:{id:\"minecraft:air\"}}}}}]}"
                  }
                },
                {
                  "condition": "minecraft:entity_properties",
                  "entity": "this",
                  "predicate": {
                    "nbt": "{ArmorItems:[{id:\"minecraft:paper\",tag:{xylo_crafting:{grid_out:{0:{id:\"minecraft:emerald\"},1:{id:\"minecraft:emerald\"},2:{id:\"minecraft:air\"},3:{id:\"minecraft:air\"},4:{id:\"minecraft:stick\"},5:{id:\"minecraft:air\"},6:{id:\"minecraft:air\"},7:{id:\"minecraft:stick\"},8:{id:\"minecraft:air\"}}}}}]}"
                  }
                }
              ]
            }
          ]
        },
        {
          "type": "minecraft:item",
          "name": "minecraft:netherite_helmet",
          "functions": [
            {
              "function": "minecraft:set_count",
              "count": 1
            },
            {
              "function": "minecraft:set_nbt",
              "tag": "{display:{Name:'{\"text\":\"Obsidian Helmet\",\"italic\":false}'},AttributeModifiers:[{Slot:\"head\",AttributeName:\"generic.armor\", Name:\"generic.armor\", Amount:3, Operation:0, UUID:[I; 12340500, 12340500, 12340500, 12340500]},{Slot:\"head\", AttributeName:\"generic.armor_toughness\", Name:\"generic.armor_toughness\", Amount:2, Operation:0, UUID:[I; 12340500, 12340500, 12340500, 12340500]}],CustomModelData:12340510}"
            }
          ],
          "conditions": [
            {
              "condition": "minecraft:entity_properties",
              "entity": "this",
              "predicate": {
                "nbt": "{ArmorItems:[{id:\"minecraft:paper\",tag:{xylo_crafting:{grid_out:{0:{id:\"minecraft:obsidian\"},1:{id:\"minecraft:obsidian\"},2:{id:\"minecraft:obsidian\"},3:{id:\"minecraft:obsidian\"},4:{id:\"minecraft:diamond_helmet\"},5:{id:\"minecraft:obsidian\"},6:{id:\"minecraft:obsidian\"},7:{id:\"minecraft:obsidian\"},8:{id:\"minecraft:obsidian\"}}}}}]}"
              }
            }
          ]
        },
        {
          "type": "minecraft:item",
          "name": "minecraft:netherite_chestplate",
          "functions": [
            {
              "function": "minecraft:set_count",
              "count": 1
            },
            {
              "function": "minecraft:set_nbt",
              "tag": "{display:{Name:'{\"text\":\"Obsidian Chestplate\",\"italic\":false}'},AttributeModifiers:[{Slot:\"chest\",AttributeName:\"generic.armor\", Name:\"generic.armor\", Amount:8, Operation:0, UUID:[I; 12340501, 12340501, 12340501, 12340501]},{Slot:\"chest\", AttributeName:\"generic.armor_toughness\", Name:\"generic.armor_toughness\", Amount:2, Operation:0, UUID:[I; 12340501, 12340501, 12340501, 12340501]}],CustomModelData:12340511}"
            }
          ],
          "conditions": [
            {
              "condition": "minecraft:entity_properties",
              "entity": "this",
              "predicate": {
                "nbt": "{ArmorItems:[{id:\"minecraft:paper\",tag:{xylo_crafting:{grid_out:{0:{id:\"minecraft:obsidian\"},1:{id:\"minecraft:obsidian\"},2:{id:\"minecraft:obsidian\"},3:{id:\"minecraft:obsidian\"},4:{id:\"minecraft:diamond_chestplate\"},5:{id:\"minecraft:obsidian\"},6:{id:\"minecraft:obsidian\"},7:{id:\"minecraft:obsidian\"},8:{id:\"minecraft:obsidian\"}}}}}]}"
              }
            }
          ]
        },
        {
          "type": "minecraft:item",
          "name": "minecraft:netherite_leggings",
          "functions": [
            {
              "function": "minecraft:set_count",
              "count": 1
            },
            {
              "function": "minecraft:set_nbt",
              "tag": "{display:{Name:'{\"text\":\"Obsidian Leggings\",\"italic\":false}'},AttributeModifiers:[{Slot:\"legs\",AttributeName:\"generic.armor\", Name:\"generic.armor\", Amount:6, Operation:0, UUID:[I; 12340502, 12340502, 12340502, 12340502]},{Slot:\"legs\", AttributeName:\"generic.armor_toughness\", Name:\"generic.armor_toughness\", Amount:2, Operation:0, UUID:[I; 12340502, 12340502, 12340502, 12340502]}],CustomModelData:12340512}"
            }
          ],
          "conditions": [
            {
              "condition": "minecraft:entity_properties",
              "entity": "this",
              "predicate": {
                "nbt": "{ArmorItems:[{id:\"minecraft:paper\",tag:{xylo_crafting:{grid_out:{0:{id:\"minecraft:obsidian\"},1:{id:\"minecraft:obsidian\"},2:{id:\"minecraft:obsidian\"},3:{id:\"minecraft:obsidian\"},4:{id:\"minecraft:diamond_leggings\"},5:{id:\"minecraft:obsidian\"},6:{id:\"minecraft:obsidian\"},7:{id:\"minecraft:obsidian\"},8:{id:\"minecraft:obsidian\"}}}}}]}"
              }
            }
          ]
        },
        {
          "type": "minecraft:item",
          "name": "minecraft:netherite_boots",
          "functions": [
            {
              "function": "minecraft:set_count",
              "count": 1
            },
            {
              "function": "minecraft:set_nbt",
              "tag": "{display:{Name:'{\"text\":\"Obsidian Boots\",\"italic\":false}'},AttributeModifiers:[{Slot:\"feet\",AttributeName:\"generic.armor\", Name:\"generic.armor\", Amount:3, Operation:0, UUID:[I; 12340503, 12340503, 12340503, 12340503]},{Slot:\"feet\", AttributeName:\"generic.armor_toughness\", Name:\"generic.armor_toughness\", Amount:2, Operation:0, UUID:[I; 12340503, 12340503, 12340503, 12340503]}],CustomModelData:12340513}"
            }
          ],
          "conditions": [
            {
              "condition": "minecraft:entity_properties",
              "entity": "this",
              "predicate": {
                "nbt": "{ArmorItems:[{id:\"minecraft:paper\",tag:{xylo_crafting:{grid_out:{0:{id:\"minecraft:obsidian\"},1:{id:\"minecraft:obsidian\"},2:{id:\"minecraft:obsidian\"},3:{id:\"minecraft:obsidian\"},4:{id:\"minecraft:diamond_boots\"},5:{id:\"minecraft:obsidian\"},6:{id:\"minecraft:obsidian\"},7:{id:\"minecraft:obsidian\"},8:{id:\"minecraft:obsidian\"}}}}}]}"
              }
            }
          ]
        },
        {
          "type": "minecraft:item",
          "name": "minecraft:netherite_sword",
          "functions": [
            {
              "function": "minecraft:set_count",
              "count": 1
            },
            {
              "function": "minecraft:set_nbt",
              "tag": "{display:{Name:'{\"text\":\"黑曜石剑\",\"italic\":false}'},AttributeModifiers:[{Slot:\"mainhand\",AttributeName:\"generic.attack_damage\", Name:\"generic.attack_damage\", Amount:6.0, Operation:0, UUID:[I; 12340504, 12340504, 12340504, 12340504]},{Slot:\"mainhand\", AttributeName:\"generic.attack_speed\", Name:\"generic.attack_speed\", Amount:-2.4, Operation:0, UUID:[I; 12340504, 12340504, 12340504, 12340504]}],CustomModelData:12340514}"
            }
          ],
          "conditions": [
            {
              "condition": "minecraft:entity_properties",
              "entity": "this",
              "predicate": {
                "nbt": "{ArmorItems:[{id:\"minecraft:paper\",tag:{xylo_crafting:{grid_out:{0:{id:\"minecraft:obsidian\"},1:{id:\"minecraft:obsidian\"},2:{id:\"minecraft:obsidian\"},3:{id:\"minecraft:obsidian\"},4:{id:\"minecraft:diamond_sword\"},5:{id:\"minecraft:obsidian\"},6:{id:\"minecraft:obsidian\"},7:{id:\"minecraft:obsidian\"},8:{id:\"minecraft:obsidian\"}}}}}]}"
              }
            }
          ]
        },
        {
          "type": "minecraft:item",
          "name": "minecraft:netherite_pickaxe",
          "functions": [
            {
              "function": "minecraft:set_count",
              "count": 1
            },
            {
              "function": "minecraft:set_nbt",
              "tag": "{display:{Name:'{\"text\":\"黑曜石镐\",\"italic\":false}'},AttributeModifiers:[{Slot:\"mainhand\",AttributeName:\"generic.attack_damage\", Name:\"generic.attack_damage\", Amount:4.0, Operation:0, UUID:[I; 12340505, 12340505, 12340505, 12340505]},{Slot:\"mainhand\", AttributeName:\"generic.attack_speed\", Name:\"generic.attack_speed\", Amount:-2.8, Operation:0, UUID:[I; 12340505, 12340505, 12340505, 12340505]}],CustomModelData:12340515}"
            }
          ],
          "conditions": [
            {
              "condition": "minecraft:entity_properties",
              "entity": "this",
              "predicate": {
                "nbt": "{ArmorItems:[{id:\"minecraft:paper\",tag:{xylo_crafting:{grid_out:{0:{id:\"minecraft:obsidian\"},1:{id:\"minecraft:obsidian\"},2:{id:\"minecraft:obsidian\"},3:{id:\"minecraft:obsidian\"},4:{id:\"minecraft:diamond_pickaxe\"},5:{id:\"minecraft:obsidian\"},6:{id:\"minecraft:obsidian\"},7:{id:\"minecraft:obsidian\"},8:{id:\"minecraft:obsidian\"}}}}}]}"
              }
            }
          ]
        },
        {
          "type": "minecraft:item",
          "name": "minecraft:netherite_axe",
          "functions": [
            {
              "function": "minecraft:set_count",
              "count": 1
            },
            {
              "function": "minecraft:set_nbt",
              "tag": "{display:{Name:'{\"text\":\"黑曜石斧\",\"italic\":false}'},AttributeModifiers:[{Slot:\"mainhand\",AttributeName:\"generic.attack_damage\", Name:\"generic.attack_damage\", Amount:8.0, Operation:0, UUID:[I; 12340506, 12340506, 12340506, 12340506]},{Slot:\"mainhand\", AttributeName:\"generic.attack_speed\", Name:\"generic.attack_speed\", Amount:-3, Operation:0, UUID:[I; 12340506, 12340506, 12340506, 12340506]}],CustomModelData:12340516}"
            }
          ],
          "conditions": [
            {
              "condition": "minecraft:inverted",
              "term": {
                "condition": "minecraft:alternative",
                "terms": [
                  {
                    "condition": "minecraft:inverted",
                    "term": {
                      "condition": "minecraft:entity_properties",
                      "entity": "this",
                      "predicate": {
                        "nbt": "{ArmorItems:[{id:\"minecraft:paper\",tag:{xylo_crafting:{grid_out:{0:{id:\"minecraft:obsidian\"},1:{id:\"minecraft:obsidian\"},2:{id:\"minecraft:obsidian\"},3:{id:\"minecraft:obsidian\"},4:{id:\"minecraft:diamond_axe\"},5:{id:\"minecraft:obsidian\"},6:{id:\"minecraft:obsidian\"},7:{id:\"minecraft:obsidian\"},8:{id:\"minecraft:obsidian\"}}}}}]}"
                      }
                    }
                  },
                  {
                    "condition": "minecraft:entity_properties",
                    "entity": "this",
                    "predicate": {
                      "nbt": "{ArmorItems:[{id:\"minecraft:paper\",tag:{xylo_crafting:{grid_out:{4:{id:\"minecraft:diamond_axe\",tag:{CustomModelData:12340404}}}}}}]}"
                    }
                  }
                ]
              }
            }
          ]
        },
        {
          "type": "minecraft:item",
          "name": "minecraft:netherite_shovel",
          "functions": [
            {
              "function": "minecraft:set_count",
              "count": 1
            },
            {
              "function": "minecraft:set_nbt",
              "tag": "{display:{Name:'{\"text\":\"黑曜石铲\",\"italic\":false}'},AttributeModifiers:[{Slot:\"mainhand\",AttributeName:\"generic.attack_damage\", Name:\"generic.attack_damage\", Amount:4.5, Operation:0, UUID:[I; 12340507, 12340507, 12340507, 12340507]},{Slot:\"mainhand\", AttributeName:\"generic.attack_speed\", Name:\"generic.attack_speed\", Amount:-3, Operation:0, UUID:[I; 12340507, 12340507, 12340507, 12340507]}],CustomModelData:12340517}"
            }
          ],
          "conditions": [
            {
              "condition": "minecraft:entity_properties",
              "entity": "this",
              "predicate": {
                "nbt": "{ArmorItems:[{id:\"minecraft:paper\",tag:{xylo_crafting:{grid_out:{0:{id:\"minecraft:obsidian\"},1:{id:\"minecraft:obsidian\"},2:{id:\"minecraft:obsidian\"},3:{id:\"minecraft:obsidian\"},4:{id:\"minecraft:diamond_shovel\"},5:{id:\"minecraft:obsidian\"},6:{id:\"minecraft:obsidian\"},7:{id:\"minecraft:obsidian\"},8:{id:\"minecraft:obsidian\"}}}}}]}"
              }
            }
          ]
        },
        {
          "type": "minecraft:item",
          "name": "minecraft:netherite_hoe",
          "functions": [
            {
              "function": "minecraft:set_count",
              "count": 1
            },
            {
              "function": "minecraft:set_nbt",
              "tag": "{display:{Name:'{\"text\":\"黑曜石锄\",\"italic\":false}'},AttributeModifiers:[{Slot:\"mainhand\",AttributeName:\"generic.attack_damage\", Name:\"generic.attack_damage\", Amount:0.0, Operation:0, UUID:[I; 12340508, 12340508, 12340508, 12340508]},{Slot:\"mainhand\", AttributeName:\"generic.attack_speed\", Name:\"generic.attack_speed\", Amount:-1, Operation:0, UUID:[I; 12340508, 12340508, 12340508, 12340508]}],CustomModelData:12340518}"
            }
          ],
          "conditions": [
            {
              "condition": "minecraft:entity_properties",
              "entity": "this",
              "predicate": {
                "nbt": "{ArmorItems:[{id:\"minecraft:paper\",tag:{xylo_crafting:{grid_out:{0:{id:\"minecraft:obsidian\"},1:{id:\"minecraft:obsidian\"},2:{id:\"minecraft:obsidian\"},3:{id:\"minecraft:obsidian\"},4:{id:\"minecraft:diamond_hoe\"},5:{id:\"minecraft:obsidian\"},6:{id:\"minecraft:obsidian\"},7:{id:\"minecraft:obsidian\"},8:{id:\"minecraft:obsidian\"}}}}}]}"
              }
            }
          ]
        },
        {
          "type": "minecraft:item",
          "name": "minecraft:netherite_helmet",
          "functions": [
            {
              "function": "minecraft:set_count",
              "count": 1
            },
            {
              "function": "minecraft:set_nbt",
              "tag": "{display:{Name:'{\"text\":\"Nether Star Helmet\",\"italic\":false}'},AttributeModifiers:[{Slot:\"head\",AttributeName:\"generic.armor\", Name:\"generic.armor\", Amount:3, Operation:0, UUID:[I; 12340500, 12340500, 12340500, 12340500]},{Slot:\"head\", AttributeName:\"generic.armor_toughness\", Name:\"generic.armor_toughness\", Amount:3, Operation:0, UUID:[I; 12340500, 12340500, 12340500, 12340500]},{Slot:\"head\", AttributeName:\"generic.knockback_resistance\", Name:\"generic.knockback_resistance\", Amount:0.1, Operation:0, UUID:[I; 12340500, 12340500, 12340500, 12340500]},{Slot:\"head\", AttributeName:\"generic.attack_damage\", Name:\"generic.attack_damage\", Amount:0.125, Operation:1, UUID:[I; 12340500, 12340500, 12340500, 12340500]}],CustomModelData:12340550}"
            }
          ],
          "conditions": [
            {
              "condition": "minecraft:entity_properties",
              "entity": "this",
              "predicate": {
                "nbt": "{ArmorItems:[{id:\"minecraft:paper\",tag:{xylo_crafting:{grid_out:{0:{id:\"minecraft:nether_star\"},1:{id:\"minecraft:air\"},2:{id:\"minecraft:air\"},3:{id:\"minecraft:netherite_helmet\"},4:{id:\"minecraft:air\"},5:{id:\"minecraft:air\"},6:{id:\"minecraft:air\"},7:{id:\"minecraft:air\"},8:{id:\"minecraft:air\"}}}}}]}"
              }
            }
          ]
        },
        {
          "type": "minecraft:item",
          "name": "minecraft:netherite_chestplate",
          "functions": [
            {
              "function": "minecraft:set_count",
              "count": 1
            },
            {
              "function": "minecraft:set_nbt",
              "tag": "{display:{Name:'{\"text\":\"Nether Star Chestplate\",\"italic\":false}'},AttributeModifiers:[{Slot:\"chest\",AttributeName:\"generic.armor\", Name:\"generic.armor\", Amount:8, Operation:0, UUID:[I; 12340501, 12340501, 12340501, 12340501]},{Slot:\"chest\", AttributeName:\"generic.armor_toughness\", Name:\"generic.armor_toughness\", Amount:3, Operation:0, UUID:[I; 12340501, 12340501, 12340501, 12340501]},{Slot:\"chest\", AttributeName:\"generic.knockback_resistance\", Name:\"generic.knockback_resistance\", Amount:0.1, Operation:0, UUID:[I; 12340501, 12340501, 12340501, 12340501]},{Slot:\"chest\", AttributeName:\"generic.attack_damage\", Name:\"generic.attack_damage\", Amount:0.125, Operation:1, UUID:[I; 12340501, 12340501, 12340501, 12340501]}],CustomModelData:12340551}"
            }
          ],
          "conditions": [
            {
              "condition": "minecraft:entity_properties",
              "entity": "this",
              "predicate": {
                "nbt": "{ArmorItems:[{id:\"minecraft:paper\",tag:{xylo_crafting:{grid_out:{0:{id:\"minecraft:nether_star\"},1:{id:\"minecraft:air\"},2:{id:\"minecraft:air\"},3:{id:\"minecraft:netherite_chestplate\"},4:{id:\"minecraft:air\"},5:{id:\"minecraft:air\"},6:{id:\"minecraft:air\"},7:{id:\"minecraft:air\"},8:{id:\"minecraft:air\"}}}}}]}"
              }
            }
          ]
        },
        {
          "type": "minecraft:item",
          "name": "minecraft:netherite_leggings",
          "functions": [
            {
              "function": "minecraft:set_count",
              "count": 1
            },
            {
              "function": "minecraft:set_nbt",
              "tag": "{display:{Name:'{\"text\":\"Nether Star Leggings\",\"italic\":false}'},AttributeModifiers:[{Slot:\"legs\",AttributeName:\"generic.armor\", Name:\"generic.armor\", Amount:6, Operation:0, UUID:[I; 12340502, 12340502, 12340502, 12340502]},{Slot:\"legs\", AttributeName:\"generic.armor_toughness\", Name:\"generic.armor_toughness\", Amount:3, Operation:0, UUID:[I; 12340502, 12340502, 12340502, 12340502]},{Slot:\"legs\", AttributeName:\"generic.knockback_resistance\", Name:\"generic.knockback_resistance\", Amount:0.1, Operation:0, UUID:[I; 12340502, 12340502, 12340502, 12340502]},{Slot:\"legs\", AttributeName:\"generic.attack_damage\", Name:\"generic.attack_damage\", Amount:0.125, Operation:1, UUID:[I; 12340502, 12340502, 12340502, 12340502]}],CustomModelData:12340552}"
            }
          ],
          "conditions": [
            {
              "condition": "minecraft:entity_properties",
              "entity": "this",
              "predicate": {
                "nbt": "{ArmorItems:[{id:\"minecraft:paper\",tag:{xylo_crafting:{grid_out:{0:{id:\"minecraft:nether_star\"},1:{id:\"minecraft:air\"},2:{id:\"minecraft:air\"},3:{id:\"minecraft:netherite_leggings\"},4:{id:\"minecraft:air\"},5:{id:\"minecraft:air\"},6:{id:\"minecraft:air\"},7:{id:\"minecraft:air\"},8:{id:\"minecraft:air\"}}}}}]}"
              }
            }
          ]
        },
        {
          "type": "minecraft:item",
          "name": "minecraft:netherite_boots",
          "functions": [
            {
              "function": "minecraft:set_count",
              "count": 1
            },
            {
              "function": "minecraft:set_nbt",
              "tag": "{display:{Name:'{\"text\":\"Nether Star Boots\",\"italic\":false}'},AttributeModifiers:[{Slot:\"feet\",AttributeName:\"generic.armor\", Name:\"generic.armor\", Amount:3, Operation:0, UUID:[I; 12340503, 12340503, 12340503, 12340503]},{Slot:\"feet\", AttributeName:\"generic.armor_toughness\", Name:\"generic.armor_toughness\", Amount:3, Operation:0, UUID:[I; 12340503, 12340503, 12340503, 12340503]},{Slot:\"feet\", AttributeName:\"generic.knockback_resistance\", Name:\"generic.knockback_resistance\", Amount:0.1, Operation:0, UUID:[I; 12340503, 12340503, 12340503, 12340503]},{Slot:\"feet\", AttributeName:\"generic.attack_damage\", Name:\"generic.attack_damage\", Amount:0.125, Operation:1, UUID:[I; 12340503, 12340503, 12340503, 12340503]}],CustomModelData:12340553}"
            }
          ],
          "conditions": [
            {
              "condition": "minecraft:entity_properties",
              "entity": "this",
              "predicate": {
                "nbt": "{ArmorItems:[{id:\"minecraft:paper\",tag:{xylo_crafting:{grid_out:{0:{id:\"minecraft:nether_star\"},1:{id:\"minecraft:air\"},2:{id:\"minecraft:air\"},3:{id:\"minecraft:netherite_boots\"},4:{id:\"minecraft:air\"},5:{id:\"minecraft:air\"},6:{id:\"minecraft:air\"},7:{id:\"minecraft:air\"},8:{id:\"minecraft:air\"}}}}}]}"
              }
            }
          ]
        },
        {
          "type": "minecraft:item",
          "name": "minecraft:wooden_axe",
          "functions": [
            {
              "function": "minecraft:set_count",
              "count": 1
            },
            {
              "function": "minecraft:set_nbt",
              "tag": "{display:{Name:'{\"text\":\"木质战斧\",\"italic\":false}'},AttributeModifiers:[{Slot:\"mainhand\",AttributeName:\"generic.attack_damage\", Name:\"generic.attack_damage\", Amount:7.0, Operation:0, UUID:[I; 12340506, 12340506, 12340506, 12340506]},{Slot:\"mainhand\", AttributeName:\"generic.attack_speed\", Name:\"generic.attack_speed\", Amount:-3.2, Operation:0, UUID:[I; 12340506, 12340506, 12340506, 12340506]}],CustomModelData:12340400}"
            }
          ],
          "conditions": [
            {
              "condition": "minecraft:entity_properties",
              "entity": "this",
              "predicate": {
                "nbt": "{ArmorItems:[{id:\"minecraft:paper\",tag:{xylo_crafting:{grid_out:{0:{id:\"minecraft:oak_planks\"},1:{id:\"minecraft:air\"},2:{id:\"minecraft:oak_planks\"},3:{id:\"minecraft:oak_planks\"},4:{id:\"minecraft:stick\"},5:{id:\"minecraft:oak_planks\"},6:{id:\"minecraft:air\"},7:{id:\"minecraft:stick\"},8:{id:\"minecraft:air\"}}}}}]}"
              }
            }
          ]
        },
        {
          "type": "minecraft:item",
          "name": "minecraft:stone_axe",
          "functions": [
            {
              "function": "minecraft:set_count",
              "count": 1
            },
            {
              "function": "minecraft:set_nbt",
              "tag": "{display:{Name:'{\"text\":\"石头战斧\",\"italic\":false}'},AttributeModifiers:[{Slot:\"mainhand\",AttributeName:\"generic.attack_damage\", Name:\"generic.attack_damage\", Amount:9.0, Operation:0, UUID:[I; 12340506, 12340506, 12340506, 12340506]},{Slot:\"mainhand\", AttributeName:\"generic.attack_speed\", Name:\"generic.attack_speed\", Amount:-3.2, Operation:0, UUID:[I; 12340506, 12340506, 12340506, 12340506]}],CustomModelData:12340401}"
            }
          ],
          "conditions": [
            {
              "condition": "minecraft:entity_properties",
              "entity": "this",
              "predicate": {
                "nbt": "{ArmorItems:[{id:\"minecraft:paper\",tag:{xylo_crafting:{grid_out:{0:{id:\"minecraft:cobblestone\"},1:{id:\"minecraft:air\"},2:{id:\"minecraft:cobblestone\"},3:{id:\"minecraft:cobblestone\"},4:{id:\"minecraft:stick\"},5:{id:\"minecraft:cobblestone\"},6:{id:\"minecraft:air\"},7:{id:\"minecraft:stick\"},8:{id:\"minecraft:air\"}}}}}]}"
              }
            }
          ]
        },
        {
          "type": "minecraft:item",
          "name": "minecraft:golden_axe",
          "functions": [
            {
              "function": "minecraft:set_count",
              "count": 1
            },
            {
              "function": "minecraft:set_nbt",
              "tag": "{display:{Name:'{\"text\":\"金质战斧\",\"italic\":false}'},AttributeModifiers:[{Slot:\"mainhand\",AttributeName:\"generic.attack_damage\", Name:\"generic.attack_damage\", Amount:7.0, Operation:0, UUID:[I; 12340506, 12340506, 12340506, 12340506]},{Slot:\"mainhand\", AttributeName:\"generic.attack_speed\", Name:\"generic.attack_speed\", Amount:-3, Operation:0, UUID:[I; 12340506, 12340506, 12340506, 12340506]}],CustomModelData:12340402}"
            }
          ],
          "conditions": [
            {
              "condition": "minecraft:entity_properties",
              "entity": "this",
              "predicate": {
                "nbt": "{ArmorItems:[{id:\"minecraft:paper\",tag:{xylo_crafting:{grid_out:{0:{id:\"minecraft:gold_ingot\"},1:{id:\"minecraft:air\"},2:{id:\"minecraft:gold_ingot\"},3:{id:\"minecraft:gold_ingot\"},4:{id:\"minecraft:stick\"},5:{id:\"minecraft:gold_ingot\"},6:{id:\"minecraft:air\"},7:{id:\"minecraft:stick\"},8:{id:\"minecraft:air\"}}}}}]}"
              }
            }
          ]
        },
        {
          "type": "minecraft:item",
          "name": "minecraft:iron_axe",
          "functions": [
            {
              "function": "minecraft:set_count",
              "count": 1
            },
            {
              "function": "minecraft:set_nbt",
              "tag": "{display:{Name:'{\"text\":\"铁质战斧\",\"italic\":false}'},AttributeModifiers:[{Slot:\"mainhand\",AttributeName:\"generic.attack_damage\", Name:\"generic.attack_damage\", Amount:9.0, Operation:0, UUID:[I; 12340506, 12340506, 12340506, 12340506]},{Slot:\"mainhand\", AttributeName:\"generic.attack_speed\", Name:\"generic.attack_speed\", Amount:-3.1, Operation:0, UUID:[I; 12340506, 12340506, 12340506, 12340506]}],CustomModelData:12340403}"
            }
          ],
          "conditions": [
            {
              "condition": "minecraft:entity_properties",
              "entity": "this",
              "predicate": {
                "nbt": "{ArmorItems:[{id:\"minecraft:paper\",tag:{xylo_crafting:{grid_out:{0:{id:\"minecraft:iron_ingot\"},1:{id:\"minecraft:air\"},2:{id:\"minecraft:iron_ingot\"},3:{id:\"minecraft:iron_ingot\"},4:{id:\"minecraft:stick\"},5:{id:\"minecraft:iron_ingot\"},6:{id:\"minecraft:air\"},7:{id:\"minecraft:stick\"},8:{id:\"minecraft:air\"}}}}}]}"
              }
            }
          ]
        },
        {
          "type": "minecraft:item",
          "name": "minecraft:diamond_axe",
          "functions": [
            {
              "function": "minecraft:set_count",
              "count": 1
            },
            {
              "function": "minecraft:set_nbt",
              "tag": "{display:{Name:'{\"text\":\"钻石战斧\",\"italic\":false}'},AttributeModifiers:[{Slot:\"mainhand\",AttributeName:\"generic.attack_damage\", Name:\"generic.attack_damage\", Amount:9.0, Operation:0, UUID:[I; 12340506, 12340506, 12340506, 12340506]},{Slot:\"mainhand\", AttributeName:\"generic.attack_speed\", Name:\"generic.attack_speed\", Amount:-3, Operation:0, UUID:[I; 12340506, 12340506, 12340506, 12340506]}],CustomModelData:12340404}"
            }
          ],
          "conditions": [
            {
              "condition": "minecraft:entity_properties",
              "entity": "this",
              "predicate": {
                "nbt": "{ArmorItems:[{id:\"minecraft:paper\",tag:{xylo_crafting:{grid_out:{0:{id:\"minecraft:diamond\"},1:{id:\"minecraft:air\"},2:{id:\"minecraft:diamond\"},3:{id:\"minecraft:diamond\"},4:{id:\"minecraft:stick\"},5:{id:\"minecraft:diamond\"},6:{id:\"minecraft:air\"},7:{id:\"minecraft:stick\"},8:{id:\"minecraft:air\"}}}}}]}"
              }
            }
          ]
        },
        {
          "type": "minecraft:item",
          "name": "minecraft:netherite_axe",
          "functions": [
            {
              "function": "minecraft:set_count",
              "count": 1
            },
            {
              "function": "minecraft:set_nbt",
              "tag": "{display:{Name:'{\"text\":\"下界合金战斧\",\"italic\":false}'},AttributeModifiers:[{Slot:\"mainhand\",AttributeName:\"generic.attack_damage\", Name:\"generic.attack_damage\", Amount:11.0, Operation:0, UUID:[I; 12340506, 12340506, 12340506, 12340506]},{Slot:\"mainhand\", AttributeName:\"generic.attack_speed\", Name:\"generic.attack_speed\", Amount:-3, Operation:0, UUID:[I; 12340506, 12340506, 12340506, 12340506]}],CustomModelData:12340405}"
            }
          ],
          "conditions": [
            {
              "condition": "minecraft:entity_properties",
              "entity": "this",
              "predicate": {
                "nbt": "{ArmorItems:[{id:\"minecraft:paper\",tag:{xylo_crafting:{grid_out:{0:{id:\"minecraft:netherite_ingot\"},1:{id:\"minecraft:air\"},2:{id:\"minecraft:netherite_ingot\"},3:{id:\"minecraft:netherite_ingot\"},4:{id:\"minecraft:stick\"},5:{id:\"minecraft:netherite_ingot\"},6:{id:\"minecraft:air\"},7:{id:\"minecraft:stick\"},8:{id:\"minecraft:air\"}}}}}]}"
              }
            }
          ]
        },
        {
          "type": "minecraft:item",
          "name": "minecraft:iron_axe",
          "functions": [
            {
              "function": "minecraft:set_count",
              "count": 1
            },
            {
              "function": "minecraft:set_nbt",
              "tag": "{display:{Name:'{\"text\":\"绿宝石战斧\",\"italic\":false}'},AttributeModifiers:[{Slot:\"mainhand\",AttributeName:\"generic.attack_damage\", Name:\"generic.attack_damage\", Amount:9.0, Operation:0, UUID:[I; 12340506, 12340506, 12340506, 12340506]},{Slot:\"mainhand\", AttributeName:\"generic.attack_speed\", Name:\"generic.attack_speed\", Amount:-3, Operation:0, UUID:[I; 12340506, 12340506, 12340506, 12340506]}],CustomModelData:12340406}"
            }
          ],
          "conditions": [
            {
              "condition": "minecraft:entity_properties",
              "entity": "this",
              "predicate": {
                "nbt": "{ArmorItems:[{id:\"minecraft:paper\",tag:{xylo_crafting:{grid_out:{0:{id:\"minecraft:emerald\"},1:{id:\"minecraft:air\"},2:{id:\"minecraft:emerald\"},3:{id:\"minecraft:emerald\"},4:{id:\"minecraft:stick\"},5:{id:\"minecraft:emerald\"},6:{id:\"minecraft:air\"},7:{id:\"minecraft:stick\"},8:{id:\"minecraft:air\"}}}}}]}"
              }
            }
          ]
        },
        {
          "type": "minecraft:item",
          "name": "minecraft:netherite_axe",
          "functions": [
            {
              "function": "minecraft:set_count",
              "count": 1
            },
            {
              "function": "minecraft:set_nbt",
              "tag": "{display:{Name:'{\"text\":\"黑曜石战斧\",\"italic\":false}'},AttributeModifiers:[{Slot:\"mainhand\",AttributeName:\"generic.attack_damage\", Name:\"generic.attack_damage\", Amount:9.0, Operation:0, UUID:[I; 12340506, 12340506, 12340506, 12340506]},{Slot:\"mainhand\", AttributeName:\"generic.attack_speed\", Name:\"generic.attack_speed\", Amount:-3, Operation:0, UUID:[I; 12340506, 12340506, 12340506, 12340506]}],CustomModelData:12340407}"
            }
          ],
          "conditions": [
            {
              "condition": "minecraft:entity_properties",
              "entity": "this",
              "predicate": {
                "nbt": "{ArmorItems:[{id:\"minecraft:paper\",tag:{xylo_crafting:{grid_out:{0:{id:\"minecraft:obsidian\"},1:{id:\"minecraft:obsidian\"},2:{id:\"minecraft:obsidian\"},3:{id:\"minecraft:obsidian\"},4:{id:\"minecraft:diamond_axe\",tag:{CustomModelData:12340404}},5:{id:\"minecraft:obsidian\"},6:{id:\"minecraft:obsidian\"},7:{id:\"minecraft:obsidian\"},8:{id:\"minecraft:obsidian\"}}}}}]}"
              }
            }
          ]
        }
      ]
    }
  ]
}
