[
  {
      "condition": "minecraft:location_check",
      "predicate": {
          "block": {
              "block": "minecraft:barrel",
              "nbt": "{Items:[{Slot:2b,id:\"minecraft:stick\"},{Slot:3b,id:\"minecraft:jigsaw\",tag:{eth:{chromium_chunk:1b}}},{Slot:4b,id:\"minecraft:stick\"},{Slot:11b,id:\"minecraft:string\"},{Slot:12b,id:\"minecraft:tripwire_hook\"},{Slot:13b,id:\"minecraft:string\"},{Slot:21b,id:\"minecraft:stick\"}]}"
          }
      }
      
  },
  {
      "condition": "minecraft:inverted",
      "term": {
        "condition": "minecraft:location_check",
        "predicate": {
          "block": {
            "nbt": "{Items:[{Slot:20b}]}"
          }
        }
      }
    },
    {
      "condition": "minecraft:inverted",
      "term": {
        "condition": "minecraft:location_check",
        "predicate": {
          "block": {
            "nbt": "{Items:[{Slot:22b}]}"
          }
        }
      }
    }
]