{
  "pools": [
    {
      "rolls": 1,
      "entries": [
        {
          "type": "item",
          "name": "minecraft:diamond_axe",
          "functions": [
            {
              "function": "set_nbt",
              "tag": "{CustomModelData:888502,AttributeModifiers:[{AttributeName:\"generic.armor_toughness\",Name:\"generic.armor_toughness\",Amount:-10,Operation:0,UUID:[I;-1112438523,-1678162319,-1888207382,-993756585],Slot:\"mainhand\"},{AttributeName:\"generic.attack_damage\",Name:\"generic.attack_damage\",Amount:12,Operation:0,UUID:[I;1401610331,1048199356,-1607358411,589202321],Slot:\"mainhand\"}],Enchantments:[{id:\"minecraft:bane_of_arthropods\",lvl:5s},{id:\"minecraft:knockback\",lvl:3s},{id:\"minecraft:vanishing_curse\",lvl:1s}]}"
            },
            {
              "function": "set_name",
              "name": [
                {
                  "text": "芙洛斧",
                  "color": "white",
                  "italic": false
                }
              ]
            },
            {
              "function": "set_lore",
              "lore": [
                {
                  "text": "Jeg skiver!",
                  "color": "gray",
                  "italic": false
                }
              ]
            },
            {
              "function": "set_damage",
              "damage": {
                "min": 0.78,
                "max": 0.83
              }
            }
          ]
        }
      ]
    }
  ]
}
