{
  "pools": [
    {
      "rolls": 1,
      "entries": [
        {
          "type": "item",
          "name": "minecraft:elytra",
          "functions": [
            {
              "function": "set_nbt",
              "tag": "{AttributeModifiers:[{AttributeName:\"generic.movement_speed\",Name:\"generic.movement_speed\",Amount:.04,Operation:0,UUID:[I;1872410414,-61781409,-1794531078,661849160],Slot:\"chest\"}],CustomModelData:888501,Enchantments:[{}]}"
            },
            {
              "function": "set_name",
              "name": [
                {
                  "text": "冰晶之翼",
                  "color": "white",
                  "italic": false
                }
              ]
            },
            {
              "function": "set_lore",
              "lore": [
                {
                  "text": "旅行玩家非常喜欢的装备之一。",
                  "color": "gray",
                  "italic": false
                }
              ]
            },
            {
              "function": "set_damage",
              "damage": {
                "min": 0.88,
                "max": 0.93
              }
            }
          ]
        }
      ]
    }
  ]
}
