{
  "pools": [
    {
      "rolls": 1,
      "entries": [
        {
          "type": "item",
          "name": "minecraft:netherite_axe",
          "functions": [
            {
              "function": "set_nbt",
              "tag": "{AttributeModifiers:[{AttributeName:\"generic.attack_damage\",Name:\"generic.attack_damage\",Amount:25,Operation:0,UUID:[I;-1112438523,-1678162319,-1888207382,-993756585],Slot:\"mainhand\"},{AttributeName:\"generic.armor\",Name:\"generic.armor\",Amount:4,Operation:0,UUID:[I;-1112438523,-1678162319,-1888207382,-993756585],Slot:\"mainhand\"},{AttributeName:\"generic.attack_speed\",Name:\"generic.attack_speed\",Amount:-3.5,Operation:0,UUID:[I;-1112438523,-1678162319,-1888207382,-993756585],Slot:\"mainhand\"},{AttributeName:\"generic.knockback_resistance\",Name:\"generic.knockback_resistance\",Amount:10,Operation:0,UUID:[I;-1112438523,-1678162319,-1888207382,-993756585],Slot:\"mainhand\"},{AttributeName:\"generic.movement_speed\",Name:\"generic.movement_speed\",Amount:-0.06,Operation:0,UUID:[I;-1112438523,-1678162319,-1888207382,-993756585],Slot:\"mainhand\"}],CustomModelData:888501}"
            },
            {
              "function": "set_name",
              "name": [
                {
                  "text": "诛杀斧",
                  "color": "dark_green",
                  "italic": false
                }
              ]
            },
            {
              "function": "set_lore",
              "lore": [
                {
                  "text": "仍然保留部分来自锻造炉的余温。",
                  "color": "gray",
                  "italic": false
                }
              ]
            },
            {
              "function": "set_damage",
              "damage": {
                "min": 0.88,
                "max": 0.93
              }
            }
          ]
        }
      ]
    }
  ]
}
