{
  "pools": [
    {
      "rolls": 1,
      "entries": [
        {
          "type": "minecraft:item",
          "name": "minecraft:written_book",
          "functions": [
            {
              "function": "minecraft:set_nbt",
              "tag": "{CustomModelData:888501,bp.species_book:10b,pages:['[\"\",{\"text\":\"用于加入一个种族，本书为一次性的消耗品。\",\"bold\":true},{\"text\":\"\\\\n\\\\n\",\"color\":\"black\"},{\"text\":\"- \",\"clickEvent\":{\"action\":\"run_command\",\"value\":\"/trigger bp.automech\"}},{\"text\":\"机械师\",\"color\":\"green\",\"clickEvent\":{\"action\":\"run_command\",\"value\":\"/trigger bp.automech\"}},{\"text\":\" -\",\"color\":\"reset\",\"clickEvent\":{\"action\":\"run_command\",\"value\":\"/trigger bp.automech\"}},{\"text\":\"\\\\n\\\\n\"},{\"text\":\"- \",\"clickEvent\":{\"action\":\"run_command\",\"value\":\"/trigger bp.dweller\"}},{\"text\":\"矿工\",\"color\":\"dark_gray\",\"clickEvent\":{\"action\":\"run_command\",\"value\":\"/trigger bp.dweller\"}},{\"text\":\" -\",\"color\":\"reset\",\"clickEvent\":{\"action\":\"run_command\",\"value\":\"/trigger bp.dweller\"}},{\"text\":\"\\\\n\\\\n\"},{\"text\":\"- \",\"clickEvent\":{\"action\":\"run_command\",\"value\":\"/trigger bp.enderling\"}},{\"text\":\"末影师\",\"color\":\"dark_purple\",\"clickEvent\":{\"action\":\"run_command\",\"value\":\"/trigger bp.enderling\"}},{\"text\":\" -\",\"color\":\"reset\",\"clickEvent\":{\"action\":\"run_command\",\"value\":\"/trigger bp.enderling\"}},{\"text\":\"\\\\n\\\\n\"},{\"text\":\"- \",\"clickEvent\":{\"action\":\"run_command\",\"value\":\"/trigger bp.faefolk\"}},{\"text\":\"异族\",\"color\":\"blue\",\"clickEvent\":{\"action\":\"run_command\",\"value\":\"/trigger bp.faefolk\"}},{\"text\":\" -\",\"color\":\"reset\",\"clickEvent\":{\"action\":\"run_command\",\"value\":\"/trigger bp.faefolk\"}},{\"text\":\"\\\\n\\\\n\"},{\"text\":\"- \",\"clickEvent\":{\"action\":\"run_command\",\"value\":\"/trigger bp.frostkin\"}},{\"text\":\"霜人\",\"color\":\"aqua\",\"clickEvent\":{\"action\":\"run_command\",\"value\":\"/trigger bp.frostkin\"}},{\"text\":\" -\",\"color\":\"reset\",\"clickEvent\":{\"action\":\"run_command\",\"value\":\"/trigger bp.frostkin\"}},{\"text\":\"\\\\n\\\\n\"}]','[\"\",{\"text\":\"- \",\"clickEvent\":{\"action\":\"run_command\",\"value\":\"/trigger bp.human\"}},{\"text\":\"人类\",\"color\":\"red\",\"clickEvent\":{\"action\":\"run_command\",\"value\":\"/trigger bp.human\"}},{\"text\":\" -\",\"color\":\"reset\",\"clickEvent\":{\"action\":\"run_command\",\"value\":\"/trigger bp.human\"}},{\"text\":\"\\\\n\\\\n\",\"color\":\"reset\"},{\"text\":\"- \",\"clickEvent\":{\"action\":\"run_command\",\"value\":\"/trigger bp.hunter\"}},{\"text\":\"猎人\",\"color\":\"dark_green\",\"clickEvent\":{\"action\":\"run_command\",\"value\":\"/trigger bp.hunter\"}},{\"text\":\" -\",\"color\":\"reset\",\"clickEvent\":{\"action\":\"run_command\",\"value\":\"/trigger bp.hunter\"}},{\"text\":\"\\\\n\\\\n\"},{\"text\":\"- \",\"clickEvent\":{\"action\":\"run_command\",\"value\":\"/trigger bp.nereid\"}},{\"text\":\"人鱼族\",\"color\":\"dark_blue\",\"clickEvent\":{\"action\":\"run_command\",\"value\":\"/trigger bp.nereid\"}},{\"text\":\" -\",\"color\":\"reset\",\"clickEvent\":{\"action\":\"run_command\",\"value\":\"/trigger bp.nereid\"}},{\"text\":\"\\\\n\\\\n\"},{\"text\":\"- \",\"clickEvent\":{\"action\":\"run_command\",\"value\":\"/trigger bp.netherkin\"}},{\"text\":\"下界族\",\"color\":\"gold\",\"clickEvent\":{\"action\":\"run_command\",\"value\":\"/trigger bp.netherkin\"}},{\"text\":\" -\",\"color\":\"reset\",\"clickEvent\":{\"action\":\"run_command\",\"value\":\"/trigger bp.netherkin\"}},{\"text\":\"\\\\n\\\\n\"},{\"text\":\"- \",\"clickEvent\":{\"action\":\"run_command\",\"value\":\"/trigger bp.outlander\"}},{\"text\":\"异界者\",\"color\":\"gray\",\"clickEvent\":{\"action\":\"run_command\",\"value\":\"/trigger bp.outlander\"}},{\"text\":\" -\",\"color\":\"reset\",\"clickEvent\":{\"action\":\"run_command\",\"value\":\"/trigger bp.outlander\"}},{\"text\":\"\\\\n\\\\n\"},{\"text\":\"- \",\"clickEvent\":{\"action\":\"run_command\",\"value\":\"/trigger bp.realmkeeper\"}},{\"text\":\"护境者\",\"color\":\"yellow\",\"clickEvent\":{\"action\":\"run_command\",\"value\":\"/trigger bp.realmkeeper\"}},{\"text\":\" -\",\"color\":\"reset\",\"clickEvent\":{\"action\":\"run_command\",\"value\":\"/trigger bp.realmkeeper\"}},{\"text\":\"\\\\n\\\\n\"},{\"text\":\"- \",\"clickEvent\":{\"action\":\"run_command\",\"value\":\"/trigger bp.villain\"}},{\"text\":\"灾厄族\",\"color\":\"dark_red\",\"clickEvent\":{\"action\":\"run_command\",\"value\":\"/trigger bp.villain\"}},{\"text\":\" -\",\"color\":\"reset\",\"clickEvent\":{\"action\":\"run_command\",\"value\":\"/trigger bp.villain\"}}]'],title:\"初始种族之书\",author:\"The Provider\",generation:3}"
            },
            {
              "function": "minecraft:set_name",
              "name": [
                {
                  "text": "初始种族之书",
                  "color": "white",
                  "italic": false
                }
              ]
            },
            {
              "function": "minecraft:set_lore",
              "lore": [
                {
                  "text": "用于加入一个种族。",
                  "color": "gray",
                  "italic": false
                }
              ]
            }
          ]
        }
      ]
    }
  ]
}
