{
    "parent": "bracken:glacium/fatigue",
    "display": {
        "title": {
            "text": "荣痕"
        },
        "description": {
            "text": "击杀烽火台上的寒冰之心，并获得碎片。",
            "color": "green"
        },
        "icon": {
            "item": "minecraft:ice",
            "nbt": "{Enchantments:[{}]}"
        },
        "frame": "task",
        "show_toast": true,
        "announce_to_chat": true,
        "hidden": false
    },
    "criteria": {
        "bracken:glacium/heart1": {
            "trigger": "minecraft:inventory_changed",
            "conditions": {
                "player": [
                    {
                        "condition": "minecraft:entity_properties",
                        "entity": "this",
                        "predicate": {
                            "location": {
                                "dimension": "bracken:glacium"
                            }
                        }
                    }
                ],
                "items": [
                    {
                        "items": [
                            "minecraft:ice"
                        ],
                        "nbt": "{Enchantments:[{}]}"
                    }
                ]
            }
        }
    },
    "requirements": [
        [
            "bracken:glacium/heart1"
        ]
    ]
}
