{
    "parent": "bracken:glacium/wake",
    "display": {
        "title": {
            "text": "高位一击"
        },
        "description": {
            "text": "使用近战击杀旧日督军(上身)。",
            "color": "green"
        },
        "icon": {
            "item": "minecraft:bow"
        },
        "frame": "challenge",
        "show_toast": true,
        "announce_to_chat": true,
        "hidden": false
    },
    "criteria": {
        "bracken:glacium/kill21": {
            "trigger": "minecraft:player_killed_entity",
            "conditions": {
                "entity": [
                    {
                        "condition": "minecraft:entity_properties",
                        "entity": "this",
                        "predicate": {
                            "type": "minecraft:wither_skeleton",
                            "nbt": "{Tags:[\"bp.bygone_viceroy.top\"]}"
                        }
                    }
                ],
                "killing_blow": {
                    "source_entity": {
                        "type": "minecraft:player",
                        "equipment": {
                            "mainhand": {
                                "items": [
                                    "minecraft:bow"
                                ]
                            }
                        }
                    }
                }
            }
        }
    },
    "requirements": [
        [
            "bracken:glacium/kill21"
        ]
    ]
}
