{
    "parent": "bracken:glacium/enter_glacium",
    "display": {
        "title": {
            "text": "女武神之战"
        },
        "description": {
            "text": "登上巨型雪花，击杀冯希尔德。",
            "color": "green"
        },
        "icon": {
            "item": "minecraft:player_head",
            "nbt": "{SkullOwner:MHF_Ghast}"
        },
        "frame": "task",
        "show_toast": true,
        "announce_to_chat": true,
        "hidden": false
    },
    "criteria": {
        "bracken:glacium/boat1": {
            "trigger": "minecraft:player_killed_entity",
            "conditions": {
                "entity": [
                    {
                        "condition": "minecraft:entity_properties",
                        "entity": "this",
                        "predicate": {
                            "type": "minecraft:drowned",
                            "nbt": "{Tags:[\"bp.valkyrie\"]}",
                            "location": {
                                "dimension": "bracken:glacium"
                            }
                        }
                    }
                ]
            }
        }
    },
    "requirements": [
        [
            "bracken:glacium/boat1"
        ]
    ]
}
