{
    "parent": "bracken:glacium/enter_glacium",
    "display": {
        "title": {
            "text": "下班时间"
        },
        "description": {
            "text": "在雪人村摘下雪人的南瓜头。",
            "color": "green"
        },
        "icon": {
            "item": "minecraft:pumpkin"
        },
        "frame": "task",
        "show_toast": true,
        "announce_to_chat": true,
        "hidden": false
    },
    "criteria": {
        "bracken:glacium/village1": {
            "trigger": "minecraft:player_interacted_with_entity",
            "conditions": {
                "entity": [
                    {
                        "condition": "minecraft:entity_properties",
                        "entity": "this",
                        "predicate": {
                            "type": "minecraft:snow_golem",
                            "location": {
                                "dimension": "bracken:glacium",
                                "structure": "bracken:village"
                            }
                        }
                    }
                ]
            }
        }
    },
    "requirements": [
        [
            "bracken:glacium/village1"
        ]
    ]
}
