{
    "parent": "bracken:glacium/enter_glacium",
    "display": {
        "title": {
            "text": "熔毁！"
        },
        "description": {
            "text": "靠近冰封王座后将旧日督军从沉睡中唤醒。",
            "color": "green"
        },
        "icon": {
            "item": "minecraft:seagrass"
        },
        "frame": "task",
        "show_toast": true,
        "announce_to_chat": true,
        "hidden": false
    },
    "criteria": {
        "bracken:glacium/wake1": {
            "trigger": "minecraft:impossible"
        }
    },
    "requirements": [
        [
            "bracken:glacium/wake1"
        ]
    ]
}
