{
    "flower": "tag:botania:mystical_flowers",
    "creator": "Ridanisaurus Rid & TemperedFool",
    "lore": "为铁蜜蜂注入神奇的魔力会让\n铁蜜蜂完成蜕变，就像美丽的蝴蝶一样。",
    "loreColor": "#00AAAA",
    "maxTimeInHive": 4800,
    "hasHoneycomb": true,
    "traits": ["can_swim"],
    "baseLayerTexture": "other/mana",
    "ColorData": {
        "honeycombColor": "#4c97ff"
    },
    "CombatData": {
        "isPassive": false,
        "removeStingerOnAttack": false,
        "inflictsPoison": true,
        "attackDamage": 1
    },
    "MutationData": {"hasMutation": false},
    "CentrifugeData": {"hasCentrifugeOutput": false},
    "SpawnData": {"canSpawnInWorld": false},
    "BreedData": {"isBreedable": false},
    "TraitData": {"hasTraits": true}
}
