{
    "flower": "astralsorcery:glow_flower",
    "creator": "Ridanisaurus Rid & TemperedFool",
    "lore": "沐浴在星光之下，\n即使是平平无奇的铁蜜蜂也可飞向浩瀚无垠的宇宙。",
    "loreColor": "#00AAAA",
    "maxTimeInHive": 4800,
    "hasHoneycomb": true,
    "traits": ["can_swim"],
    "baseLayerTexture": "other/starry",
    "ColorData": {
        "honeycombColor": "#002184"
    },
    "CombatData": {
        "isPassive": false,
        "removeStingerOnAttack": false,
        "inflictsPoison": true,
        "attackDamage": 1
    },
    "MutationData": {"hasMutation": false},
    "CentrifugeData": {"hasCentrifugeOutput": false},
    "SpawnData": {"canSpawnInWorld": false},
    "BreedData": {"isBreedable": false},
    "TraitData": {"hasTraits": true}
}

