{
    "flower": "tag:minecraft:flowers",
    "creator": "Ridanisaurus Rid & TemperedFool",
    "lore": "对大自然的无私奉献可被赠予非来自自然界的生物。",
    "loreColor": "#00AAAA",
    "maxTimeInHive": 4800,
    "hasHoneycomb": true,
    "traits": ["can_swim"],
    "baseLayerTexture": "other/tainted",
    "ColorData": {
        "honeycombColor": "#cc6d3d"
    },
    "CombatData": {
        "isPassive": false,
        "removeStingerOnAttack": false,
        "inflictsPoison": true,
        "attackDamage": 1
    },
    "MutationData": {"hasMutation": false},
    "CentrifugeData": {"hasCentrifugeOutput": false},
    "SpawnData": {"canSpawnInWorld": false},
    "BreedData": {"isBreedable": false},
    "TraitData": {"hasTraits": true}
}
