{
    "flower": "tag:botania:mystical_flowers",
    "creator": "Ridanisaurus Rid & TemperedFool",
    "lore": "适当对魔力蜜蜂进行强化，\n可让魔力蜜蜂化身为保护自然的守护者。",
    "loreColor": "#00AAAA",
    "maxTimeInHive": 4800,
    "hasHoneycomb": true,
    "traits": ["can_swim"],
    "baseLayerTexture": "other/terrastrial",
    "ColorData": {
        "honeycombColor": "#5bf23d"
    },
    "CombatData": {
        "isPassive": false,
        "removeStingerOnAttack": false,
        "inflictsPoison": true,
        "attackDamage": 1
    },
    "MutationData": {"hasMutation": false},
    "CentrifugeData": {"hasCentrifugeOutput": false},
    "SpawnData": {"canSpawnInWorld": false},
    "BreedData": {"isBreedable": false},
    "TraitData": {"hasTraits": true}
}
