{
  "type": "minecraft:generic",
  "pools": [
    {
      "rolls": 1,
      "entries": [
        {
          "type": "minecraft:item",
          "name": "minecraft:carrot_on_a_stick",
          "functions": [
            {
              "function": "minecraft:set_count",
              "count": 1
            },
            {
              "function": "minecraft:set_nbt",
              "tag": "{HideFlags:4,CustomModelData:12340301,Unbreakable:1b,xylo_trinkets:{id:\"trinket\",trinket:\"speed\",usages:15,damage:2400,max_damage:2400},display:{Name:'{\"text\":\"速度饰品\",\"italic\":false}',Lore:['{\"text\":\"速度 II (2:00)\",\"color\":\"blue\",\"italic\":false}','{\"text\":\"使用次数: 15\",\"color\":\"gray\",\"italic\":false}','{\"text\":\"剩余时间 2:00\",\"color\":\"gray\",\"italic\":false}']}}"
            }
          ],
          "conditions": [
            {
              "condition": "minecraft:entity_properties",
              "entity": "this",
              "predicate": {
                "nbt": "{ArmorItems:[{id:\"minecraft:paper\",tag:{xylo_crafting:{grid_out:{0:{id:\"minecraft:gold_ingot\"},1:{id:\"minecraft:potion\",tag:{Potion:\"minecraft:swiftness\"}},2:{id:\"minecraft:gold_ingot\"},3:{id:\"minecraft:potion\",tag:{Potion:\"minecraft:swiftness\"}},4:{id:\"minecraft:glass\"},5:{id:\"minecraft:potion\",tag:{Potion:\"minecraft:swiftness\"}},6:{id:\"minecraft:gold_ingot\"},7:{id:\"minecraft:potion\",tag:{Potion:\"minecraft:swiftness\"}},8:{id:\"minecraft:gold_ingot\"}}}}}]}"
              }
            }
          ]
        },
        {
          "type": "minecraft:item",
          "name": "minecraft:carrot_on_a_stick",
          "functions": [
            {
              "function": "minecraft:set_count",
              "count": 1
            },
            {
              "function": "minecraft:set_nbt",
              "tag": "{HideFlags:4,CustomModelData:12340302,Unbreakable:1b,xylo_trinkets:{id:\"trinket\",trinket:\"fire_res\",usages:15,damage:2400,max_damage:2400},display:{Name:'{\"text\":\"防火饰品\",\"italic\":false}',Lore:['{\"text\":\"防火 (2:00)\",\"color\":\"blue\",\"italic\":false}','{\"text\":\"使用次数: 15\",\"color\":\"gray\",\"italic\":false}','{\"text\":\"剩余时间 2:00\",\"color\":\"gray\",\"italic\":false}']}}"
            }
          ],
          "conditions": [
            {
              "condition": "minecraft:entity_properties",
              "entity": "this",
              "predicate": {
                "nbt": "{ArmorItems:[{id:\"minecraft:paper\",tag:{xylo_crafting:{grid_out:{0:{id:\"minecraft:gold_ingot\"},1:{id:\"minecraft:potion\",tag:{Potion:\"minecraft:fire_resistance\"}},2:{id:\"minecraft:gold_ingot\"},3:{id:\"minecraft:potion\",tag:{Potion:\"minecraft:fire_resistance\"}},4:{id:\"minecraft:glass\"},5:{id:\"minecraft:potion\",tag:{Potion:\"minecraft:fire_resistance\"}},6:{id:\"minecraft:gold_ingot\"},7:{id:\"minecraft:potion\",tag:{Potion:\"minecraft:fire_resistance\"}},8:{id:\"minecraft:gold_ingot\"}}}}}]}"
              }
            }
          ]
        },
        {
          "type": "minecraft:item",
          "name": "minecraft:carrot_on_a_stick",
          "functions": [
            {
              "function": "minecraft:set_count",
              "count": 1
            },
            {
              "function": "minecraft:set_nbt",
              "tag": "{HideFlags:4,CustomModelData:12340320,Unbreakable:1b,xylo_trinkets:{id:\"trinket\",trinket:\"mount\"},display:{Name:'{\"text\":\"坐骑饰品\",\"italic\":false}',Lore:['{\"text\":\"坐骑: 无\",\"color\":\"gray\",\"italic\":false}']}}"
            }
          ],
          "conditions": [
            {
              "condition": "minecraft:entity_properties",
              "entity": "this",
              "predicate": {
                "nbt": "{ArmorItems:[{id:\"minecraft:paper\",tag:{xylo_crafting:{grid_out:{0:{id:\"minecraft:gold_ingot\"},1:{id:\"minecraft:saddle\"},2:{id:\"minecraft:gold_ingot\"},3:{id:\"minecraft:apple\"},4:{id:\"minecraft:glass\"},5:{id:\"minecraft:apple\"},6:{id:\"minecraft:gold_ingot\"},7:{id:\"minecraft:apple\"},8:{id:\"minecraft:gold_ingot\"}}}}}]}"
              }
            }
          ]
        },
        {
          "type": "minecraft:item",
          "name": "minecraft:carrot_on_a_stick",
          "functions": [
            {
              "function": "minecraft:set_count",
              "count": 1
            },
            {
              "function": "minecraft:set_nbt",
              "tag": "{HideFlags:4,CustomModelData:12340304,Unbreakable:1b,xylo_trinkets:{id:\"trinket\",trinket:\"invis\",usages:15,damage:2400,max_damage:2400},display:{Name:'{\"text\":\"隐身饰品\",\"italic\":false}',Lore:['{\"text\":\"隐身(2:00)\",\"color\":\"blue\",\"italic\":false}','{\"text\":\"使用次数: 15\",\"color\":\"gray\",\"italic\":false}','{\"text\":\"剩余时间 2:00\",\"color\":\"gray\",\"italic\":false}']}}"
            }
          ],
          "conditions": [
            {
              "condition": "minecraft:entity_properties",
              "entity": "this",
              "predicate": {
                "nbt": "{ArmorItems:[{id:\"minecraft:paper\",tag:{xylo_crafting:{grid_out:{0:{id:\"minecraft:gold_ingot\"},1:{id:\"minecraft:potion\",tag:{Potion:\"minecraft:invisibility\"}},2:{id:\"minecraft:gold_ingot\"},3:{id:\"minecraft:potion\",tag:{Potion:\"minecraft:invisibility\"}},4:{id:\"minecraft:glass\"},5:{id:\"minecraft:potion\",tag:{Potion:\"minecraft:invisibility\"}},6:{id:\"minecraft:gold_ingot\"},7:{id:\"minecraft:potion\",tag:{Potion:\"minecraft:invisibility\"}},8:{id:\"minecraft:gold_ingot\"}}}}}]}"
              }
            }
          ]
        },
        {
          "type": "minecraft:item",
          "name": "minecraft:carrot_on_a_stick",
          "functions": [
            {
              "function": "minecraft:set_count",
              "count": 1
            },
            {
              "function": "minecraft:set_nbt",
              "tag": "{HideFlags:4,CustomModelData:12340305,Unbreakable:1b,xylo_trinkets:{id:\"trinket\",trinket:\"leaping\",usages:15,damage:2400,max_damage:2400},display:{Name:'{\"text\":\"跳跃饰品\",\"italic\":false}',Lore:['{\"text\":\"跳跃提升 II (2:00)\",\"color\":\"blue\",\"italic\":false}','{\"text\":\"使用次数: 15\",\"color\":\"gray\",\"italic\":false}','{\"text\":\"剩余时间 2:00\",\"color\":\"gray\",\"italic\":false}']}}"
            }
          ],
          "conditions": [
            {
              "condition": "minecraft:entity_properties",
              "entity": "this",
              "predicate": {
                "nbt": "{ArmorItems:[{id:\"minecraft:paper\",tag:{xylo_crafting:{grid_out:{0:{id:\"minecraft:gold_ingot\"},1:{id:\"minecraft:potion\",tag:{Potion:\"minecraft:leaping\"}},2:{id:\"minecraft:gold_ingot\"},3:{id:\"minecraft:potion\",tag:{Potion:\"minecraft:leaping\"}},4:{id:\"minecraft:glass\"},5:{id:\"minecraft:potion\",tag:{Potion:\"minecraft:leaping\"}},6:{id:\"minecraft:gold_ingot\"},7:{id:\"minecraft:potion\",tag:{Potion:\"minecraft:leaping\"}},8:{id:\"minecraft:gold_ingot\"}}}}}]}"
              }
            }
          ]
        },
        {
          "type": "minecraft:item",
          "name": "minecraft:carrot_on_a_stick",
          "functions": [
            {
              "function": "minecraft:set_count",
              "count": 1
            },
            {
              "function": "minecraft:set_nbt",
              "tag": "{HideFlags:4,CustomModelData:12340303,Unbreakable:1b,xylo_trinkets:{id:\"trinket\",trinket:\"night_vis\",usages:15,damage:2400,max_damage:2400},display:{Name:'{\"text\":\"夜视饰品\",\"italic\":false}',Lore:['{\"text\":\"夜视 (2:00)\",\"color\":\"blue\",\"italic\":false}','{\"text\":\"使用次数: 15\",\"color\":\"gray\",\"italic\":false}','{\"text\":\"剩余时间 2:00\",\"color\":\"gray\",\"italic\":false}']}}"
            }
          ],
          "conditions": [
            {
              "condition": "minecraft:entity_properties",
              "entity": "this",
              "predicate": {
                "nbt": "{ArmorItems:[{id:\"minecraft:paper\",tag:{xylo_crafting:{grid_out:{0:{id:\"minecraft:gold_ingot\"},1:{id:\"minecraft:potion\",tag:{Potion:\"minecraft:night_vision\"}},2:{id:\"minecraft:gold_ingot\"},3:{id:\"minecraft:potion\",tag:{Potion:\"minecraft:night_vision\"}},4:{id:\"minecraft:glass\"},5:{id:\"minecraft:potion\",tag:{Potion:\"minecraft:night_vision\"}},6:{id:\"minecraft:gold_ingot\"},7:{id:\"minecraft:potion\",tag:{Potion:\"minecraft:night_vision\"}},8:{id:\"minecraft:gold_ingot\"}}}}}]}"
              }
            }
          ]
        },
        {
          "type": "minecraft:item",
          "name": "minecraft:carrot_on_a_stick",
          "functions": [
            {
              "function": "minecraft:set_count",
              "count": 1
            },
            {
              "function": "minecraft:set_nbt",
              "tag": "{HideFlags:4,CustomModelData:12340308,Unbreakable:1b,xylo_trinkets:{id:\"trinket\",trinket:\"regen\",usages:10,damage:600,max_damage:600},display:{Name:'{\"text\":\"生命恢复饰品\",\"italic\":false}',Lore:['{\"text\":\"生命恢复 II (0:30)\",\"color\":\"blue\",\"italic\":false}','{\"text\":\"使用次数: 10\",\"color\":\"gray\",\"italic\":false}','{\"text\":\"剩余时间 0:30\",\"color\":\"gray\",\"italic\":false}']}}"
            }
          ],
          "conditions": [
            {
              "condition": "minecraft:entity_properties",
              "entity": "this",
              "predicate": {
                "nbt": "{ArmorItems:[{id:\"minecraft:paper\",tag:{xylo_crafting:{grid_out:{0:{id:\"minecraft:gold_ingot\"},1:{id:\"minecraft:potion\",tag:{Potion:\"minecraft:regeneration\"}},2:{id:\"minecraft:gold_ingot\"},3:{id:\"minecraft:potion\",tag:{Potion:\"minecraft:regeneration\"}},4:{id:\"minecraft:glass\"},5:{id:\"minecraft:potion\",tag:{Potion:\"minecraft:regeneration\"}},6:{id:\"minecraft:gold_ingot\"},7:{id:\"minecraft:potion\",tag:{Potion:\"minecraft:regeneration\"}},8:{id:\"minecraft:gold_ingot\"}}}}}]}"
              }
            }
          ]
        },
        {
          "type": "minecraft:item",
          "name": "minecraft:carrot_on_a_stick",
          "functions": [
            {
              "function": "minecraft:set_count",
              "count": 1
            },
            {
              "function": "minecraft:set_nbt",
              "tag": "{HideFlags:4,CustomModelData:12340309,Unbreakable:1b,xylo_trinkets:{id:\"trinket\",trinket:\"slowfall\",usages:15,damage:1200,max_damage:1200},display:{Name:'{\"text\":\"缓降饰品\",\"italic\":false}',Lore:['{\"text\":\"缓降 (1:00)\",\"color\":\"blue\",\"italic\":false}','{\"text\":\"使用次数: 15\",\"color\":\"gray\",\"italic\":false}','{\"text\":\"剩余时间 1:00\",\"color\":\"gray\",\"italic\":false}']}}"
            }
          ],
          "conditions": [
            {
              "condition": "minecraft:entity_properties",
              "entity": "this",
              "predicate": {
                "nbt": "{ArmorItems:[{id:\"minecraft:paper\",tag:{xylo_crafting:{grid_out:{0:{id:\"minecraft:gold_ingot\"},1:{id:\"minecraft:potion\",tag:{Potion:\"minecraft:slow_falling\"}},2:{id:\"minecraft:gold_ingot\"},3:{id:\"minecraft:potion\",tag:{Potion:\"minecraft:slow_falling\"}},4:{id:\"minecraft:glass\"},5:{id:\"minecraft:potion\",tag:{Potion:\"minecraft:slow_falling\"}},6:{id:\"minecraft:gold_ingot\"},7:{id:\"minecraft:potion\",tag:{Potion:\"minecraft:slow_falling\"}},8:{id:\"minecraft:gold_ingot\"}}}}}]}"
              }
            }
          ]
        },
        {
          "type": "minecraft:item",
          "name": "minecraft:carrot_on_a_stick",
          "functions": [
            {
              "function": "minecraft:set_count",
              "count": 1
            },
            {
              "function": "minecraft:set_nbt",
              "tag": "{HideFlags:4,CustomModelData:12340307,Unbreakable:1b,xylo_trinkets:{id:\"trinket\",trinket:\"strength\",usages:15,damage:2400,max_damage:2400},display:{Name:'{\"text\":\"力量饰品\",\"italic\":false}',Lore:['{\"text\":\"力量 II (2:00)\",\"color\":\"blue\",\"italic\":false}','{\"text\":\"使用次数: 15\",\"color\":\"gray\",\"italic\":false}','{\"text\":\"剩余时间 2:00\",\"color\":\"gray\",\"italic\":false}']}}"
            }
          ],
          "conditions": [
            {
              "condition": "minecraft:entity_properties",
              "entity": "this",
              "predicate": {
                "nbt": "{ArmorItems:[{id:\"minecraft:paper\",tag:{xylo_crafting:{grid_out:{0:{id:\"minecraft:gold_ingot\"},1:{id:\"minecraft:potion\",tag:{Potion:\"minecraft:strength\"}},2:{id:\"minecraft:gold_ingot\"},3:{id:\"minecraft:potion\",tag:{Potion:\"minecraft:strength\"}},4:{id:\"minecraft:glass\"},5:{id:\"minecraft:potion\",tag:{Potion:\"minecraft:strength\"}},6:{id:\"minecraft:gold_ingot\"},7:{id:\"minecraft:potion\",tag:{Potion:\"minecraft:strength\"}},8:{id:\"minecraft:gold_ingot\"}}}}}]}"
              }
            }
          ]
        },
        {
          "type": "minecraft:item",
          "name": "minecraft:carrot_on_a_stick",
          "functions": [
            {
              "function": "minecraft:set_count",
              "count": 1
            },
            {
              "function": "minecraft:set_nbt",
              "tag": "{HideFlags:4,CustomModelData:12340306,Unbreakable:1b,xylo_trinkets:{id:\"trinket\",trinket:\"w_breath\",usages:15,damage:2400,max_damage:2400},display:{Name:'{\"text\":\"水下呼吸饰品\",\"italic\":false}',Lore:['{\"text\":\"水下呼吸 (2:00)\",\"color\":\"blue\",\"italic\":false}','{\"text\":\"使用次数: 15\",\"color\":\"gray\",\"italic\":false}','{\"text\":\"剩余时间 2:00\",\"color\":\"gray\",\"italic\":false}']}}"
            }
          ],
          "conditions": [
            {
              "condition": "minecraft:entity_properties",
              "entity": "this",
              "predicate": {
                "nbt": "{ArmorItems:[{id:\"minecraft:paper\",tag:{xylo_crafting:{grid_out:{0:{id:\"minecraft:gold_ingot\"},1:{id:\"minecraft:potion\",tag:{Potion:\"minecraft:water_breathing\"}},2:{id:\"minecraft:gold_ingot\"},3:{id:\"minecraft:potion\",tag:{Potion:\"minecraft:water_breathing\"}},4:{id:\"minecraft:glass\"},5:{id:\"minecraft:potion\",tag:{Potion:\"minecraft:water_breathing\"}},6:{id:\"minecraft:gold_ingot\"},7:{id:\"minecraft:potion\",tag:{Potion:\"minecraft:water_breathing\"}},8:{id:\"minecraft:gold_ingot\"}}}}}]}"
              }
            }
          ]
        },
        {
          "type": "minecraft:item",
          "name": "minecraft:carrot_on_a_stick",
          "functions": [
            {
              "function": "minecraft:set_count",
              "count": 1
            },
            {
              "function": "minecraft:set_nbt",
              "tag": "{HideFlags:4,CustomModelData:12340310,Unbreakable:1b,xylo_trinkets:{id:\"trinket\",trinket:\"inst_health\",usages:10,damage:0,max_damage:0},display:{Name:'{\"text\":\"瞬间治疗饰品\",\"italic\":false}',Lore:['{\"text\":\"瞬间治疗 II\",\"color\":\"blue\",\"italic\":false}','{\"text\":\"使用次数: 10\",\"color\":\"gray\",\"italic\":false}']}}"
            }
          ],
          "conditions": [
            {
              "condition": "minecraft:entity_properties",
              "entity": "this",
              "predicate": {
                "nbt": "{ArmorItems:[{id:\"minecraft:paper\",tag:{xylo_crafting:{grid_out:{0:{id:\"minecraft:gold_ingot\"},1:{id:\"minecraft:potion\",tag:{Potion:\"minecraft:healing\"}},2:{id:\"minecraft:gold_ingot\"},3:{id:\"minecraft:potion\",tag:{Potion:\"minecraft:healing\"}},4:{id:\"minecraft:glass\"},5:{id:\"minecraft:potion\",tag:{Potion:\"minecraft:healing\"}},6:{id:\"minecraft:gold_ingot\"},7:{id:\"minecraft:potion\",tag:{Potion:\"minecraft:healing\"}},8:{id:\"minecraft:gold_ingot\"}}}}}]}"
              }
            }
          ]
        }
      ]
    }
  ]
}
