{
    "name": "E6E模组使用指南",
    "landing_text": "第一次接触模组？在这本书内会教你如何去使用那些基础模组。$(l)在本书中没有固定的阅读顺序$(reset)，因为在本书内所有的教程都不是同一个模组，它们之间有各种各样的功能，并且在本书内也不会非常详细地介绍各个模组，只会简单的介绍各个模组的常用功能，让你更轻松地去了解这些模组的新世界，祝你旅途愉快！",
    "version": 1,
    "book_texture": "enigmatica:textures/book_gui.png",
    "subtitle": "让一切变得更容易!",
    "show_toasts": false,
    "show_progress": false,
    "model": "enigmatica:moddedfordummies",
    "filler_texture": "enigmatica:textures/enigmatica_page_filler.png"
}
