{
  "spawners": {
    "water_ambient": [],
    "ambient": [
      {
        "type": "minecraft:bat",
        "weight": 10,
        "minCount": 8,
        "maxCount": 8
      }
    ],
    "misc": [],
    "water_creature": [],
    "creature": [
      {
        "type": "minecraft:pig",
        "weight": 52,
        "minCount": 4,
        "maxCount": 4
      },
      {
        "type": "minecraft:fox",
        "weight": 1,
        "minCount": 4,
        "maxCount": 4
      },
      {
        "type": "minecraft:rabbit",
        "weight": 50,
        "minCount": 4,
        "maxCount": 4
      }
    ],
    "monster": [
      
      {
        "type": "minecraft:slime",
        "weight": 1,
        "minCount": 4,
        "maxCount": 4
      }
    ]
  },
  "spawn_costs": {},
  "carvers": {
    "air": [
      "bracken:cave",
      "bracken:canyon"
    ]
  },
  "features": [
    ["bracken:faewild/candles1"],
    ["bracken:faewild/lilac",
    "bracken:faewild/rose_bush"],
    ["bracken:faewild/path"],
    [],
    [],
    ["minecraft:flower_plains"],
    ["bracken:faewild/candles"],
    [
      "minecraft:spring_water",
      "minecraft:seagrass_swamp",
      "minecraft:patch_large_fern",
      "minecraft:brown_mushroom_old_growth",
      "minecraft:red_mushroom_old_growth",
      "minecraft:vines"
    ],
    [
      "bracken:faewild/birch_tree"
    ],
    [
      "minecraft:flower_swamp",
      "minecraft:patch_grass_normal",
      "minecraft:patch_dead_bush",
      "minecraft:patch_waterlily",
      "minecraft:brown_mushroom_swamp",
      "minecraft:red_mushroom_swamp",
      "minecraft:brown_mushroom_normal",
      "minecraft:red_mushroom_normal",
      "minecraft:patch_sugar_cane_swamp",
      "minecraft:sea_pickle"
      
    ],
    [
      "minecraft:freeze_top_layer"
    ]
  ],
  "temperature": 0.95,
  "downfall": 0.1,
  "effects": {
    "fog_color": 6113113,
    "water_color": 4996043,
    "water_fog_color": 4995962,
    "sky_color": 2502751,
    "grass_color": 14306397,
    "foliage_color": 14318434,
    "mood_sound": {
      "sound": "minecraft:ambient.cave",
      "tick_delay": 6000,
      "block_search_extent": 8,
      "offset": 2
    },
    "additions_sound": {
      "sound": "minecraft:ambient.crimson_forest.additions",
      "tick_chance": 0.005
    },
    "music": {
      "sound": "bracken:faewild",
      "min_delay": 12000,
      "max_delay": 24000,
      "replace_current_music": false
    }
  },
  "precipitation": "rain"
}
