{
  "parent": "xylo_rpg:advancements",
  "criteria": {
    "placed": {
      "trigger": "minecraft:placed_block",
      "conditions": {
        "block": "minecraft:barrel",
        "item": {
          "nbt": "{display:{Name:'{\"bold\":true,\"italic\":false,\"color\":\"gray\",\"text\":\"技能台\"}'}}"
        }
      }
    },
    "placed2": {
      "trigger": "minecraft:placed_block",
      "conditions": {
        "block": "minecraft:barrel",
        "item": {
          "nbt": "{BlockEntityTag:{CustomName:'{\"bold\":true,\"italic\":false,\"color\":\"gray\",\"text\":\"技能台\"}'}}"
        }
      }
    }
  },
  "requirements": [
    [
      "placed",
      "placed2"
    ]
  ],
  "rewards": {
    "function": "xylo_rpg:gui/block/place/start_place_loop"
  }
}
