{
    "parent": "item/generated",
    "textures": {
        "layer0": "item/clay_ball"
    },
	"overrides": 
	[
        {"predicate": {"custom_model_data": 6370000},"model": "recipes/patreon"},

        {"predicate": {"custom_model_data": 6370001},"model": "recipes/pearls/fast"},
        {"predicate": {"custom_model_data": 6370002},"model": "recipes/pearls/slow"},
        {"predicate": {"custom_model_data": 6370003},"model": "recipes/pearls/hanging"},
        {"predicate": {"custom_model_data": 6370004},"model": "recipes/pearls/infested"},
        {"predicate": {"custom_model_data": 6370005},"model": "recipes/pearls/instant"},
        {"predicate": {"custom_model_data": 6370006},"model": "recipes/pearls/ninja"},
        {"predicate": {"custom_model_data": 6370007},"model": "recipes/pearls/no_gravity"},
        {"predicate": {"custom_model_data": 6370008},"model": "recipes/pearls/swap"},
        {"predicate": {"custom_model_data": 6370009},"model": "recipes/pearls/party"},
        {"predicate": {"custom_model_data": 6370010},"model": "recipes/pearls/drop"},
        {"predicate": {"custom_model_data": 6370011},"model": "recipes/pearls/chorus"},
        {"predicate": {"custom_model_data": 6370012},"model": "recipes/pearls/cursed"},
        {"predicate": {"custom_model_data": 6370013},"model": "recipes/pearls/dragon"},
        {"predicate": {"custom_model_data": 6370014},"model": "recipes/pearls/golden"},
        {"predicate": {"custom_model_data": 6370015},"model": "recipes/pearls/enchanted_golden"},
        {"predicate": {"custom_model_data": 6370016},"model": "recipes/pearls/fireball"},
        {"predicate": {"custom_model_data": 6370017},"model": "recipes/pearls/honey"},
        {"predicate": {"custom_model_data": 6370018},"model": "recipes/pearls/jester"},
        {"predicate": {"custom_model_data": 6370019},"model": "recipes/pearls/safety"},
        {"predicate": {"custom_model_data": 6370020},"model": "recipes/pearls/slime"},
        {"predicate": {"custom_model_data": 6370021},"model": "recipes/pearls/freeze"},
        {"predicate": {"custom_model_data": 6370022},"model": "recipes/pearls/ghost"},
        {"predicate": {"custom_model_data": 6370023},"model": "recipes/pearls/magnetic"},
        {"predicate": {"custom_model_data": 6370024},"model": "recipes/pearls/troll"},
        {"predicate": {"custom_model_data": 6370025},"model": "recipes/pearls/sugar"},

        {"predicate": {"custom_model_data": 6370101},"model": "recipes/hammers/wooden"},
        {"predicate": {"custom_model_data": 6370102},"model": "recipes/hammers/stone"},
        {"predicate": {"custom_model_data": 6370103},"model": "recipes/hammers/iron"},
        {"predicate": {"custom_model_data": 6370104},"model": "recipes/hammers/golden"},
        {"predicate": {"custom_model_data": 6370105},"model": "recipes/hammers/diamond"},
        {"predicate": {"custom_model_data": 6370106},"model": "recipes/hammers/netherite"},

        {"predicate": {"custom_model_data": 6370107},"model": "recipes/camp/boots/flappy"},
        {"predicate": {"custom_model_data": 6370108},"model": "recipes/camp/boots/heavy"},
        {"predicate": {"custom_model_data": 6370109},"model": "recipes/camp/boots/obsidian"},
        {"predicate": {"custom_model_data": 6370110},"model": "recipes/camp/boots/slime"},
        {"predicate": {"custom_model_data": 6370111},"model": "recipes/camp/boots/speed"},
        {"predicate": {"custom_model_data": 6370112},"model": "recipes/camp/bucks/diamond"},
        {"predicate": {"custom_model_data": 6370113},"model": "recipes/camp/bucks/gold"},
        {"predicate": {"custom_model_data": 6370114},"model": "recipes/camp/bucks/uncraft_diamond"},
        {"predicate": {"custom_model_data": 6370115},"model": "recipes/camp/bucks/uncraft_gold"},
        {"predicate": {"custom_model_data": 6370116},"model": "recipes/camp/helmets/deep"},
        {"predicate": {"custom_model_data": 6370117},"model": "recipes/camp/helmets/farming"},
        {"predicate": {"custom_model_data": 6370118},"model": "recipes/camp/helmets/knowledge"},
        {"predicate": {"custom_model_data": 6370119},"model": "recipes/camp/helmets/librarian"},
        {"predicate": {"custom_model_data": 6370120},"model": "recipes/camp/helmets/lucky"},
        {"predicate": {"custom_model_data": 6370121},"model": "recipes/camp/helmets/mining"},
        {"predicate": {"custom_model_data": 6370122},"model": "recipes/camp/helmets/tranquility"},
        {"predicate": {"custom_model_data": 6370123},"model": "recipes/camp/picks/smelter"},
        {"predicate": {"custom_model_data": 6370124},"model": "recipes/camp/picks/strip"},
        {"predicate": {"custom_model_data": 6370125},"model": "recipes/camp/picks/tunnel"},
        {"predicate": {"custom_model_data": 6370126},"model": "recipes/camp/boots/anvil"},
        {"predicate": {"custom_model_data": 6370127},"model": "recipes/camp/boots/dolphin"},
        {"predicate": {"custom_model_data": 6370128},"model": "recipes/camp/boots/hover"},
        {"predicate": {"custom_model_data": 6370129},"model": "recipes/camp/boots/pegasus"},
        {"predicate": {"custom_model_data": 6370130},"model": "recipes/camp/boots/tnt"},
        {"predicate": {"custom_model_data": 6370131},"model": "recipes/camp/helmets/attractive"},
        {"predicate": {"custom_model_data": 6370132},"model": "recipes/camp/helmets/curing"},
        {"predicate": {"custom_model_data": 6370133},"model": "recipes/camp/helmets/magnetic"},
        {"predicate": {"custom_model_data": 6370134},"model": "recipes/camp/picks/diamond_strip"},
        {"predicate": {"custom_model_data": 6370135},"model": "recipes/camp/picks/diamond_tunnel"},
        {"predicate": {"custom_model_data": 6370136},"model": "recipes/camp/picks/xp"},
        {"predicate": {"custom_model_data": 6370137},"model": "recipes/camp/picks/rainbow"},
        {"predicate": {"custom_model_data": 6370138},"model": "recipes/camp/picks/momentum"},
        {"predicate": {"custom_model_data": 6370139},"model": "recipes/camp/picks/firework"},
        {"predicate": {"custom_model_data": 6370140},"model": "recipes/camp/picks/pillow"},
        {"predicate": {"custom_model_data": 6370141},"model": "recipes/camp/picks/tnt"},
        {"predicate": {"custom_model_data": 6370142},"model": "recipes/camp/boots/bunny"},
        {"predicate": {"custom_model_data": 6370143},"model": "recipes/camp/boots/musical"},
        {"predicate": {"custom_model_data": 6370144},"model": "recipes/camp/boots/wither_rose"},
        {"predicate": {"custom_model_data": 6370145},"model": "recipes/camp/boots/feather"},
        {"predicate": {"custom_model_data": 6370146},"model": "recipes/camp/boots/sneakers"},
        {"predicate": {"custom_model_data": 6370147},"model": "recipes/camp/picks/control"},
        {"predicate": {"custom_model_data": 6370148},"model": "recipes/camp/picks/giant_diamond"},
        {"predicate": {"custom_model_data": 6370149},"model": "recipes/camp/picks/magnetic"},
        {"predicate": {"custom_model_data": 6370150},"model": "recipes/camp/picks/wither"},
        {"predicate": {"custom_model_data": 6370151},"model": "recipes/camp/picks/torch"},
        {"predicate": {"custom_model_data": 6370152},"model": "recipes/camp/picks/efficient"},
        {"predicate": {"custom_model_data": 6370153},"model": "recipes/camp/picks/cow"},
        {"predicate": {"custom_model_data": 6370154},"model": "recipes/camp/picks/log"},
        {"predicate": {"custom_model_data": 6370155},"model": "recipes/camp/picks/snow"},
        {"predicate": {"custom_model_data": 6370156},"model": "recipes/camp/picks/bookshelf"},
        {"predicate": {"custom_model_data": 6370157},"model": "recipes/camp/picks/cake"},
        {"predicate": {"custom_model_data": 6370158},"model": "recipes/camp/picks/creeper"},
        {"predicate": {"custom_model_data": 6370159},"model": "recipes/camp/picks/ice"},
        {"predicate": {"custom_model_data": 6370160},"model": "recipes/camp/picks/dragon"},
        {"predicate": {"custom_model_data": 6370161},"model": "recipes/camp/picks/fortunate"},
        {"predicate": {"custom_model_data": 6370162},"model": "recipes/camp/picks/lucky"},
        {"predicate": {"custom_model_data": 6370163},"model": "recipes/camp/picks/diamond_torch"},
        {"predicate": {"custom_model_data": 6370164},"model": "recipes/camp/picks/mega_diamond"},
        {"predicate": {"custom_model_data": 6370165},"model": "recipes/camp/picks/witch"},
        {"predicate": {"custom_model_data": 6370166},"model": "recipes/camp/picks/prismarine"},
        {"predicate": {"custom_model_data": 6370167},"model": "recipes/camp/picks/copper"},
        {"predicate": {"custom_model_data": 6370168},"model": "recipes/camp/picks/deepslate"},
        {"predicate": {"custom_model_data": 6370169},"model": "recipes/camp/picks/battle"},
        {"predicate": {"custom_model_data": 6370170},"model": "recipes/camp/boots/flaming"},
        {"predicate": {"custom_model_data": 6370171},"model": "recipes/camp/boots/frosty"},
        {"predicate": {"custom_model_data": 6370172},"model": "recipes/camp/boots/torch"},
        {"predicate": {"custom_model_data": 6370173},"model": "recipes/camp/boots/spring"},
        {"predicate": {"custom_model_data": 6370174},"model": "recipes/camp/boots/autostep"},
        {"predicate": {"custom_model_data": 6370175},"model": "recipes/camp/boots/water"},
        {"predicate": {"custom_model_data": 6370176},"model": "recipes/camp/boots/pickaxe"},
        {"predicate": {"custom_model_data": 6370177},"model": "recipes/camp/helmets/ramming"},
        {"predicate": {"custom_model_data": 6370178},"model": "recipes/camp/helmets/pickaxe"},
        {"predicate": {"custom_model_data": 6370179},"model": "recipes/camp/helmets/crossbow"},
        {"predicate": {"custom_model_data": 6370180},"model": "recipes/camp/helmets/potato"},


        {"predicate": {"custom_model_data": 6370200},"model": "recipes/totems/budget"},
        {"predicate": {"custom_model_data": 6370201},"model": "recipes/totems/ghost"},
        {"predicate": {"custom_model_data": 6370202},"model": "recipes/totems/fire"},
        {"predicate": {"custom_model_data": 6370203},"model": "recipes/totems/water"},
        {"predicate": {"custom_model_data": 6370204},"model": "recipes/totems/rage"},
        {"predicate": {"custom_model_data": 6370205},"model": "recipes/totems/blast"},
        {"predicate": {"custom_model_data": 6370206},"model": "recipes/totems/ender"},
        {"predicate": {"custom_model_data": 6370207},"model": "recipes/totems/karma"},
        {"predicate": {"custom_model_data": 6370208},"model": "recipes/totems/protection1"},
        {"predicate": {"custom_model_data": 6370209},"model": "recipes/totems/protection2"},
        {"predicate": {"custom_model_data": 6370210},"model": "recipes/totems/tnt"},

        {"predicate": {"custom_model_data": 6370300},"model": "recipes/crafters/bow"},
        {"predicate": {"custom_model_data": 6370301},"model": "recipes/crafters/ender"},
        {"predicate": {"custom_model_data": 6370302},"model": "recipes/crafters/machine"},
        {"predicate": {"custom_model_data": 6370303},"model": "recipes/crafters/redstone"},
        {"predicate": {"custom_model_data": 6370304},"model": "recipes/crafters/sword"},
        {"predicate": {"custom_model_data": 6370305},"model": "recipes/crafters/totem"},
        {"predicate": {"custom_model_data": 6370306},"model": "recipes/crafters/diamond"},
        {"predicate": {"custom_model_data": 6370307},"model": "recipes/crafters/axe"},
        {"predicate": {"custom_model_data": 6370308},"model": "recipes/crafters/wand"},
        {"predicate": {"custom_model_data": 6370309},"model": "recipes/crafters/custom"},
        {"predicate": {"custom_model_data": 6370310},"model": "recipes/crafters/tnt"},

        {"predicate": {"custom_model_data": 6370400},"model": "recipes/diamonds/xp"},
        {"predicate": {"custom_model_data": 6370401},"model": "recipes/diamonds/ender"},
        {"predicate": {"custom_model_data": 6370402},"model": "recipes/diamonds/rainbow"},
        {"predicate": {"custom_model_data": 6370403},"model": "recipes/diamonds/blazing"},
        {"predicate": {"custom_model_data": 6370404},"model": "recipes/diamonds/giant"},
        {"predicate": {"custom_model_data": 6370405},"model": "recipes/diamonds/netherite"},
        {"predicate": {"custom_model_data": 6370406},"model": "recipes/diamonds/potato"},
        {"predicate": {"custom_model_data": 6370407},"model": "recipes/diamonds/sapling"},
        {"predicate": {"custom_model_data": 6370408},"model": "recipes/diamonds/slime"},
        {"predicate": {"custom_model_data": 6370409},"model": "recipes/diamonds/water"},
        {"predicate": {"custom_model_data": 6370410},"model": "recipes/diamonds/darkness"},
        {"predicate": {"custom_model_data": 6370411},"model": "recipes/diamonds/light"},
        {"predicate": {"custom_model_data": 6370412},"model": "recipes/diamonds/redstone"},
        {"predicate": {"custom_model_data": 6370413},"model": "recipes/diamonds/invisible"},
        {"predicate": {"custom_model_data": 6370414},"model": "recipes/diamonds/cow"},
        {"predicate": {"custom_model_data": 6370415},"model": "recipes/diamonds/creeper"},
        {"predicate": {"custom_model_data": 6370416},"model": "recipes/diamonds/bread"},
        {"predicate": {"custom_model_data": 6370417},"model": "recipes/diamonds/flower"},
        {"predicate": {"custom_model_data": 6370418},"model": "recipes/diamonds/villager"},

        {"predicate": {"custom_model_data": 6370500},"model": "recipes/axes/fire"},   
        {"predicate": {"custom_model_data": 6370501},"model": "recipes/axes/giant"}, 
        {"predicate": {"custom_model_data": 6370502},"model": "recipes/axes/replanting"}, 
        {"predicate": {"custom_model_data": 6370503},"model": "recipes/axes/water"}, 
        {"predicate": {"custom_model_data": 6370504},"model": "recipes/axes/enchanted_book"}, 
        {"predicate": {"custom_model_data": 6370505},"model": "recipes/axes/blaze_rod"}, 
        {"predicate": {"custom_model_data": 6370506},"model": "recipes/axes/berserker"}, 
        {"predicate": {"custom_model_data": 6370507},"model": "recipes/axes/magnetic"}, 
        {"predicate": {"custom_model_data": 6370508},"model": "recipes/axes/ender"}, 
        {"predicate": {"custom_model_data": 6370509},"model": "recipes/axes/instant"}, 
        {"predicate": {"custom_model_data": 6370510},"model": "recipes/axes/throwing"}, 
        {"predicate": {"custom_model_data": 6370511},"model": "recipes/axes/inverted"}, 

        {"predicate": {"custom_model_data": 6370600},"model": "recipes/machines/breaker"},
        {"predicate": {"custom_model_data": 6370601},"model": "recipes/machines/chunk_loader"},
        {"predicate": {"custom_model_data": 6370602},"model": "recipes/machines/crusher"},
        {"predicate": {"custom_model_data": 6370603},"model": "recipes/machines/heavy_gear"},
        {"predicate": {"custom_model_data": 6370604},"model": "recipes/machines/obsidian_blade"},
        {"predicate": {"custom_model_data": 6370605},"model": "recipes/machines/placer"},
        {"predicate": {"custom_model_data": 6370606},"model": "recipes/machines/saturator"},
        {"predicate": {"custom_model_data": 6370607},"model": "recipes/machines/washer"},

        {"predicate": {"custom_model_data": 6370608},"model": "recipes/machines/composter"},
        {"predicate": {"custom_model_data": 6370609},"model": "recipes/machines/sprinkler"},
        {"predicate": {"custom_model_data": 6370610},"model": "recipes/machines/extruder"},
        {"predicate": {"custom_model_data": 6370611},"model": "recipes/machines/compactor"},
        {"predicate": {"custom_model_data": 6370612},"model": "recipes/machines/fan"},
        {"predicate": {"custom_model_data": 6370613},"model": "recipes/machines/farmer"},
        {"predicate": {"custom_model_data": 6370614},"model": "recipes/machines/pearl_thrower"},
        {"predicate": {"custom_model_data": 6370615},"model": "recipes/machines/rotator"},
        {"predicate": {"custom_model_data": 6370616},"model": "recipes/machines/stripper"},
        {"predicate": {"custom_model_data": 6370617},"model": "recipes/machines/trash_can"},
        {"predicate": {"custom_model_data": 6370618},"model": "recipes/machines/oxidizer"},
        {"predicate": {"custom_model_data": 6370619},"model": "recipes/machines/bedrock_breaker"},
        {"predicate": {"custom_model_data": 6370620},"model": "recipes/machines/obsidian_gear"},
        {"predicate": {"custom_model_data": 6370621},"model": "recipes/machines/fan_blade"},
        {"predicate": {"custom_model_data": 6370622},"model": "recipes/machines/ender_core"},
        {"predicate": {"custom_model_data": 6370623},"model": "recipes/machines/lava_core"},
        {"predicate": {"custom_model_data": 6370624},"model": "recipes/machines/diamond_core"},
        {"predicate": {"custom_model_data": 6370625},"model": "recipes/machines/compressed_obsidian"},
        {"predicate": {"custom_model_data": 6370626},"model": "recipes/machines/laser_focus"},
        {"predicate": {"custom_model_data": 6370627},"model": "recipes/machines/heavy_casing"},
        {"predicate": {"custom_model_data": 6370628},"model": "recipes/machines/xp_tank"},
        {"predicate": {"custom_model_data": 6370629},"model": "recipes/machines/xp_drain"},
        {"predicate": {"custom_model_data": 6370630},"model": "recipes/machines/xp_spout"},


        {"predicate": {"custom_model_data": 6370700},"model": "recipes/apples/i_block"},
        {"predicate": {"custom_model_data": 6370701},"model": "recipes/apples/poison"},
        {"predicate": {"custom_model_data": 6370702},"model": "recipes/apples/rotten"},
        {"predicate": {"custom_model_data": 6370703},"model": "recipes/apples/spectator"},
        {"predicate": {"custom_model_data": 6370704},"model": "recipes/apples/spectator2"},
        {"predicate": {"custom_model_data": 6370705},"model": "recipes/apples/bone"},
        {"predicate": {"custom_model_data": 6370706},"model": "recipes/apples/crying_obsidian"},
        {"predicate": {"custom_model_data": 6370707},"model": "recipes/apples/egg"},
        {"predicate": {"custom_model_data": 6370708},"model": "recipes/apples/flare"},
        {"predicate": {"custom_model_data": 6370709},"model": "recipes/apples/glowstone"},
        {"predicate": {"custom_model_data": 6370710},"model": "recipes/apples/nether"},
        {"predicate": {"custom_model_data": 6370711},"model": "recipes/apples/potato"},
        {"predicate": {"custom_model_data": 6370712},"model": "recipes/apples/slime"},
        {"predicate": {"custom_model_data": 6370713},"model": "recipes/apples/tnt"},
        {"predicate": {"custom_model_data": 6370714},"model": "recipes/apples/trapple"},


        {"predicate": {"custom_model_data": 6370800},"model": "recipes/redstone/handheld_transmitter"},
        {"predicate": {"custom_model_data": 6370801},"model": "recipes/redstone/hostile_detector"},
        {"predicate": {"custom_model_data": 6370802},"model": "recipes/redstone/passive_detector"},
        {"predicate": {"custom_model_data": 6370803},"model": "recipes/redstone/player_detector"},
        {"predicate": {"custom_model_data": 6370804},"model": "recipes/redstone/ranged_collector"},
        {"predicate": {"custom_model_data": 6370805},"model": "recipes/redstone/receiver"},
        {"predicate": {"custom_model_data": 6370806},"model": "recipes/redstone/transmitter"},
        {"predicate": {"custom_model_data": 6370807},"model": "recipes/redstone/timer"},

        {"predicate": {"custom_model_data": 6370900},"model": "recipes/shovels/excavator"},
        {"predicate": {"custom_model_data": 6370901},"model": "recipes/shovels/digger"},
        {"predicate": {"custom_model_data": 6370902},"model": "recipes/shovels/magnetic"},
        {"predicate": {"custom_model_data": 6370903},"model": "recipes/shovels/diamond_excavator"},
        {"predicate": {"custom_model_data": 6370904},"model": "recipes/shovels/diamond_digger"},
        {"predicate": {"custom_model_data": 6370905},"model": "recipes/shovels/snow"},
        {"predicate": {"custom_model_data": 6370906},"model": "recipes/shovels/path"},
        {"predicate": {"custom_model_data": 6370907},"model": "recipes/shovels/molten"},
        {"predicate": {"custom_model_data": 6370908},"model": "recipes/shovels/giant"},
        {"predicate": {"custom_model_data": 6370909},"model": "recipes/shovels/weedkiller"},
        {"predicate": {"custom_model_data": 6370910},"model": "recipes/shovels/vacuum"},

        {"predicate": {"custom_model_data": 6371001},"model": "recipes/wands/fireball"},
        {"predicate": {"custom_model_data": 6371002},"model": "recipes/wands/meteor"},
        {"predicate": {"custom_model_data": 6371003},"model": "recipes/wands/flamethrower"},
        {"predicate": {"custom_model_data": 6371004},"model": "recipes/wands/magma"},
        {"predicate": {"custom_model_data": 6371005},"model": "recipes/wands/ice"},
        {"predicate": {"custom_model_data": 6371006},"model": "recipes/wands/ice_spike"},
        {"predicate": {"custom_model_data": 6371007},"model": "recipes/wands/frost"},
        {"predicate": {"custom_model_data": 6371008},"model": "recipes/wands/lightning"},
        {"predicate": {"custom_model_data": 6371009},"model": "recipes/wands/thunder"},
        {"predicate": {"custom_model_data": 6371010},"model": "recipes/wands/electric"},
        {"predicate": {"custom_model_data": 6371011},"model": "recipes/wands/air"},
        {"predicate": {"custom_model_data": 6371012},"model": "recipes/wands/wind"},
        {"predicate": {"custom_model_data": 6371013},"model": "recipes/wands/hurricane"},
        {"predicate": {"custom_model_data": 6371014},"model": "recipes/wands/gust"},
        {"predicate": {"custom_model_data": 6371015},"model": "recipes/wands/rock"},
        {"predicate": {"custom_model_data": 6371016},"model": "recipes/wands/boulder"},
        {"predicate": {"custom_model_data": 6371017},"model": "recipes/wands/earth"},
        {"predicate": {"custom_model_data": 6371018},"model": "recipes/wands/ore"},
        {"predicate": {"custom_model_data": 6371019},"model": "recipes/wands/steel"},
        {"predicate": {"custom_model_data": 6371020},"model": "recipes/wands/darkness"},
        {"predicate": {"custom_model_data": 6371021},"model": "recipes/wands/shadow"},
        {"predicate": {"custom_model_data": 6371022},"model": "recipes/wands/cage"},
        {"predicate": {"custom_model_data": 6371023},"model": "recipes/wands/poison"},
        {"predicate": {"custom_model_data": 6371024},"model": "recipes/wands/dripstone"},
        {"predicate": {"custom_model_data": 6371025},"model": "recipes/wands/anvil"},
        {"predicate": {"custom_model_data": 6371026},"model": "recipes/wands/water"},
        {"predicate": {"custom_model_data": 6371027},"model": "recipes/wands/bubble"},
        {"predicate": {"custom_model_data": 6371028},"model": "recipes/wands/kfc"},

        {"predicate": {"custom_model_data": 6371101},"model": "recipes/wands/cores/fire"},
        {"predicate": {"custom_model_data": 6371102},"model": "recipes/wands/cores/water"},
        {"predicate": {"custom_model_data": 6371103},"model": "recipes/wands/cores/lightning"},
        {"predicate": {"custom_model_data": 6371104},"model": "recipes/wands/cores/earth"},
        {"predicate": {"custom_model_data": 6371105},"model": "recipes/wands/cores/metalic"},
        {"predicate": {"custom_model_data": 6371106},"model": "recipes/wands/cores/air"},
        {"predicate": {"custom_model_data": 6371107},"model": "recipes/wands/cores/chicken"},

        {"predicate": {"custom_model_data": 6378001},"model": "recipes/bows/armor_piercing"},
        {"predicate": {"custom_model_data": 6378002},"model": "recipes/bows/chorus"},
        {"predicate": {"custom_model_data": 6378003},"model": "recipes/bows/critical"},
        {"predicate": {"custom_model_data": 6378004},"model": "recipes/bows/emerald"},
        {"predicate": {"custom_model_data": 6378005},"model": "recipes/bows/firework"},
        {"predicate": {"custom_model_data": 6378006},"model": "recipes/bows/glowstone"},
        {"predicate": {"custom_model_data": 6378007},"model": "recipes/bows/honey"},
        {"predicate": {"custom_model_data": 6378008},"model": "recipes/bows/ice"},
        {"predicate": {"custom_model_data": 6378009},"model": "recipes/bows/lightning"},
        {"predicate": {"custom_model_data": 6378010},"model": "recipes/bows/no_gravity"},
        {"predicate": {"custom_model_data": 6378011},"model": "recipes/bows/prismarine"},
        {"predicate": {"custom_model_data": 6378012},"model": "recipes/bows/quartz"},
        {"predicate": {"custom_model_data": 6378013},"model": "recipes/bows/rainbow"},
        {"predicate": {"custom_model_data": 6378014},"model": "recipes/bows/random"},
        {"predicate": {"custom_model_data": 6378015},"model": "recipes/bows/short"},
        {"predicate": {"custom_model_data": 6378016},"model": "recipes/bows/shulker"},
        {"predicate": {"custom_model_data": 6378017},"model": "recipes/bows/slime"},
        {"predicate": {"custom_model_data": 6378018},"model": "recipes/bows/sniper"},
        {"predicate": {"custom_model_data": 6378019},"model": "recipes/bows/tnt"},
        {"predicate": {"custom_model_data": 6378020},"model": "recipes/bows/wither"},
        {"predicate": {"custom_model_data": 6378021},"model": "recipes/bows/bee"},
        {"predicate": {"custom_model_data": 6378022},"model": "recipes/bows/builder"},
        {"predicate": {"custom_model_data": 6378023},"model": "recipes/bows/bridging"},
        {"predicate": {"custom_model_data": 6378024},"model": "recipes/bows/shooting_star"},
        {"predicate": {"custom_model_data": 6378025},"model": "recipes/bows/squid"},
        {"predicate": {"custom_model_data": 6378026},"model": "recipes/bows/angel"},
        {"predicate": {"custom_model_data": 6378027},"model": "recipes/bows/anvil"},
        {"predicate": {"custom_model_data": 6378028},"model": "recipes/bows/long_range"},
        {"predicate": {"custom_model_data": 6378029},"model": "recipes/bows/short_range"},
        {"predicate": {"custom_model_data": 6378030},"model": "recipes/bows/bouncy"},
        {"predicate": {"custom_model_data": 6378031},"model": "recipes/bows/master_builder"},

        {"predicate": {"custom_model_data": 6378101},"model": "recipes/tnt/amethyst"},
        {"predicate": {"custom_model_data": 6378102},"model": "recipes/tnt/arrow"},
        {"predicate": {"custom_model_data": 6378103},"model": "recipes/tnt/bee"},
        {"predicate": {"custom_model_data": 6378104},"model": "recipes/tnt/magnetic"},
        {"predicate": {"custom_model_data": 6378105},"model": "recipes/tnt/tntnt"},
        {"predicate": {"custom_model_data": 6378106},"model": "recipes/tnt/sword"},
        {"predicate": {"custom_model_data": 6378107},"model": "recipes/tnt/inverted"},
        {"predicate": {"custom_model_data": 6378108},"model": "recipes/tnt/anvil"},
        {"predicate": {"custom_model_data": 6378109},"model": "recipes/tnt/cactus"},
        {"predicate": {"custom_model_data": 6378110},"model": "recipes/tnt/directional"},
        {"predicate": {"custom_model_data": 6378111},"model": "recipes/tnt/dripstone"},
        {"predicate": {"custom_model_data": 6378112},"model": "recipes/tnt/pickaxe"},
        {"predicate": {"custom_model_data": 6378113},"model": "recipes/tnt/potato"},
        {"predicate": {"custom_model_data": 6378114},"model": "recipes/tnt/slime"},
        {"predicate": {"custom_model_data": 6378115},"model": "recipes/tnt/sponge"},
        {"predicate": {"custom_model_data": 6378116},"model": "recipes/tnt/cannon"},
        {"predicate": {"custom_model_data": 6378117},"model": "recipes/tnt/cow"},
        {"predicate": {"custom_model_data": 6378118},"model": "recipes/tnt/laser"},
        {"predicate": {"custom_model_data": 6378119},"model": "recipes/tnt/poison"},
        {"predicate": {"custom_model_data": 6378120},"model": "recipes/tnt/tunnel"},

        {"predicate": {"custom_model_data": 6378121},"model": "recipes/tnt/frost"},
        {"predicate": {"custom_model_data": 6378122},"model": "recipes/tnt/meteor"},
        {"predicate": {"custom_model_data": 6378123},"model": "recipes/tnt/tall"},
        {"predicate": {"custom_model_data": 6378124},"model": "recipes/tnt/wide"},
        {"predicate": {"custom_model_data": 6378125},"model": "recipes/tnt/tntntnt"},
        {"predicate": {"custom_model_data": 6378126},"model": "recipes/tnt/fake"},
        {"predicate": {"custom_model_data": 6378127},"model": "recipes/tnt/acid"},
        {"predicate": {"custom_model_data": 6378128},"model": "recipes/tnt/rocket"},
        {"predicate": {"custom_model_data": 6378129},"model": "recipes/tnt/potion"},
        {"predicate": {"custom_model_data": 6378130},"model": "recipes/tnt/sun"},
        {"predicate": {"custom_model_data": 6378131},"model": "recipes/tnt/impact"},


        {"predicate": {"custom_model_data": 6378201},"model": "recipes/crossbow/armor_piercing"},
        {"predicate": {"custom_model_data": 6378202},"model": "recipes/crossbow/chorus"},
        {"predicate": {"custom_model_data": 6378203},"model": "recipes/crossbow/critical"},
        {"predicate": {"custom_model_data": 6378204},"model": "recipes/crossbow/emerald"},
        {"predicate": {"custom_model_data": 6378205},"model": "recipes/crossbow/firework"},
        {"predicate": {"custom_model_data": 6378206},"model": "recipes/crossbow/glowstone"},
        {"predicate": {"custom_model_data": 6378207},"model": "recipes/crossbow/honey"},
        {"predicate": {"custom_model_data": 6378208},"model": "recipes/crossbow/ice"},
        {"predicate": {"custom_model_data": 6378209},"model": "recipes/crossbow/lightning"},
        {"predicate": {"custom_model_data": 6378210},"model": "recipes/crossbow/no_gravity"},
        {"predicate": {"custom_model_data": 6378211},"model": "recipes/crossbow/prismarine"},
        {"predicate": {"custom_model_data": 6378212},"model": "recipes/crossbow/quartz"},
        {"predicate": {"custom_model_data": 6378213},"model": "recipes/crossbow/rainbow"},
        {"predicate": {"custom_model_data": 6378214},"model": "recipes/crossbow/random"},
        {"predicate": {"custom_model_data": 6378215},"model": "recipes/crossbow/short"},
        {"predicate": {"custom_model_data": 6378216},"model": "recipes/crossbow/shulker"},
        {"predicate": {"custom_model_data": 6378217},"model": "recipes/crossbow/slime"},
        {"predicate": {"custom_model_data": 6378218},"model": "recipes/crossbow/sniper"},
        {"predicate": {"custom_model_data": 6378219},"model": "recipes/crossbow/tnt"},
        {"predicate": {"custom_model_data": 6378220},"model": "recipes/crossbow/wither"},

        {"predicate": {"custom_model_data": 6378301},"model": "recipes/crossbow/burst"},
        {"predicate": {"custom_model_data": 6378302},"model": "recipes/crossbow/dragon_breath"},
        {"predicate": {"custom_model_data": 6378303},"model": "recipes/crossbow/egg"},
        {"predicate": {"custom_model_data": 6378304},"model": "recipes/crossbow/laser"},
        {"predicate": {"custom_model_data": 6378305},"model": "recipes/crossbow/quickload"},
        {"predicate": {"custom_model_data": 6378306},"model": "recipes/crossbow/zooming"},



        {"predicate": {"custom_model_data": 6379001},"model": "recipes/swords/all_or_nothing"},
        {"predicate": {"custom_model_data": 6379002},"model": "recipes/swords/butter"},
        {"predicate": {"custom_model_data": 6379003},"model": "recipes/swords/chorus"},
        {"predicate": {"custom_model_data": 6379004},"model": "recipes/swords/critical"},
        {"predicate": {"custom_model_data": 6379005},"model": "recipes/swords/crystal"},
        {"predicate": {"custom_model_data": 6379006},"model": "recipes/swords/cursed"},
        {"predicate": {"custom_model_data": 6379007},"model": "recipes/swords/emerald"},
        {"predicate": {"custom_model_data": 6379009},"model": "recipes/swords/ender_diamond_sword"},
        {"predicate": {"custom_model_data": 6379010},"model": "recipes/swords/enderman"},
        {"predicate": {"custom_model_data": 6379011},"model": "recipes/swords/firework"},
        {"predicate": {"custom_model_data": 6379012},"model": "recipes/swords/fish"},
        {"predicate": {"custom_model_data": 6379013},"model": "recipes/swords/glass"},
        {"predicate": {"custom_model_data": 6379014},"model": "recipes/swords/glowstone"},
        {"predicate": {"custom_model_data": 6379015},"model": "recipes/swords/god"},
        {"predicate": {"custom_model_data": 6379016},"model": "recipes/swords/honey"},
        {"predicate": {"custom_model_data": 6379017},"model": "recipes/swords/ice"},
        {"predicate": {"custom_model_data": 6379018},"model": "recipes/swords/lightning"},
        {"predicate": {"custom_model_data": 6379019},"model": "recipes/swords/loot"},
        {"predicate": {"custom_model_data": 6379020},"model": "recipes/swords/magic"},
        {"predicate": {"custom_model_data": 6379021},"model": "recipes/swords/magma"},
        {"predicate": {"custom_model_data": 6379022},"model": "recipes/swords/nametag"},
        {"predicate": {"custom_model_data": 6379023},"model": "recipes/swords/nautilus"},
        {"predicate": {"custom_model_data": 6379024},"model": "recipes/swords/notch"},
        {"predicate": {"custom_model_data": 6379025},"model": "recipes/swords/obsidian"},
        {"predicate": {"custom_model_data": 6379026},"model": "recipes/swords/paper"},
        {"predicate": {"custom_model_data": 6379027},"model": "recipes/swords/piston"},
        {"predicate": {"custom_model_data": 6379028},"model": "recipes/swords/poison"},
        {"predicate": {"custom_model_data": 6379029},"model": "recipes/swords/prismarine"},
        {"predicate": {"custom_model_data": 6379030},"model": "recipes/swords/quartz"},
        {"predicate": {"custom_model_data": 6379031},"model": "recipes/swords/rainbow"},
        {"predicate": {"custom_model_data": 6379033},"model": "recipes/swords/shulker"},
        {"predicate": {"custom_model_data": 6379034},"model": "recipes/swords/slime"},
        {"predicate": {"custom_model_data": 6379035},"model": "recipes/swords/soil"},
        {"predicate": {"custom_model_data": 6379036},"model": "recipes/swords/sponge"},
        {"predicate": {"custom_model_data": 6379037},"model": "recipes/swords/star"},
        {"predicate": {"custom_model_data": 6379038},"model": "recipes/swords/sticky_piston"},
        {"predicate": {"custom_model_data": 6379039},"model": "recipes/swords/tnt"},
        {"predicate": {"custom_model_data": 6379040},"model": "recipes/swords/totem"},
        {"predicate": {"custom_model_data": 6379041},"model": "recipes/swords/wet_sponge"},
        {"predicate": {"custom_model_data": 6379043},"model": "recipes/swords/wither_skeleton"},
        {"predicate": {"custom_model_data": 6379044},"model": "recipes/swords/xp"},
        {"predicate": {"custom_model_data": 6379045},"model": "recipes/swords/backstab"},
        {"predicate": {"custom_model_data": 6379046},"model": "recipes/swords/bread"},
        {"predicate": {"custom_model_data": 6379047},"model": "recipes/swords/darkness"},
        {"predicate": {"custom_model_data": 6379048},"model": "recipes/swords/egg"},
        {"predicate": {"custom_model_data": 6379049},"model": "recipes/swords/invisible"},
        {"predicate": {"custom_model_data": 6379050},"model": "recipes/swords/lapis"},
        {"predicate": {"custom_model_data": 6379051},"model": "recipes/swords/light"},
        {"predicate": {"custom_model_data": 6379052},"model": "recipes/swords/stick"},
        {"predicate": {"custom_model_data": 6379053},"model": "recipes/swords/vampire"},
        {"predicate": {"custom_model_data": 6379054},"model": "recipes/swords/xp_star"},
        {"predicate": {"custom_model_data": 6379055},"model": "recipes/swords/coal"},
        {"predicate": {"custom_model_data": 6379056},"model": "recipes/swords/turtle"},
        {"predicate": {"custom_model_data": 6379057},"model": "recipes/swords/dolphin"},
        {"predicate": {"custom_model_data": 6379058},"model": "recipes/swords/redstone"},
        {"predicate": {"custom_model_data": 6379059},"model": "recipes/swords/clay-more"},
        {"predicate": {"custom_model_data": 6379060},"model": "recipes/swords/cactus"},
        {"predicate": {"custom_model_data": 6379061},"model": "recipes/swords/stained_glass"},
        
        {"predicate": {"custom_model_data": 6379062},"model": "recipes/swords/dripstone"},
        {"predicate": {"custom_model_data": 6379063},"model": "recipes/swords/glass_pain"},
        {"predicate": {"custom_model_data": 6379064},"model": "recipes/swords/end_stone"},
        {"predicate": {"custom_model_data": 6379065},"model": "recipes/swords/cobweb"},
        {"predicate": {"custom_model_data": 6379066},"model": "recipes/swords/note_block"},
        {"predicate": {"custom_model_data": 6379067},"model": "recipes/swords/blaze_rod"},
        {"predicate": {"custom_model_data": 6379068},"model": "recipes/swords/ender_eye"},
        {"predicate": {"custom_model_data": 6379069},"model": "recipes/swords/copper"},
        {"predicate": {"custom_model_data": 6379070},"model": "recipes/swords/amethyst"},
        {"predicate": {"custom_model_data": 6379071},"model": "recipes/swords/deepslate"},
        {"predicate": {"custom_model_data": 6379072},"model": "recipes/swords/golden_carrot"},
        {"predicate": {"custom_model_data": 6379073},"model": "recipes/swords/chain"},
        {"predicate": {"custom_model_data": 6379074},"model": "recipes/swords/bell"},
        {"predicate": {"custom_model_data": 6379075},"model": "recipes/swords/beacon"},
        {"predicate": {"custom_model_data": 6379076},"model": "recipes/swords/tuff"},
        {"predicate": {"custom_model_data": 6379077},"model": "recipes/swords/anvil"},
        {"predicate": {"custom_model_data": 6379078},"model": "recipes/swords/conduit"},
        {"predicate": {"custom_model_data": 6379079},"model": "recipes/swords/bookshelf"},
        {"predicate": {"custom_model_data": 6379080},"model": "recipes/swords/netherrack"},
        {"predicate": {"custom_model_data": 6379081},"model": "recipes/swords/pumpkin"},
        {"predicate": {"custom_model_data": 6379082},"model": "recipes/swords/melon"},
        {"predicate": {"custom_model_data": 6379083},"model": "recipes/swords/hay_bale"},
        {"predicate": {"custom_model_data": 6379084},"model": "recipes/swords/sea_pickle"},
        {"predicate": {"custom_model_data": 6379085},"model": "recipes/swords/brick"},
        {"predicate": {"custom_model_data": 6379086},"model": "recipes/swords/potato"},
        {"predicate": {"custom_model_data": 6379087},"model": "recipes/swords/diorite"},
        {"predicate": {"custom_model_data": 6379088},"model": "recipes/swords/sand"},
        {"predicate": {"custom_model_data": 6379089},"model": "recipes/swords/snow"},
        {"predicate": {"custom_model_data": 6379090},"model": "recipes/swords/mycelium"},
        {"predicate": {"custom_model_data": 6379091},"model": "recipes/swords/sapling"},
        {"predicate": {"custom_model_data": 6379092},"model": "recipes/swords/bamboo"},
        {"predicate": {"custom_model_data": 6379093},"model": "recipes/swords/sign"},
        {"predicate": {"custom_model_data": 6379094},"model": "recipes/swords/moss"},
        {"predicate": {"custom_model_data": 6379095},"model": "recipes/swords/flower_pot"},
        {"predicate": {"custom_model_data": 6379096},"model": "recipes/swords/glow_berry"},
        {"predicate": {"custom_model_data": 6379097},"model": "recipes/swords/carrot"},
        {"predicate": {"custom_model_data": 6379098},"model": "recipes/swords/coral"},

        {"predicate": {"custom_model_data": 6379200},"model": "recipes/swords/youtuber/admin4cc"},
        {"predicate": {"custom_model_data": 6379201},"model": "recipes/swords/youtuber/dream"},
        {"predicate": {"custom_model_data": 6379202},"model": "recipes/swords/youtuber/technoblade"},
        {"predicate": {"custom_model_data": 6379203},"model": "recipes/swords/youtuber/bionic"},
        {"predicate": {"custom_model_data": 6379204},"model": "recipes/swords/youtuber/craftee"},
        {"predicate": {"custom_model_data": 6379205},"model": "recipes/swords/youtuber/grian"},
        {"predicate": {"custom_model_data": 6379206},"model": "recipes/swords/youtuber/henwy"},
        {"predicate": {"custom_model_data": 6379207},"model": "recipes/swords/youtuber/jelly"},
        {"predicate": {"custom_model_data": 6379208},"model": "recipes/swords/youtuber/logdotzip"},
        {"predicate": {"custom_model_data": 6379209},"model": "recipes/swords/youtuber/mumbo"},
        {"predicate": {"custom_model_data": 6379210},"model": "recipes/swords/youtuber/preston"},
        {"predicate": {"custom_model_data": 6379211},"model": "recipes/swords/youtuber/sigils"},
        {"predicate": {"custom_model_data": 6379212},"model": "recipes/swords/youtuber/skeppy"},
        {"predicate": {"custom_model_data": 6379213},"model": "recipes/swords/youtuber/wisp"},
        {"predicate": {"custom_model_data": 6379214},"model": "recipes/swords/youtuber/xnestorio"},
        {"predicate": {"custom_model_data": 6379215},"model": "recipes/swords/youtuber/aphmau"},
        {"predicate": {"custom_model_data": 6379216},"model": "recipes/swords/youtuber/captain_sparkles"},
        {"predicate": {"custom_model_data": 6379217},"model": "recipes/swords/youtuber/stampy"},
        {"predicate": {"custom_model_data": 6379218},"model": "recipes/swords/youtuber/popularmmo"},
        {"predicate": {"custom_model_data": 6379219},"model": "recipes/swords/youtuber/yogcast"},
        {"predicate": {"custom_model_data": 6379220},"model": "recipes/swords/youtuber/ldshadowlady"},
        {"predicate": {"custom_model_data": 6379221},"model": "recipes/swords/youtuber/mr_beast"},
        {"predicate": {"custom_model_data": 6379222},"model": "recipes/swords/youtuber/jerome"},
        {"predicate": {"custom_model_data": 6379223},"model": "recipes/swords/youtuber/ssundee"},
        {"predicate": {"custom_model_data": 6379224},"model": "recipes/swords/youtuber/dantdm"},
        {"predicate": {"custom_model_data": 6379225},"model": "recipes/swords/youtuber/antvenom"},
        {"predicate": {"custom_model_data": 6379226},"model": "recipes/swords/youtuber/purpled"},
        {"predicate": {"custom_model_data": 6379227},"model": "recipes/swords/youtuber/element_animation"}



        ]
	
}