{
  "condition": "minecraft:inverted",
  "term": {
    "condition": "minecraft:alternative",
    "terms": [
      {
        "condition": "minecraft:reference",
        "name": "xylo_hud:health_hud"
      },
      {
        "condition": "minecraft:reference",
        "name": "xylo_hud:attributes_hud"
      },
      {
        "condition": "minecraft:reference",
        "name": "xylo_rpg:rpg_hud"
      },
      {
        "condition": "minecraft:entity_properties",
        "entity": "this",
        "predicate": {
          "type_specific": {
            "type": "player",
            "gamemode": "spectator"
          }
        }
      }
    ]
  }
}