{
  "condition": "minecraft:alternative",
  "terms": [
    {
      "condition": "minecraft:value_check",
      "value": {
        "type": "minecraft:score",
        "target": {
          "type": "minecraft:fixed",
          "name": "#x_armory"
        },
        "score": "x_op"
      },
      "range": 1
    },
    {
      "condition": "minecraft:value_check",
      "value": {
        "type": "minecraft:score",
        "target": {
          "type": "minecraft:fixed",
          "name": "#x_dual_wielding"
        },
        "score": "x_op"
      },
      "range": 1
    },
    {
      "condition": "minecraft:value_check",
      "value": {
        "type": "minecraft:score",
        "target": {
          "type": "minecraft:fixed",
          "name": "#x_echest"
        },
        "score": "x_op"
      },
      "range": 1
    },
    {
      "condition": "minecraft:value_check",
      "value": {
        "type": "minecraft:score",
        "target": {
          "type": "minecraft:fixed",
          "name": "#x_trinkets"
        },
        "score": "x_op"
      },
      "range": 1
    },
    {
      "condition": "minecraft:value_check",
      "value": {
        "type": "minecraft:score",
        "target": {
          "type": "minecraft:fixed",
          "name": "#x_warps"
        },
        "score": "x_op"
      },
      "range": 1
    }
  ]
}