{
  "parent": "wasd.wand:recipes/patreon/patreon",
  "display": {
    "icon": {
      "item": "minecraft:warped_fungus_on_a_stick",
      "nbt": "{CustomModelData:6370127}"
    },
    "title": "气泡魔杖",
    "description": "射出一个缓慢移动的气泡，抬起被命中的目标。",
    "frame": "goal",
    "show_toast": true,
    "announce_to_chat": false,
    "hidden": false
  },
  "criteria": {
    "requirement": {
      "trigger": "minecraft:inventory_changed",
      "conditions": {
        "items": [
          {
            "nbt": "{CustomModelData:6370127}",
            "items": [
              "minecraft:warped_fungus_on_a_stick"
            ]
          }
        ]
      }
    }
  }
}
