{
  "parent": "wasd.wand:recipes/patreon/patreon",
  "display": {
    "icon": {
      "item": "minecraft:warped_fungus_on_a_stick",
      "nbt": "{CustomModelData:6370103}"
    },
    "title": "火焰魔杖",
    "description": "射出三团火焰，随着飞行时间的增加体积会慢慢变大，并引燃目标。",
    "frame": "goal",
    "show_toast": true,
    "announce_to_chat": false,
    "hidden": false
  },
  "criteria": {
    "requirement": {
      "trigger": "minecraft:inventory_changed",
      "conditions": {
        "items": [
          {
            "nbt": "{CustomModelData:6370103}",
            "items": [
              "minecraft:warped_fungus_on_a_stick"
            ]
          }
        ]
      }
    }
  }
}
