[
  {
    "condition": "minecraft:reference",
    "name": "xylo_tools:generic/double_swap"
  },
  {
    "condition": "minecraft:reference",
    "name": "xylo_rpg:spells/book/holding_mh"
  },
  {
    "condition": "minecraft:entity_properties",
    "entity": "this",
    "predicate": {
      "flags": {
        "is_sneaking": false,
        "is_sprinting": false,
        "is_swimming": false
      }
    }
  },
  {
    "condition": "minecraft:inverted",
    "term": {
      "condition": "minecraft:reference",
      "name": "xylo:ground_jump"
    }
  },
  {
    "condition": "minecraft:inverted",
    "term": {
      "condition": "minecraft:reference",
      "name": "xylo:moving"
    }
  }
]
