{
	"credit": "Made with Blockbench",
	"parent": "minecraft:item/handheld",
	"textures": {
		"layer0": "xylo_rpg:item/weapons/spear/wooden"
	},
	"display": {
		"thirdperson_righthand": {
			"rotation": [0, 90, 55],
			"translation": [0, 2.75, 2.5],
			"scale": [1.68, 1.68, 1.25]
		},
		"thirdperson_lefthand": {
			"rotation": [0, -90, -55],
			"translation": [0, 2.75, 2.5],
			"scale": [1.68, 1.68, 1.25]
		},
		"firstperson_righthand": {
			"rotation": [0, 90, 25],
			"translation": [0, 1.6, 0.8],
			"scale": [1.68, 1.68, 1]
		},
		"firstperson_lefthand": {
			"rotation": [0, -90, -25],
			"translation": [0, 1.6, 0.8],
			"scale": [1.68, 1.68, 1]
		},
		"ground": {
			"translation": [0, 2.75, 0],
			"scale": [0.85, 0.85, 0.7]
		},
		"head": {
			"rotation": [0, 90, -45],
			"translation": [0, -45, -3],
			"scale": [3.8, 3.8, 1.9]
		},
		"fixed": {
			"rotation": [0, 180, 0]
		}
	}
}