{
	"credit": "Made with Blockbench",
	"texture_size": [32, 32],
	"textures": {
		"0": "block/chromium_chunk",
		"particle": "block/chromium_chunk"
	},
	"elements": [
		{
			"from": [6, 0, 6],
			"to": [13, 5, 13],
			"faces": {
				"north": {"uv": [3.5, 0, 0, 2.5], "texture": "#0"},
				"east": {"uv": [0, 0, 3.5, 2.5], "texture": "#0"},
				"south": {"uv": [3.5, 0, 0, 2.5], "texture": "#0"},
				"west": {"uv": [0, 0, 3.5, 2.5], "texture": "#0"},
				"up": {"uv": [0, 2.5, 3.5, 6], "texture": "#0"},
				"down": {"uv": [0, 6, 3.5, 9.5], "texture": "#0"}
			}
		},
		{
			"from": [3, 0, 8],
			"to": [7, 4, 12],
			"rotation": {"angle": 22.5, "axis": "z", "origin": [6, 0, 10]},
			"faces": {
				"north": {"uv": [5.5, 0, 3.5, 2], "texture": "#0"},
				"east": {"uv": [3.5, 0, 5.5, 2], "texture": "#0"},
				"south": {"uv": [5.5, 0, 3.5, 2], "texture": "#0"},
				"west": {"uv": [3.5, 0, 5.5, 2], "texture": "#0"},
				"up": {"uv": [3.5, 4, 5.5, 6], "texture": "#0"},
				"down": {"uv": [3.5, 2, 5.5, 4], "texture": "#0"}
			}
		},
		{
			"from": [7, 0, 3],
			"to": [11, 4, 7],
			"rotation": {"angle": -22.5, "axis": "x", "origin": [10, 0, 6]},
			"faces": {
				"north": {"uv": [5.5, 0, 3.5, 2], "texture": "#0"},
				"east": {"uv": [3.5, 0, 5.5, 2], "texture": "#0"},
				"south": {"uv": [5.5, 0, 3.5, 2], "texture": "#0"},
				"west": {"uv": [3.5, 0, 5.5, 2], "texture": "#0"},
				"up": {"uv": [3.5, 4, 5.5, 6], "texture": "#0"},
				"down": {"uv": [3.5, 2, 5.5, 4], "texture": "#0"}
			}
		}
	],
	"display": {
		"thirdperson_righthand": {
			"rotation": [75, 45, 0],
			"translation": [0, 2.5, 0],
			"scale": [0.375, 0.375, 0.375]
		},
		"thirdperson_lefthand": {
			"rotation": [75, 45, 0],
			"translation": [0, 2.5, 0],
			"scale": [0.375, 0.375, 0.375]
		},
		"firstperson_righthand": {
			"rotation": [0, 45, 0],
			"scale": [0.4, 0.4, 0.4]
		},
		"firstperson_lefthand": {
			"rotation": [0, 225, 0],
			"scale": [0.4, 0.4, 0.4]
		},
		"ground": {
			"translation": [0, 3, 0],
			"scale": [0.25, 0.25, 0.25]
		},
		"gui": {
			"rotation": [30, 225, 0],
			"scale": [0.625, 0.625, 0.625]
		},
		"head": {
			"translation": [0, -15.5, 0],
			"scale": [2.4, 2.4, 2.4]
		},
		"fixed": {
			"scale": [0.5, 0.5, 0.5]
		}
	}
}