{
	"credit": "Made with Blockbench",
	"textures": {
		"gui": "gui/block/etheral_crafter"
	},
	"elements": [
		{
			"from": [0, 4.75, 8],
			"to": [16, 20.75, -8],
			"rotation": {"angle": 22.5, "axis": "z", "origin": [114.73817, 180.79285, -8]},
			"faces": {
				"south": {"uv": [12, 12, 16, 16], "texture": "#gui"}
			}
		},
		{
			"from": [0, 4.75, 8],
			"to": [16, 20.75, -8],
			"rotation": {"angle": 22.5, "axis": "z", "origin": [74.51945, 172.79285, -8]},
			"faces": {
				"south": {"uv": [12, 8, 16, 12], "texture": "#gui"}
			}
		},
		{
			"from": [0, 4.75, 8],
			"to": [16, 20.75, -8],
			"rotation": {"angle": 22.5, "axis": "z", "origin": [34.30073, 164.79285, -8]},
			"faces": {
				"south": {"uv": [12, 4, 16, 8], "texture": "#gui"}
			}
		},
		{
			"from": [0, 4.75, 8],
			"to": [16, 20.75, -8],
			"rotation": {"angle": 22.5, "axis": "z", "origin": [-5.91798, 156.79285, -8]},
			"faces": {
				"south": {"uv": [12, 0, 16, 4], "texture": "#gui"}
			}
		},
		{
			"from": [0, 4.75, 8],
			"to": [16, 20.75, -8],
			"rotation": {"angle": 22.5, "axis": "z", "origin": [122.73817, 140.57413, -8]},
			"faces": {
				"south": {"uv": [8, 12, 12, 16], "texture": "#gui"}
			}
		},
		{
			"from": [0, 4.75, 8],
			"to": [16, 20.75, -8],
			"rotation": {"angle": 22.5, "axis": "z", "origin": [82.51945, 132.57413, -8]},
			"faces": {
				"south": {"uv": [8, 8, 12, 12], "texture": "#gui"}
			}
		},
		{
			"from": [0, 4.75, 8],
			"to": [16, 20.75, -8],
			"rotation": {"angle": 22.5, "axis": "z", "origin": [42.30073, 124.57413, -8]},
			"faces": {
				"south": {"uv": [8, 4, 12, 8], "texture": "#gui"}
			}
		},
		{
			"from": [0, 4.75, 8],
			"to": [16, 20.75, -8],
			"rotation": {"angle": 22.5, "axis": "z", "origin": [2.08202, 116.57413, -8]},
			"faces": {
				"south": {"uv": [8, 0, 12, 4], "texture": "#gui"}
			}
		},
		{
			"from": [0, 4.75, 8],
			"to": [16, 20.75, -8],
			"rotation": {"angle": 22.5, "axis": "z", "origin": [130.73817, 100.35541, -8]},
			"faces": {
				"south": {"uv": [4, 12, 8, 16], "texture": "#gui"}
			}
		},
		{
			"from": [0, 4.75, 8],
			"to": [16, 20.75, -8],
			"rotation": {"angle": 22.5, "axis": "z", "origin": [90.51945, 92.35541, -8]},
			"faces": {
				"south": {"uv": [4, 8, 8, 12], "texture": "#gui"}
			}
		},
		{
			"from": [0, 4.75, 8],
			"to": [16, 20.75, -8],
			"rotation": {"angle": 22.5, "axis": "z", "origin": [50.30073, 84.35541, -8]},
			"faces": {
				"south": {"uv": [4, 4, 8, 8], "texture": "#gui"}
			}
		},
		{
			"from": [0, 4.75, 8],
			"to": [16, 20.75, -8],
			"rotation": {"angle": 22.5, "axis": "z", "origin": [10.08202, 76.35541, -8]},
			"faces": {
				"south": {"uv": [4, 0, 8, 4], "texture": "#gui"}
			}
		},
		{
			"from": [0, 4.75, 8],
			"to": [16, 20.75, -8],
			"rotation": {"angle": 22.5, "axis": "z", "origin": [138.73817, 60.1367, -8]},
			"faces": {
				"south": {"uv": [0, 12, 4, 16], "texture": "#gui"}
			}
		},
		{
			"from": [0, 4.75, 8],
			"to": [16, 20.75, -8],
			"rotation": {"angle": 22.5, "axis": "z", "origin": [98.51945, 52.1367, -8]},
			"faces": {
				"south": {"uv": [0, 8, 4, 12], "texture": "#gui"}
			}
		},
		{
			"from": [0, 4.75, 8],
			"to": [16, 20.75, -8],
			"rotation": {"angle": 22.5, "axis": "z", "origin": [58.30073, 44.1367, -8]},
			"faces": {
				"south": {"uv": [0, 4, 4, 8], "texture": "#gui"}
			}
		},
		{
			"from": [0, 4.75, 8],
			"to": [16, 20.75, -8],
			"rotation": {"angle": 22.5, "axis": "z", "origin": [18.08202, 36.1367, -8]},
			"faces": {
				"south": {"uv": [0, 0, 4, 4], "texture": "#gui"}
			}
		}
	],
	"gui_light": "front",
	"display": {
		"thirdperson_righthand": {
			"scale": [0, 0, 0]
		},
		"thirdperson_lefthand": {
			"scale": [0, 0, 0]
		},
		"firstperson_righthand": {
			"scale": [0, 0, 0]
		},
		"firstperson_lefthand": {
			"scale": [0, 0, 0]
		},
		"ground": {
			"scale": [0, 0, 0]
		},
		"gui": {
			"rotation": [0, 0, -22.5],
			"translation": [-24, 18, -80],
			"scale": [4, 4, 4]
		},
		"fixed": {
			"scale": [0, 0, 0]
		}
	},
	"groups": [
		{
			"name": "group",
			"origin": [18.08202, 36.1367, -8],
			"color": 0,
			"children": [0, 1, 2, 3, 4, 5, 6, 7, 8, 9, 10, 11, 12, 13, 14, 15]
		}
	]
}