{
	"credit": "Made with Blockbench",
	"texture_size": [32, 32],
	"textures": {
		"0": "block/glowing_mushroom",
		"particle": "block/glowing_mushroom"
	},
	"elements": [
		{
			"from": [7, 0, 7],
			"to": [9, 6, 9],
			"faces": {
				"north": {"uv": [0, 0, 1, 3], "texture": "#0"},
				"east": {"uv": [0, 0, 1, 3], "texture": "#0"},
				"south": {"uv": [0, 0, 1, 3], "texture": "#0"},
				"west": {"uv": [0, 0, 1, 3], "texture": "#0"},
				"up": {"uv": [0, 3, 1, 4], "texture": "#0"},
				"down": {"uv": [0, 4, 1, 5], "texture": "#0"}
			}
		},
		{
			"from": [4, 6, 4],
			"to": [12, 8, 12],
			"faces": {
				"north": {"uv": [1, 8, 5, 9], "texture": "#0"},
				"east": {"uv": [1, 8, 5, 9], "texture": "#0"},
				"south": {"uv": [1, 8, 5, 9], "texture": "#0"},
				"west": {"uv": [1, 8, 5, 9], "texture": "#0"},
				"up": {"uv": [1, 0, 5, 4], "texture": "#0"},
				"down": {"uv": [1, 4, 5, 8], "texture": "#0"}
			}
		},
		{
			"from": [5, 8, 5],
			"to": [11, 11, 11],
			"faces": {
				"north": {"uv": [5, 3, 8, 4.5], "texture": "#0"},
				"east": {"uv": [5, 3, 8, 4.5], "texture": "#0"},
				"south": {"uv": [5, 3, 8, 4.5], "texture": "#0"},
				"west": {"uv": [5, 3, 8, 4.5], "texture": "#0"},
				"up": {"uv": [5, 0, 8, 3], "texture": "#0"},
				"down": {"uv": [1, 2, 4, 3.5], "texture": "#0"}
			}
		}
	],
	"display": {
		"thirdperson_righthand": {
			"rotation": [75, 45, 0],
			"translation": [0, 2.5, 0],
			"scale": [0.375, 0.375, 0.375]
		},
		"thirdperson_lefthand": {
			"rotation": [75, 45, 0],
			"translation": [0, 2.5, 0],
			"scale": [0.375, 0.375, 0.375]
		},
		"firstperson_righthand": {
			"rotation": [0, 45, 0],
			"scale": [0.4, 0.4, 0.4]
		},
		"firstperson_lefthand": {
			"rotation": [0, 225, 0],
			"scale": [0.4, 0.4, 0.4]
		},
		"ground": {
			"translation": [0, 3, 0],
			"scale": [0.25, 0.25, 0.25]
		},
		"gui": {
			"rotation": [30, 225, 0],
			"scale": [0.625, 0.625, 0.625]
		},
		"head": {
			"translation": [0, -15.5, 0],
			"scale": [2.4, 2.4, 2.4]
		},
		"fixed": {
			"scale": [0.5, 0.5, 0.5]
		}
	}
}