{
	"credit": "Made with Blockbench",
	"texture_size": [24, 24],
	"textures": {
		"0": "block/lit_obsidian_pedestal",
		"particle": "block/lit_obsidian_pedestal"
	},
	"elements": [
		{
			"from": [-0.01, -0.01, -0.01],
			"to": [16.01, 16.01, 16.01],
			"faces": {
				"north": {"uv": [0, 0, 5.33333, 5.33333], "texture": "#0"},
				"east": {"uv": [0, 0, 5.33333, 5.33333], "texture": "#0"},
				"south": {"uv": [0, 0, 5.33333, 5.33333], "texture": "#0"},
				"west": {"uv": [0, 0, 5.33333, 5.33333], "texture": "#0"},
				"up": {"uv": [0, 15.33333, 0.66667, 16], "texture": "#0"},
				"down": {"uv": [0, 5.33333, 5.33333, 10.66666], "texture": "#0"}
			}
		},
		{
			"from": [-3.01, 11.99, -3.01],
			"to": [19.01, 16.01, 19.01],
			"faces": {
				"north": {"uv": [5.33333, 0, 12.66667, 1.33333], "texture": "#0"},
				"east": {"uv": [5.33333, 0, 12.66667, 1.33333], "texture": "#0"},
				"south": {"uv": [5.33333, 0, 12.66667, 1.33333], "texture": "#0"},
				"west": {"uv": [5.33333, 0, 12.66667, 1.33333], "texture": "#0"},
				"up": {"uv": [5.33333, 1.33333, 12.66667, 8.66667], "texture": "#0"},
				"down": {"uv": [5.33333, 8.66667, 12.66667, 16], "texture": "#0"}
			}
		}
	],
	"display": {
		"thirdperson_righthand": {
			"rotation": [75, 45, 0],
			"translation": [0, 2.5, 0],
			"scale": [0.375, 0.375, 0.375]
		},
		"thirdperson_lefthand": {
			"rotation": [75, 45, 0],
			"translation": [0, 2.5, 0],
			"scale": [0.375, 0.375, 0.375]
		},
		"firstperson_righthand": {
			"rotation": [0, 45, 0],
			"scale": [0.4, 0.4, 0.4]
		},
		"firstperson_lefthand": {
			"rotation": [0, 225, 0],
			"scale": [0.4, 0.4, 0.4]
		},
		"ground": {
			"translation": [0, 3, 0],
			"scale": [0.25, 0.25, 0.25]
		},
		"gui": {
			"rotation": [30, 225, 0],
			"scale": [0.625, 0.625, 0.625]
		},
		"head": {
			"translation": [0, -30.425, 0],
			"scale": [1.6, 1.6, 1.6]
		},
		"fixed": {
			"scale": [0.5, 0.5, 0.5]
		}
	}
}