{
	"credit": "Made with Blockbench",
	"texture_size": [32, 32],
	"textures": {
		"0": "block/phoenix_egg",
		"particle": "block/phoenix_egg"
	},
	"elements": [
		{
			"from": [4, 0, 4],
			"to": [12, 2, 12],
			"faces": {
				"north": {"uv": [5, 0, 9, 1], "texture": "#0"},
				"east": {"uv": [5, 0, 9, 1], "texture": "#0"},
				"south": {"uv": [5, 0, 9, 1], "texture": "#0"},
				"west": {"uv": [5, 0, 9, 1], "texture": "#0"},
				"up": {"uv": [5, 1, 9, 5], "texture": "#0"},
				"down": {"uv": [5, 1, 9, 5], "texture": "#0"}
			}
		},
		{
			"from": [3, 2, 3],
			"to": [13, 10, 13],
			"faces": {
				"north": {"uv": [0, 0, 5, 4], "texture": "#0"},
				"east": {"uv": [0, 0, 5, 4], "texture": "#0"},
				"south": {"uv": [0, 0, 5, 4], "texture": "#0"},
				"west": {"uv": [0, 0, 5, 4], "texture": "#0"},
				"up": {"uv": [0, 4, 5, 9], "texture": "#0"},
				"down": {"uv": [0, 4, 5, 9], "texture": "#0"}
			}
		},
		{
			"from": [4, 10, 4],
			"to": [12, 13, 12],
			"faces": {
				"north": {"uv": [13, 0, 9, 1.5], "texture": "#0"},
				"east": {"uv": [13, 0, 9, 1.5], "texture": "#0"},
				"south": {"uv": [13, 0, 9, 1.5], "texture": "#0"},
				"west": {"uv": [13, 0, 9, 1.5], "texture": "#0"},
				"up": {"uv": [9, 1, 5, 5], "texture": "#0"},
				"down": {"uv": [9, 1, 5, 5], "texture": "#0"}
			}
		},
		{
			"from": [5, 13, 5],
			"to": [11, 14, 11],
			"faces": {
				"north": {"uv": [16, 0, 13, 0.5], "texture": "#0"},
				"east": {"uv": [16, 0, 13, 0.5], "texture": "#0"},
				"south": {"uv": [16, 0, 13, 0.5], "texture": "#0"},
				"west": {"uv": [16, 0, 13, 0.5], "texture": "#0"},
				"up": {"uv": [16, 0.5, 13, 3.5], "texture": "#0"},
				"down": {"uv": [16, 0.5, 13, 3.5], "texture": "#0"}
			}
		}
	],
	"display": {
		"thirdperson_righthand": {
			"rotation": [75, 45, 0],
			"translation": [0, 2.5, 0],
			"scale": [0.375, 0.375, 0.375]
		},
		"thirdperson_lefthand": {
			"rotation": [75, 45, 0],
			"translation": [0, 2.5, 0],
			"scale": [0.375, 0.375, 0.375]
		},
		"firstperson_righthand": {
			"rotation": [0, 45, 0],
			"scale": [0.4, 0.4, 0.4]
		},
		"firstperson_lefthand": {
			"rotation": [0, 225, 0],
			"scale": [0.4, 0.4, 0.4]
		},
		"ground": {
			"translation": [0, 3, 0],
			"scale": [0.25, 0.25, 0.25]
		},
		"gui": {
			"rotation": [30, 225, 0],
			"scale": [0.625, 0.625, 0.625]
		},
		"head": {
			"translation": [0, -15.5, 0],
			"scale": [2.4, 2.4, 2.4]
		},
		"fixed": {
			"scale": [0.5, 0.5, 0.5]
		}
	}
}