{
  "parent": "wasd.apple:recipes/crafter_recipe",
  "display": {
    "icon": {
      "item": "minecraft:carrot_on_a_stick",
      "nbt": "{CustomModelData:6370220}"
    },
    "title": "唱片苹果",
    "description": "右键播放音乐，潜行右键切换音乐。",
    "frame": "goal",
    "show_toast": true,
    "announce_to_chat": false,
    "hidden": false
  },
  "criteria": {
    "requirement": {
      "trigger": "minecraft:inventory_changed",
      "conditions": {
        "items": [
          {
            "nbt": "{CustomModelData:6370220}",
            "items": [
              "minecraft:carrot_on_a_stick"
            ]
          }
        ]
      }
    }
  }
}
