{
  "parent": "wasd.apple:recipes/crafter_recipe",
  "display": {
    "icon": {
      "item": "minecraft:golden_apple",
      "nbt": "{CustomModelData:6370010}"
    },
    "title": "下界苹果",
    "description": "食用后在奔跑时会身后会留下火痕，食用者自带一定时间的防火。",
    "frame": "goal",
    "show_toast": true,
    "announce_to_chat": false,
    "hidden": false
  },
  "criteria": {
    "requirement": {
      "trigger": "minecraft:inventory_changed",
      "conditions": {
        "items": [
          {
            "nbt": "{CustomModelData:6370010}",
            "items": [
              "minecraft:golden_apple"
            ]
          }
        ]
      }
    }
  }
}
