{
  "parent": "wasd.apple:recipes/crafter_recipe",
  "display": {
    "icon": {
      "item": "minecraft:golden_apple",
      "nbt": "{CustomModelData:6370012}"
    },
    "title": "史莱姆苹果",
    "description": "食用后在短时间之内无视摔落伤害。",
    "frame": "goal",
    "show_toast": true,
    "announce_to_chat": false,
    "hidden": false
  },
  "criteria": {
    "requirement": {
      "trigger": "minecraft:inventory_changed",
      "conditions": {
        "items": [
          {
            "nbt": "{CustomModelData:6370012}",
            "items": [
              "minecraft:golden_apple"
            ]
          }
        ]
      }
    }
  }
}
