{
  "parent": "wasd.apple:recipes/crafter_recipe",
  "display": {
    "icon": {
      "item": "minecraft:golden_apple",
      "nbt": "{CustomModelData:6370014}"
    },
    "title": "陷阱",
    "description": "看起来像是一个普通苹果......但是如果吃了的话，就...",
    "frame": "goal",
    "show_toast": true,
    "announce_to_chat": false,
    "hidden": false
  },
  "criteria": {
    "requirement": {
      "trigger": "minecraft:inventory_changed",
      "conditions": {
        "items": [
          {
            "nbt": "{CustomModelData:6370014}",
            "items": [
              "minecraft:golden_apple"
            ]
          }
        ]
      }
    }
  }
}
