{
  "parent": "wasd.apple:recipes/crafter_recipe",
  "display": {
    "icon": {
      "item": "minecraft:golden_apple",
      "nbt": "{CustomModelData:6370001,wasd_apple_type:2b}"
    },
    "title": "附魔旁观者苹果",
    "description": "食用后获得10秒的旁观者模式。\n时间到了后将不会返回到食用时所在位置。",
    "frame": "goal",
    "show_toast": true,
    "announce_to_chat": false,
    "hidden": false
  },
  "criteria": {
    "requirement": {
      "trigger": "minecraft:inventory_changed",
      "conditions": {
        "items": [
          {
            "nbt": "{CustomModelData:6370001,wasd_apple_type:2b}",
            "items": [
              "minecraft:golden_apple"
            ]
          }
        ]
      }
    }
  }
}
