{
  "parent": "wasd.apple:recipes/crafter_recipe",
  "display": {
    "icon": {
      "item": "minecraft:golden_apple",
      "nbt": "{CustomModelData:6370005}"
    },
    "title": "哭泣黑曜石苹果",
    "description": "食用后可短暂地将附近的熔岩转化成黑曜石。",
    "frame": "goal",
    "show_toast": true,
    "announce_to_chat": false,
    "hidden": false
  },
  "criteria": {
    "requirement": {
      "trigger": "minecraft:inventory_changed",
      "conditions": {
        "items": [
          {
            "nbt": "{CustomModelData:6370005}",
            "items": [
              "minecraft:golden_apple"
            ]
          }
        ]
      }
    }
  }
}
