{
    "pools": [
        {
            "rolls": 1,
            "entries": [
                {
                    "type": "item",
                    "weight": 1,
                    "name": "minecraft:iron_helmet",
                    "functions": [
                        {
                            "function": "set_nbt",
                            "tag": "{display:{Name:'{\"text\":\"采矿护目镜\",\"italic\":false}',Lore:['{\"text\":\" \"}','{\"text\":\"When on Head:\",\"color\":\"gray\",\"italic\":false}','{\"text\":\" Night Vision\",\"color\":\"blue\",\"italic\":false}']},HideFlags:2,mining_goggles:1b,AttributeModifiers:[{AttributeName:\"generic.armor\",Name:\"generic.armor\",Amount:0,Operation:0,UUID:[I;-2120267160,519718608,-1285593327,93544069]}]}"
                        }
                    ]
                },
                {
                    "type": "item",
                    "weight": 3,
                    "name": "minecraft:raw_iron",
                    "functions": [
                        {
                            "function": "set_count",
                            "count": {
                                "min": 5,
                                "max": 10
                            }
                        }
                    ]
                },
                {
                    "type": "item",
                    "weight": 3,
                    "name": "minecraft:coal",
                    "functions": [
                        {
                            "function": "set_count",
                            "count": {
                                "min": 10,
                                "max": 20
                            }
                        }
                    ]
                },
                {
                    "type": "item",
                    "weight": 3,
                    "name": "minecraft:torch",
                    "functions": [
                        {
                            "function": "set_count",
                            "count": {
                                "min": 10,
                                "max": 20
                            }
                        }
                    ]
                },
                {
                    "type": "item",
                    "weight": 2,
                    "name": "minecraft:raw_gold",
                    "functions": [
                        {
                            "function": "set_count",
                            "count": {
                                "min": 5,
                                "max": 10
                            }
                        }
                    ]
                },
                {
                    "type": "item",
                    "weight": 3,
                    "name": "minecraft:raw_copper",
                    "functions": [
                        {
                            "function": "set_count",
                            "count": {
                                "min": 10,
                                "max": 20
                            }
                        }
                    ]
                },
                {
                    "type": "item",
                    "weight": 2,
                    "name": "minecraft:emerald",
                    "functions": [
                        {
                            "function": "set_count",
                            "count": {
                                "min": 3,
                                "max": 5
                            }
                        }
                    ]
                },
                {
                    "type": "item",
                    "weight": 2,
                    "name": "minecraft:iron_pickaxe"
                },
                {
                    "type": "item",
                    "weight": 1,
                    "name": "minecraft:diamond_pickaxe"
                },
                {
                    "type": "item",
                    "weight": 2,
                    "name": "minecraft:tnt",
                    "functions": [
                        {
                            "function": "set_count",
                            "count": {
                                "min": 1,
                                "max": 3
                            }
                        }
                    ]
                },
                {
                    "type": "item",
                    "weight": 1,
                    "name": "minecraft:golden_chestplate",
                    "functions": [
                        {
                            "function": "set_nbt",
                            "tag": "{display:{Name:'{\"text\":\"Climbing Gear\",\"italic\":false}',Lore:['{\"text\":\" \"}','{\"text\":\"When on Body:\",\"color\":\"gray\",\"italic\":false}','{\"text\":\" +2 Armor\",\"color\":\"blue\",\"italic\":false}']},HideFlags:2,climbing_gear:1b,AttributeModifiers:[{AttributeName:\"generic.armor\",Name:\"generic.armor\",Amount:2,Operation:0,UUID:[I;-1953237567,-159757477,-1327186696,-1115751789],Slot:\"chest\"}]}"
                        }
                    ]
                }
            ]
        }
    ]
}