{
  "display": {
    "icon": {
      "item": "minecraft:crafting_table"
    },
    "title": {
      "text": "自定义工作台",
      "font": "minecraft:default",
      "color": "green",
      "bold": true,
      "italic": false
    },
    "description": [
      {
        "text": "\uE000",
        "font": "xylo:advancements",
        "color": "white"
      },
      {
        "text": " \n\n\n\n使用该工作台来合成本系列数据包中的所有物品。",
        "font": "minecraft:default",
        "color": "white",
        "bold": false,
        "italic": false
      }
    ],
    "frame": "goal",
    "show_toast": false,
    "announce_to_chat": false
  },
  "parent": "xylo:utility",
  "criteria": {
    "requirement": {
      "trigger": "minecraft:inventory_changed",
      "conditions": {
        "items": [
          {
            "items": [
              "minecraft:barrel"
            ],
            "nbt": "{CustomModelData:12340001}"
          }
        ]
      }
    }
  }
}





