{
  "display": {
    "icon": {
      "item": "minecraft:barrel",
      "nbt": "{CustomModelData:12340002}"
    },
    "title": {
      "text": "锻造台",
      "font": "minecraft:default",
      "color": "green",
      "bold": true,
      "italic": false
    },
    "description": [
      {
        "text": "\uE001",
        "font": "xylo:advancements",
        "color": "white"
      },
      {
        "text": "\n\n\n\n该锻造台拥有铁砧的所有功能，同时也适用于本系列数据包中的物品。",
        "font": "minecraft:default",
        "color": "white",
        "bold": false,
        "italic": false
      }
    ],
    "frame": "goal",
    "show_toast": false,
    "announce_to_chat": false
  },
  "parent": "xylo_crafting:crafting",
  "criteria": {
    "requirement": {
      "trigger": "minecraft:inventory_changed",
      "conditions": {
        "items": [
          {
            "items": [
              "minecraft:barrel"
            ],
            "nbt": "{CustomModelData:12340002}"
          }
        ]
      }
    }
  }
}
