{
  "parent": "xylo_tools:advancements",
  "criteria": {
    "placed": {
      "trigger": "minecraft:placed_block",
      "conditions": {
        "block": "minecraft:barrel",
        "item": {
          "nbt": "{display:{Name:'{\"bold\":true,\"italic\":false,\"color\":\"gray\",\"text\":\"Forge\"}'}}"
        }
      }
    },
    "placed2": {
      "trigger": "minecraft:placed_block",
      "conditions": {
        "block": "minecraft:barrel",
        "item": {
          "nbt": "{BlockEntityTag:{CustomName:'{\"bold\":true,\"italic\":false,\"color\":\"gray\",\"text\":\"Forge\"}'}}"
        }
      }
    }
  },
  "requirements": [
    [
      "placed",
      "placed2"
    ]
  ],
  "rewards": {
    "function": "xylo_crafting:forge/block/place/start_place_loop"
  }
}
