{
    "parent": "bracken:sanctum/vault",
    "display": {
        "title": {
            "text": "毁灭的开始"
        },
        "description": {
            "text": "使用末影之眼唤醒毁灭程序。 ",
            "color": "green"
        },
        "icon": {
            "item": "minecraft:ender_eye"
        },
        "frame": "task",
        "show_toast": true,
        "announce_to_chat": true,
        "hidden": false
    },
    "criteria": {
        "bracken:sanctum/boss1": {
            "trigger": "minecraft:item_used_on_block",
            "conditions": {
                "item": {
                    "items": [
                        "minecraft:ender_eye"
                    ]
                },
                "location": {
                    "block": {
                        "blocks": [
                            "minecraft:end_portal_frame"
                        ]
                    }
                }
            }
        }
    },
    "requirements": [
        [
            "bracken:sanctum/boss1"
        ]
    ]
}
