{
    "parent": "bracken:sanctum/enter_sanctum",
    "display": {
        "title": {
            "text": "不可见的威胁"
        },
        "description": {
            "text": "被隐身的掠夺者攻击。",
            "color": "green"
        },
        "icon": {
            "item": "minecraft:netherite_sword"
        },
        "frame": "task",
        "show_toast": true,
        "announce_to_chat": true,
        "hidden": false
    },
    "criteria": {
        "bracken:sanctum/marauder1": {
            "trigger": "minecraft:entity_hurt_player",
            "conditions": {
                "damage": {
                    "source_entity": {
                        "type": "minecraft:vindicator",
                        "location": {
                            "dimension": "bracken:sanctum"
                        }
                    }
                }
            }
        }
    },
    "requirements": [
        [
            "bracken:sanctum/marauder1"
        ]
    ]
}
