{
    "parent": "bracken:sanctum/dune_biome",
    "display": {
        "title": {
            "text": "这不是荣誉之所"
        },
        "description": {
            "text": "进入黑暗沙丘穹顶下的隧道，走入完全的黑暗中。",
            "color": "green"
        },
        "icon": {
            "item": "minecraft:bedrock"
        },
        "frame": "task",
        "show_toast": true,
        "announce_to_chat": true,
        "hidden": false
    },
    "criteria": {
        "bracken:sanctum/vault1": {
            "trigger": "minecraft:location",
            "conditions": {
                "player": {
                    "location": {
                        "biome": "bracken:sanctum/dark_soot_dunes",
                        "light": {
                            "light": 0
                        },
                        "structure": "bracken:sanctum_boss"
                    }
                }
            }
        }
    },
    "requirements": [
        [
            "bracken:sanctum/vault1"
        ]
    ]
}
