{
  "parent": "xylo_tools:advancements",
  "criteria": {
    "requirement": {
      "trigger": "minecraft:item_durability_changed",
      "conditions": {
        "player": [
          {
            "condition": "minecraft:entity_properties",
            "entity": "this",
            "predicate": {
              "equipment": {
                "mainhand": {
                  "tag": "xylo_tools:block_break"
                }
              }
            }
          }
        ],
        "delta": {
          "max": 0
        },
        "item": {
          "nbt": "{xylo_tools:{Slot:\"mainhand\"}}"
        }
      }
    }
  },
  "rewards": {
    "function": "xylo_tools:vanilla/block_broken"
  }
}
