{
    "name": "区块加载",
    "icon": "minecraft:clock",
    "category": "patchouli:ftbchunks",
    "sortnum": 3,
    "pages": [
        {
            "type": "text",
            "text": "如果你是模组新手，你可能并不熟悉什么是区块加载，你可以理解为当你出去冒险而离开家（或者在服务器中退出）的时候，如果没有区块记载，每次离开这边时家附近的区块就会被卸载，如果有区块加载的话，即使离开了家附近的区域，家所在的区块也会正常加载，区块加载的功能对于一些机器来说非常重要！"
        },
        {
            "type": "text",
            "text": "$(l)请注意，如果让它们一直保持区块加载的话$(reset)，特别是在服务器上你要特别注意服务器的配置是否支持你这样做，你可以在$(l:ftbchunks/ftbchunks_claiming)这个章节$(reset)学习如何正确加载区块。"
        }
    ]
}