{
    "name": "作弊模式",
    "icon": "minecraft:command_block",
    "category": "patchouli:jei",
    "sortnum": 5,
    "pages": [
        {
            "type": "text",
            "text": "JEI内置了一个作弊模式，如果你拥有OP权限，你就可以在搜索栏右侧扳手处按$(l)Ctrl键来打开$(reset)，当扳手变成红色时（代表已开启作弊模式），此时JEI就会和创造模式物品栏一样使用，左键点击物品可取出一个，而按下Shift键和左键则可以取出一组等。"
        }
    ]
}