{
    "name": "简介",
    "icon": "minecraft:writable_book",
    "category": "patchouli:jei",
    "sortnum": 0,
    "pages": [
        {
            "type": "text",
            "text": "你可能已经打开了物品栏，并且观察到了右侧出现了多页的物品，你可能认为它们太多了，但距离我们的预期还远远不够。"
        },
        {
            "type": "text",
            "text": "$(l)$(#ffa500)物品管理器$(reset)实际上就是你正在查看的模组名称，它们主要被用于列出游戏内所有的物品，并让你更轻松地浏览到它，在本章中你将会学习如何去使用它。$(br)你可以自定义设置JEI的某些功能$(l)，点击屏幕右下角的扳手图标$(reset)。尝试一下吧！"
        }
    ]
}