{
    "pools": [
        {
            "rolls": {
                "min": 8,
                "max": 12
            },
            "entries": [
                {
                    "type": "loot_table",
                    "weight": 10,
                    "name": "divine_dimension:groups/loot/hinnom"
                },
                {
                    "type": "loot_table",
                    "weight": 10,
                    "name": "divine_dimension:groups/loot/treasure"
                },
                {
                    "type": "loot_table",
                    "weight": 5,
                    "name": "divine_dimension:groups/loot/arrows"
                },
                {
                    "type": "loot_table",
                    "weight": 2,
                    "name": "divine_dimension:groups/gear/phoenixtree"
                }
            ]
        },
        {
            "rolls": {
                "min": 0,
                "max": 1
            },
            "entries": [
                {
                    "type": "loot_table",
                    "weight": 2,
                    "name": "divine_dimension:groups/relics/tier1"
                },
                {
                    "type": "loot_table",
                    "weight": 1,
                    "name": "divine_dimension:groups/relics/tier2"
                },
                {
                    "type": "loot_table",
                    "weight": 3,
                    "name": "divine_dimension:groups/loot/rare_items"
                }
            ]
        }
    ]
}