{
    "parent": "minecraft:adventure/root",
    "display": {
        "title": {
            "text": "走出蓝色，进入黑色"
        },
        "description": {
            "text": "盯着一个被激活的潮涌核心的顶部，然后进入盐水维度。",
            "color": "green"
        },
        "icon": {
            "item": "minecraft:tube_coral"
        },
        "frame": "task",
        "show_toast": true,
        "announce_to_chat": true,
        "hidden": false
    },
    "criteria": {
        "bracken:bri1": {
            "trigger": "minecraft:location",
            "conditions": {
                "player": {
                    "location": {
                        "dimension": "bracken:the_brine"
                    }
                }
            }
        }
    },
    "requirements": [
        [
            "bracken:bri1"
        ]
    ]
}
