{
    "parent": "bracken:pax",
    "display": {
        "title": {
            "text": "异次元罪犯"
        },
        "description": {
            "text": "困在多米斯中，这不是一个明智的做法。",
            "color": "green"
        },
        "icon": {
            "item": "minecraft:magma_block"
        },
        "frame": "task",
        "show_toast": true,
        "announce_to_chat": true,
        "hidden": false
    },
    "criteria": {
        "bracken:dor1": {
            "trigger": "minecraft:location",
            "conditions": {
                "player": {
                    "location": {
                        "dimension": "bracken:dormis"
                    }
                }
            }
        }
    },
    "requirements": [
        [
            "bracken:dor1"
        ]
    ]
}
