{
    "__comment": "Made with TheDestruc7i0n's advancements generator: https://advancements.thedestruc7i0n.ca",
    "display": {
        "title": {
            "text": "真挚的感谢"
        },
        "description": {
            "text": "感谢你下载原始蕨菜数据包，祝你游玩愉快！"
        },
        "icon": {
            "item": "minecraft:grass_block"
        },
        "frame": "task",
        "show_toast": true,
        "announce_to_chat": true,
        "hidden": false,
        "background": "bracken:textures/gui/advancements/backgrounds/root.png"
    },
    "criteria": {
        "start": {
            "trigger": "minecraft:tick"
        }
    },
    "rewards": {
        "experience": 5,
        "function": "bracken:set_score"
    }
}
