{
    "parent": "bracken:sanctum/enter_sanctum",
    "display": {
        "title": {
            "text": "这里什么都没有"
        },
        "description": {
            "text": "在世界的下方滑过，然后忘记你在那里看到的东西。",
            "color": "green"
        },
        "icon": {
            "item": "minecraft:barrier"
        },
        "frame": "task",
        "show_toast": true,
        "announce_to_chat": true,
        "hidden": false
    },
    "criteria": {
        "bracken:voi1": {
            "trigger": "minecraft:location",
            "conditions": {
                "player": {
                    "location": {
                        "dimension": "bracken:void"
                    }
                }
            }
        }
    },
    "requirements": [
        [
            "bracken:voi1"
        ]
    ]
}
