{
  "condition": "minecraft:alternative",
  "terms": [
    {
      "condition": "minecraft:value_check",
      "value": {
        "type": "minecraft:score",
        "target": {
          "type": "minecraft:fixed",
          "name": "#xrpg_ref_gui"
        },
        "score": "xrpg_op"
      },
      "range": 1
    },
    {
      "condition": "minecraft:inverted",
      "term": {
        "condition": "minecraft:value_check",
        "value": {
          "type": "minecraft:score",
          "target": {
            "type": "minecraft:fixed",
            "name": "#xrpg_gui_numb"
          },
          "score": "xrpg_op"
        },
        "range": 20
      }
    }
  ]
}
