{
  "type": "minecraft:tree",
  "config": {
    "force_dirt": false,
    "dirt_provider": {
      "state": {
        "Name": "minecraft:dirt_path"
      },
      "type": "minecraft:simple_state_provider"
    },
    "ignore_vines": false,
    "minimum_size": {
      "limit": 1,
      "lower_size": 0,
      "upper_size": 1,
      "type": "minecraft:two_layers_feature_size"
    },
    "decorators": [],
    "trunk_provider": {
      "state": {
        "Properties": {
          "axis": "y"
        },
        "Name": "minecraft:air"
      },
      "type": "minecraft:simple_state_provider"
    },
    "foliage_provider": {
      "state": {
        "Properties": {
          "persistent": "false",
          "distance": "7"
        },
        "Name": "minecraft:powder_snow"
      },
      "type": "minecraft:simple_state_provider"
    },
    "foliage_placer": {
      "radius": 16,
      "offset": 16,
      "height": 1,
      "type": "minecraft:blob_foliage_placer"
    },
    "trunk_placer": {
      "base_height": 32,
      "height_rand_a": 24,
      "height_rand_b": 20,
      "type": "minecraft:straight_trunk_placer"
    }
  }
}
