{
  "type": "minecraft:tree",
  "config": {
    "minimum_size": {
      "type": "minecraft:two_layers_feature_size",
      "min_clipped_height": 15,
      "limit": 15,
      "lower_size": 0,
      "upper_size": 0
    },
    "dirt_provider": {
      "type": "minecraft:simple_state_provider",
      "state": {
        "Name": "minecraft:dirt"
      }
    },
    "trunk_provider": {
      "type": "minecraft:simple_state_provider",
      "state": {
        "Name": "minecraft:warped_stem"
      }
    },
    "foliage_provider": {
      "type": "minecraft:simple_state_provider",
      "state": {
        "Name": "minecraft:dark_oak_leaves"
      }
    },
    "trunk_placer": {
      "type": "minecraft:straight_trunk_placer",
      "base_height": 12,
      "height_rand_a": 2,
      "height_rand_b": 4
    },
    "foliage_placer": {
      "type": "minecraft:blob_foliage_placer",
      "radius": 4,
      "offset": 0,
      "height": 1
    },
    "decorators": [
      {
        "type": "minecraft:leave_vine",
        "probability": 0.25
      },
      {
        "type": "minecraft:trunk_vine"
      }
    ]
  }
}
