{
  "type": "minecraft:tree",
  "config": {
    "minimum_size": {
      "type": "minecraft:two_layers_feature_size",
      "min_clipped_height": 15,
      "limit": 15,
      "lower_size": 0,
      "upper_size": 0
    },
    "dirt_provider": {
      "type": "minecraft:simple_state_provider",
      "state": {
        "Name": "minecraft:dirt"
      }
    },
    "trunk_provider": {
      "type": "minecraft:simple_state_provider",
      "state": {
        "Name": "minecraft:acacia_log"
      }
    },
    "foliage_provider": {
      "type": "minecraft:simple_state_provider",
      "state": {
        "Name": "minecraft:oak_leaves"
      }
    },
    "trunk_placer": {
      "type": "minecraft:giant_trunk_placer",
      "base_height": 25,
      "height_rand_a": 0,
      "height_rand_b": 0
    },
    "foliage_placer": {
      "type": "minecraft:spruce_foliage_placer",
      "radius": 2,
      "offset": 0,
      "trunk_height": 4
    },
    "decorators": []
  }
}
