[
  {
    "condition": "minecraft:value_check",
    "value": {
      "type": "minecraft:score",
      "target": "this",
      "score": "xtl_cbow_used"
    },
    "range": 1
  },
  {
    "condition": "minecraft:inverted",
    "term": {
      "condition": "minecraft:entity_properties",
      "entity": "this",
      "predicate": {
        "equipment": {
          "mainhand": {
            "nbt": "{xylo_tools:{type:\"weapon\",subtype:\"melee\",category:\"two_handed\"}}"
          }
        }
      }
    }
  },
  {
    "condition": "minecraft:entity_properties",
    "entity": "this",
    "predicate": {
      "equipment": {
        "offhand": {
          "nbt": "{xylo_tools:{type:\"weapon\",subtype:\"melee\",category:\"two_handed\"}}"
        }
      }
    }
  }
]
