{
	"credit": "Made with Blockbench",
	"textures": {
		"0": "xylo:item/rpg_classes/warrior/rings/fire_ring",
		"particle": "xylo:item/rpg_classes/warrior/rings/fire_ring"
	},
	"elements": [
		{
			"from": [4, 7, 7],
			"to": [12, 8, 11],
			"rotation": {"angle": 0, "axis": "z", "origin": [8, 7.5, 9]},
			"faces": {
				"north": {"uv": [0, 0, 8, 1], "rotation": 180, "texture": "#0"},
				"east": {"uv": [9, 0, 10, 4], "rotation": 90, "texture": "#0"},
				"south": {"uv": [0, 5, 8, 6], "texture": "#0"},
				"west": {"uv": [8, 0, 9, 4], "rotation": 90, "texture": "#0"},
				"up": {"uv": [0, 1, 8, 5], "texture": "#0"},
				"down": {"uv": [0, 6, 8, 10], "texture": "#0"}
			}
		},
		{
			"from": [11, 0, 7],
			"to": [12, 8, 11],
			"rotation": {"angle": 0, "axis": "z", "origin": [8, 7.5, 9]},
			"faces": {
				"north": {"uv": [0, 0, 8, 1], "rotation": 90, "texture": "#0"},
				"east": {"uv": [0, 1, 8, 5], "rotation": 90, "texture": "#0"},
				"south": {"uv": [0, 5, 8, 6], "rotation": 90, "texture": "#0"},
				"west": {"uv": [0, 6, 8, 10], "rotation": 90, "texture": "#0"},
				"up": {"uv": [8, 0, 9, 4], "rotation": 180, "texture": "#0"},
				"down": {"uv": [9, 0, 10, 4], "rotation": 180, "texture": "#0"}
			}
		},
		{
			"from": [4, 0, 7],
			"to": [12, 1, 11],
			"rotation": {"angle": 0, "axis": "z", "origin": [11.5, 4, 9]},
			"faces": {
				"north": {"uv": [0, 0, 8, 1], "texture": "#0"},
				"east": {"uv": [8, 0, 9, 4], "rotation": 270, "texture": "#0"},
				"south": {"uv": [0, 5, 8, 6], "rotation": 180, "texture": "#0"},
				"west": {"uv": [9, 0, 10, 4], "rotation": 270, "texture": "#0"},
				"up": {"uv": [0, 6, 8, 10], "rotation": 180, "texture": "#0"},
				"down": {"uv": [0, 1, 8, 5], "rotation": 180, "texture": "#0"}
			}
		},
		{
			"from": [4, 0, 7],
			"to": [5, 8, 11],
			"rotation": {"angle": 0, "axis": "z", "origin": [8, 0.5, 9]},
			"faces": {
				"north": {"uv": [0, 0, 8, 1], "rotation": 270, "texture": "#0"},
				"east": {"uv": [0, 6, 8, 10], "rotation": 270, "texture": "#0"},
				"south": {"uv": [0, 5, 8, 6], "rotation": 270, "texture": "#0"},
				"west": {"uv": [0, 1, 8, 5], "rotation": 270, "texture": "#0"},
				"up": {"uv": [9, 0, 10, 4], "texture": "#0"},
				"down": {"uv": [8, 0, 9, 4], "texture": "#0"}
			}
		},
		{
			"from": [11.3, 1.7, 6],
			"to": [12.3, 5.7, 12],
			"rotation": {"angle": 0, "axis": "z", "origin": [8, 7.7, 9]},
			"faces": {
				"north": {"uv": [12, 15, 16, 16], "rotation": 270, "texture": "#0"},
				"east": {"uv": [10, 0, 16, 4], "rotation": 180, "texture": "#0"},
				"south": {"uv": [8, 15, 12, 16], "rotation": 90, "texture": "#0"},
				"west": {"uv": [10, 0, 16, 4], "rotation": 180, "texture": "#0"},
				"up": {"uv": [8, 14, 14, 15], "rotation": 90, "texture": "#0"},
				"down": {"uv": [8, 13, 14, 14], "rotation": 90, "texture": "#0"}
			}
		},
		{
			"from": [7.2, 7.5, 6],
			"to": [9.2, 8.5, 12],
			"rotation": {"angle": 0, "axis": "z", "origin": [8.2, 8, 9]},
			"faces": {
				"north": {"uv": [10, 4, 12, 5], "texture": "#0"},
				"east": {"uv": [10, 5, 11, 11], "rotation": 270, "texture": "#0"},
				"south": {"uv": [8, 4, 10, 5], "texture": "#0"},
				"west": {"uv": [13, 5, 14, 11], "rotation": 90, "texture": "#0"},
				"up": {"uv": [11, 5, 13, 11], "texture": "#0"},
				"down": {"uv": [8, 5, 10, 11], "texture": "#0"}
			}
		},
		{
			"from": [7.2, -0.5, 6],
			"to": [9.2, 0.5, 12],
			"rotation": {"angle": 0, "axis": "z", "origin": [8.2, 8, 9]},
			"faces": {
				"north": {"uv": [10, 4, 12, 5], "rotation": 180, "texture": "#0"},
				"east": {"uv": [13, 5, 14, 11], "rotation": 270, "texture": "#0"},
				"south": {"uv": [8, 4, 10, 5], "rotation": 180, "texture": "#0"},
				"west": {"uv": [10, 5, 11, 11], "rotation": 90, "texture": "#0"},
				"up": {"uv": [8, 5, 10, 11], "rotation": 180, "texture": "#0"},
				"down": {"uv": [11, 5, 13, 11], "rotation": 180, "texture": "#0"}
			}
		},
		{
			"from": [11.7, 2.7, 5],
			"to": [12.7, 4.7, 13],
			"rotation": {"angle": 0, "axis": "z", "origin": [8.2, 0, 9]},
			"faces": {
				"north": {"uv": [10, 4, 12, 5], "rotation": 270, "texture": "#0"},
				"east": {"uv": [11, 5, 13, 13], "rotation": 90, "texture": "#0"},
				"south": {"uv": [8, 4, 10, 5], "rotation": 90, "texture": "#0"},
				"west": {"uv": [8, 5, 10, 13], "rotation": 90, "texture": "#0"},
				"up": {"uv": [13, 5, 14, 13], "rotation": 180, "texture": "#0"},
				"down": {"uv": [10, 5, 11, 13], "texture": "#0"}
			}
		}
	],
	"gui_light": "front",
	"display": {
		"thirdperson_righthand": {
			"translation": [0, 0.4, 2.5],
			"scale": [0.6, 0.6, 0.6]
		},
		"thirdperson_lefthand": {
			"rotation": [0, 0, -180],
			"translation": [0, -4.4, 2.5],
			"scale": [0.6, 0.6, 0.6]
		},
		"firstperson_righthand": {
			"rotation": [0, -90, 25],
			"translation": [1.13, 3.2, 1.13],
			"scale": [0, 0, 0]
		},
		"firstperson_lefthand": {
			"rotation": [0, -90, 25],
			"translation": [1.13, 3.2, 1.13],
			"scale": [0, 0, 0]
		},
		"ground": {
			"translation": [0, 2, 0],
			"scale": [0.5, 0.5, 0.5]
		},
		"gui": {
			"rotation": [165.34, -47.59, -147.11],
			"translation": [2.875, 4.2, 0],
			"scale": [1.3, 1.3, 0.89]
		},
		"head": {
			"rotation": [0, 180, 0],
			"translation": [0, 13, 7]
		},
		"fixed": {
			"rotation": [0, 180, 0],
			"translation": [0, 4.25, 0]
		}
	},
	"groups": [
		{
			"name": "group",
			"origin": [0, 0, 0],
			"color": 0,
			"children": [0, 1, 2, 3]
		},
		4,
		5,
		6,
		7
	]
}