{
	"credit": "Made with Blockbench",
	"texture_size": [128, 128],
	"textures": {
		"0": "xylo:item/combat/hunter/hunter_dagger_model",
		"particle": "xylo:item/combat/hunter/hunter_dagger_model"
	},
	"elements": [
		{
			"from": [8.2, -0.6, 7.9],
			"to": [9.7, 0.9, 9.1],
			"rotation": {"angle": 45, "axis": "z", "origin": [8.95, 0.15, 8.5]},
			"faces": {
				"north": {"uv": [13, 2.125, 14.4375, 3.625], "rotation": 90, "texture": "#0"},
				"east": {"uv": [13, 3.625, 14.4375, 4.75], "rotation": 90, "texture": "#0"},
				"south": {"uv": [13, 2.125, 14.4375, 3.625], "rotation": 270, "texture": "#0"},
				"west": {"uv": [13, 3.625, 14.4375, 4.75], "rotation": 90, "texture": "#0"},
				"up": {"uv": [13, 3.625, 14.5, 4.75], "rotation": 270, "texture": "#0"},
				"down": {"uv": [13, 3.625, 14.5, 4.75], "rotation": 270, "texture": "#0"}
			}
		},
		{
			"from": [8.2, 0.4, 8],
			"to": [9.7, 7.6, 9],
			"rotation": {"angle": 0, "axis": "y", "origin": [10.28619, 13.82631, 8]},
			"faces": {
				"north": {"uv": [14.4375, 0, 16, 7.25], "texture": "#0"},
				"east": {"uv": [14.5, 0, 16, 7.25], "texture": "#0"},
				"south": {"uv": [14.4375, 0, 16, 7.25], "texture": "#0"},
				"west": {"uv": [14.5, 0, 16, 7.25], "texture": "#0"},
				"up": {"uv": [0, 0, 0.1875, 0.125], "rotation": 180, "texture": "#0"},
				"down": {"uv": [0, 0, 0.1875, 0.125], "rotation": 180, "texture": "#0"}
			}
		},
		{
			"from": [6.25, 7.4, 7.7],
			"to": [11.15, 8, 9.3],
			"rotation": {"angle": 0, "axis": "y", "origin": [10.28619, 13.82631, 8]},
			"faces": {
				"north": {"uv": [9.625, 0, 14.5, 0.625], "texture": "#0"},
				"east": {"uv": [8.375, 0, 9.625, 0.5], "texture": "#0"},
				"south": {"uv": [9.625, 0, 14.5, 0.625], "texture": "#0"},
				"west": {"uv": [8.375, 0, 9.625, 0.5], "texture": "#0"},
				"up": {"uv": [9.625, 0.625, 14.5, 2.125], "rotation": 180, "texture": "#0"},
				"down": {"uv": [9.625, 0.625, 14.5, 2.125], "rotation": 180, "texture": "#0"}
			}
		},
		{
			"from": [11.15, 7.4, 7.7],
			"to": [12.45, 7.9, 9.3],
			"rotation": {"angle": 45, "axis": "z", "origin": [11.15, 7.4, 8]},
			"faces": {
				"north": {"uv": [9.625, 0, 11.5, 0.625], "texture": "#0"},
				"east": {"uv": [8.375, 0, 9.625, 0.5], "texture": "#0"},
				"south": {"uv": [11.875, 0, 13.625, 0.625], "texture": "#0"},
				"west": {"uv": [8.375, 0, 9.625, 0.5], "texture": "#0"},
				"up": {"uv": [8.375, 0.625, 9.625, 2.125], "rotation": 180, "texture": "#0"},
				"down": {"uv": [8.375, 0.625, 9.625, 2.125], "rotation": 180, "texture": "#0"}
			}
		},
		{
			"from": [7.5, 8, 8.25],
			"to": [10.25, 17, 8.75],
			"rotation": {"angle": 0, "axis": "y", "origin": [10.28619, 16.92631, 8]},
			"faces": {
				"north": {"uv": [0, 0, 2.75, 9], "texture": "#0"},
				"east": {"uv": [5.5, 0, 5.625, 9], "texture": "#0"},
				"south": {"uv": [2.75, 0, 5.5, 9], "texture": "#0"},
				"west": {"uv": [5.625, 0, 5.75, 9], "texture": "#0"},
				"up": {"uv": [4.875, 11.5, 6.5, 14.125], "rotation": 180, "texture": "#0"},
				"down": {"uv": [1.875, 10.25, 3.875, 11.125], "rotation": 180, "texture": "#0"}
			}
		},
		{
			"from": [9.2, 8, 8.248],
			"to": [10.25, 17, 8.752],
			"rotation": {"angle": 0, "axis": "y", "origin": [10.28619, 16.92631, 8]},
			"faces": {
				"north": {"uv": [0, 0, 1.375, 8.875], "texture": "#0"},
				"east": {"uv": [5.5, 0, 5.625, 9], "texture": "#0"},
				"south": {"uv": [2.75, 0, 4.125, 9], "texture": "#0"},
				"west": {"uv": [5.625, 0, 5.75, 9], "texture": "#0"},
				"up": {"uv": [4.875, 11.5, 6.5, 14.125], "rotation": 180, "texture": "#0"},
				"down": {"uv": [1.875, 10.25, 3.875, 11.125], "rotation": 180, "texture": "#0"}
			}
		},
		{
			"from": [8.4175, 17, 8.25],
			"to": [9.3325, 17.8, 8.75],
			"rotation": {"angle": 0, "axis": "y", "origin": [10.28619, 16.92631, 8]},
			"faces": {
				"north": {"uv": [6.625, 0, 7.375, 0.875], "texture": "#0"},
				"east": {"uv": [5.5, 1.5, 5.625, 3.125], "texture": "#0"},
				"south": {"uv": [6.625, 0, 7.375, 0.875], "texture": "#0"},
				"west": {"uv": [5.625, 1.625, 5.75, 3.125], "texture": "#0"},
				"up": {"uv": [1.5, 2, 1.75, 2.125], "rotation": 180, "texture": "#0"},
				"down": {"uv": [1.5, 2.125, 1.75, 2.25], "rotation": 180, "texture": "#0"}
			}
		},
		{
			"from": [7.5, 17, 8.25],
			"to": [8.4175, 18.69, 8.75],
			"rotation": {"angle": 0, "axis": "y", "origin": [10.28619, 16.92631, 8]},
			"faces": {
				"north": {"uv": [6.625, 0.875, 7.375, 2.625], "texture": "#0"},
				"east": {"uv": [5.5, 1.5, 5.625, 3.75], "texture": "#0"},
				"south": {"uv": [7.375, 0.875, 6.625, 2.625], "texture": "#0"},
				"west": {"uv": [5.625, 1.5, 5.75, 3.75], "texture": "#0"},
				"up": {"uv": [0.75, 2, 1.125, 2.125], "rotation": 180, "texture": "#0"},
				"down": {"uv": [0.75, 2.125, 1.125, 2.25], "rotation": 180, "texture": "#0"}
			}
		},
		{
			"from": [10.25, 8, 8.35],
			"to": [10.4, 17, 8.65],
			"rotation": {"angle": 0, "axis": "y", "origin": [10.28619, 16.92631, 8]},
			"faces": {
				"north": {"uv": [5.75, 0, 6.25, 8.9625], "texture": "#0"},
				"east": {"uv": [5.5, 0, 5.625, 8.9625], "texture": "#0"},
				"south": {"uv": [5.75, 0, 6.25, 8.9625], "texture": "#0"},
				"west": {"uv": [0, 0, 0.125, 1.3375], "texture": "#0"},
				"up": {"uv": [0, 0, 0.375, 0.125], "rotation": 180, "texture": "#0"},
				"down": {"uv": [0, 0, 0.375, 0.125], "rotation": 180, "texture": "#0"}
			}
		},
		{
			"from": [10.4, 7.9, 8.4375],
			"to": [10.55, 17, 8.5625],
			"rotation": {"angle": 0, "axis": "y", "origin": [10.25, 17, 8.75]},
			"faces": {
				"north": {"uv": [6.25, 0, 6.625, 8.9625], "texture": "#0"},
				"east": {"uv": [5.625, 0, 5.75, 8.9625], "texture": "#0"},
				"south": {"uv": [6.25, 0, 6.625, 8.9625], "texture": "#0"},
				"west": {"uv": [0, 0, 0.125, 1.3375], "texture": "#0"},
				"up": {"uv": [0, 0, 0.375, 0.125], "rotation": 180, "texture": "#0"},
				"down": {"uv": [0, 0, 0.375, 0.125], "rotation": 180, "texture": "#0"}
			}
		},
		{
			"from": [9.5, 17, 8.249],
			"to": [10.25, 20.141, 8.751],
			"rotation": {"angle": 45, "axis": "z", "origin": [10.25, 17, 8.75]},
			"faces": {
				"north": {"uv": [7.375, 0, 8.125, 3.8375], "texture": "#0"},
				"east": {"uv": [5.5, 0, 5.625, 2.8375], "texture": "#0"},
				"south": {"uv": [7.375, 0, 8.125, 3.8375], "texture": "#0"},
				"west": {"uv": [5.5, 2.875, 5.625, 4.9625], "texture": "#0"},
				"up": {"uv": [5.75, 0, 6.25, 0.625], "rotation": 180, "texture": "#0"},
				"down": {"uv": [0, 0, 0.375, 0.125], "rotation": 180, "texture": "#0"}
			}
		},
		{
			"from": [10.25, 17, 8.35],
			"to": [10.4, 20.25, 8.65],
			"rotation": {"angle": 45, "axis": "z", "origin": [10.4, 17, 8.75]},
			"faces": {
				"north": {"uv": [8.125, 0, 8.25, 3.8375], "texture": "#0"},
				"east": {"uv": [5.625, 0.25, 5.5, 4.0875], "texture": "#0"},
				"south": {"uv": [8.125, 0, 8.25, 3.8375], "texture": "#0"},
				"west": {"uv": [8.625, 4.125, 8.75, 5.4625], "texture": "#0"},
				"up": {"uv": [4.25, 1.875, 4.75, 2.125], "rotation": 180, "texture": "#0"},
				"down": {"uv": [11.25, 3, 11.625, 3.125], "rotation": 180, "texture": "#0"}
			}
		},
		{
			"from": [10.4, 17, 8.4375],
			"to": [10.55, 20.352, 8.5625],
			"rotation": {"angle": 45, "axis": "z", "origin": [10.55, 17, 8.75]},
			"faces": {
				"north": {"uv": [8.25, 0, 8.375, 3.9625], "texture": "#0"},
				"east": {"uv": [5.75, 0, 5.625, 3.9625], "texture": "#0"},
				"south": {"uv": [8.25, 0, 8.375, 3.9625], "texture": "#0"},
				"west": {"uv": [0, 0, 0.125, 1.3375], "texture": "#0"},
				"up": {"uv": [4.25, 2.25, 4.625, 2.625], "rotation": 180, "texture": "#0"},
				"down": {"uv": [0, 0, 0.375, 0.125], "rotation": 180, "texture": "#0"}
			}
		}
	],
	"gui_light": "front",
	"display": {
		"thirdperson_righthand": {
			"rotation": [0, 90, 0],
			"translation": [-0.5, 1.25, 2.5],
			"scale": [0.85, 0.85, 0.85]
		},
		"thirdperson_lefthand": {
			"rotation": [0, -90, 0],
			"translation": [0.5, 1.25, 2.5],
			"scale": [0.85, 0.85, 0.85]
		},
		"firstperson_righthand": {
			"rotation": [-67, 36, 33],
			"translation": [0.5, 1.5, 1.13],
			"scale": [0.68, 0.68, 0.68]
		},
		"firstperson_lefthand": {
			"rotation": [-67, -144, -33],
			"translation": [0.75, 1.75, 1.13],
			"scale": [0.68, 0.68, 0.68]
		},
		"ground": {
			"translation": [0, 1.5, 0],
			"scale": [0.6, 0.6, 0.6]
		},
		"gui": {
			"rotation": [180, 0, -135.5],
			"translation": [-0.5, -1.4, 0],
			"scale": [1.07, 1.06, 1]
		},
		"head": {
			"rotation": [0, 90, -90],
			"translation": [-0.5, -48.5, 0]
		},
		"fixed": {
			"rotation": [0, 0, -45],
			"translation": [-1.5, -0.75, -1.25]
		}
	}
}