{
  "condition": "minecraft:alternative",
  "terms": [
    {
      "condition": "minecraft:entity_properties",
      "entity": "this",
      "predicate": {
        "nbt": "{EnderItems:[{Slot:16b,id:\"minecraft:chest\",Count:1b}]}"
      }
    },
    {
      "condition": "minecraft:entity_properties",
      "entity": "this",
      "predicate": {
        "nbt": "{EnderItems:[{Slot:16b,id:\"minecraft:shulker_box\",Count:1b}]}"
      }
    },
    {
      "condition": "minecraft:entity_properties",
      "entity": "this",
      "predicate": {
        "nbt": "{EnderItems:[{Slot:16b,id:\"minecraft:white_shulker_box\",Count:1b}]}"
      }
    },
    {
      "condition": "minecraft:entity_properties",
      "entity": "this",
      "predicate": {
        "nbt": "{EnderItems:[{Slot:16b,id:\"minecraft:orange_shulker_box\",Count:1b}]}"
      }
    },
    {
      "condition": "minecraft:entity_properties",
      "entity": "this",
      "predicate": {
        "nbt": "{EnderItems:[{Slot:16b,id:\"minecraft:magenta_shulker_box\",Count:1b}]}"
      }
    },
    {
      "condition": "minecraft:entity_properties",
      "entity": "this",
      "predicate": {
        "nbt": "{EnderItems:[{Slot:16b,id:\"minecraft:light_blue_shulker_box\",Count:1b}]}"
      }
    },
    {
      "condition": "minecraft:entity_properties",
      "entity": "this",
      "predicate": {
        "nbt": "{EnderItems:[{Slot:16b,id:\"minecraft:yellow_shulker_box\",Count:1b}]}"
      }
    },
    {
      "condition": "minecraft:entity_properties",
      "entity": "this",
      "predicate": {
        "nbt": "{EnderItems:[{Slot:16b,id:\"minecraft:lime_shulker_box\",Count:1b}]}"
      }
    },
    {
      "condition": "minecraft:entity_properties",
      "entity": "this",
      "predicate": {
        "nbt": "{EnderItems:[{Slot:16b,id:\"minecraft:pink_shulker_box\",Count:1b}]}"
      }
    },
    {
      "condition": "minecraft:entity_properties",
      "entity": "this",
      "predicate": {
        "nbt": "{EnderItems:[{Slot:16b,id:\"minecraft:gray_shulker_box\",Count:1b}]}"
      }
    },
    {
      "condition": "minecraft:entity_properties",
      "entity": "this",
      "predicate": {
        "nbt": "{EnderItems:[{Slot:16b,id:\"minecraft:light_gray_shulker_box\",Count:1b}]}"
      }
    },
    {
      "condition": "minecraft:entity_properties",
      "entity": "this",
      "predicate": {
        "nbt": "{EnderItems:[{Slot:16b,id:\"minecraft:cyan_shulker_box\",Count:1b}]}"
      }
    },
    {
      "condition": "minecraft:entity_properties",
      "entity": "this",
      "predicate": {
        "nbt": "{EnderItems:[{Slot:16b,id:\"minecraft:purple_shulker_box\",Count:1b}]}"
      }
    },
    {
      "condition": "minecraft:entity_properties",
      "entity": "this",
      "predicate": {
        "nbt": "{EnderItems:[{Slot:16b,id:\"minecraft:blue_shulker_box\",Count:1b}]}"
      }
    },
    {
      "condition": "minecraft:entity_properties",
      "entity": "this",
      "predicate": {
        "nbt": "{EnderItems:[{Slot:16b,id:\"minecraft:brown_shulker_box\",Count:1b}]}"
      }
    },
    {
      "condition": "minecraft:entity_properties",
      "entity": "this",
      "predicate": {
        "nbt": "{EnderItems:[{Slot:16b,id:\"minecraft:green_shulker_box\",Count:1b}]}"
      }
    },
    {
      "condition": "minecraft:entity_properties",
      "entity": "this",
      "predicate": {
        "nbt": "{EnderItems:[{Slot:16b,id:\"minecraft:red_shulker_box\",Count:1b}]}"
      }
    },
    {
      "condition": "minecraft:entity_properties",
      "entity": "this",
      "predicate": {
        "nbt": "{EnderItems:[{Slot:16b,id:\"minecraft:black_shulker_box\",Count:1b}]}"
      }
    }
  ]
}
