{
    "providers": [
        
        {
            "type": "bitmap",
            "file": "xylo_rpg:advancements/skills_table.png",
            "ascent": 7,
            "height": 32,
            "chars": ["\uE000"]
        },
        {
            "type": "bitmap",
            "file": "xylo_rpg:advancements/cores.png",
            "ascent": 5,
            "height": 12,
            "chars": ["\uE001"]
        },
        {
            "type": "bitmap",
            "file": "minecraft:item/iron_helmet.png",
            "ascent": 7,
            "height": 10,
            "chars": ["\uE002"]
        },
        {
            "type": "bitmap",
            "file": "minecraft:item/iron_chestplate.png",
            "ascent": 7,
            "height": 10,
            "chars": ["\uE003"]
        },
        {
            "type": "bitmap",
            "file": "minecraft:item/iron_leggings.png",
            "ascent": 7,
            "height": 10,
            "chars": ["\uE004"]
        },
        {
            "type": "bitmap",
            "file": "minecraft:item/iron_boots.png",
            "ascent": 7,
            "height": 10,
            "chars": ["\uE005"]
        },
        {
            "type": "bitmap",
            "file": "minecraft:item/iron_sword.png",
            "ascent": 7,
            "height": 10,
            "chars": ["\uE006"]
        },
        {
            "type": "bitmap",
            "file": "minecraft:item/iron_axe.png",
            "ascent": 7,
            "height": 10,
            "chars": ["\uE007"]
        },
        {
            "type": "bitmap",
            "file": "xylo_rpg:item/weapons/one_edge_sword/iron.png",
            "ascent": 7,
            "height": 10,
            "chars": ["\uE008"]
        },
        {
            "type": "bitmap",
            "file": "minecraft:item/bow.png",
            "ascent": 7,
            "height": 10,
            "chars": ["\uE009"]
        },
        {
            "type": "bitmap",
            "file": "minecraft:item/crossbow_standby.png",
            "ascent": 7,
            "height": 10,
            "chars": ["\uE00A"]
        },
        {
            "type": "bitmap",
            "file": "xylo_rpg:item/weapons/spear/iron.png",
            "ascent": 7,
            "height": 10,
            "chars": ["\uE00B"]
        },
        {
            "type": "bitmap",
            "file": "xylo_rpg:item/weapons/dagger/iron.png",
            "ascent": 8,
            "height": 10,
            "chars": ["\uE00C"]
        },
        {
            "type": "bitmap",
            "file": "xylo_rpg:item/weapons/long_sword/iron.png",
            "ascent": 7,
            "height": 10,
            "chars": ["\uE00D"]
        },
        {
            "type": "bitmap",
            "file": "xylo_rpg:advancements/shield.png",
            "ascent": 7,
            "height": 10,
            "chars": ["\uE00E"]
        },
        {
            "type": "bitmap",
            "file": "xylo_rpg:item/weapons/light_sword/iron.png",
            "ascent": 7,
            "height": 10,
            "chars": ["\uE00F"]
        }



    ]
}








