{
    "providers": [
        
        {
            "type": "bitmap",
            "file": "xylo_rpg:item/gui/darkness.png",
            "ascent": 7,
            "height": 8,
            "chars": ["\uE001"]
        },
        {
            "type": "bitmap",
            "file": "xylo_rpg:item/gui/light.png",
            "ascent": 7,
            "height": 8,
            "chars": ["\uE002"]
        },
        {
            "type": "bitmap",
            "file": "xylo_rpg:item/gui/fire.png",
            "ascent": 7,
            "height": 8,
            "chars": ["\uE003"]
        },
        {
            "type": "bitmap",
            "file": "xylo_rpg:item/gui/freeze.png",
            "ascent": 7,
            "height": 8,
            "chars": ["\uE004"]
        },
        {
            "type": "bitmap",
            "file": "xylo_rpg:item/gui/shock.png",
            "ascent": 7,
            "height": 8,
            "chars": ["\uE005"]
        },
        {
            "type": "bitmap",
            "file": "xylo_rpg:item/gui/air.png",
            "ascent": 7,
            "height": 8,
            "chars": ["\uE006"]
        }




    ]
}