{
    "providers": [
        
        
        {
            "type": "bitmap",
            "file": "xylo_rpg:item/gui/atk_dmg.png",
            "ascent": 10,
            "height": 12,
            "chars": ["\uE001"]
        },
        {
            "type": "bitmap",
            "file": "xylo_rpg:item/gui/range_dmg.png",
            "ascent": 10,
            "height": 12,
            "chars": ["\uE002"]
        },
        {
            "type": "bitmap",
            "file": "xylo_rpg:item/gui/magic_dmg.png",
            "ascent": 9,
            "height": 10,
            "chars": ["\uE003"]
        },
        {
            "type": "bitmap",
            "file": "xylo_rpg:item/gui/handling.png",
            "ascent": 10,
            "height": 12,
            "chars": ["\uE004"]
        },
        {
            "type": "bitmap",
            "file": "xylo_rpg:item/gui/mobility.png",
            "ascent": 10,
            "height": 12,
            "chars": ["\uE005"]
        },
        {
            "type": "bitmap",
            "file": "xylo_rpg:item/gui/health.png",
            "ascent": 10,
            "height": 12,
            "chars": ["\uE006"]
        },
        {
            "type": "bitmap",
            "file": "xylo_rpg:item/gui/stamina_cap.png",
            "ascent": 10,
            "height": 12,
            "chars": ["\uE007"]
        },
        {
            "type": "bitmap",
            "file": "xylo_rpg:item/gui/stamina_reg.png",
            "ascent": 10,
            "height": 12,
            "chars": ["\uE008"]
        },
        {
            "type": "bitmap",
            "file": "xylo_rpg:item/gui/energy_cap.png",
            "ascent": 9,
            "height": 10,
            "chars": ["\uE009"]
        },
        {
            "type": "bitmap",
            "file": "xylo_rpg:item/gui/energy_reg.png",
            "ascent": 9,
            "height": 10,
            "chars": ["\uE00A"]
        },
        {
            "type": "bitmap",
            "file": "xylo_rpg:item/gui/oshield_cap.png",
            "ascent": 10,
            "height": 12,
            "chars": ["\uE00B"]
        },
        {
            "type": "bitmap",
            "file": "xylo_rpg:item/gui/transm_eff.png",
            "ascent": 10,
            "height": 12,
            "chars": ["\uE00C"]
        }


    ]
}