{
  "parent": "wasd.tnt:recipes/crafter_recipe",
  "display": {
    "icon": {
      "item": "minecraft:glow_item_frame",
      "nbt": "{CustomModelData:6371002}"
    },
    "title": "紫晶TNT",
    "description": "爆炸时产生具有破坏性的紫水晶碎片。",
    "frame": "goal",
    "show_toast": true,
    "announce_to_chat": false,
    "hidden": false
  },
  "criteria": {
    "requirement": {
      "trigger": "minecraft:inventory_changed",
      "conditions": {
        "items": [
          {
            "nbt": "{CustomModelData:6371002}",
            "items": [
              "minecraft:glow_item_frame"
            ]
          }
        ]
      }
    }
  }
}
