{
    "type": "minecraft:crafting_shaped",
    "pattern": [
        "#D#",
        "#C#",
        "#I#"
    ],
    "key": {
        "#": {
            "item": "minecraft:obsidian"
        },
        "I": {
            "item": "minecraft:iron_block"
        },
        "C": {
            "item": "minecraft:crafting_table"
        },
        "D": {
            "item": "minecraft:diamond"
        }
    },
    "result": {
        "item": "minecraft:item_frame",
        "data":"{display:{Name:'{\"text\":\"Machine Crafter\",\"italic\":false}'},CustomModelData:6370004,EntityTag:{Item:{id:\"minecraft:item_frame\",Count:1b,tag:{CustomModelData:6370004}},Tags:[\"wasd.machine_crafter\"],Facing:1b,Invulnerable:1b,Invisible:1b,Fixed:1b}}"
    }
}