{
	"credit": "Made with Blockbench",
	"texture_size": [64, 64],
	"textures": {
		"0": "xylo_rpg:item/abilities/turret",
		"particle": "xylo_rpg:item/abilities/turret"
	},
	"elements": [
		{
			"from": [12.58436, 15.11865, 6],
			"to": [18.58436, 17.11865, 12],
			"rotation": {"angle": -45, "axis": "z", "origin": [12.7, 17, 0]},
			"faces": {
				"north": {"uv": [1.5, 10.5, 3, 11], "texture": "#0"},
				"east": {"uv": [10.5, 1.5, 12, 2], "texture": "#0"},
				"south": {"uv": [10.5, 2, 12, 2.5], "texture": "#0"},
				"west": {"uv": [10.5, 2.5, 12, 3], "texture": "#0"},
				"up": {"uv": [4.5, 4.5, 3, 3], "texture": "#0"},
				"down": {"uv": [1.5, 4.5, 0, 6], "texture": "#0"}
			}
		},
		{
			"from": [-0.58436, 15.11865, 6],
			"to": [5.41564, 17.11865, 12],
			"rotation": {"angle": 45, "axis": "z", "origin": [5.3, 17, 0]},
			"faces": {
				"north": {"uv": [3, 10.5, 4.5, 11], "texture": "#0"},
				"east": {"uv": [10.5, 3, 12, 3.5], "texture": "#0"},
				"south": {"uv": [10.5, 3.5, 12, 4], "texture": "#0"},
				"west": {"uv": [10.5, 4, 12, 4.5], "texture": "#0"},
				"up": {"uv": [6, 1.5, 4.5, 0], "texture": "#0"},
				"down": {"uv": [3, 4.5, 1.5, 6], "texture": "#0"}
			}
		},
		{
			"from": [6, 15.11865, -0.58436],
			"to": [12, 17.11865, 5.41564],
			"rotation": {"angle": -45, "axis": "x", "origin": [18, 17, 5.3]},
			"faces": {
				"north": {"uv": [10.5, 10, 12, 10.5], "texture": "#0"},
				"east": {"uv": [10.5, 10.5, 12, 11], "texture": "#0"},
				"south": {"uv": [10.75, 8, 12.25, 8.5], "texture": "#0"},
				"west": {"uv": [10.75, 8.5, 12.25, 9], "texture": "#0"},
				"up": {"uv": [6, 4.5, 4.5, 3], "texture": "#0"},
				"down": {"uv": [6, 4.5, 4.5, 6], "texture": "#0"}
			}
		},
		{
			"from": [6, 15.11865, 12.58436],
			"to": [12, 17.11865, 18.58436],
			"rotation": {"angle": 45, "axis": "x", "origin": [18, 17, 12.7]},
			"faces": {
				"north": {"uv": [11, 5, 12.5, 5.5], "texture": "#0"},
				"east": {"uv": [11, 5.5, 12.5, 6], "texture": "#0"},
				"south": {"uv": [6, 11, 7.5, 11.5], "texture": "#0"},
				"west": {"uv": [11, 6, 12.5, 6.5], "texture": "#0"},
				"up": {"uv": [4.5, 7.5, 3, 6], "texture": "#0"},
				"down": {"uv": [7.5, 3, 6, 4.5], "texture": "#0"}
			}
		},
		{
			"from": [12.58436, 0.88135, 6],
			"to": [18.58436, 2.88135, 12],
			"rotation": {"angle": 45, "axis": "z", "origin": [12.7, 1, 0]},
			"faces": {
				"north": {"uv": [11, 7.5, 12.5, 8], "texture": "#0"},
				"east": {"uv": [11.5, 0, 13, 0.5], "texture": "#0"},
				"south": {"uv": [11.5, 0.5, 13, 1], "texture": "#0"},
				"west": {"uv": [11.5, 1, 13, 1.5], "texture": "#0"},
				"up": {"uv": [9, 4.5, 7.5, 3], "texture": "#0"},
				"down": {"uv": [6, 7.5, 4.5, 9], "texture": "#0"}
			}
		},
		{
			"from": [-0.58436, 0.88135, 6],
			"to": [5.41564, 2.88135, 12],
			"rotation": {"angle": -45, "axis": "z", "origin": [5.3, 1, 0]},
			"faces": {
				"north": {"uv": [3, 11.5, 4.5, 12], "texture": "#0"},
				"east": {"uv": [6, 11.5, 7.5, 12], "texture": "#0"},
				"south": {"uv": [11.75, 6.5, 13.25, 7], "texture": "#0"},
				"west": {"uv": [11.75, 7, 13.25, 7.5], "texture": "#0"},
				"up": {"uv": [9, 6, 7.5, 4.5], "texture": "#0"},
				"down": {"uv": [7.5, 7.5, 6, 9], "texture": "#0"}
			}
		},
		{
			"from": [6, 0.88135, -0.58436],
			"to": [12, 2.88135, 5.41564],
			"rotation": {"angle": 45, "axis": "x", "origin": [18, 1, 5.3]},
			"faces": {
				"north": {"uv": [12, 1.5, 13.5, 2], "texture": "#0"},
				"east": {"uv": [12, 2, 13.5, 2.5], "texture": "#0"},
				"south": {"uv": [12, 2.5, 13.5, 3], "texture": "#0"},
				"west": {"uv": [3, 12, 4.5, 12.5], "texture": "#0"},
				"up": {"uv": [1.5, 10.5, 0, 9], "texture": "#0"},
				"down": {"uv": [10.5, 0, 9, 1.5], "texture": "#0"}
			}
		},
		{
			"from": [6, 0.88135, 12.58436],
			"to": [12, 2.88135, 18.58436],
			"rotation": {"angle": -45, "axis": "x", "origin": [18, 1, 12.7]},
			"faces": {
				"north": {"uv": [12.25, 8, 13.75, 8.5], "texture": "#0"},
				"east": {"uv": [12.25, 8.5, 13.75, 9], "texture": "#0"},
				"south": {"uv": [12.25, 9, 13.75, 9.5], "texture": "#0"},
				"west": {"uv": [12.25, 9.5, 13.75, 10], "texture": "#0"},
				"up": {"uv": [6, 10.5, 4.5, 9], "texture": "#0"},
				"down": {"uv": [10.5, 4.5, 9, 6], "texture": "#0"}
			}
		}
	],
	"display": {
		"thirdperson_righthand": {
			"rotation": [75, 45, 0],
			"translation": [0, 2.5, 0],
			"scale": [0.375, 0.375, 0.375]
		},
		"thirdperson_lefthand": {
			"rotation": [75, 45, 0],
			"translation": [0, 2.5, 0],
			"scale": [0.375, 0.375, 0.375]
		},
		"firstperson_righthand": {
			"rotation": [0, 45, 0],
			"scale": [0.4, 0.4, 0.4]
		},
		"firstperson_lefthand": {
			"rotation": [0, 225, 0],
			"scale": [0.4, 0.4, 0.4]
		},
		"ground": {
			"translation": [0, 3, 0],
			"scale": [0.25, 0.25, 0.25]
		},
		"gui": {
			"rotation": [30, 225, 0],
			"scale": [0.625, 0.625, 0.625]
		},
		"head": {
			"translation": [-0.75, -32.9, -0.75],
			"scale": [1.13, 1.13, 1.13]
		},
		"fixed": {
			"scale": [0.5, 0.5, 0.5]
		}
	},
	"groups": [
		{
			"name": "group",
			"origin": [18, 17, 12.7],
			"color": 0,
			"children": [0, 1, 2, 3]
		},
		{
			"name": "group",
			"origin": [18, 17, 12.7],
			"color": 0,
			"children": [4, 5, 6, 7]
		}
	]
}