{
	"credit": "Made with Blockbench",
	"texture_size": [64, 64],
	"textures": {
		"0": "xylo_rpg:item/abilities/turret",
		"particle": "xylo_rpg:item/abilities/turret"
	},
	"elements": [
		{
			"from": [6, 13, 6],
			"to": [12, 19, 12],
			"rotation": {"angle": 0, "axis": "z", "origin": [6, 19, 0]},
			"faces": {
				"north": {"uv": [0, 0, 1.5, 1.5], "texture": "#0"},
				"east": {"uv": [0, 1.5, 1.5, 3], "texture": "#0"},
				"south": {"uv": [1.5, 0, 3, 1.5], "texture": "#0"},
				"west": {"uv": [1.5, 1.5, 3, 3], "texture": "#0"},
				"up": {"uv": [1.5, 4.5, 0, 3], "texture": "#0"},
				"down": {"uv": [4.5, 0, 3, 1.5], "texture": "#0"}
			}
		},
		{
			"from": [7, 18.8, 7],
			"to": [11, 22.8, 11],
			"faces": {
				"north": {"uv": [6, 9, 7, 10], "texture": "#0"},
				"east": {"uv": [9, 6, 10, 7], "texture": "#0"},
				"south": {"uv": [7, 9, 8, 10], "texture": "#0"},
				"west": {"uv": [9, 7, 10, 8], "texture": "#0"},
				"up": {"uv": [9, 10, 8, 9], "texture": "#0"},
				"down": {"uv": [10, 8, 9, 9], "texture": "#0"}
			}
		},
		{
			"from": [7.5, 22.7, 7.5],
			"to": [10.5, 26.7, 10.5],
			"faces": {
				"north": {"uv": [10, 8, 10.75, 9], "texture": "#0"},
				"east": {"uv": [9, 10, 9.75, 11], "texture": "#0"},
				"south": {"uv": [10, 9, 10.75, 10], "texture": "#0"},
				"west": {"uv": [9.75, 10, 10.5, 11], "texture": "#0"},
				"up": {"uv": [9.75, 12.75, 9, 12], "texture": "#0"},
				"down": {"uv": [13, 11, 12.25, 11.75], "texture": "#0"}
			}
		},
		{
			"from": [10, 13, 6],
			"to": [12, 19, 12],
			"rotation": {"angle": 22.5, "axis": "z", "origin": [12, 19, 0]},
			"faces": {
				"north": {"uv": [0, 10.5, 0.5, 12], "texture": "#0"},
				"east": {"uv": [1.5, 3, 3, 4.5], "texture": "#0"},
				"south": {"uv": [10.5, 0, 11, 1.5], "texture": "#0"},
				"west": {"uv": [3, 1.5, 4.5, 3], "texture": "#0"},
				"up": {"uv": [1, 12, 0.5, 10.5], "texture": "#0"},
				"down": {"uv": [1.5, 10.5, 1, 12], "texture": "#0"}
			}
		},
		{
			"from": [12.58436, 15.11865, 6],
			"to": [18.58436, 17.11865, 12],
			"rotation": {"angle": -45, "axis": "z", "origin": [12.7, 17, 0]},
			"faces": {
				"north": {"uv": [1.5, 10.5, 3, 11], "texture": "#0"},
				"east": {"uv": [10.5, 1.5, 12, 2], "texture": "#0"},
				"south": {"uv": [10.5, 2, 12, 2.5], "texture": "#0"},
				"west": {"uv": [10.5, 2.5, 12, 3], "texture": "#0"},
				"up": {"uv": [4.5, 4.5, 3, 3], "texture": "#0"},
				"down": {"uv": [1.5, 4.5, 0, 6], "texture": "#0"}
			}
		},
		{
			"from": [-0.58436, 15.11865, 6],
			"to": [5.41564, 17.11865, 12],
			"rotation": {"angle": 45, "axis": "z", "origin": [5.3, 17, 0]},
			"faces": {
				"north": {"uv": [3, 10.5, 4.5, 11], "texture": "#0"},
				"east": {"uv": [10.5, 3, 12, 3.5], "texture": "#0"},
				"south": {"uv": [10.5, 3.5, 12, 4], "texture": "#0"},
				"west": {"uv": [10.5, 4, 12, 4.5], "texture": "#0"},
				"up": {"uv": [6, 1.5, 4.5, 0], "texture": "#0"},
				"down": {"uv": [3, 4.5, 1.5, 6], "texture": "#0"}
			}
		},
		{
			"from": [6, 13, 6],
			"to": [8, 19, 12],
			"rotation": {"angle": -22.5, "axis": "z", "origin": [6, 19, 0]},
			"faces": {
				"north": {"uv": [4.5, 10.5, 5, 12], "texture": "#0"},
				"east": {"uv": [4.5, 1.5, 6, 3], "texture": "#0"},
				"south": {"uv": [10.5, 4.5, 11, 6], "texture": "#0"},
				"west": {"uv": [3, 4.5, 4.5, 6], "texture": "#0"},
				"up": {"uv": [5.5, 12, 5, 10.5], "texture": "#0"},
				"down": {"uv": [6, 10.5, 5.5, 12], "texture": "#0"}
			}
		},
		{
			"from": [6, 15.11865, -0.58436],
			"to": [12, 17.11865, 5.41564],
			"rotation": {"angle": -45, "axis": "x", "origin": [18, 17, 5.3]},
			"faces": {
				"north": {"uv": [10.5, 10, 12, 10.5], "texture": "#0"},
				"east": {"uv": [10.5, 10.5, 12, 11], "texture": "#0"},
				"south": {"uv": [10.75, 8, 12.25, 8.5], "texture": "#0"},
				"west": {"uv": [10.75, 8.5, 12.25, 9], "texture": "#0"},
				"up": {"uv": [6, 4.5, 4.5, 3], "texture": "#0"},
				"down": {"uv": [6, 4.5, 4.5, 6], "texture": "#0"}
			}
		},
		{
			"from": [6, 13, 6],
			"to": [12, 19, 8],
			"rotation": {"angle": 22.5, "axis": "x", "origin": [18, 19, 6]},
			"faces": {
				"north": {"uv": [0, 6, 1.5, 7.5], "texture": "#0"},
				"east": {"uv": [11, 0, 11.5, 1.5], "texture": "#0"},
				"south": {"uv": [6, 0, 7.5, 1.5], "texture": "#0"},
				"west": {"uv": [1.5, 11, 2, 12.5], "texture": "#0"},
				"up": {"uv": [12.25, 9.5, 10.75, 9], "texture": "#0"},
				"down": {"uv": [12.25, 9.5, 10.75, 10], "texture": "#0"}
			}
		},
		{
			"from": [6, 13, 10],
			"to": [12, 19, 12],
			"rotation": {"angle": -22.5, "axis": "x", "origin": [18, 19, 12]},
			"faces": {
				"north": {"uv": [1.5, 6, 3, 7.5], "texture": "#0"},
				"east": {"uv": [2, 11, 2.5, 12.5], "texture": "#0"},
				"south": {"uv": [6, 1.5, 7.5, 3], "texture": "#0"},
				"west": {"uv": [2.5, 11, 3, 12.5], "texture": "#0"},
				"up": {"uv": [4.5, 11.5, 3, 11], "texture": "#0"},
				"down": {"uv": [12.5, 4.5, 11, 5], "texture": "#0"}
			}
		},
		{
			"from": [6, 15.11865, 12.58436],
			"to": [12, 17.11865, 18.58436],
			"rotation": {"angle": 45, "axis": "x", "origin": [18, 17, 12.7]},
			"faces": {
				"north": {"uv": [11, 5, 12.5, 5.5], "texture": "#0"},
				"east": {"uv": [11, 5.5, 12.5, 6], "texture": "#0"},
				"south": {"uv": [6, 11, 7.5, 11.5], "texture": "#0"},
				"west": {"uv": [11, 6, 12.5, 6.5], "texture": "#0"},
				"up": {"uv": [4.5, 7.5, 3, 6], "texture": "#0"},
				"down": {"uv": [7.5, 3, 6, 4.5], "texture": "#0"}
			}
		},
		{
			"from": [6, -1, 6],
			"to": [12, 5, 12],
			"rotation": {"angle": 0, "axis": "y", "origin": [6, -1, 0]},
			"faces": {
				"north": {"uv": [4.5, 6, 6, 7.5], "texture": "#0"},
				"east": {"uv": [6, 4.5, 7.5, 6], "texture": "#0"},
				"south": {"uv": [6, 6, 7.5, 7.5], "texture": "#0"},
				"west": {"uv": [0, 7.5, 1.5, 9], "texture": "#0"},
				"up": {"uv": [9, 1.5, 7.5, 0], "texture": "#0"},
				"down": {"uv": [3, 7.5, 1.5, 9], "texture": "#0"}
			}
		},
		{
			"from": [7, -4.8, 7],
			"to": [11, -0.8, 11],
			"rotation": {"angle": 0, "axis": "y", "origin": [0, 18, 0]},
			"faces": {
				"north": {"uv": [9, 9, 10, 10], "texture": "#0"},
				"east": {"uv": [6, 10, 7, 11], "texture": "#0"},
				"south": {"uv": [10, 6, 11, 7], "texture": "#0"},
				"west": {"uv": [7, 10, 8, 11], "texture": "#0"},
				"up": {"uv": [11, 8, 10, 7], "texture": "#0"},
				"down": {"uv": [9, 10, 8, 11], "texture": "#0"}
			}
		},
		{
			"from": [7.5, -8.7, 7.5],
			"to": [10.5, -4.7, 10.5],
			"rotation": {"angle": 0, "axis": "y", "origin": [0, 18, 0]},
			"faces": {
				"north": {"uv": [11, 6.5, 11.75, 7.5], "texture": "#0"},
				"east": {"uv": [7.5, 11, 8.25, 12], "texture": "#0"},
				"south": {"uv": [8.25, 11, 9, 12], "texture": "#0"},
				"west": {"uv": [9, 11, 9.75, 12], "texture": "#0"},
				"up": {"uv": [13, 12.5, 12.25, 11.75], "texture": "#0"},
				"down": {"uv": [2.25, 12.5, 1.5, 13.25], "texture": "#0"}
			}
		},
		{
			"from": [10, -1, 6],
			"to": [12, 5, 12],
			"rotation": {"angle": -22.5, "axis": "z", "origin": [12, -1, 0]},
			"faces": {
				"north": {"uv": [9.75, 11, 10.25, 12.5], "texture": "#0"},
				"east": {"uv": [7.5, 1.5, 9, 3], "texture": "#0"},
				"south": {"uv": [10.25, 11, 10.75, 12.5], "texture": "#0"},
				"west": {"uv": [3, 7.5, 4.5, 9], "texture": "#0"},
				"up": {"uv": [11.25, 12.5, 10.75, 11], "texture": "#0"},
				"down": {"uv": [11.75, 11, 11.25, 12.5], "texture": "#0"}
			}
		},
		{
			"from": [12.58436, 0.88135, 6],
			"to": [18.58436, 2.88135, 12],
			"rotation": {"angle": 45, "axis": "z", "origin": [12.7, 1, 0]},
			"faces": {
				"north": {"uv": [11, 7.5, 12.5, 8], "texture": "#0"},
				"east": {"uv": [11.5, 0, 13, 0.5], "texture": "#0"},
				"south": {"uv": [11.5, 0.5, 13, 1], "texture": "#0"},
				"west": {"uv": [11.5, 1, 13, 1.5], "texture": "#0"},
				"up": {"uv": [9, 4.5, 7.5, 3], "texture": "#0"},
				"down": {"uv": [6, 7.5, 4.5, 9], "texture": "#0"}
			}
		},
		{
			"from": [-0.58436, 0.88135, 6],
			"to": [5.41564, 2.88135, 12],
			"rotation": {"angle": -45, "axis": "z", "origin": [5.3, 1, 0]},
			"faces": {
				"north": {"uv": [3, 11.5, 4.5, 12], "texture": "#0"},
				"east": {"uv": [6, 11.5, 7.5, 12], "texture": "#0"},
				"south": {"uv": [11.75, 6.5, 13.25, 7], "texture": "#0"},
				"west": {"uv": [11.75, 7, 13.25, 7.5], "texture": "#0"},
				"up": {"uv": [9, 6, 7.5, 4.5], "texture": "#0"},
				"down": {"uv": [7.5, 7.5, 6, 9], "texture": "#0"}
			}
		},
		{
			"from": [6, -1, 6],
			"to": [8, 5, 12],
			"rotation": {"angle": 22.5, "axis": "z", "origin": [6, -1, 0]},
			"faces": {
				"north": {"uv": [11.75, 11, 12.25, 12.5], "texture": "#0"},
				"east": {"uv": [7.5, 6, 9, 7.5], "texture": "#0"},
				"south": {"uv": [0, 12, 0.5, 13.5], "texture": "#0"},
				"west": {"uv": [7.5, 7.5, 9, 9], "texture": "#0"},
				"up": {"uv": [1, 13.5, 0.5, 12], "texture": "#0"},
				"down": {"uv": [1.5, 12, 1, 13.5], "texture": "#0"}
			}
		},
		{
			"from": [6, 0.88135, -0.58436],
			"to": [12, 2.88135, 5.41564],
			"rotation": {"angle": 45, "axis": "x", "origin": [18, 1, 5.3]},
			"faces": {
				"north": {"uv": [12, 1.5, 13.5, 2], "texture": "#0"},
				"east": {"uv": [12, 2, 13.5, 2.5], "texture": "#0"},
				"south": {"uv": [12, 2.5, 13.5, 3], "texture": "#0"},
				"west": {"uv": [3, 12, 4.5, 12.5], "texture": "#0"},
				"up": {"uv": [1.5, 10.5, 0, 9], "texture": "#0"},
				"down": {"uv": [10.5, 0, 9, 1.5], "texture": "#0"}
			}
		},
		{
			"from": [6, -1, 6],
			"to": [12, 5, 8],
			"rotation": {"angle": -22.5, "axis": "x", "origin": [18, -1, 6]},
			"faces": {
				"north": {"uv": [1.5, 9, 3, 10.5], "texture": "#0"},
				"east": {"uv": [12, 3, 12.5, 4.5], "texture": "#0"},
				"south": {"uv": [9, 1.5, 10.5, 3], "texture": "#0"},
				"west": {"uv": [4.5, 12, 5, 13.5], "texture": "#0"},
				"up": {"uv": [6.5, 12.5, 5, 12], "texture": "#0"},
				"down": {"uv": [8, 12, 6.5, 12.5], "texture": "#0"}
			}
		},
		{
			"from": [6, -1, 10],
			"to": [12, 5, 12],
			"rotation": {"angle": 22.5, "axis": "x", "origin": [18, -1, 12]},
			"faces": {
				"north": {"uv": [3, 9, 4.5, 10.5], "texture": "#0"},
				"east": {"uv": [8, 12, 8.5, 13.5], "texture": "#0"},
				"south": {"uv": [9, 3, 10.5, 4.5], "texture": "#0"},
				"west": {"uv": [8.5, 12, 9, 13.5], "texture": "#0"},
				"up": {"uv": [13.5, 10.5, 12, 10], "texture": "#0"},
				"down": {"uv": [13.5, 10.5, 12, 11], "texture": "#0"}
			}
		},
		{
			"from": [6, 0.88135, 12.58436],
			"to": [12, 2.88135, 18.58436],
			"rotation": {"angle": -45, "axis": "x", "origin": [18, 1, 12.7]},
			"faces": {
				"north": {"uv": [12.25, 8, 13.75, 8.5], "texture": "#0"},
				"east": {"uv": [12.25, 8.5, 13.75, 9], "texture": "#0"},
				"south": {"uv": [12.25, 9, 13.75, 9.5], "texture": "#0"},
				"west": {"uv": [12.25, 9.5, 13.75, 10], "texture": "#0"},
				"up": {"uv": [6, 10.5, 4.5, 9], "texture": "#0"},
				"down": {"uv": [10.5, 4.5, 9, 6], "texture": "#0"}
			}
		}
	],
	"display": {
		"thirdperson_righthand": {
			"rotation": [75, 45, 0],
			"translation": [0, 2.5, 0],
			"scale": [0.375, 0.375, 0.375]
		},
		"thirdperson_lefthand": {
			"rotation": [75, 45, 0],
			"translation": [0, 2.5, 0],
			"scale": [0.375, 0.375, 0.375]
		},
		"firstperson_righthand": {
			"rotation": [0, 45, 0],
			"scale": [0.4, 0.4, 0.4]
		},
		"firstperson_lefthand": {
			"rotation": [0, 225, 0],
			"scale": [0.4, 0.4, 0.4]
		},
		"ground": {
			"translation": [0, 3, 0],
			"scale": [0.25, 0.25, 0.25]
		},
		"gui": {
			"rotation": [30, 225, 0],
			"scale": [0.625, 0.625, 0.625]
		},
		"head": {
			"translation": [-0.5, -43.15, -0.5],
			"scale": [0.62, 0.62, 0.62]
		},
		"fixed": {
			"scale": [0.5, 0.5, 0.5]
		}
	},
	"groups": [
		{
			"name": "group",
			"origin": [18, 17, 12.7],
			"color": 0,
			"children": [0, 1, 2, 3, 4, 5, 6, 7, 8, 9, 10]
		},
		{
			"name": "group",
			"origin": [18, 17, 12.7],
			"color": 0,
			"children": [11, 12, 13, 14, 15, 16, 17, 18, 19, 20, 21]
		}
	]
}