{
  "display": {
    "icon": {
      "item": "minecraft:carrot_on_a_stick",
      "nbt": "{CustomModelData:12340302}"
    },
    "title": {
      "text": "饰品数据包",
      "color": "green",
      "bold": true,
      "italic": false
    },
    "description": {
      "text": "自定义饰品",
      "color": "white",
      "bold": false,
      "italic": false
    },
    "frame": "goal",
    "show_toast": false,
    "announce_to_chat": false
  },
  "parent": "xylo:datapacks_list",
  "criteria": {
    "tick": {
      "trigger": "minecraft:tick"
    }
  }
}
