{
  "parent": "wasd.pick:recipes/patron/patreon",
  "display": {
    "icon": {
      "item": "minecraft:iron_pickaxe",
      "nbt": "{CustomModelData:6370011}"
    },
    "title": "书架镐",
    "description": "在挖掘方块时有小概率会掉落附魔书。",
    "frame": "goal",
    "show_toast": true,
    "announce_to_chat": false,
    "hidden": false
  },
  "criteria": {
    "requirement": {
      "trigger": "minecraft:inventory_changed",
      "conditions": {
        "items": [
          {
            "nbt": "{CustomModelData:6370011}",
            "items": [
              "minecraft:iron_pickaxe"
            ]
          }
        ]
      }
    }
  }
}
