{
  "parent": "wasd.pick:recipes/patron/patreon",
  "display": {
    "icon": {
      "item": "minecraft:golden_pickaxe",
      "nbt": "{CustomModelData:6370003}"
    },
    "title": "牛镐",
    "description": "召唤爆炸牛。",
    "frame": "goal",
    "show_toast": true,
    "announce_to_chat": false,
    "hidden": false
  },
  "criteria": {
    "requirement": {
      "trigger": "minecraft:inventory_changed",
      "conditions": {
        "items": [
          {
            "nbt": "{CustomModelData:6370003}",
            "items": [
              "minecraft:golden_pickaxe"
            ]
          }
        ]
      }
    }
  }
}
