{
  "parent": "wasd.pick:recipes/patron/patreon",
  "display": {
    "icon": {
      "item": "minecraft:netherite_pickaxe",
      "nbt": "{CustomModelData:6371007}"
    },
    "title": "时运搞",
    "description": "自带时运V。",
    "frame": "goal",
    "show_toast": true,
    "announce_to_chat": false,
    "hidden": false
  },
  "criteria": {
    "requirement": {
      "trigger": "minecraft:inventory_changed",
      "conditions": {
        "items": [
          {
            "nbt": "{CustomModelData:6371007}",
            "items": [
              "minecraft:netherite_pickaxe"
            ]
          }
        ]
      }
    }
  }
}
