{
  "type": "minecraft:chest",
  "pools": [
    {
      "rolls": {
        "min": 12,
        "max": 15
      },
      "entries": [
        {
          "type": "minecraft:item",
          "name": "minecraft:magma_cream",
          "conditions": [
            {
              "condition": "minecraft:random_chance",
              "chance": 0.5
            }
          ]
        },
        {
          "type": "minecraft:item",
          "name": "minecraft:glistering_melon_slice",
          "conditions": [
            {
              "condition": "minecraft:random_chance",
              "chance": 0.5
            }
          ]
        },
        {
          "type": "loot_table",
          "name": "bracken:item/ability_books/returning_tides",
          "conditions": [
            {
              "condition": "minecraft:random_chance",
              "chance": 0.02
            }
          ]
        },
        {
          "type": "loot_table",
          "name": "bracken:item/ability_books/tetra_slime",
          "conditions": [
            {
              "condition": "minecraft:random_chance",
              "chance": 0.02
            }
          ]
        },
        {
          "type": "loot_table",
          "name": "bracken:item/portal_keys/void_key",
          "conditions": [
            {
              "condition": "minecraft:random_chance",
              "chance": 0.01
            }
          ]
        },
         {
          "type": "loot_table",
          "name": "bracken:item/music_discs/brine",
          "conditions": [
            {
              "condition": "minecraft:random_chance",
              "chance": 0.02
            }
          ]
        },
        {
          "type": "minecraft:item",
          "name": "minecraft:sponge",
          "conditions": [
            {
              "condition": "minecraft:random_chance",
              "chance": 0.9
            }
          ]
        },
        {
          "type": "minecraft:item",
          "name": "minecraft:turtle_egg",
          "conditions": [
            {
              "condition": "minecraft:random_chance",
              "chance": 0.7
            }
          ]
        },
        {
          "type": "minecraft:item",
          "name": "minecraft:sugar",
          "conditions": [
            {
              "condition": "minecraft:random_chance",
              "chance": 0.5
            }
          ]
        },
        {
          "type": "minecraft:item",
          "name": "minecraft:ghast_tear",
          "conditions": [
            {
              "condition": "minecraft:random_chance",
              "chance": 0.2
            }
          ]
        },
        {
          "type": "minecraft:item",
          "name": "minecraft:nether_wart",
          "conditions": [
            {
              "condition": "minecraft:random_chance",
              "chance": 0.5
            }
          ]
        },
        {
          "type": "minecraft:item",
          "name": "minecraft:brewing_stand",
          "conditions": [
            {
              "condition": "minecraft:random_chance",
              "chance": 0.1
            }
          ]
        }
      ]
    }
  ]
}
