[
  {
    "function": "minecraft:set_nbt",
    "tag": "{xylo_tools:{has_lore:0b}}"
  },
  {
    "function": "minecraft:set_lore",
    "entity": "this",
    "lore": [
      [
        [
          {
            "text": "等级: ",
            "italic": false,
            "color": "gray"
          }
        ],
        [
          {
            "nbt": "item.tag.xylo_rpg.durability_level",
            "storage": "xylo_rpg:op",
            "italic": false,
            "interpret": true
          }
        ]
      ]
    ],
    "replace": true
  }
]