[
  {
    "function": "minecraft:set_nbt",
    "tag": "{xylo_tools:{has_lore:0b},display:{Lore:[]}}"
  },
  {
    "function": "minecraft:set_lore",
    "entity": "this",
    "lore": [
      [
        [
          {
            "text": "",
            "italic": false,
            "color": "gray"
          }
        ]
      ]
    ]
  },
  {
    "function": "minecraft:set_lore",
    "entity": "this",
    "lore": [
      [
        [
          {
            "text": "法术: ",
            "italic": false,
            "color": "gray"
          }
        ],
        [
          {
            "nbt": "item.tag.xylo_rpg.spell.effect.effect_name",
            "storage": "xylo_rpg:op",
            "italic": true,
            "interpret": true
          },
          {
            "text": " ",
            "italic": false
          },
          {
            "nbt": "item.tag.xylo_rpg.spell.type_name",
            "storage": "xylo_rpg:op",
            "italic": true,
            "interpret": true
          }
        ]
      ]
    ],
    "replace": false,
    "conditions": [
      {
        "condition": "minecraft:value_check",
        "value": {
          "type": "minecraft:score",
          "target": {
            "type": "minecraft:fixed",
            "name": "#xrpg_c_stamina_cost"
          },
          "score": "xrpg_op"
        },
        "range": -3
      },
      {
        "condition": "minecraft:value_check",
        "value": {
          "type": "minecraft:score",
          "target": {
            "type": "minecraft:fixed",
            "name": "#xrpg_s_energy_cost"
          },
          "score": "xrpg_op"
        },
        "range": 0
      }
    ]
  },
  {
    "function": "minecraft:set_lore",
    "entity": "this",
    "lore": [
      [
        [
          {
            "text": "法术: ",
            "italic": false,
            "color": "gray"
          }
        ],
        [
          {
            "nbt": "item.tag.xylo_rpg.spell.effect.effect_name",
            "storage": "xylo_rpg:op",
            "italic": true,
            "interpret": true
          },
          {
            "text": " ",
            "italic": false
          },
          {
            "nbt": "item.tag.xylo_rpg.spell.type_name",
            "storage": "xylo_rpg:op",
            "italic": true,
            "interpret": true
          },
          {
            "text": " ",
            "italic": false
          },
          {
            "score": {
              "name": "#xrpg_s_energy_cost",
              "objective": "xrpg_op"
            },
            "italic": false,
            "interpret": true
          },
          {
            "text": "\uE009",
            "font": "xylo_rpg:skills_icons",
            "italic": false
          }
        ]
      ]
    ],
    "replace": false,
    "conditions": [
      {
        "condition": "minecraft:value_check",
        "value": {
          "type": "minecraft:score",
          "target": {
            "type": "minecraft:fixed",
            "name": "#xrpg_c_stamina_cost"
          },
          "score": "xrpg_op"
        },
        "range": -3
      },
      {
        "condition": "minecraft:value_check",
        "value": {
          "type": "minecraft:score",
          "target": {
            "type": "minecraft:fixed",
            "name": "#xrpg_s_energy_cost"
          },
          "score": "xrpg_op"
        },
        "range": {
          "min": 1
        }
      }
    ]
  },
  {
    "function": "minecraft:set_lore",
    "entity": "this",
    "lore": [
      [
        [
          {
            "text": "战斗: ",
            "italic": false,
            "color": "gray"
          }
        ],
        [
          {
            "nbt": "item.tag.xylo_rpg.combat_ability.Name",
            "storage": "xylo_rpg:op",
            "italic": true,
            "interpret": true
          }
        ]
      ]
    ],
    "replace": false,
    "conditions": [
      {
        "condition": "minecraft:value_check",
        "value": {
          "type": "minecraft:score",
          "target": {
            "type": "minecraft:fixed",
            "name": "#xrpg_c_stamina_cost"
          },
          "score": "xrpg_op"
        },
        "range": -1
      },
      {
        "condition": "minecraft:value_check",
        "value": {
          "type": "minecraft:score",
          "target": {
            "type": "minecraft:fixed",
            "name": "#xrpg_c_energy_cost"
          },
          "score": "xrpg_op"
        },
        "range": -1
      }
    ]
  },
  {
    "function": "minecraft:set_lore",
    "entity": "this",
    "lore": [
      [
        [
          {
            "text": "战斗: ",
            "italic": false,
            "color": "gray"
          }
        ],
        [
          {
            "nbt": "item.tag.xylo_rpg.combat_ability.Name",
            "storage": "xylo_rpg:op",
            "italic": true,
            "interpret": true
          },
          {
            "text": " ",
            "italic": false
          },
          {
            "score": {
              "name": "#xrpg_c_energy_cost",
              "objective": "xrpg_op"
            },
            "italic": false,
            "interpret": true
          },
          {
            "text": "\uE009",
            "font": "xylo_rpg:skills_icons",
            "italic": false
          }
        ]
      ]
    ],
    "replace": false,
    "conditions": [
      {
        "condition": "minecraft:value_check",
        "value": {
          "type": "minecraft:score",
          "target": {
            "type": "minecraft:fixed",
            "name": "#xrpg_c_energy_cost"
          },
          "score": "xrpg_op"
        },
        "range": {
          "min": 0
        }
      },
      {
        "condition": "minecraft:value_check",
        "value": {
          "type": "minecraft:score",
          "target": {
            "type": "minecraft:fixed",
            "name": "#xrpg_c_stamina_cost"
          },
          "score": "xrpg_op"
        },
        "range": -1
      }
    ]
  },
  {
    "function": "minecraft:set_lore",
    "entity": "this",
    "lore": [
      [
        [
          {
            "text": "战斗: ",
            "italic": false,
            "color": "gray"
          }
        ],
        [
          {
            "nbt": "item.tag.xylo_rpg.combat_ability.Name",
            "storage": "xylo_rpg:op",
            "italic": true,
            "interpret": true
          },
          {
            "text": " ",
            "italic": false
          },
          {
            "score": {
              "name": "#xrpg_c_stamina_cost",
              "objective": "xrpg_op"
            },
            "italic": false,
            "interpret": true
          },
          {
            "text": "\uE007",
            "font": "xylo_rpg:skills_icons",
            "italic": false
          }
        ]
      ]
    ],
    "replace": false,
    "conditions": [
      {
        "condition": "minecraft:value_check",
        "value": {
          "type": "minecraft:score",
          "target": {
            "type": "minecraft:fixed",
            "name": "#xrpg_c_stamina_cost"
          },
          "score": "xrpg_op"
        },
        "range": {
          "min": 0
        }
      },
      {
        "condition": "minecraft:value_check",
        "value": {
          "type": "minecraft:score",
          "target": {
            "type": "minecraft:fixed",
            "name": "#xrpg_c_energy_cost"
          },
          "score": "xrpg_op"
        },
        "range": -1
      }
    ]
  },
  {
    "function": "minecraft:set_lore",
    "entity": "this",
    "lore": [
      [
        [
          {
            "text": "战斗: ",
            "italic": false,
            "color": "gray"
          }
        ],
        [
          {
            "nbt": "item.tag.xylo_rpg.combat_ability.Name",
            "storage": "xylo_rpg:op",
            "italic": true,
            "interpret": true
          },
          {
            "text": " ",
            "italic": false
          },
          {
            "score": {
              "name": "#xrpg_c_stamina_cost",
              "objective": "xrpg_op"
            },
            "italic": false,
            "interpret": true
          },
          {
            "text": "\uE007",
            "font": "xylo_rpg:skills_icons",
            "italic": false
          },
          {
            "score": {
              "name": "#xrpg_c_energy_cost",
              "objective": "xrpg_op"
            },
            "italic": false,
            "interpret": true
          },
          {
            "text": "\uE009",
            "font": "xylo_rpg:skills_icons",
            "italic": false
          }
        ]
      ]
    ],
    "replace": false,
    "conditions": [
      {
        "condition": "minecraft:value_check",
        "value": {
          "type": "minecraft:score",
          "target": {
            "type": "minecraft:fixed",
            "name": "#xrpg_c_stamina_cost"
          },
          "score": "xrpg_op"
        },
        "range": {
          "min": 0
        }
      },
      {
        "condition": "minecraft:value_check",
        "value": {
          "type": "minecraft:score",
          "target": {
            "type": "minecraft:fixed",
            "name": "#xrpg_c_energy_cost"
          },
          "score": "xrpg_op"
        },
        "range": {
          "min": 0
        }
      }
    ]
  },
  {
    "function": "minecraft:set_lore",
    "entity": "this",
    "lore": [
      [
        [
          {
            "text": "主动: ",
            "italic": false,
            "color": "gray"
          }
        ],
        [
          {
            "nbt": "item.tag.xylo_rpg.ability.Name",
            "storage": "xylo_rpg:op",
            "italic": true,
            "interpret": true
          }
        ]
      ]
    ],
    "replace": false,
    "conditions": [
      {
        "condition": "minecraft:value_check",
        "value": {
          "type": "minecraft:score",
          "target": {
            "type": "minecraft:fixed",
            "name": "#xrpg_stamina_cost"
          },
          "score": "xrpg_op"
        },
        "range": -1
      },
      {
        "condition": "minecraft:value_check",
        "value": {
          "type": "minecraft:score",
          "target": {
            "type": "minecraft:fixed",
            "name": "#xrpg_energy_cost"
          },
          "score": "xrpg_op"
        },
        "range": -1
      }
    ]
  },
  {
    "function": "minecraft:set_lore",
    "entity": "this",
    "lore": [
      [
        [
          {
            "text": "主动: ",
            "italic": false,
            "color": "gray"
          }
        ],
        [
          {
            "nbt": "item.tag.xylo_rpg.ability.Name",
            "storage": "xylo_rpg:op",
            "italic": true,
            "interpret": true
          },
          {
            "text": " ",
            "italic": false
          },
          {
            "score": {
              "name": "#xrpg_energy_cost",
              "objective": "xrpg_op"
            },
            "italic": false,
            "interpret": true
          },
          {
            "text": "\uE009",
            "font": "xylo_rpg:skills_icons",
            "italic": false
          }
        ]
      ]
    ],
    "replace": false,
    "conditions": [
      {
        "condition": "minecraft:value_check",
        "value": {
          "type": "minecraft:score",
          "target": {
            "type": "minecraft:fixed",
            "name": "#xrpg_energy_cost"
          },
          "score": "xrpg_op"
        },
        "range": {
          "min": 0
        }
      },
      {
        "condition": "minecraft:value_check",
        "value": {
          "type": "minecraft:score",
          "target": {
            "type": "minecraft:fixed",
            "name": "#xrpg_stamina_cost"
          },
          "score": "xrpg_op"
        },
        "range": -1
      }
    ]
  },
  {
    "function": "minecraft:set_lore",
    "entity": "this",
    "lore": [
      [
        [
          {
            "text": "主动: ",
            "italic": false,
            "color": "gray"
          }
        ],
        [
          {
            "nbt": "item.tag.xylo_rpg.ability.Name",
            "storage": "xylo_rpg:op",
            "italic": true,
            "interpret": true
          },
          {
            "text": " ",
            "italic": false
          },
          {
            "score": {
              "name": "#xrpg_stamina_cost",
              "objective": "xrpg_op"
            },
            "italic": false,
            "interpret": true
          },
          {
            "text": "\uE007",
            "font": "xylo_rpg:skills_icons",
            "italic": false
          }
        ]
      ]
    ],
    "replace": false,
    "conditions": [
      {
        "condition": "minecraft:value_check",
        "value": {
          "type": "minecraft:score",
          "target": {
            "type": "minecraft:fixed",
            "name": "#xrpg_stamina_cost"
          },
          "score": "xrpg_op"
        },
        "range": {
          "min": 0
        }
      },
      {
        "condition": "minecraft:value_check",
        "value": {
          "type": "minecraft:score",
          "target": {
            "type": "minecraft:fixed",
            "name": "#xrpg_energy_cost"
          },
          "score": "xrpg_op"
        },
        "range": -1
      }
    ]
  },
  {
    "function": "minecraft:set_lore",
    "entity": "this",
    "lore": [
      [
        [
          {
            "text": "主动: ",
            "italic": false,
            "color": "gray"
          }
        ],
        [
          {
            "nbt": "item.tag.xylo_rpg.ability.Name",
            "storage": "xylo_rpg:op",
            "italic": true,
            "interpret": true
          },
          {
            "text": " ",
            "italic": false
          },
          {
            "score": {
              "name": "#xrpg_stamina_cost",
              "objective": "xrpg_op"
            },
            "italic": false,
            "interpret": true
          },
          {
            "text": "\uE007",
            "font": "xylo_rpg:skills_icons",
            "italic": false
          },
          {
            "score": {
              "name": "#xrpg_energy_cost",
              "objective": "xrpg_op"
            },
            "italic": false,
            "interpret": true
          },
          {
            "text": "\uE009",
            "font": "xylo_rpg:skills_icons",
            "italic": false
          }
        ]
      ]
    ],
    "replace": false,
    "conditions": [
      {
        "condition": "minecraft:value_check",
        "value": {
          "type": "minecraft:score",
          "target": {
            "type": "minecraft:fixed",
            "name": "#xrpg_stamina_cost"
          },
          "score": "xrpg_op"
        },
        "range": {
          "min": 0
        }
      },
      {
        "condition": "minecraft:value_check",
        "value": {
          "type": "minecraft:score",
          "target": {
            "type": "minecraft:fixed",
            "name": "#xrpg_energy_cost"
          },
          "score": "xrpg_op"
        },
        "range": {
          "min": 0
        }
      }
    ]
  },
  {
    "function": "minecraft:set_lore",
    "entity": "this",
    "lore": [
      [
        [
          {
            "text": "被动: ",
            "italic": false,
            "color": "gray"
          }
        ],
        [
          {
            "nbt": "item.tag.xylo_rpg.passive_ability.Name",
            "storage": "xylo_rpg:op",
            "italic": true,
            "interpret": true
          }
        ]
      ],
      [
        [
          {
            "text": "技能修饰部件: ",
            "italic": false,
            "color": "gray"
          }
        ]
      ],
      [
        [
          {
            "score": {
              "name": "#xrpg_atk_dmg",
              "objective": "xrpg_op"
            },
            "italic": false,
            "color": "white"
          },
          {
            "text": "\uE001",
            "font": "xylo_rpg:skills_icons",
            "italic": false,
            "color": "white"
          }
        ],
        [
          {
            "text": " ",
            "italic": false,
            "color": "white"
          },
          {
            "score": {
              "name": "#xrpg_range_dmg",
              "objective": "xrpg_op"
            },
            "italic": false,
            "color": "white"
          },
          {
            "text": "\uE002",
            "font": "xylo_rpg:skills_icons",
            "italic": false,
            "color": "white"
          }
        ],
        [
          {
            "text": " ",
            "italic": false,
            "color": "white"
          },
          {
            "score": {
              "name": "#xrpg_magic_dmg",
              "objective": "xrpg_op"
            },
            "italic": false,
            "color": "white"
          },
          {
            "text": "\uE003",
            "font": "xylo_rpg:skills_icons",
            "italic": false,
            "color": "white"
          }
        ],
        [
          {
            "text": " ",
            "italic": false,
            "color": "white"
          },
          {
            "score": {
              "name": "#xrpg_handling",
              "objective": "xrpg_op"
            },
            "italic": false,
            "color": "white"
          },
          {
            "text": "\uE004",
            "font": "xylo_rpg:skills_icons",
            "italic": false,
            "color": "white"
          }
        ],
        [
          {
            "text": " ",
            "italic": false,
            "color": "white"
          },
          {
            "score": {
              "name": "#xrpg_mobility",
              "objective": "xrpg_op"
            },
            "italic": false,
            "color": "white"
          },
          {
            "text": "\uE005",
            "font": "xylo_rpg:skills_icons",
            "italic": false,
            "color": "white"
          }
        ],
        [
          {
            "text": " ",
            "italic": false,
            "color": "white"
          },
          {
            "score": {
              "name": "#xrpg_health",
              "objective": "xrpg_op"
            },
            "italic": false,
            "color": "white"
          },
          {
            "text": "\uE006",
            "font": "xylo_rpg:skills_icons",
            "italic": false,
            "color": "white"
          }
        ]
      ],
      [
        [
          {
            "score": {
              "name": "#xrpg_stamina_cap",
              "objective": "xrpg_op"
            },
            "italic": false,
            "color": "white"
          },
          {
            "text": "\uE007",
            "font": "xylo_rpg:skills_icons",
            "italic": false,
            "color": "white"
          }
        ],
        [
          {
            "text": " ",
            "italic": false,
            "color": "white"
          },
          {
            "score": {
              "name": "#xrpg_stamina_reg",
              "objective": "xrpg_op"
            },
            "italic": false,
            "color": "white"
          },
          {
            "text": "\uE008",
            "font": "xylo_rpg:skills_icons",
            "italic": false,
            "color": "white"
          }
        ],
        [
          {
            "text": " ",
            "italic": false,
            "color": "white"
          },
          {
            "score": {
              "name": "#xrpg_energy_cap",
              "objective": "xrpg_op"
            },
            "italic": false,
            "color": "white"
          },
          {
            "text": "\uE009",
            "font": "xylo_rpg:skills_icons",
            "italic": false,
            "color": "white"
          }
        ],
        [
          {
            "text": " ",
            "italic": false,
            "color": "white"
          },
          {
            "score": {
              "name": "#xrpg_energy_reg",
              "objective": "xrpg_op"
            },
            "italic": false,
            "color": "white"
          },
          {
            "text": "\uE00A",
            "font": "xylo_rpg:skills_icons",
            "italic": false,
            "color": "white"
          }
        ],
        [
          {
            "text": " ",
            "italic": false,
            "color": "white"
          },
          {
            "score": {
              "name": "#xrpg_oshield_cap",
              "objective": "xrpg_op"
            },
            "italic": false,
            "color": "white"
          },
          {
            "text": "\uE00B",
            "font": "xylo_rpg:skills_icons",
            "italic": false,
            "color": "white"
          }
        ],
        [
          {
            "text": " ",
            "italic": false,
            "color": "white"
          },
          {
            "score": {
              "name": "#xrpg_transm_eff",
              "objective": "xrpg_op"
            },
            "italic": false,
            "color": "white"
          },
          {
            "text": "\uE00C",
            "font": "xylo_rpg:skills_icons",
            "italic": false,
            "color": "white"
          }
        ]
      ],
      [
        [
          {
            "text": "元素修饰部件:",
            "italic": false,
            "color": "gray"
          }
        ]
      ],
      [
        [
          {
            "score": {
              "name": "#xrpg_el_darkness",
              "objective": "xrpg_op"
            },
            "italic": false,
            "color": "dark_gray"
          },
          {
            "text": "\uE001",
            "font": "xylo_rpg:elements_icons",
            "italic": false,
            "color": "dark_gray"
          }
        ],
        [
          {
            "text": " ",
            "italic": false,
            "color": "white"
          },
          {
            "score": {
              "name": "#xrpg_el_light",
              "objective": "xrpg_op"
            },
            "italic": false,
            "color": "yellow"
          },
          {
            "text": "\uE002",
            "font": "xylo_rpg:elements_icons",
            "italic": false,
            "color": "yellow"
          }
        ],
        [
          {
            "text": " ",
            "italic": false,
            "color": "white"
          },
          {
            "score": {
              "name": "#xrpg_el_fire",
              "objective": "xrpg_op"
            },
            "italic": false,
            "color": "red"
          },
          {
            "text": "\uE003",
            "font": "xylo_rpg:elements_icons",
            "italic": false,
            "color": "red"
          }
        ],
        [
          {
            "text": " ",
            "italic": false,
            "color": "white"
          },
          {
            "score": {
              "name": "#xrpg_el_freeze",
              "objective": "xrpg_op"
            },
            "italic": false,
            "color": "aqua"
          },
          {
            "text": "\uE004",
            "font": "xylo_rpg:elements_icons",
            "italic": false,
            "color": "aqua"
          }
        ],
        [
          {
            "text": " ",
            "italic": false,
            "color": "white"
          },
          {
            "score": {
              "name": "#xrpg_el_shock",
              "objective": "xrpg_op"
            },
            "italic": false,
            "color": "blue"
          },
          {
            "text": "\uE005",
            "font": "xylo_rpg:elements_icons",
            "italic": false,
            "color": "blue"
          }
        ],
        [
          {
            "text": " ",
            "italic": false,
            "color": "white"
          },
          {
            "score": {
              "name": "#xrpg_el_air",
              "objective": "xrpg_op"
            },
            "italic": false,
            "color": "gray"
          },
          {
            "text": "\uE006",
            "font": "xylo_rpg:elements_icons",
            "italic": false,
            "color": "gray"
          }
        ]
      ],
      [
        [
          {
            "text": "需求:",
            "italic": false,
            "color": "gray"
          }
        ]
      ],
      [
        [
          {
            "score": {
              "name": "#xrpg_r_atk_dmg",
              "objective": "xrpg_op"
            },
            "italic": false,
            "color": "white"
          },
          {
            "text": "\uE001",
            "font": "xylo_rpg:skills_icons",
            "italic": false,
            "color": "white"
          }
        ],
        [
          {
            "text": " ",
            "italic": false,
            "color": "white"
          },
          {
            "score": {
              "name": "#xrpg_r_range_dmg",
              "objective": "xrpg_op"
            },
            "italic": false,
            "color": "white"
          },
          {
            "text": "\uE002",
            "font": "xylo_rpg:skills_icons",
            "italic": false,
            "color": "white"
          }
        ],
        [
          {
            "text": " ",
            "italic": false,
            "color": "white"
          },
          {
            "score": {
              "name": "#xrpg_r_magic_dmg",
              "objective": "xrpg_op"
            },
            "italic": false,
            "color": "white"
          },
          {
            "text": "\uE003",
            "font": "xylo_rpg:skills_icons",
            "italic": false,
            "color": "white"
          }
        ],
        [
          {
            "text": " ",
            "italic": false,
            "color": "white"
          },
          {
            "score": {
              "name": "#xrpg_r_handling",
              "objective": "xrpg_op"
            },
            "italic": false,
            "color": "white"
          },
          {
            "text": "\uE004",
            "font": "xylo_rpg:skills_icons",
            "italic": false,
            "color": "white"
          }
        ],
        [
          {
            "text": " ",
            "italic": false,
            "color": "white"
          },
          {
            "score": {
              "name": "#xrpg_r_mobility",
              "objective": "xrpg_op"
            },
            "italic": false,
            "color": "white"
          },
          {
            "text": "\uE005",
            "font": "xylo_rpg:skills_icons",
            "italic": false,
            "color": "white"
          }
        ],
        [
          {
            "text": " ",
            "italic": false,
            "color": "white"
          },
          {
            "score": {
              "name": "#xrpg_r_health",
              "objective": "xrpg_op"
            },
            "italic": false,
            "color": "white"
          },
          {
            "text": "\uE006",
            "font": "xylo_rpg:skills_icons",
            "italic": false,
            "color": "white"
          }
        ]
      ],
      [
        [
          {
            "score": {
              "name": "#xrpg_r_stamina_cap",
              "objective": "xrpg_op"
            },
            "italic": false,
            "color": "white"
          },
          {
            "text": "\uE007",
            "font": "xylo_rpg:skills_icons",
            "italic": false,
            "color": "white"
          }
        ],
        [
          {
            "text": " ",
            "italic": false,
            "color": "white"
          },
          {
            "score": {
              "name": "#xrpg_r_stamina_reg",
              "objective": "xrpg_op"
            },
            "italic": false,
            "color": "white"
          },
          {
            "text": "\uE008",
            "font": "xylo_rpg:skills_icons",
            "italic": false,
            "color": "white"
          }
        ],
        [
          {
            "text": " ",
            "italic": false,
            "color": "white"
          },
          {
            "score": {
              "name": "#xrpg_r_energy_cap",
              "objective": "xrpg_op"
            },
            "italic": false,
            "color": "white"
          },
          {
            "text": "\uE009",
            "font": "xylo_rpg:skills_icons",
            "italic": false,
            "color": "white"
          }
        ],
        [
          {
            "text": " ",
            "italic": false,
            "color": "white"
          },
          {
            "score": {
              "name": "#xrpg_r_energy_reg",
              "objective": "xrpg_op"
            },
            "italic": false,
            "color": "white"
          },
          {
            "text": "\uE00A",
            "font": "xylo_rpg:skills_icons",
            "italic": false,
            "color": "white"
          }
        ],
        [
          {
            "text": " ",
            "italic": false,
            "color": "white"
          },
          {
            "score": {
              "name": "#xrpg_r_oshield_cap",
              "objective": "xrpg_op"
            },
            "italic": false,
            "color": "white"
          },
          {
            "text": "\uE00B",
            "font": "xylo_rpg:skills_icons",
            "italic": false,
            "color": "white"
          }
        ],
        [
          {
            "text": " ",
            "italic": false,
            "color": "white"
          },
          {
            "score": {
              "name": "#xrpg_r_transm_eff",
              "objective": "xrpg_op"
            },
            "italic": false,
            "color": "white"
          },
          {
            "text": "\uE00C",
            "font": "xylo_rpg:skills_icons",
            "italic": false,
            "color": "white"
          }
        ]
      ]
    ],
    "replace": false
  },
  {
    "function": "minecraft:set_lore",
    "entity": "this",
    "lore": [
      [
        [
          {
            "text": "类型: ",
            "italic": false,
            "color": "gray"
          }
        ],
        [
          {
            "nbt": "item.tag.xylo_rpg.requirements.class.Name",
            "storage": "xylo_rpg:op",
            "italic": false,
            "color": "white",
            "interpret": true
          }
        ],
        [
          {
            "text": " 等级: ",
            "italic": false,
            "color": "gray"
          }
        ],
        [
          {
            "score": {
              "name": "#xrpg_r_class_lvl",
              "objective": "xrpg_op"
            },
            "italic": false,
            "color": "white"
          }
        ]
      ]
    ],
    "replace": false
  },
  {
    "function": "minecraft:set_lore",
    "entity": "this",
    "lore": [
      [
        [
          [
            {
              "text": "升级点数: ",
              "italic": false,
              "color": "gray"
            }
          ],
          [
            {
              "score": {
                "name": "#xrpg_upgrade_pts",
                "objective": "xrpg_op"
              },
              "italic": false,
              "color": "white"
            }
          ]
        ]
      ]
    ],
    "replace": false,
    "conditions": [
      {
        "condition": "minecraft:value_check",
        "value": {
          "type": "minecraft:score",
          "target": {
            "type": "minecraft:fixed",
            "name": "#xrpg_upgrade_pts"
          },
          "score": "xrpg_op"
        },
        "range": {
          "min": 0
        }
      }
    ]
  },
  {
    "function": "minecraft:set_lore",
    "entity": "this",
    "lore": [
      [
        [
          [
            {
              "text": "升级点数: ",
              "italic": false,
              "color": "gray"
            }
          ],
          [
            {
              "text": "*",
              "italic": false,
              "color": "gray"
            }
          ]
        ]
      ]
    ],
    "replace": false,
    "conditions": [
      {
        "condition": "minecraft:value_check",
        "value": {
          "type": "minecraft:score",
          "target": {
            "type": "minecraft:fixed",
            "name": "#xrpg_upgrade_pts"
          },
          "score": "xrpg_op"
        },
        "range": {
          "max": -1
        }
      }
    ]
  }
]