{
    "flower": "atum:oasis_grass",
    "lore": "法老们的异界之旅。",
    "loreColor": "#00AAAA",
    "maxTimeInHive": 4800,
    "sizeModifier": 1,
    "traits": ["can_swim", "desert"],
    "hasHoneycomb": true,
    "baseLayerTexture": "other/dusty_mummbee",
    "ColorData": {
        "honeycombColor": "#e7e4bb",
        "modelType": "ARMORED"
    },
    "CombatData": {
        "isPassive": false,
        "removeStingerOnAttack": false,
        "inflictsPoison": true,
        "attackDamage": 1
    },
    "MutationData": {
        "hasMutation": true,
        "mutationCount": 4,
        "mutations": [
            {
                "type": "BLOCK",
                "chance": 0.5,
                "inputID": "minecraft:sandstone",
                "outputs": [{ "outputID": "atum:sand", "weight": 10 }]
            }
        ]
    },
    "CentrifugeData": {
        "hasCentrifugeOutput": true,

        "mainOutput": "atum:sand",
        "mainOutputWeight": 0.4,
        "mainOutputCount": 1,

        "secondaryOutput": "resourcefulbees:wax",
        "secondaryOutputWeight": 0.4,
        "secondaryOutputCount": 3,

        "bottleOutput": "minecraft:honey_bottle",
        "bottleOutputWeight": 0.4,
        "bottleOutputCount": 1,

        "mainInputCount": 1
    },
    "SpawnData": {
        "canSpawnInWorld": false
    },
    "BreedData": {
        "isBreedable": true,
        "feedItem": "atum:sand",
        "feedAmount": 1,
        "childGrowthDelay": -24000,
        "breedDelay": 6000
    },
    "TraitData": {
        "hasTraits": true
    }
}
