{
 "parent": "item/handheld_rod",
 "textures": {
  "layer0": "item/carrot_on_a_stick"
 },

 "overrides": [
  { "predicate": {"custom_model_data": 5552}, "model": "item/ascended_pearl"},
  { "predicate": {"custom_model_data": 5553}, "model": "item/fungus_staff"},
  { "predicate": {"custom_model_data": 5554}, "model": "item/labyrinth_key"},
  { "predicate": {"custom_model_data": 5555}, "model": "item/wand_of_mending"},
  { "predicate": {"custom_model_data": 5556}, "model": "item/pendant_of_revival"},
  { "predicate": {"custom_model_data": 5557}, "model": "item/soul_wrench"}

 ]

 
}