{
	"credit": "Made with Blockbench",
	"parent": "generated",
	"texture_size": [32, 32],
	"textures": {
		"0": "item/dragon_cannon",
		"particle": "item/dragon_cannon"
	},
	"elements": [
		{
			"name": "barrel",
			"from": [7, 5, 1],
			"to": [9, 7, 6],
			"rotation": {"angle": 0, "axis": "y", "origin": [0, 0, 2]},
			"faces": {
				"north": {"uv": [9, 8, 10, 9], "texture": "#0"},
				"east": {"uv": [10, 10, 12.5, 11], "texture": "#0"},
				"south": {"uv": [0, 12, 1, 13], "texture": "#0"},
				"west": {"uv": [11, 3, 13.5, 4], "texture": "#0"},
				"up": {"uv": [6, 13.5, 5, 11], "texture": "#0"},
				"down": {"uv": [7, 11, 6, 13.5], "texture": "#0"}
			}
		},
		{
			"name": "throat",
			"from": [5, 3, 6],
			"to": [11, 9, 6],
			"rotation": {"angle": 0, "axis": "y", "origin": [0, 0, 2]},
			"faces": {
				"north": {"uv": [0, 0, 3, 3], "texture": "#0"},
				"east": {"uv": [0, 0, 0, 3], "texture": "#0"},
				"south": {"uv": [0, 3, 3, 6], "texture": "#0"},
				"west": {"uv": [0, 0, 0, 3], "texture": "#0"},
				"up": {"uv": [3, 0, 0, 0], "texture": "#0"},
				"down": {"uv": [3, 0, 0, 0], "texture": "#0"}
			}
		},
		{
			"name": "body",
			"from": [6, 4, 9],
			"to": [10, 8, 11],
			"rotation": {"angle": 0, "axis": "y", "origin": [0, 0, 2]},
			"faces": {
				"north": {"uv": [8, 9, 10, 11], "texture": "#0"},
				"east": {"uv": [11, 4, 12, 6], "texture": "#0"},
				"south": {"uv": [10, 8, 12, 10], "texture": "#0"},
				"west": {"uv": [7, 11, 8, 13], "texture": "#0"},
				"up": {"uv": [10, 12, 8, 11], "texture": "#0"},
				"down": {"uv": [12, 11, 10, 12], "texture": "#0"}
			}
		},
		{
			"name": "tines",
			"from": [8, 8, 3],
			"to": [8, 11, 13],
			"rotation": {"angle": 0, "axis": "y", "origin": [0, 0, 2]},
			"faces": {
				"north": {"uv": [0, 0, 0, 1.5], "texture": "#0"},
				"east": {"uv": [9, 0, 14, 1.5], "texture": "#0"},
				"south": {"uv": [0, 0, 0, 1.5], "texture": "#0"},
				"west": {"uv": [14, 0, 9, 1.5], "texture": "#0"},
				"up": {"uv": [0, 5, 0, 0], "texture": "#0"},
				"down": {"uv": [0, 0, 0, 5], "texture": "#0"}
			}
		},
		{
			"name": "horn_l",
			"from": [6, 9, 6],
			"to": [7, 13, 7],
			"rotation": {"angle": 22.5, "axis": "x", "origin": [6.5, 9, 6]},
			"faces": {
				"north": {"uv": [1, 12, 1.5, 14], "texture": "#0"},
				"east": {"uv": [1.5, 12, 2, 14], "texture": "#0"},
				"south": {"uv": [2, 12, 2.5, 14], "texture": "#0"},
				"west": {"uv": [2.5, 12, 3, 14], "texture": "#0"},
				"up": {"uv": [3.5, 12.5, 3, 12], "texture": "#0"},
				"down": {"uv": [4, 12, 3.5, 12.5], "texture": "#0"}
			}
		},
		{
			"name": "horn_r",
			"from": [9, 9, 6],
			"to": [10, 13, 7],
			"rotation": {"angle": 22.5, "axis": "x", "origin": [9.5, 9, 6]},
			"faces": {
				"north": {"uv": [1, 12, 1.5, 14], "texture": "#0"},
				"east": {"uv": [1.5, 12, 2, 14], "texture": "#0"},
				"south": {"uv": [2, 12, 2.5, 14], "texture": "#0"},
				"west": {"uv": [2.5, 12, 3, 14], "texture": "#0"},
				"up": {"uv": [3.5, 12.5, 3, 12], "texture": "#0"},
				"down": {"uv": [4, 12, 3.5, 12.5], "texture": "#0"}
			}
		},
		{
			"name": "mouth",
			"from": [5, 3, 3],
			"to": [11, 9, 9],
			"rotation": {"angle": 0, "axis": "y", "origin": [0, 0, 2]},
			"faces": {
				"north": {"uv": [3, 0, 6, 3], "texture": "#0"},
				"east": {"uv": [3, 3, 6, 6], "texture": "#0"},
				"south": {"uv": [0, 6, 3, 9], "texture": "#0"},
				"west": {"uv": [6, 0, 9, 3], "texture": "#0"},
				"up": {"uv": [6, 9, 3, 6], "texture": "#0"},
				"down": {"uv": [9, 3, 6, 6], "texture": "#0"}
			}
		},
		{
			"name": "mouth_in",
			"from": [11, 3, 3],
			"to": [5, 9, 9],
			"rotation": {"angle": 0, "axis": "y", "origin": [0, 0, 2]},
			"faces": {
				"north": {"uv": [3, 0, 6, 3], "texture": "#0"},
				"east": {"uv": [3, 3, 6, 6], "texture": "#0"},
				"south": {"uv": [0, 6, 3, 9], "texture": "#0"},
				"west": {"uv": [6, 0, 9, 3], "texture": "#0"},
				"up": {"uv": [6, 9, 3, 6], "texture": "#0"},
				"down": {"uv": [9, 3, 6, 6], "texture": "#0"}
			}
		},
		{
			"name": "grip",
			"from": [5, 3, 11],
			"to": [11, 9, 15],
			"rotation": {"angle": 0, "axis": "y", "origin": [0, 0, 3]},
			"faces": {
				"north": {"uv": [6, 6, 9, 9], "texture": "#0"},
				"east": {"uv": [3, 9, 5, 12], "texture": "#0"},
				"south": {"uv": [0, 9, 3, 12], "texture": "#0"},
				"west": {"uv": [9, 3, 11, 6], "texture": "#0"},
				"up": {"uv": [8, 11, 5, 9], "texture": "#0"},
				"down": {"uv": [12, 6, 9, 8], "texture": "#0"}
			}
		}
	],
	"gui_light": "front",
	"display": {
		"thirdperson_righthand": {
			"translation": [0, 0, -3]
		},
		"thirdperson_lefthand": {
			"translation": [0, 0, -3]
		},
		"firstperson_righthand": {
			"rotation": [0, -10, 0],
			"translation": [4, 0, -3]
		},
		"firstperson_lefthand": {
			"rotation": [0, -3, 0],
			"translation": [-6, 0, -3]
		},
		"ground": {
			"translation": [0, 1.75, 0],
			"scale": [0.5, 0.5, 0.5]
		},
		"gui": {
			"rotation": [30, 225, 0],
			"translation": [0.5, 1, 0],
			"scale": [0.8, 0.8, 0.8]
		},
		"fixed": {
			"translation": [0, 2, -4]
		}
	},
	"groups": [
		{
			"name": "cannon",
			"origin": [8, 8, 8],
			"color": 0,
			"children": [0, 1, 2, 3, 4, 5, 6, 7, 8]
		}
	]
}