{
	"credit": "Made with Blockbench",
	"textures": {
		"0": "item/dragon_orb",
		"1": "item/dragon_orb_e",
		"particle": "item/dragon_orb"
	},
	"elements": [
		{
			"name": "orb",
			"from": [5, 3, 0],
			"to": [11, 9, 6],
			"faces": {
				"north": {"uv": [0, 0, 6, 6], "texture": "0"},
				"east": {"uv": [0, 0, 6, 6], "texture": "0"},
				"south": {"uv": [0, 0, 6, 6], "texture": "0"},
				"west": {"uv": [0, 0, 6, 6], "texture": "0"},
				"up": {"uv": [0, 0, 6, 6], "texture": "0"},
				"down": {"uv": [0, 0, 6, 6], "texture": "0"}
			}
		}
	],
	"display": {
		"firstperson_righthand": {
			"translation": [4, 0, 1]
		},
		"firstperson_lefthand": {
			"translation": [4, 0, 1]
		},
		"ground": {
			"translation": [0, 4, 5]
		},
		"gui": {
			"rotation": [29.5, 23.25, 0],
			"translation": [1.75, -0.25, 0]
		},
		"fixed": {
			"translation": [0, 3, 2]
		}
	}
}