{
	"credit": "Made with Blockbench",
	"texture_size": [32, 32],
	"textures": {
		"staff_bermundes_hermit_staff": "item/fungus_staff"
	},
	"elements": [
		{
			"from": [9.5, 24, 7.5],
			"to": [10.5, 29, 8.5],
			"rotation": {"angle": 0, "axis": "y", "origin": [8, 14, 8]},
			"faces": {
				"north": {"uv": [1.5, 0.5, 2, 3], "texture": "#staff_bermundes_hermit_staff"},
				"east": {"uv": [1.5, 0.5, 2, 3], "texture": "#staff_bermundes_hermit_staff"},
				"south": {"uv": [1.5, 0.5, 2, 3], "texture": "#staff_bermundes_hermit_staff"},
				"west": {"uv": [1.5, 0.5, 2, 3], "texture": "#staff_bermundes_hermit_staff"},
				"up": {"uv": [1.5, 0.5, 2, 1], "texture": "#staff_bermundes_hermit_staff"},
				"down": {"uv": [1.5, 2.5, 2, 3], "texture": "#staff_bermundes_hermit_staff"}
			}
		},
		{
			"from": [5.5, 24, 7.5],
			"to": [6.5, 29, 8.5],
			"rotation": {"angle": 0, "axis": "y", "origin": [8, 14, 8]},
			"faces": {
				"north": {"uv": [1.5, 0.5, 2, 3], "texture": "#staff_bermundes_hermit_staff"},
				"east": {"uv": [1.5, 0.5, 2, 3], "texture": "#staff_bermundes_hermit_staff"},
				"south": {"uv": [1.5, 0.5, 2, 3], "texture": "#staff_bermundes_hermit_staff"},
				"west": {"uv": [1.5, 0.5, 2, 3], "texture": "#staff_bermundes_hermit_staff"},
				"up": {"uv": [1.5, 0.5, 2, 1], "texture": "#staff_bermundes_hermit_staff"},
				"down": {"uv": [1.5, 2.5, 2, 3], "texture": "#staff_bermundes_hermit_staff"}
			}
		},
		{
			"from": [6.5, 24, 7.5],
			"to": [9.5, 25, 8.5],
			"rotation": {"angle": 0, "axis": "y", "origin": [8, 14, 8]},
			"faces": {
				"north": {"uv": [1.5, 0, 3, 0.5], "texture": "#staff_bermundes_hermit_staff"},
				"east": {"uv": [1.5, 0, 2, 0.5], "texture": "#staff_bermundes_hermit_staff"},
				"south": {"uv": [1.5, 0, 3, 0.5], "texture": "#staff_bermundes_hermit_staff"},
				"west": {"uv": [2.5, 0, 3, 0.5], "texture": "#staff_bermundes_hermit_staff"},
				"up": {"uv": [1.5, 0, 3, 0.5], "texture": "#staff_bermundes_hermit_staff"},
				"down": {"uv": [1.5, 0, 3, 0.5], "texture": "#staff_bermundes_hermit_staff"}
			}
		},
		{
			"from": [7, 25, 7],
			"to": [9, 28, 9],
			"rotation": {"angle": 0, "axis": "y", "origin": [8, 14, 8]},
			"faces": {
				"north": {"uv": [0.5, 0, 1.5, 1.5], "texture": "#staff_bermundes_hermit_staff"},
				"east": {"uv": [0.5, 0, 1.5, 1.5], "texture": "#staff_bermundes_hermit_staff"},
				"south": {"uv": [0.5, 0, 1.5, 1.5], "texture": "#staff_bermundes_hermit_staff"},
				"west": {"uv": [0.5, 0, 1.5, 1.5], "texture": "#staff_bermundes_hermit_staff"},
				"up": {"uv": [0.5, 1.5, 1.5, 2.5], "texture": "#staff_bermundes_hermit_staff"},
				"down": {"uv": [0.5, 2.5, 1.5, 3.5], "texture": "#staff_bermundes_hermit_staff"}
			}
		},
		{
			"from": [3.499, 13.999, 7.999],
			"to": [12.501, 29.001, 8.001],
			"rotation": {"angle": 0, "axis": "y", "origin": [8, 14, 8]},
			"faces": {
				"north": {"uv": [0.5, 3.5, 5, 11], "texture": "#staff_bermundes_hermit_staff"},
				"east": {"uv": [3.5, 0, 3, 0.5], "texture": "#staff_bermundes_hermit_staff"},
				"south": {"uv": [5, 3.5, 0.5, 11], "texture": "#staff_bermundes_hermit_staff"},
				"west": {"uv": [3.5, 0, 3, 0.5], "texture": "#staff_bermundes_hermit_staff"},
				"up": {"uv": [3.5, 0, 3, 0.5], "texture": "#staff_bermundes_hermit_staff"},
				"down": {"uv": [3.5, 0, 3, 0.5], "texture": "#staff_bermundes_hermit_staff"}
			}
		},
		{
			"from": [7.5, 0, 7.5],
			"to": [8.5, 24, 8.5],
			"rotation": {"angle": 0, "axis": "y", "origin": [8, 14, 8]},
			"faces": {
				"north": {"uv": [0, 0, 0.5, 12], "texture": "#staff_bermundes_hermit_staff"},
				"east": {"uv": [0, 0, 0.5, 12], "texture": "#staff_bermundes_hermit_staff"},
				"south": {"uv": [0, 0, 0.5, 12], "texture": "#staff_bermundes_hermit_staff"},
				"west": {"uv": [0, 0, 0.5, 12], "texture": "#staff_bermundes_hermit_staff"},
				"up": {"uv": [0, 0, 0.5, 0.5], "texture": "#staff_bermundes_hermit_staff"},
				"down": {"uv": [0, 11.5, 0.5, 12], "texture": "#staff_bermundes_hermit_staff"}
			}
		}
	],
	"gui_light": "front",
	"display": {
		"thirdperson_righthand": {
			"rotation": [0, -120, 0],
			"translation": [0, -6, 2]
		},
		"thirdperson_lefthand": {
			"rotation": [0, 60, 0],
			"translation": [0, -6, 2]
		},
		"firstperson_righthand": {
			"rotation": [-20, -90, 0],
			"translation": [6.25, -7, 0]
		},
		"firstperson_lefthand": {
			"rotation": [-20, 90, 0],
			"translation": [6, -7, 0]
		},
		"ground": {
			"rotation": [0, 0, -45],
			"translation": [-3, 2, 0],
			"scale": [0.5, 0.5, 0.5]
		},
		"gui": {
			"rotation": [0, 30, -45],
			"translation": [-4, -4.75, 0],
			"scale": [0.8, 0.8, 0.8]
		},
		"fixed": {
			"rotation": [0, -180, -45],
			"translation": [4, -4, 0],
			"scale": [0.65, 0.65, 0.65]
		}
	},
	"groups": [
		{
			"name": "group",
			"origin": [0, 0, 0],
			"color": 0,
			"children": [0, 1, 2, 3, 4, 5]
		}
	]
}