{
	"credit": "Made with Blockbench",
	"parent": "generated",
	"texture_size": [32, 32],
	"textures": {
		"0": "item/hallowed_axe",
		"particle": "item/hallowed_axe"
	},
	"elements": [
		{
			"name": "grip",
			"from": [7, 3, 7],
			"to": [9, 27, 9],
			"faces": {
				"north": {"uv": [9, 0, 10, 12], "texture": "#0"},
				"east": {"uv": [10, 0, 9, 12], "texture": "#0"},
				"south": {"uv": [9, 0, 10, 12], "texture": "#0"},
				"west": {"uv": [10, 0, 9, 12], "texture": "#0"},
				"up": {"uv": [9, 12, 10, 13], "texture": "#0"},
				"down": {"uv": [9, 0, 10, 12], "texture": "#0"}
			}
		},
		{
			"name": "pommel",
			"from": [6.5, 0, 6.5],
			"to": [9.5, 3, 9.5],
			"faces": {
				"north": {"uv": [11.5, 0, 10, 1.5], "texture": "#0"},
				"east": {"uv": [10, 0, 11.5, 1.5], "texture": "#0"},
				"south": {"uv": [11.5, 0, 10, 1.5], "texture": "#0"},
				"west": {"uv": [10, 0, 11.5, 1.5], "texture": "#0"},
				"up": {"uv": [10, 1.5, 11.5, 3], "texture": "#0"},
				"down": {"uv": [10, 3, 11.5, 4.5], "texture": "#0"}
			}
		},
		{
			"name": "blade",
			"from": [7.999, 16.999, 0.999],
			"to": [8.001, 29.001, 15.001],
			"faces": {
				"north": {"uv": [0, 0, 0, 5], "texture": "#0"},
				"east": {"uv": [0, 0, 7, 6], "texture": "#0"},
				"south": {"uv": [0, 0, 0, 5], "texture": "#0"},
				"west": {"uv": [7, 0, 0, 6], "texture": "#0"},
				"up": {"uv": [0, 6.5, 0, 0], "texture": "#0"},
				"down": {"uv": [0, 0, 0, 6.5], "texture": "#0"}
			}
		},
		{
			"name": "bracing",
			"from": [6.5, 21, 6],
			"to": [9.5, 25, 10],
			"faces": {
				"north": {"uv": [7, 2, 8.5, 4], "texture": "#0"},
				"east": {"uv": [7, 0, 9, 2], "texture": "#0"},
				"south": {"uv": [7, 2, 8.5, 4], "texture": "#0"},
				"west": {"uv": [9, 0, 7, 2], "texture": "#0"},
				"up": {"uv": [8.5, 6, 7, 4], "texture": "#0"},
				"down": {"uv": [8.5, 6, 7, 8], "texture": "#0"}
			}
		}
	],
	"gui_light": "front",
	"display": {
		"thirdperson_righthand": {
			"rotation": [0, -15, 0],
			"translation": [0, -2, 2]
		},
		"thirdperson_lefthand": {
			"rotation": [0, -15, 0],
			"translation": [0, -2, 2]
		},
		"firstperson_righthand": {
			"translation": [0, -2, 0]
		},
		"firstperson_lefthand": {
			"translation": [0, -2, 0]
		},
		"ground": {
			"translation": [0, 1, 0],
			"scale": [0.5, 0.5, 0.5]
		},
		"gui": {
			"rotation": [60, -45, 75],
			"translation": [3.75, -3.75, 0],
			"scale": [0.65, 0.65, 0.65]
		},
		"fixed": {
			"rotation": [90, 41.5, -90],
			"translation": [-5.25, -2.5, -1.5]
		}
	},
	"groups": [
		{
			"name": "axe",
			"origin": [8, 8, 8],
			"color": 0,
			"children": [0, 1, 2, 3]
		}
	]
}