{
	"credit": "Made with Blockbench",
	"parent": "generated",
	"textures": {
		"0": "item/heaven_blade",
		"particle": "item/heaven_blade"
	},
	"elements": [
		{
			"name": "pommel",
			"from": [6.5, 1, 8.5],
			"to": [9.5, 4, 11.5],
			"rotation": {"angle": 0, "axis": "y", "origin": [0, 2, 2]},
			"faces": {
				"north": {"uv": [8, 4, 11, 7], "texture": "#0"},
				"east": {"uv": [11, 4, 8, 7], "texture": "#0"},
				"south": {"uv": [8, 4, 11, 7], "texture": "#0"},
				"west": {"uv": [11, 4, 8, 7], "texture": "#0"},
				"up": {"uv": [11, 4, 14, 7], "texture": "#0"},
				"down": {"uv": [8, 7, 11, 10], "texture": "#0"}
			}
		},
		{
			"name": "grip",
			"from": [7, 4, 9],
			"to": [9, 9, 11],
			"rotation": {"angle": 0, "axis": "y", "origin": [0, 2, 2]},
			"faces": {
				"north": {"uv": [8, 4, 6, 9], "texture": "#0"},
				"east": {"uv": [6, 4, 8, 9], "texture": "#0"},
				"south": {"uv": [8, 4, 6, 9], "texture": "#0"},
				"west": {"uv": [6, 4, 8, 9], "texture": "#0"},
				"up": {"uv": [6, 10, 6, 10], "texture": "#0"},
				"down": {"uv": [6, 10, 6, 10], "texture": "#0"}
			}
		},
		{
			"name": "wing_f",
			"from": [7, 9, 6],
			"to": [9, 13, 8],
			"rotation": {"angle": 22.5, "axis": "x", "origin": [8, 9, 8]},
			"faces": {
				"north": {"uv": [12, 0, 14, 4], "texture": "#0"},
				"east": {"uv": [12, 0, 10, 4], "texture": "#0"},
				"south": {"uv": [14, 0, 16, 4], "texture": "#0"},
				"west": {"uv": [10, 0, 12, 4], "texture": "#0"},
				"up": {"uv": [8, 4, 6, 2], "texture": "#0"},
				"down": {"uv": [10, 2, 8, 4], "texture": "#0"}
			}
		},
		{
			"name": "wing_b",
			"from": [7, 9, 12],
			"to": [9, 13, 14],
			"rotation": {"angle": -22.5, "axis": "x", "origin": [8, 9, 12]},
			"faces": {
				"north": {"uv": [12, 0, 14, 4], "texture": "#0"},
				"east": {"uv": [10, 0, 12, 4], "texture": "#0"},
				"south": {"uv": [12, 0, 14, 4], "texture": "#0"},
				"west": {"uv": [12, 0, 10, 4], "texture": "#0"},
				"up": {"uv": [6, 2, 8, 4], "texture": "#0"},
				"down": {"uv": [10, 2, 8, 4], "texture": "#0"}
			}
		},
		{
			"name": "guard",
			"from": [6.5, 9, 8],
			"to": [9.5, 11, 12],
			"rotation": {"angle": 0, "axis": "y", "origin": [0, 2, 2]},
			"faces": {
				"north": {"uv": [7, 0, 10, 2], "texture": "#0"},
				"east": {"uv": [3, 0, 7, 2], "texture": "#0"},
				"south": {"uv": [7, 0, 10, 2], "texture": "#0"},
				"west": {"uv": [3, 0, 7, 2], "texture": "#0"},
				"up": {"uv": [3, 2, 6, 6], "texture": "#0"},
				"down": {"uv": [3, 6, 6, 10], "texture": "#0"}
			}
		},
		{
			"name": "edge",
			"from": [8, 11, 8.5],
			"to": [8, 27, 11.5],
			"rotation": {"angle": 0, "axis": "y", "origin": [0, 2, 2]},
			"faces": {
				"north": {"uv": [0, 0, 3, 16], "texture": "#0"},
				"east": {"uv": [3, 0, 0, 16], "texture": "#0"},
				"south": {"uv": [0, 0, 3, 16], "texture": "#0"},
				"west": {"uv": [0, 0, 3, 16], "texture": "#0"},
				"up": {"uv": [0, 0, 3, 16], "texture": "#0"},
				"down": {"uv": [0, 0, 3, 16], "texture": "#0"}
			}
		}
	],
	"gui_light": "front",
	"display": {
		"thirdperson_righthand": {
			"translation": [0, -1, 0]
		},
		"thirdperson_lefthand": {
			"translation": [0, -1, 0]
		},
		"ground": {
			"translation": [0, 0, -1],
			"scale": [0.5, 0.5, 0.5]
		},
		"gui": {
			"rotation": [60, -45, 75],
			"translation": [4, -2, 0],
			"scale": [0.8, 0.8, 0.8]
		},
		"fixed": {
			"rotation": [90, 41.5, -90],
			"translation": [-5.25, -2.5, -1.5]
		}
	},
	"groups": [
		{
			"name": "sword",
			"origin": [8, 8, 8],
			"color": 0,
			"children": [0, 1, 2, 3, 4, 5]
		}
	]
}