{
  "parent": "minecraft:block/cube_directional",
  "textures": {
    "particle": "minecraft:block/jigsaw_top",
    "north": "minecraft:block/jigsaw_top",
    "south": "minecraft:block/jigsaw_bottom",
    "east": "minecraft:block/jigsaw_side",
    "west": "minecraft:block/jigsaw_side",
    "up": "minecraft:block/jigsaw_lock",
    "down": "minecraft:block/jigsaw_side",
    "layer0": "block/jigsaw"
  },

  "overrides": [
   { "predicate": {"custom_model_data": 5551}, "model": "item/drifter_wing"},
   { "predicate": {"custom_model_data": 5552}, "model": "item/essence"},
   { "predicate": {"custom_model_data": 5553}, "model": "item/key_fragment"},
   { "predicate": {"custom_model_data": 5554}, "model": "item/fungus_core"},
   { "predicate": {"custom_model_data": 5555}, "model": "item/crystal_shard"},
   { "predicate": {"custom_model_data": 5556}, "model": "item/shell_fragment"},
   { "predicate": {"custom_model_data": 5557}, "model": "item/dark_scute"},
   { "predicate": {"custom_model_data": 5558}, "model": "item/lunar_scrap"},
   { "predicate": {"custom_model_data": 5559}, "model": "item/dire_wolf_claw"},
   { "predicate": {"custom_model_data": 55510}, "model": "item/wolf_armor"},
   { "predicate": {"custom_model_data": 55511}, "model": "item/fungus_spores"},
   { "predicate": {"custom_model_data": 55512}, "model": "item/phoenix_feather"},
   { "predicate": {"custom_model_data": 55513}, "model": "item/hellstone"},
   { "predicate": {"custom_model_data": 55514}, "model": "item/power_gem"},
   { "predicate": {"custom_model_data": 55515}, "model": "item/ancient_pendant"},
   { "predicate": {"custom_model_data": 55516}, "model": "item/black_feather"},
   { "predicate": {"custom_model_data": 55517}, "model": "item/ice_gem"},
   { "predicate": {"custom_model_data": 55518}, "model": "item/satyr_banner"},
   { "predicate": {"custom_model_data": 55519}, "model": "item/robust_horn"},
   { "predicate": {"custom_model_data": 55520}, "model": "item/astral_offering"},
   { "predicate": {"custom_model_data": 55521}, "model": "item/chromium_chunk"}
 
  ]
 
  
 }