{
 "parent": "item/generated",
 "textures": {
  "layer0": "item/knowledge_book"
 },

 "overrides": [
  { "predicate": {"custom_model_data": 5551}, "model": "block/etheral_workbench_gui"},
  { "predicate": {"custom_model_data": 5552}, "model": "block/etheral_workbench_gui_recipes"},
  { "predicate": {"custom_model_data": 5553}, "model": "block/etheral_workbench_gui_forward_button"},
  { "predicate": {"custom_model_data": 5554}, "model": "block/etheral_workbench_gui_back_button"},
  { "predicate": {"custom_model_data": 5555}, "model": "block/etheral_workbench_gui_crafting_button"}

 ]

 
}