{
	"credit": "Made with Blockbench",
	"parent": "generated",
	"textures": {
		"1": "item/kronos_hand_hour",
		"particle": "item/kronos_axe",
		"1_0": "item/kronos_axe"
	},
	"elements": [
		{
			"name": "hour",
			"from": [6.25, 15.25, -0.75],
			"to": [9.75, 31.75, 15.75],
			"rotation": {"angle": 0, "axis": "x", "origin": [8, 23.5, 9.5]},
			"faces": {
				"north": {"uv": [0, 0, 0, 0], "texture": "#1_0"},
				"east": {"uv": [16, 0, 0, 16], "texture": "#1"},
				"south": {"uv": [0, 0, 0, 0], "texture": "#1_0"},
				"west": {"uv": [0, 0, 16, 16], "texture": "#1"},
				"up": {"uv": [0, 0, 0, 0], "texture": "#1_0"},
				"down": {"uv": [0, 0, 0, 0], "texture": "#1_0"}
			}
		},
		{
			"name": "grip",
			"from": [7, 3, 7],
			"to": [9, 27, 9],
			"faces": {
				"north": {"uv": [9, 0, 10, 12], "texture": "#1_0"},
				"east": {"uv": [10, 0, 9, 12], "texture": "#1_0"},
				"south": {"uv": [9, 0, 10, 12], "texture": "#1_0"},
				"west": {"uv": [10, 0, 9, 12], "texture": "#1_0"},
				"up": {"uv": [9, 12, 10, 13], "texture": "#1_0"},
				"down": {"uv": [9, 0, 10, 12], "texture": "#1_0"}
			}
		},
		{
			"name": "pommel",
			"from": [6.5, -0.5, 6],
			"to": [9.5, 3.5, 10],
			"rotation": {"angle": -45, "axis": "x", "origin": [8, 1.5, 8]},
			"faces": {
				"north": {"uv": [11.5, 4, 10, 6], "texture": "#1_0"},
				"east": {"uv": [10, 0, 12, 2], "texture": "#1_0"},
				"south": {"uv": [11.5, 2, 10, 4], "texture": "#1_0"},
				"west": {"uv": [12, 0, 10, 2], "texture": "#1_0"},
				"up": {"uv": [11.5, 4, 10, 2], "texture": "#1_0"},
				"down": {"uv": [10, 4, 11.5, 6], "texture": "#1_0"}
			}
		},
		{
			"name": "blade",
			"from": [7.999, 15.999, 0.999],
			"to": [8.001, 30.001, 15.001],
			"faces": {
				"north": {"uv": [0, 0, 7, 7], "texture": "#1_0"},
				"east": {"uv": [0, 0, 7, 7], "texture": "#1_0"},
				"south": {"uv": [0, 0, 7, 7], "texture": "#1_0"},
				"west": {"uv": [0, 0, 7, 7], "texture": "#1_0"},
				"up": {"uv": [0, 0, 7, 7], "texture": "#1_0"},
				"down": {"uv": [0, 0, 7, 7], "texture": "#1_0"}
			}
		},
		{
			"name": "bracing",
			"from": [6.5, 21, 6],
			"to": [9.5, 25, 10],
			"faces": {
				"north": {"uv": [7, 2, 8.5, 4], "texture": "#1_0"},
				"east": {"uv": [7, 0, 9, 2], "texture": "#1_0"},
				"south": {"uv": [7, 2, 8.5, 4], "texture": "#1_0"},
				"west": {"uv": [9, 0, 7, 2], "texture": "#1_0"},
				"up": {"uv": [8.5, 6, 7, 4], "texture": "#1_0"},
				"down": {"uv": [8.5, 6, 7, 8], "texture": "#1_0"}
			}
		}
	],
	"gui_light": "front",
	"display": {
		"thirdperson_righthand": {
			"rotation": [0, -15, 0],
			"translation": [0, -2, 2]
		},
		"thirdperson_lefthand": {
			"rotation": [0, -15, 0],
			"translation": [0, -2, 2]
		},
		"firstperson_righthand": {
			"translation": [0, -2, 0]
		},
		"firstperson_lefthand": {
			"translation": [0, -2, 0]
		},
		"ground": {
			"translation": [0, 1, 0],
			"scale": [0.5, 0.5, 0.5]
		},
		"gui": {
			"rotation": [60, -45, 75],
			"translation": [3.75, -3.75, 0],
			"scale": [0.65, 0.65, 0.65]
		},
		"fixed": {
			"rotation": [90, 41.5, -90],
			"translation": [-5.25, -2.5, -1.5]
		}
	},
	"groups": [
		0,
		{
			"name": "axe",
			"origin": [8, 8, 8],
			"color": 0,
			"children": [1, 2, 3, 4]
		}
	]
}