{
	"credit": "Made with Blockbench",
	"parent": "bow",
	"texture_size": [32, 32],
	"textures": {
		"0": "item/light_bow",
		"particle": "item/light_bow"
	},
	"elements": [
		{
			"name": "grip",
			"from": [7.5, 4, 8],
			"to": [8.5, 8, 10],
			"faces": {
				"north": {"uv": [0, 6, 0.5, 8], "texture": "#0"},
				"east": {"uv": [1, 6, 0, 8], "texture": "#0"},
				"south": {"uv": [0.5, 6, 1, 8], "texture": "#0"},
				"west": {"uv": [0, 6, 1, 8], "texture": "#0"},
				"up": {"uv": [1, 7.5, 1.5, 8], "texture": "#0"},
				"down": {"uv": [1, 7.5, 1.5, 8], "texture": "#0"}
			}
		},
		{
			"name": "string",
			"from": [7.999, -3.001, 6.999],
			"to": [8.001, 13.001, 23.001],
			"rotation": {"angle": 45, "axis": "x", "origin": [8, 6, 16]},
			"faces": {
				"north": {"uv": [8, 0, 16, 8], "texture": "#0"},
				"east": {"uv": [16, 0, 8, 8], "texture": "#0"},
				"south": {"uv": [8, 0, 16, 8], "texture": "#0"},
				"west": {"uv": [8, 0, 16, 8], "texture": "#0"},
				"up": {"uv": [8, 0, 16, 8], "texture": "#0"},
				"down": {"uv": [8, 0, 16, 8], "texture": "#0"}
			}
		},
		{
			"name": "upper_spike",
			"from": [7, 8, 7.5],
			"to": [9, 10, 10.5],
			"rotation": {"angle": 0, "axis": "y", "origin": [0, 16, 0]},
			"faces": {
				"north": {"uv": [1.5, 1, 2.5, 0], "texture": "#0"},
				"east": {"uv": [1.5, 1, 0, 0], "texture": "#0"},
				"south": {"uv": [2.5, 1, 3.5, 0], "texture": "#0"},
				"west": {"uv": [0, 1, 1.5, 0], "texture": "#0"},
				"up": {"uv": [1, 2.5, 0, 1], "texture": "#0"},
				"down": {"uv": [2, 1, 1, 2.5], "texture": "#0"}
			}
		},
		{
			"name": "lower_spike",
			"from": [7, 2, 7.5],
			"to": [9, 4, 10.5],
			"rotation": {"angle": 0, "axis": "y", "origin": [0, 16, 0]},
			"faces": {
				"north": {"uv": [1.5, 0, 2.5, 1], "texture": "#0"},
				"east": {"uv": [1.5, 0, 0, 1], "texture": "#0"},
				"south": {"uv": [2.5, 0, 3.5, 1], "texture": "#0"},
				"west": {"uv": [0, 0, 1.5, 1], "texture": "#0"},
				"up": {"uv": [1, 2.5, 2, 1], "texture": "#0"},
				"down": {"uv": [0, 1, 1, 2.5], "texture": "#0"}
			}
		},
		{
			"name": "forearm",
			"from": [7.5, 10, 8.5],
			"to": [8.5, 14, 10.5],
			"rotation": {"angle": 22.5, "axis": "x", "origin": [8, 10, 8.5]},
			"faces": {
				"north": {"uv": [1, 4.5, 1.5, 2.5], "texture": "#0"},
				"east": {"uv": [0, 4.5, 1, 2.5], "texture": "#0"},
				"south": {"uv": [1.5, 4.5, 2, 2.5], "texture": "#0"},
				"west": {"uv": [0, 4.5, 1, 2.5], "texture": "#0"},
				"up": {"uv": [1, 8, 1.5, 7.5], "texture": "#0"},
				"down": {"uv": [1, 8, 1.5, 7.5], "texture": "#0"}
			}
		},
		{
			"name": "spike",
			"from": [7, 14, 7.5],
			"to": [9, 16, 10.5],
			"rotation": {"angle": 22.5, "axis": "x", "origin": [8, 10, 8.5]},
			"faces": {
				"north": {"uv": [1.5, 1, 2.5, 0], "texture": "#0"},
				"east": {"uv": [1.5, 1, 0, 0], "texture": "#0"},
				"south": {"uv": [2.5, 1, 3.5, 0], "texture": "#0"},
				"west": {"uv": [0, 1, 1.5, 0], "texture": "#0"},
				"up": {"uv": [0, 2.5, 1, 1], "texture": "#0"},
				"down": {"uv": [1, 1, 2, 2.5], "texture": "#0"}
			}
		},
		{
			"name": "forearm",
			"from": [7.5, 15.5, 10.75],
			"to": [8.5, 19.5, 12.75],
			"rotation": {"angle": 45, "axis": "x", "origin": [8, 15.5, 10.8]},
			"faces": {
				"north": {"uv": [1, 4.5, 1.5, 2.5], "texture": "#0"},
				"east": {"uv": [0, 4.5, 1, 2.5], "texture": "#0"},
				"south": {"uv": [1.5, 4.5, 2, 2.5], "texture": "#0"},
				"west": {"uv": [0, 4.5, 1, 2.5], "texture": "#0"},
				"up": {"uv": [1, 8, 1.5, 7.5], "texture": "#0"},
				"down": {"uv": [1, 8, 1.5, 7.5], "texture": "#0"}
			}
		},
		{
			"name": "spike",
			"from": [7.5, 19.5, 9.75],
			"to": [8.5, 20.5, 12.75],
			"rotation": {"angle": 45, "axis": "x", "origin": [8, 15.5, 10.8]},
			"faces": {
				"north": {"uv": [2, 1.5, 2.5, 1], "texture": "#0"},
				"east": {"uv": [3.5, 1.5, 2, 1], "texture": "#0"},
				"south": {"uv": [3, 1.5, 3.5, 1], "texture": "#0"},
				"west": {"uv": [2, 1.5, 3.5, 1], "texture": "#0"},
				"up": {"uv": [2, 3, 2.5, 1.5], "texture": "#0"},
				"down": {"uv": [2.5, 1.5, 2, 3], "texture": "#0"}
			}
		},
		{
			"name": "forearm",
			"from": [7.5, -2, 8.5],
			"to": [8.5, 2, 10.5],
			"rotation": {"angle": -22.5, "axis": "x", "origin": [8, 2, 8.5]},
			"faces": {
				"north": {"uv": [1, 4.5, 1.5, 2.5], "rotation": 180, "texture": "#0"},
				"east": {"uv": [0, 4.5, 1, 2.5], "rotation": 180, "texture": "#0"},
				"south": {"uv": [1.5, 4.5, 2, 2.5], "rotation": 180, "texture": "#0"},
				"west": {"uv": [1, 4.5, 0, 2.5], "rotation": 180, "texture": "#0"},
				"up": {"uv": [1, 8, 1.5, 7.5], "rotation": 180, "texture": "#0"},
				"down": {"uv": [1, 8, 1.5, 7.5], "rotation": 180, "texture": "#0"}
			}
		},
		{
			"name": "spike",
			"from": [7, -4, 7.5],
			"to": [9, -2, 10.5],
			"rotation": {"angle": -22.5, "axis": "x", "origin": [8, 2, 8.5]},
			"faces": {
				"north": {"uv": [1.5, 1, 2.5, 0], "rotation": 180, "texture": "#0"},
				"east": {"uv": [0, 1, 1.5, 0], "rotation": 180, "texture": "#0"},
				"south": {"uv": [2.5, 1, 3.5, 0], "rotation": 180, "texture": "#0"},
				"west": {"uv": [1.5, 1, 0, 0], "rotation": 180, "texture": "#0"},
				"up": {"uv": [1, 1, 2, 2.5], "rotation": 180, "texture": "#0"},
				"down": {"uv": [0, 2.5, 1, 1], "rotation": 180, "texture": "#0"}
			}
		},
		{
			"name": "forearm",
			"from": [7.5, -7.5, 10.75],
			"to": [8.5, -3.5, 12.75],
			"rotation": {"angle": -45, "axis": "x", "origin": [8, -3.5, 10.8]},
			"faces": {
				"north": {"uv": [1, 4.5, 1.5, 2.5], "rotation": 180, "texture": "#0"},
				"east": {"uv": [0, 4.5, 1, 2.5], "rotation": 180, "texture": "#0"},
				"south": {"uv": [1.5, 4.5, 2, 2.5], "rotation": 180, "texture": "#0"},
				"west": {"uv": [1, 4.5, 0, 2.5], "rotation": 180, "texture": "#0"},
				"up": {"uv": [1, 8, 1.5, 7.5], "rotation": 180, "texture": "#0"},
				"down": {"uv": [1, 8, 1.5, 7.5], "rotation": 180, "texture": "#0"}
			}
		},
		{
			"name": "forearm",
			"from": [7.5, -8.5, 9.75],
			"to": [8.5, -7.5, 12.75],
			"rotation": {"angle": -45, "axis": "x", "origin": [8, -3.5, 10.8]},
			"faces": {
				"north": {"uv": [2.5, 1.5, 2, 1], "rotation": 180, "texture": "#0"},
				"east": {"uv": [2, 1.5, 3.5, 1], "rotation": 180, "texture": "#0"},
				"south": {"uv": [3.5, 1.5, 3, 1], "rotation": 180, "texture": "#0"},
				"west": {"uv": [3.5, 1.5, 2, 1], "rotation": 180, "texture": "#0"},
				"up": {"uv": [2.5, 1.5, 2, 3], "rotation": 180, "texture": "#0"},
				"down": {"uv": [2.5, 3, 2, 1.5], "rotation": 180, "texture": "#0"}
			}
		}
	],
	"gui_light": "front",
	"display": {
		"thirdperson_righthand": {
			"rotation": [0, -5, 0],
			"translation": [-2, 0, 0.25]
		},
		"thirdperson_lefthand": {
			"rotation": [0, -5, 0],
			"translation": [-2, 0, 0.25]
		},
		"firstperson_righthand": {
			"rotation": [10, 0, 0],
			"translation": [2, 6, -4]
		},
		"firstperson_lefthand": {
			"rotation": [10, 0, 0],
			"translation": [1, 6, -4]
		},
		"ground": {
			"translation": [0, 6, -2],
			"scale": [0.5, 0.5, 0.5]
		},
		"gui": {
			"rotation": [135, 30, 45],
			"translation": [-3.25, 1.5, 0],
			"scale": [0.8, 0.8, 0.8]
		},
		"fixed": {
			"rotation": [90, -45, 90],
			"translation": [1.75, 4.25, -1],
			"scale": [0.8, 0.8, 0.8]
		}
	},
	"groups": [
		{
			"name": "bow",
			"origin": [8, 8, 8],
			"color": 0,
			"children": [
				{
					"name": "center",
					"origin": [8, 8, 8],
					"color": 0,
					"children": [
						0,
						1,
						2,
						3,
						{
							"name": "upper_arm",
							"origin": [8, 8, 8],
							"color": 0,
							"children": [
								4,
								5,
								{
									"name": "upper_arm_tip",
									"origin": [8, 10, 8.5],
									"color": 0,
									"children": [6, 7]
								}
							]
						},
						{
							"name": "upper_arm",
							"origin": [8, 8, 8],
							"color": 0,
							"children": [
								8,
								9,
								{
									"name": "upper_arm_tip",
									"origin": [8, 10, 8.5],
									"color": 0,
									"children": [10, 11]
								}
							]
						}
					]
				}
			]
		}
	]
}