{
	"credit": "Made with Blockbench",
	"parent": "generated",
	"texture_size": [32, 32],
	"textures": {
		"0": "item/lightning_sledge",
		"particle": "item/lightning_sledge"
	},
	"elements": [
		{
			"name": "pommel",
			"from": [6.5, 1, 6.5],
			"to": [9.5, 3, 9.5],
			"faces": {
				"north": {"uv": [10, 8.5, 11.5, 9.5], "texture": "#0"},
				"east": {"uv": [10, 9.5, 11.5, 10.5], "texture": "#0"},
				"south": {"uv": [0, 10.5, 1.5, 11.5], "texture": "#0"},
				"west": {"uv": [1.5, 10.5, 3, 11.5], "texture": "#0"},
				"up": {"uv": [11.5, 5, 10, 3.5], "texture": "#0"},
				"down": {"uv": [11.5, 5, 10, 6.5], "texture": "#0"}
			}
		},
		{
			"name": "shaft",
			"from": [7.5, 3, 7.5],
			"to": [8.5, 26, 8.5],
			"faces": {
				"north": {"uv": [12, 0, 11.5, 11.5], "texture": "#0"},
				"east": {"uv": [12, 0, 11.5, 11.5], "texture": "#0"},
				"south": {"uv": [12, 0, 11.5, 11.5], "texture": "#0"},
				"west": {"uv": [12, 0, 11.5, 11.5], "texture": "#0"},
				"up": {"uv": [12, 0, 11.5, 0.5], "texture": "#0"},
				"down": {"uv": [12, 0, 11.5, 0.5], "texture": "#0"}
			}
		},
		{
			"name": "head",
			"from": [1.5, 19, 4.5],
			"to": [14.5, 26, 11.5],
			"rotation": {"angle": 0, "axis": "y", "origin": [8, 21, 9.5]},
			"faces": {
				"north": {"uv": [6.5, 0, 0, 3.5], "texture": "#0"},
				"east": {"uv": [0, 7, 3.5, 10.5], "texture": "#0"},
				"south": {"uv": [0, 0, 6.5, 3.5], "texture": "#0"},
				"west": {"uv": [0, 7, 3.5, 10.5], "texture": "#0"},
				"up": {"uv": [10, 6.5, 6.5, 0], "rotation": 270, "texture": "#0"},
				"down": {"uv": [10, 6.5, 6.5, 13], "rotation": 90, "texture": "#0"}
			}
		},
		{
			"name": "head",
			"from": [7, 26, 7],
			"to": [9, 27, 9],
			"faces": {
				"north": {"uv": [10, 1.5, 11, 1], "texture": "#0"},
				"east": {"uv": [10, 1.5, 11, 1], "texture": "#0"},
				"south": {"uv": [10, 1.5, 11, 1], "texture": "#0"},
				"west": {"uv": [10, 1.5, 11, 1], "texture": "#0"},
				"up": {"uv": [10, 1, 11, 0], "texture": "#0"},
				"down": {"uv": [10, 1, 11, 0], "texture": "#0"}
			}
		},
		{
			"name": "head",
			"from": [7, 18, 7],
			"to": [9, 19, 9],
			"faces": {
				"north": {"uv": [10, 1.5, 11, 1], "texture": "#0"},
				"east": {"uv": [10, 1.5, 11, 1], "texture": "#0"},
				"south": {"uv": [10, 1.5, 11, 1], "texture": "#0"},
				"west": {"uv": [10, 1.5, 11, 1], "texture": "#0"},
				"up": {"uv": [10, 1, 11, 0], "texture": "#0"},
				"down": {"uv": [10, 1, 11, 0], "texture": "#0"}
			}
		}
	],
	"gui_light": "front",
	"display": {
		"thirdperson_righthand": {
			"rotation": [0, -90, 0],
			"translation": [0, 0, 2]
		},
		"thirdperson_lefthand": {
			"rotation": [0, 90, 0],
			"translation": [0, 0, 2]
		},
		"firstperson_righthand": {
			"rotation": [-20, -90, 0],
			"translation": [6.25, -4, 0]
		},
		"firstperson_lefthand": {
			"rotation": [-20, 90, 0],
			"translation": [6, -4, 0]
		},
		"ground": {
			"rotation": [0, 0, -45],
			"translation": [-3, 2, 0],
			"scale": [0.5, 0.5, 0.5]
		},
		"gui": {
			"rotation": [0, 30, -45],
			"translation": [-4.25, -4.5, 0],
			"scale": [0.8, 0.8, 0.8]
		},
		"fixed": {
			"rotation": [0, -180, -45],
			"translation": [3.75, -3.75, 0],
			"scale": [0.65, 0.65, 0.65]
		}
	},
	"groups": [
		{
			"name": "hammer",
			"origin": [8, 8, 8],
			"color": 0,
			"children": [0, 1, 2, 3, 4]
		}
	]
}