{
	"credit": "Made with Blockbench",
	"texture_size": [32, 32],
	"textures": {
		"staff_bermundes_hermit_staff": "item/necronomicon"
	},
	"elements": [
		{
			"from": [6.999, 6.999, 2.999],
			"to": [9.001, 7.001, 13.001],
			"rotation": {"angle": 0, "axis": "y", "origin": [8, 7, 8]},
			"faces": {
				"north": {"uv": [0, 0, 1, 0], "texture": "#missing"},
				"east": {"uv": [0, 0, 5, 0], "texture": "#missing"},
				"south": {"uv": [0, 0, 1, 0], "texture": "#missing"},
				"west": {"uv": [0, 0, 5, 0], "texture": "#missing"},
				"up": {"uv": [0, 0, 1, 5], "texture": "#staff_bermundes_hermit_staff"},
				"down": {"uv": [0, 0, 1, 5], "texture": "#staff_bermundes_hermit_staff"}
			}
		},
		{
			"from": [8, 7.25, 3.5],
			"to": [14, 8.25, 12.5],
			"rotation": {"angle": 22.5, "axis": "z", "origin": [8, 8.25, 8]},
			"faces": {
				"north": {"uv": [8, 4.5, 11, 5], "texture": "#staff_bermundes_hermit_staff"},
				"east": {"uv": [11, 0, 16, 0.5], "texture": "#staff_bermundes_hermit_staff"},
				"south": {"uv": [11, 4.5, 8, 5], "texture": "#staff_bermundes_hermit_staff"},
				"west": {"uv": [11, 0, 16, 0.5], "texture": "#staff_bermundes_hermit_staff"},
				"up": {"uv": [8, 0, 11, 4.5], "texture": "#staff_bermundes_hermit_staff"},
				"down": {"uv": [8, 0, 11, 4.5], "texture": "#staff_bermundes_hermit_staff"}
			}
		},
		{
			"from": [2, 7.25, 3.5],
			"to": [8, 8.25, 12.5],
			"rotation": {"angle": -22.5, "axis": "z", "origin": [8, 8.25, 8]},
			"faces": {
				"north": {"uv": [11, 4.5, 8, 5], "texture": "#staff_bermundes_hermit_staff"},
				"east": {"uv": [11, 0, 16, 0.5], "texture": "#staff_bermundes_hermit_staff"},
				"south": {"uv": [8, 4.5, 11, 5], "texture": "#staff_bermundes_hermit_staff"},
				"west": {"uv": [11, 0, 16, 0.5], "texture": "#staff_bermundes_hermit_staff"},
				"up": {"uv": [11, 0, 8, 4.5], "texture": "#staff_bermundes_hermit_staff"},
				"down": {"uv": [11, 0, 8, 4.5], "texture": "#staff_bermundes_hermit_staff"}
			}
		},
		{
			"from": [-0.001, 6.999, 2.999],
			"to": [7.001, 7.001, 13.001],
			"rotation": {"angle": -22.5, "axis": "z", "origin": [7, 7, 8]},
			"faces": {
				"north": {"uv": [1, 0, 4, 5], "texture": "#staff_bermundes_hermit_staff"},
				"east": {"uv": [1, 0, 4, 5], "texture": "#staff_bermundes_hermit_staff"},
				"south": {"uv": [1, 0, 4, 5], "texture": "#staff_bermundes_hermit_staff"},
				"west": {"uv": [1, 0, 4, 5], "texture": "#staff_bermundes_hermit_staff"},
				"up": {"uv": [4.5, 0, 8, 5], "texture": "#staff_bermundes_hermit_staff"},
				"down": {"uv": [4.5, 5, 8, 0], "texture": "#staff_bermundes_hermit_staff"}
			}
		},
		{
			"from": [8.999, 6.999, 2.999],
			"to": [16.001, 7.001, 13.001],
			"rotation": {"angle": 22.5, "axis": "z", "origin": [9, 7, 8]},
			"faces": {
				"north": {"uv": [1, 0, 4, 5], "texture": "#staff_bermundes_hermit_staff"},
				"east": {"uv": [1, 0, 4, 5], "texture": "#staff_bermundes_hermit_staff"},
				"south": {"uv": [1, 0, 4, 5], "texture": "#staff_bermundes_hermit_staff"},
				"west": {"uv": [1, 0, 4, 5], "texture": "#staff_bermundes_hermit_staff"},
				"up": {"uv": [4.5, 0, 1, 5], "texture": "#staff_bermundes_hermit_staff"},
				"down": {"uv": [4.5, 5, 1, 0], "texture": "#staff_bermundes_hermit_staff"}
			}
		},
		{
			"from": [15.999, 6.999, 5.999],
			"to": [16.001, 9.001, 10.001],
			"rotation": {"angle": 22.5, "axis": "z", "origin": [9, 7, 8]},
			"faces": {
				"north": {"uv": [0, 5, 2, 6], "texture": "#staff_bermundes_hermit_staff"},
				"east": {"uv": [0, 5, 2, 6], "texture": "#staff_bermundes_hermit_staff"},
				"south": {"uv": [0, 5, 2, 6], "texture": "#staff_bermundes_hermit_staff"},
				"west": {"uv": [0, 5, 2, 6], "texture": "#staff_bermundes_hermit_staff"},
				"up": {"uv": [0, 5, 2, 6], "texture": "#staff_bermundes_hermit_staff"},
				"down": {"uv": [0, 5, 2, 6], "texture": "#staff_bermundes_hermit_staff"}
			}
		}
	],
	"gui_light": "front",
	"display": {
		"thirdperson_righthand": {
			"rotation": [90, 0, 0],
			"translation": [0, 4, 1.5]
		},
		"thirdperson_lefthand": {
			"rotation": [90, -180, 0],
			"translation": [0, 4, 1.5]
		},
		"firstperson_righthand": {
			"rotation": [60, 0, 15],
			"translation": [2, 0.75, -3.75]
		},
		"firstperson_lefthand": {
			"rotation": [60, -180, -15],
			"translation": [2, 0.75, -4]
		},
		"ground": {
			"translation": [0, 2, 0],
			"scale": [0.5, 0.5, 0.5]
		},
		"gui": {
			"rotation": [60, -30, 0],
			"translation": [0, -0.75, 0],
			"scale": [0.8, 0.8, 0.8]
		},
		"fixed": {
			"rotation": [-90, -180, 0],
			"translation": [0, 0, -1]
		}
	}
}