{
 "parent": "item/handheld",
 "textures": {
  "layer0": "item/netherite_axe"
 },

 "overrides": [
  { "predicate": {"custom_model_data": 5551}, "model": "item/lightning_sledge"},
  { "predicate": {"custom_model_data": 5552}, "model": "item/chromium_cleaver"},
  { "predicate": {"custom_model_data": 5553}, "model": "item/kronos_axe"},
  { "predicate": {"custom_model_data": 5554}, "model": "item/hallowed_axe"},
  { "predicate": {"custom_model_data": 5555}, "model": "item/stagbreaker"}

 ]

 
}
