{
 "parent": "item/handheld",
 "textures": {
  "layer0": "item/netherite_sword"
 },

 "overrides": [
  { "predicate": {"custom_model_data": 5551}, "model": "item/chromium_sword"},
  { "predicate": {"custom_model_data": 5552}, "model": "item/cursed_cutlass/normal"},
  { "predicate": {"custom_model_data": 5553}, "model": "item/cursed_cutlass/charged"},
  { "predicate": {"custom_model_data": 5554}, "model": "item/heaven_blade"},
  { "predicate": {"custom_model_data": 5555}, "model": "item/heaven_blade2"}

 ]

 
}
