{
	"credit": "Made with Blockbench",
	"parent": "generated",
	"texture_size": [32, 32],
	"textures": {
		"0": "item/power_gauntlet",
		"particle": "item/power_gauntlet"
	},
	"elements": [
		{
			"name": "knuckles",
			"from": [5.5, 3.5, 7.5],
			"to": [10.5, 8.5, 12.5],
			"faces": {
				"north": {"uv": [0, 0, 2.5, 2.5], "texture": "#0"},
				"east": {"uv": [0, 2.5, 2.5, 5], "texture": "#0"},
				"south": {"uv": [2.5, 0, 5, 2.5], "texture": "#0"},
				"west": {"uv": [2.5, 2.5, 5, 5], "texture": "#0"},
				"up": {"uv": [2.5, 7.5, 0, 5], "texture": "#0"},
				"down": {"uv": [7.5, 0, 5, 2.5], "texture": "#0"}
			}
		},
		{
			"name": "flaps",
			"from": [5.5, 3.5, 13.5],
			"to": [10.5, 8.5, 14.5],
			"faces": {
				"north": {"uv": [2.5, 5, 5, 7.5], "texture": "#0"},
				"east": {"uv": [7, 5, 7.5, 7.5], "texture": "#0"},
				"south": {"uv": [5, 2.5, 7.5, 5], "texture": "#0"},
				"west": {"uv": [0, 7.5, 0.5, 10], "texture": "#0"},
				"up": {"uv": [10, 0.5, 7.5, 0], "texture": "#0"},
				"down": {"uv": [3, 7.5, 0.5, 8], "texture": "#0"}
			}
		},
		{
			"name": "band",
			"from": [5.9, 3.9, 12.4],
			"to": [10.1, 8.1, 13.6],
			"faces": {
				"north": {"uv": [5, 5, 7, 7], "texture": "#0"},
				"east": {"uv": [7.5, 0.5, 8, 2.5], "texture": "#0"},
				"south": {"uv": [5, 7, 7, 9], "texture": "#0"},
				"west": {"uv": [7.5, 2.5, 8, 4.5], "texture": "#0"},
				"up": {"uv": [5, 8, 3, 7.5], "texture": "#0"},
				"down": {"uv": [9.5, 4.5, 7.5, 5], "texture": "#0"}
			}
		}
	],
	"display": {
		"ground": {
			"translation": [0, 0, -1.5],
			"scale": [0.5, 0.5, 0.5]
		},
		"gui": {
			"rotation": [106.89, 42.41, -73.58],
			"translation": [0, 3, 0]
		},
		"fixed": {
			"rotation": [90, 49.5, 0],
			"translation": [-2.5, 2.75, -0.5]
		}
	},
	"groups": [
		{
			"name": "gauntlet",
			"origin": [8, 8, 8],
			"color": 0,
			"children": [0, 1, 2]
		}
	]
}