{
	"credit": "Made with Blockbench",
	"parent": "generated",
	"textures": {
		"1_0": "item/rod_spark"
	},
	"elements": [
		{
			"name": "grip",
			"from": [7.5, 2, 9.5],
			"to": [8.5, 18, 10.5],
			"faces": {
				"north": {"uv": [0, 0, 1, 16], "texture": "#1_0"},
				"east": {"uv": [0, 0, 1, 16], "texture": "#1_0"},
				"south": {"uv": [0, 0, 1, 16], "texture": "#1_0"},
				"west": {"uv": [0, 0, 1, 16], "texture": "#1_0"},
				"up": {"uv": [1, 16, 0, 15], "texture": "#1_0"},
				"down": {"uv": [1, 0, 0, 1], "texture": "#1_0"}
			}
		},
		{
			"name": "grip",
			"from": [8, 16, 6],
			"to": [8, 23, 14],
			"faces": {
				"north": {"uv": [8, 9, 16, 16], "texture": "#1_0"},
				"east": {"uv": [8, 9, 16, 16], "texture": "#1_0"},
				"south": {"uv": [8, 9, 16, 16], "texture": "#1_0"},
				"west": {"uv": [8, 9, 16, 16], "texture": "#1_0"},
				"up": {"uv": [8, 9, 16, 16], "texture": "#1_0"},
				"down": {"uv": [8, 9, 16, 16], "texture": "#1_0"}
			}
		},
		{
			"name": "jewel",
			"from": [7, 0, 9],
			"to": [9, 2, 11],
			"faces": {
				"north": {"uv": [1, 0, 3, 2], "texture": "#1_0"},
				"east": {"uv": [3, 0, 1, 2], "texture": "#1_0"},
				"south": {"uv": [1, 0, 3, 2], "texture": "#1_0"},
				"west": {"uv": [3, 0, 1, 2], "texture": "#1_0"},
				"up": {"uv": [3, 2, 1, 4], "texture": "#1_0"},
				"down": {"uv": [5, 0, 3, 2], "texture": "#1_0"}
			}
		},
		{
			"name": "focus",
			"from": [7, 18, 9],
			"to": [9, 21, 11],
			"rotation": {"angle": 0, "axis": "x", "origin": [8, 21.5, 10]},
			"faces": {
				"north": {"uv": [7, 0, 5, 3], "texture": "#1_0"},
				"east": {"uv": [5, 0, 7, 3], "texture": "#1_0"},
				"south": {"uv": [7, 0, 5, 3], "texture": "#1_0"},
				"west": {"uv": [5, 0, 7, 3], "texture": "#1_0"},
				"up": {"uv": [7, 0, 9, 2], "texture": "#1_0"},
				"down": {"uv": [7, 2, 9, 4], "texture": "#1_0"}
			}
		}
	],
	"gui_light": "front",
	"display": {
		"thirdperson_righthand": {
			"rotation": [-75, 0, 0],
			"translation": [0, -3.75, -3.5]
		},
		"thirdperson_lefthand": {
			"rotation": [-75, 0, 0],
			"translation": [0, -3.75, -3.5]
		},
		"firstperson_righthand": {
			"rotation": [-75, 0, 0],
			"translation": [6, -1, 5]
		},
		"firstperson_lefthand": {
			"rotation": [-75, 0, 0],
			"translation": [-3, -1, 5]
		},
		"ground": {
			"translation": [0, 1, -1],
			"scale": [0.5, 0.5, 0.5]
		},
		"gui": {
			"rotation": [90, 45, -105],
			"translation": [-3.5, -1.25, 0],
			"scale": [0.8, 0.8, 0.8]
		},
		"fixed": {
			"translation": [0, -2.25, -4.25]
		}
	},
	"groups": [
		{
			"name": "spark_rod",
			"origin": [8, 8, 8],
			"color": 0,
			"children": [0, 1, 2, 3]
		}
	]
}