{
	"credit": "Made with Blockbench",
	"parent": "generated",
	"textures": {
		"0": "item/rod_amethyst",
		"particle": "item/rod_amethyst"
	},
	"elements": [
		{
			"name": "grip",
			"from": [7.5, 2, 9.5],
			"to": [8.5, 18, 10.5],
			"faces": {
				"north": {"uv": [5, 0, 6, 16], "texture": "#0"},
				"east": {"uv": [5, 0, 6, 16], "texture": "#0"},
				"south": {"uv": [5, 0, 6, 16], "texture": "#0"},
				"west": {"uv": [5, 0, 6, 16], "texture": "#0"},
				"up": {"uv": [6, 1, 5, 0], "texture": "#0"},
				"down": {"uv": [6, 15, 5, 16], "texture": "#0"}
			}
		},
		{
			"name": "pommel",
			"from": [7, 0, 9],
			"to": [9, 2, 11],
			"faces": {
				"north": {"uv": [0, 5, 2, 7], "texture": "#0"},
				"east": {"uv": [0, 5, 2, 7], "texture": "#0"},
				"south": {"uv": [0, 5, 2, 7], "texture": "#0"},
				"west": {"uv": [0, 5, 2, 7], "texture": "#0"},
				"up": {"uv": [2, 7, 0, 5], "texture": "#0"},
				"down": {"uv": [2, 5, 0, 7], "texture": "#0"}
			}
		},
		{
			"name": "catalyst",
			"from": [6.5, 18, 8.5],
			"to": [9.5, 21, 11.5],
			"faces": {
				"north": {"uv": [6, 0, 9, 3], "texture": "#0"},
				"east": {"uv": [6, 0, 9, 3], "texture": "#0"},
				"south": {"uv": [6, 0, 9, 3], "texture": "#0"},
				"west": {"uv": [6, 0, 9, 3], "texture": "#0"},
				"up": {"uv": [12, 3, 9, 0], "texture": "#0"},
				"down": {"uv": [9, 3, 6, 6], "texture": "#0"}
			}
		},
		{
			"name": "ring",
			"from": [5.5, 18, 7.5],
			"to": [10.5, 18, 12.5],
			"faces": {
				"north": {"uv": [0, 0, 5, 0], "texture": "#0"},
				"east": {"uv": [0, 0, 5, 0], "texture": "#0"},
				"south": {"uv": [0, 0, 5, 0], "texture": "#0"},
				"west": {"uv": [0, 0, 5, 0], "texture": "#0"},
				"up": {"uv": [5, 5, 0, 0], "texture": "#0"},
				"down": {"uv": [5, 0, 0, 5], "texture": "#0"}
			}
		}
	],
	"gui_light": "front",
	"display": {
		"thirdperson_righthand": {
			"rotation": [-75, 0, 0],
			"translation": [0, -3.75, -3.5]
		},
		"thirdperson_lefthand": {
			"rotation": [-75, 0, 0],
			"translation": [0, -3.75, -3.5]
		},
		"firstperson_righthand": {
			"rotation": [-75, 0, 0],
			"translation": [6, -1, 5]
		},
		"firstperson_lefthand": {
			"rotation": [-75, 0, 0],
			"translation": [-3, -1, 5]
		},
		"ground": {
			"translation": [0, 1, -1],
			"scale": [0.5, 0.5, 0.5]
		},
		"gui": {
			"rotation": [90, 45, -105],
			"translation": [-2.75, -0.5, 0],
			"scale": [0.8, 0.8, 0.8]
		},
		"fixed": {
			"translation": [0, -2.25, -4.25]
		}
	},
	"groups": [
		{
			"name": "rod",
			"origin": [8, 8, 8],
			"color": 0,
			"children": [0, 1, 2, 3]
		}
	]
}