{
	"credit": "Made with Blockbench",
	"parent": "generated",
	"textures": {
		"0": "item/rod_ice"
	},
	"elements": [
		{
			"name": "grip",
			"from": [7.5, 2, 9.5],
			"to": [8.5, 18, 10.5],
			"faces": {
				"north": {"uv": [0, 0, 1, 16], "texture": "#0"},
				"east": {"uv": [0, 0, 1, 16], "texture": "#0"},
				"south": {"uv": [0, 0, 1, 16], "texture": "#0"},
				"west": {"uv": [0, 0, 1, 16], "texture": "#0"},
				"up": {"uv": [1, 16, 0, 15], "texture": "#0"},
				"down": {"uv": [1, 0, 0, 1], "texture": "#0"}
			}
		},
		{
			"name": "jewel",
			"from": [7, 0, 9],
			"to": [9, 2, 11],
			"faces": {
				"north": {"uv": [1, 0, 3, 2], "texture": "#0"},
				"east": {"uv": [3, 0, 1, 2], "texture": "#0"},
				"south": {"uv": [1, 0, 3, 2], "texture": "#0"},
				"west": {"uv": [3, 0, 1, 2], "texture": "#0"},
				"up": {"uv": [3, 2, 1, 4], "texture": "#0"},
				"down": {"uv": [5, 0, 3, 2], "texture": "#0"}
			}
		},
		{
			"name": "focus",
			"from": [7, 18, 7.5],
			"to": [9, 23, 12.5],
			"rotation": {"angle": 45, "axis": "x", "origin": [8, 20.5, 10]},
			"faces": {
				"north": {"uv": [10, 0, 12, 5], "texture": "#0"},
				"east": {"uv": [10, 0, 5, 5], "texture": "#0"},
				"south": {"uv": [12, 0, 14, 5], "texture": "#0"},
				"west": {"uv": [5, 0, 10, 5], "texture": "#0"},
				"up": {"uv": [5, 5, 10, 7], "rotation": 90, "texture": "#0"},
				"down": {"uv": [5, 7, 10, 9], "rotation": 270, "texture": "#0"}
			}
		},
		{
			"name": "focus",
			"from": [8, 17, 6.5],
			"to": [8, 24, 13.5],
			"rotation": {"angle": 45, "axis": "x", "origin": [8, 20.5, 10]},
			"faces": {
				"north": {"uv": [1, 9, 8, 16], "texture": "#0"},
				"east": {"uv": [8, 9, 1, 16], "texture": "#0"},
				"south": {"uv": [1, 9, 8, 16], "texture": "#0"},
				"west": {"uv": [1, 9, 8, 16], "texture": "#0"},
				"up": {"uv": [1, 9, 8, 16], "texture": "#0"},
				"down": {"uv": [1, 9, 8, 16], "texture": "#0"}
			}
		}
	],
	"gui_light": "front",
	"display": {
		"thirdperson_righthand": {
			"rotation": [-75, 0, 0],
			"translation": [0, -3.75, -3.5]
		},
		"thirdperson_lefthand": {
			"rotation": [-75, 0, 0],
			"translation": [0, -3.75, -3.5]
		},
		"firstperson_righthand": {
			"rotation": [-75, 0, 0],
			"translation": [6, -1, 5]
		},
		"firstperson_lefthand": {
			"rotation": [-75, 0, 0],
			"translation": [-3, -1, 5]
		},
		"ground": {
			"translation": [0, 1, -1],
			"scale": [0.5, 0.5, 0.5]
		},
		"gui": {
			"rotation": [90, 45, -105],
			"translation": [-4, -1.25, 0],
			"scale": [0.8, 0.8, 0.8]
		},
		"fixed": {
			"translation": [0, -2.25, -4.25]
		}
	},
	"groups": [
		{
			"name": "ice_rod",
			"origin": [8, 8, 8],
			"color": 0,
			"children": [0, 1, 2, 3]
		}
	]
}