{
	"credit": "Made with Blockbench",
	"texture_size": [32, 32],
	"textures": {
		"0": "item/satyr_banner",
		"particle": "item/satyr_banner"
	},
	"elements": [
		{
			"from": [7, 0, 8],
			"to": [9, 24, 10],
			"faces": {
				"north": {"uv": [16, 2, 15, 14], "texture": "#0"},
				"east": {"uv": [15, 2, 16, 14], "texture": "#0"},
				"south": {"uv": [16, 2, 15, 14], "texture": "#0"},
				"west": {"uv": [15, 2, 16, 14], "texture": "#0"},
				"up": {"uv": [16, 1, 15, 2], "texture": "#0"},
				"down": {"uv": [16, 1, 15, 2], "texture": "#0"}
			}
		},
		{
			"from": [0, 20, 6],
			"to": [16, 22, 8],
			"faces": {
				"north": {"uv": [8, 0, 16, 1], "texture": "#0"},
				"east": {"uv": [15, 1, 16, 2], "texture": "#0"},
				"south": {"uv": [8, 1, 16, 0], "texture": "#0"},
				"west": {"uv": [15, 1, 16, 2], "texture": "#0"},
				"up": {"uv": [8, 0, 16, 1], "texture": "#0"},
				"down": {"uv": [8, 0, 16, 1], "texture": "#0"}
			}
		},
		{
			"from": [-0.002, 3.998, 6.998],
			"to": [16.002, 20.002, 7.002],
			"faces": {
				"north": {"uv": [0, 0, 8, 8], "texture": "#0"},
				"east": {"uv": [0, 0, 0, 16], "texture": "#0"},
				"south": {"uv": [8, 0, 0, 8], "texture": "#0"},
				"west": {"uv": [0, 0, 0, 16], "texture": "#0"},
				"up": {"uv": [16, 0, 0, 0], "texture": "#0"},
				"down": {"uv": [16, 0, 0, 0], "texture": "#0"}
			}
		}
	],
	"gui_light": "front",
	"display": {
		"thirdperson_righthand": {
			"rotation": [45, -90, 0],
			"translation": [1.5, 0, 2.5]
		},
		"thirdperson_lefthand": {
			"rotation": [45, -90, 0],
			"translation": [1.5, 0, 2.5]
		},
		"firstperson_righthand": {
			"rotation": [0, -60, 0],
			"scale": [0.4, 0.4, 0.4]
		},
		"firstperson_lefthand": {
			"rotation": [0, -60, 0],
			"scale": [0.4, 0.4, 0.4]
		},
		"ground": {
			"translation": [0, 3, 0],
			"scale": [0.25, 0.25, 0.25]
		},
		"gui": {
			"rotation": [30, 225, 0],
			"translation": [-0.5, -2.5, 0],
			"scale": [0.625, 0.625, 0.625]
		},
		"fixed": {
			"translation": [0, -8, -3],
			"scale": [2, 2, 2]
		}
	},
	"groups": [
		{
			"name": "group",
			"origin": [0, 0, 0],
			"color": 0,
			"children": [0, 1, 2]
		}
	]
}