{
 "parent": "item/handheld",
 "textures": {
  "layer0": "item/stick"
 },

 "overrides": [
  { "predicate": {"custom_model_data": 5552}, "model": "block/glowing_mushroom"},
  { "predicate": {"custom_model_data": 5553}, "model": "item/nothing"},
  { "predicate": {"custom_model_data": 5554}, "model": "entity/cloud"},
  { "predicate": {"custom_model_data": 5555}, "model": "block/chromium_chunk"},
  { "predicate": {"custom_model_data": 5556}, "model": "block/phoenix_egg"},
  { "predicate": {"custom_model_data": 5557}, "model": "block/obsidian_pedestal"},
  { "predicate": {"custom_model_data": 5558}, "model": "block/lit_obsidian_pedestal"}

 ]

 
}