{
  "parent": "wasd.crossbow:recipes/crafter_recipe",
  "display": {
    "icon": {
      "item": "minecraft:crossbow",
      "nbt": "{CustomModelData:6370001}"
    },
    "title": "爆裂弩",
    "description": "每次射击可额外射出4只箭矢，但是会有一定的冷却时间。",
    "frame": "goal",
    "show_toast": true,
    "announce_to_chat": false,
    "hidden": false
  },
  "criteria": {
    "requirement": {
      "trigger": "minecraft:inventory_changed",
      "conditions": {
        "items": [
          {
            "nbt": "{CustomModelData:6370001}",
            "items": [
              "minecraft:crossbow"
            ]
          }
        ]
      }
    }
  }
}
