{
  "parent": "wasd.crossbow:recipes/crafter_recipe",
  "display": {
    "icon": {
      "item": "minecraft:crossbow",
      "nbt": "{CustomModelData:6370006}"
    },
    "title": "望远弩",
    "description": "手持可放大，但是无法移动。",
    "frame": "goal",
    "show_toast": true,
    "announce_to_chat": false,
    "hidden": false
  },
  "criteria": {
    "requirement": {
      "trigger": "minecraft:inventory_changed",
      "conditions": {
        "items": [
          {
            "nbt": "{CustomModelData:6370006}",
            "items": [
              "minecraft:crossbow"
            ]
          }
        ]
      }
    }
  }
}
