{
  "display": {
    "icon": {
      "item": "minecraft:tnt"
    },
    "title": {
      "text": "双持",
      "color": "green",
      "bold": true,
      "italic": false
    },
    "description": {
      "text": "你可以使用副手的武器来攻击。",
      "color": "white",
      "bold": false,
      "italic": false
    },
    "frame": "goal",
    "show_toast": false,
    "announce_to_chat": false
  },
  "parent": "xylo:datapacks_list",
  "criteria": {
    "tick": {
      "trigger": "minecraft:tick"
    }
  }
}
