{
    "parent": "minecraft:adventure/root",
    "display": {
        "title": {
            "text": "天空中的城堡"
        },
        "description": {
            "text": "攀登到法云山上。",
            "color": "green"
        },
        "icon": {
            "item": "minecraft:twisting_vines"
        },
        "frame": "task",
        "show_toast": true,
        "announce_to_chat": true,
        "hidden": false
    },
    "criteria": {
        "bracken:fae1": {
            "trigger": "minecraft:location",
            "conditions": {
                "player": {
                    "location": {
                        "dimension": "bracken:the_faewild"
                    }
                }
            }
        }
    },
    "requirements": [
        [
            "bracken:fae1"
        ]
    ]
}
