{
    "parent": "minecraft:adventure/throw_trident",
    "display": {
        "title": {
            "text": "原始天堂"
        },
        "description": {
            "text": "靠近苦力怕，与此同时戴上苦力怕头。",
            "color": "green"
        },
        "icon": {
            "item": "minecraft:creeper_head"
        },
        "frame": "task",
        "show_toast": true,
        "announce_to_chat": true,
        "hidden": false
    },
    "criteria": {
        "bracken:pan1": {
            "trigger": "minecraft:location",
            "conditions": {
                "player": {
                    "location": {
                        "dimension": "bracken:panacea"
                    }
                }
            }
        }
    },
    "requirements": [
        [
            "bracken:pan1"
        ]
    ]
}
