{
    "parent": "bracken:fae",
    "display": {
        "title": {
            "text": "永恒之路"
        },
        "description": {
            "text": "进一步上升到和平地区。",
            "color": "green"
        },
        "icon": {
            "item": "minecraft:player_head",
            "nbt": "{SkullOwner:MHF_Sheep}"
        },
        "frame": "task",
        "show_toast": true,
        "announce_to_chat": true,
        "hidden": false
    },
    "criteria": {
        "bracken:pax1": {
            "trigger": "minecraft:location",
            "conditions": {
                "player": {
                    "location": {
                        "dimension": "bracken:pax"
                    }
                }
            }
        }
    },
    "requirements": [
        [
            "bracken:pax1"
        ]
    ]
}
