{
	"credit": "Made with Blockbench",
	"textures": {
		"layer0": "xylo_rpg:item/spells/book"
	},
	"elements": [
		{
			"from": [8, 9, -2],
			"to": [15.5, 10, 10],
			"rotation": {"angle": 22.5, "axis": "z", "origin": [7.5, 9, -2]},
			"faces": {
				"north": {"uv": [3.25, 5, 4.5, 5.5], "texture": "#layer0"},
				"east": {"uv": [1.5, 5.5, 1.75, 9.5], "texture": "#layer0"},
				"south": {"uv": [0.25, 5, 1.5, 5.5], "texture": "#layer0"},
				"west": {"uv": [3, 5.5, 3.25, 9.5], "texture": "#layer0"},
				"up": {"uv": [4.75, 5.5, 6, 9.5], "rotation": 180, "texture": "#layer0"},
				"down": {"uv": [6, 5, 7.25, 9], "rotation": 180, "texture": "#layer0"}
			}
		},
		{
			"from": [8.35959, 10.23134, -2],
			"to": [16.35959, 10.23134, 10],
			"rotation": {"angle": 45, "axis": "z", "origin": [8.10959, 9.23134, -2]},
			"faces": {
				"north": {"uv": [0, 0, 8, 0], "texture": "#missing"},
				"east": {"uv": [0, 0, 12, 0], "texture": "#missing"},
				"south": {"uv": [0, 0, 8, 0], "texture": "#missing"},
				"west": {"uv": [0, 0, 12, 0], "texture": "#missing"},
				"up": {"uv": [0.25, 5.5, 1.5, 9.5], "rotation": 180, "texture": "#layer0"},
				"down": {"uv": [6, 5, 7.25, 9], "rotation": 180, "texture": "#layer0"}
			}
		},
		{
			"from": [7.57926, 9.11422, -2.25],
			"to": [16.07926, 9.11422, 10.5],
			"rotation": {"angle": 0, "axis": "x", "origin": [7.82926, 10.11422, -1.75]},
			"faces": {
				"north": {"uv": [0, 0, 8.5, 0], "texture": "#missing"},
				"east": {"uv": [0, 0, 12.75, 0], "texture": "#missing"},
				"south": {"uv": [0, 0, 8.5, 0], "texture": "#missing"},
				"west": {"uv": [0, 0, 12.75, 0], "texture": "#missing"},
				"up": {"uv": [0, 0, 2.25, 5], "rotation": 180, "texture": "#layer0"},
				"down": {"uv": [0, 0, 2.25, 5], "rotation": 180, "texture": "#layer0"}
			}
		},
		{
			"from": [-0.92216, 9.11422, -2.25],
			"to": [7.57784, 9.11422, 10.5],
			"rotation": {"angle": 0, "axis": "y", "origin": [8.32784, 10.11422, -1.75]},
			"faces": {
				"north": {"uv": [7.5, 0, 16, 0], "texture": "#missing"},
				"east": {"uv": [3.25, 0, 16, 0], "texture": "#missing"},
				"south": {"uv": [7.5, 0, 16, 0], "texture": "#missing"},
				"west": {"uv": [3.25, 0, 16, 0], "texture": "#missing"},
				"up": {"uv": [3.25, 0, 5.5, 5], "rotation": 180, "texture": "#layer0"},
				"down": {"uv": [3.25, 0, 5.5, 5], "rotation": 180, "texture": "#layer0"}
			}
		},
		{
			"from": [-0.34219, 9.00071, -2],
			"to": [7.15781, 10.00071, 10],
			"rotation": {"angle": -22.5, "axis": "z", "origin": [7.65781, 9.00071, -2]},
			"faces": {
				"north": {"uv": [4.5, 5, 5.75, 5.5], "texture": "#layer0"},
				"east": {"uv": [0, 5.5, 0.25, 9.5], "texture": "#layer0"},
				"south": {"uv": [0.25, 5, 1.5, 5.5], "texture": "#layer0"},
				"west": {"uv": [1.5, 5.5, 1.75, 9.5], "texture": "#layer0"},
				"up": {"uv": [3.25, 5.5, 4.5, 9.5], "rotation": 180, "texture": "#layer0"},
				"down": {"uv": [6, 5, 7.25, 9], "rotation": 180, "texture": "#layer0"}
			}
		},
		{
			"from": [-1.20249, 10.23134, -2],
			"to": [6.79751, 10.23134, 10],
			"rotation": {"angle": -45, "axis": "z", "origin": [7.04751, 9.23134, -2]},
			"faces": {
				"north": {"uv": [8, 0, 16, 0], "texture": "#missing"},
				"east": {"uv": [4, 0, 16, 0], "texture": "#missing"},
				"south": {"uv": [8, 0, 16, 0], "texture": "#missing"},
				"west": {"uv": [4, 0, 16, 0], "texture": "#missing"},
				"up": {"uv": [1.75, 5.5, 3, 9.5], "rotation": 180, "texture": "#layer0"},
				"down": {"uv": [6, 5, 7.25, 9], "rotation": 180, "texture": "#layer0"}
			}
		}
	],
	"display": {
		"thirdperson_righthand": {
			"rotation": [75, 0, 15],
			"translation": [0.75, 0.25, 0],
			"scale": [0.45, 0.45, 0.45]
		},
		"thirdperson_lefthand": {
			"rotation": [75, 0, 15],
			"translation": [0.75, 0.25, 0],
			"scale": [0.45, 0.45, 0.45]
		},
		"firstperson_righthand": {
			"rotation": [45.48, -25, 25],
			"translation": [0.25, 0, 0],
			"scale": [0.4, 0.4, 0.4]
		},
		"firstperson_lefthand": {
			"rotation": [45, -25, 25],
			"scale": [0.4, 0.4, 0.4]
		},
		"ground": {
			"translation": [0, -2.75, 2.25],
			"scale": [0.57, 0.57, 0.57]
		},
		"gui": {
			"rotation": [-133.35, -30.87, 178.77],
			"translation": [-1.75, 0, 0],
			"scale": [0.76, 0.76, 0.76]
		},
		"head": {
			"rotation": [0, 180, 0],
			"translation": [0, 13, 7]
		},
		"fixed": {
			"rotation": [-90, 180, 0],
			"translation": [-0.5, -3.75, 1.5],
			"scale": [0.91, 0.91, 0.91]
		}
	}
}