{
	"credit": "Made with Blockbench",
	"textures": {
		"layer0": "xylo_rpg:item/spells/circle",
		"layer1": "xylo_rpg:item/spells/circle_main",
		"particle": "xylo_rpg:item/spells/circle"
	},
	"elements": [
		{
			"from": [0, 0, 8],
			"to": [16, 16, 8],
			"faces": {
				"north": {"uv": [0, 0, 16, 16], "texture": "#layer0"},
				"east": {"uv": [0, 0, 0, 16], "texture": "#missing"},
				"south": {"uv": [0, 0, 16, 16], "texture": "#layer0"},
				"west": {"uv": [0, 0, 0, 16], "texture": "#missing"},
				"up": {"uv": [0, 0, 16, 0], "texture": "#missing"},
				"down": {"uv": [0, 0, 16, 0], "texture": "#missing"}
			}
		},
		{
			"name": "cube_overlay",
			"from": [0, 0, 8.01],
			"to": [16, 16, 8.01],
			"faces": {
				"north": {"uv": [0, 0, 16, 16], "texture": "#layer1"},
				"east": {"uv": [0, 0, 0, 16], "texture": "#missing"},
				"south": {"uv": [0, 0, 16, 16], "texture": "#layer1"},
				"west": {"uv": [0, 0, 0, 16], "texture": "#missing"},
				"up": {"uv": [0, 0, 16, 0], "texture": "#missing"},
				"down": {"uv": [0, 0, 16, 0], "texture": "#missing"}
			}
		}
	],
	"display": {
		"thirdperson_righthand": {
			"rotation": [0, -90, 55],
			"translation": [0, 5.5, 0.5],
			"scale": [0, 0, 0]
		},
		"thirdperson_lefthand": {
			"rotation": [0, 90, -55],
			"translation": [0, 5.5, 0.5],
			"scale": [0, 0, 0]
		},
		"firstperson_righthand": {
			"rotation": [0, 85.75, 25],
			"translation": [4, 3.6, 1.8],
			"scale": [0, 0, 0]
		},
		"firstperson_lefthand": {
			"rotation": [-6.23, -85.73, -26.32],
			"translation": [-6.25, 3.6, 1.8],
			"scale": [0, 0, 0]
		},
		"ground": {
			"scale": [0, 0, 0]
		},
		"head": {
			"rotation": [90, 0, 0],
			"translation": [0, -3.5, 0],
			"scale": [0.26, 0.26, 0.26]
		},
		"fixed": {
			"scale": [0, 0, 0]
		}
	}
}