{
  "type": "minecraft:block_column",
  "config": {
    "direction": "up",
    "allowed_placement": {
      "type": "minecraft:matching_fluids",
      "offset": [
        0,
        2,
        0
      ],
      "fluids": "minecraft:water"
    },
    "prioritize_tip": false,
    "layers": [
      {
        "height": {
          "type": "minecraft:uniform",
          "value": {
            "min_inclusive": 1,
            "max_inclusive": 4
          }
        },
        "provider": {
          "type": "minecraft:simple_state_provider",
          "state": {
            "Name": "minecraft:dead_bubble_coral_block"
          }
        }
      }
    ]
  }
}


