{
    "flower": "ALL",
    "lore": "Tier 1:\nGlowstone Bees are found in the same\nhellscape their produce typically resides.",
    "loreColor": "#00AAAA",
    "maxTimeInHive": 2400,
    "sizeModifier": 0.75,
    "traits": ["nether", "can_swim", "wither"],
    "hasHoneycomb": true,
    "baseLayerTexture": "other/glowstone",
    "ColorData": {
        "honeycombColor": "#ffbc5e",
        "isBeeColored": false,
        "isRainbowBee": false,
        "isGlowing": false,
        "isEnchanted": false
    },
    "CombatData": {
        "isPassive": false,
        "removeStingerOnAttack": false,
        "inflictsPoison": true,
        "attackDamage": 1
    },
    "MutationData": {
        "hasMutation": true,
        "mutationCount": 4,
        "mutations" : [
          {
            "type": "BLOCK",
            "inputID": "minecraft:polished_basalt",
            "outputs": [
              {"outputID": "minecraft:glowstone", "weight": 10}
            ]
          },
          {
            "type": "ENTITY",
            "inputID": "entity:resourcefulbees:coal_bee",
            "outputs": [
              {"outputID": "entity:resourcefulbees:blaze_bee", "weight": 10}
            ]
          }
        ]
    },
    "CentrifugeData": {
        "hasCentrifugeOutput": true,

        "mainOutput": "minecraft:glowstone_dust",
        "mainOutputWeight": 0.6,
        "mainOutputCount": 6,

        "secondaryOutput": "resourcefulbees:wax",
        "secondaryOutputWeight": 0.2,
        "secondaryOutputCount": 3,

        "bottleOutput": "resourcefulbees:glowstone_honey_bottle",
        "bottleOutputWeight": 0.02,
        "bottleOutputCount": 1,

        "mainInputCount": 1
    },
    "SpawnData": {
        "canSpawnInWorld": true,
        "spawnWeight": 10,
        "biomeWhitelist": "tag:NETHER",
        "biomeBlacklist": "tag:OVERWORLD,END",
        "minGroupSize": 2,
        "maxGroupSize": 3,
        "lightLevel": "ALL"
    },
    "BreedData": {
        "isBreedable": true,
        "feedItem": "tag:forge:storage_blocks/glowstone",
        "feedAmount": 2,
        "childGrowthDelay": -24000,
        "breedDelay": 6000
    },
    "TraitData": {
        "hasTraits": true
    }
}
