{
    "flower": "ALL",
    "lore": "Tier 1:\nMountains and hills are monuments to\nthe stone Rocky Bees represent.",
    "loreColor": "#00AAAA",
    "maxTimeInHive": 2400,
    "sizeModifier": 0.75,
    "hasHoneycomb": true,
    "traits": ["sedimentary", "can_swim"],
    "baseLayerTexture": "other/rocky",
    "ColorData": {
        "honeycombColor": "#8f8f8f",
        "isBeeColored": false,
        "isRainbowBee": false,
        "isGlowing": false,
        "isEnchanted": false
    },
    "CombatData": {
        "isPassive": false,
        "removeStingerOnAttack": false,
        "inflictsPoison": true,
        "attackDamage": 1
    },
    "MutationData": {
        "hasMutation": true,
        "mutationCount": 4,
        "mutations" : [
          {
            "type": "BLOCK",
            "inputID": "minecraft:cobblestone",
            "outputs": [
              {"outputID": "minecraft:stone", "weight": 10}
            ]
          }
        ]
    },
    "CentrifugeData": {
        "hasCentrifugeOutput": true,

        "mainOutput": "minecraft:stone",
        "mainOutputWeight": 0.5,
        "mainOutputCount": 4,

        "secondaryOutput": "minecraft:cobblestone",
        "secondaryOutputWeight": 0.25,
        "secondaryOutputCount": 3,

        "bottleOutput": "resourcefulbees:rocky_honey_bottle",
        "bottleOutputWeight": 0.2,
        "bottleOutputCount": 1,

        "mainInputCount": 1
    },
    "SpawnData": {
        "canSpawnInWorld": true,
        "biomeWhitelist": "tag:MOUNTAIN,HILLS,CLEARING",
        "biomeBlacklist": "tag:OCEAN",
        "minGroupSize": 2,
        "maxGroupSize": 3,
        "minYLevel": 60,
        "maxYLevel": 250,
        "spawnWeight": 14,
        "lightLevel": "ANY"
    },
    "BreedData": {
        "isBreedable": true,
        "feedItem": "minecraft:stone",
        "feedAmount": 1,
        "childGrowthDelay": -24000,
        "breedDelay": 6000
    },
    "TraitData": {
        "hasTraits": true
    }
}
