{
    "flower": "ALL",
    "lore": "Tier 1:\nZombees are spooky and dead. Look for them in similar environments.",
    "loreColor": "#00AAAA",
    "maxTimeInHive": 4800,
    "sizeModifier": 1,
    "hasHoneycomb": true,
    "traits": ["zombie", "can_swim"],
    "baseLayerTexture": "zombie/zombie_bee",
    "ColorData": {
        "honeycombColor": "#2f4e32",
        "isBeeColored": false,
        "isRainbowBee": false,
        "isGlowing": false,
        "isEnchanted": false
    },
    "CombatData": {
        "isPassive": false,
        "removeStingerOnAttack": false,
        "inflictsPoison": true,
        "attackDamage": 2
    },
    "MutationData": {
    	"hasMutation": true,
        "mutations" : [
          {
            "type": "BLOCK",
            "inputID": "minecraft:stone",
            "outputs": [
              {"outputID": "minecraft:cobblestone", "weight": 10}
            ]
          }
        ]
    },
    "CentrifugeData": {
        "hasCentrifugeOutput": true,

        "mainOutput": "minecraft:rotten_flesh",
        "mainOutputWeight": 0.7,
        "mainOutputCount": 3,

        "secondaryOutput": "minecraft:leather",
        "secondaryOutputWeight": 0.1,
        "secondaryOutputCount": 1,

        "bottleOutput": "minecraft:honey_bottle",
        "bottleOutputWeight": 0.4,
        "bottleOutputCount": 1,

        "mainInputCount": 1
    },
    "SpawnData": {
        "canSpawnInWorld": true,
        "biomeWhitelist": "tag:SPOOKY,DEAD,RARE,UNDERGARDEN",
        "biomeBlacklist": "tag:OCEAN,END",
        "lightLevel": "ANY",
        "spawnWeight": 12,
        "minYLevel": 12,
        "maxYLevel": 250,
        "minGroupSize": 2,
        "maxGroupSize": 4
    },
    "BreedData": {
        "isBreedable": true,
        "feedItem": "minecraft:rotten_flesh",
        "feedAmount": 1,
        "childGrowthDelay": -24000,
        "breedDelay": 6000
    },
    "TraitData": {
        "hasTraits": true
    }
}
