{
  "parent": "wasd.wand:recipes/cores/main2",
  "display": {
    "icon": {
      "item": "minecraft:gold_nugget",
      "nbt": "{CustomModelData:6370506}"
    },
    "title": "空气核心",
    "description": "用来制作空气魔杖.",
    "frame": "goal",
    "show_toast": true,
    "announce_to_chat": false,
    "hidden": false
  },
  "criteria": {
    "requirement": {
      "trigger": "minecraft:inventory_changed",
      "conditions": {
        "items": [
          {
            "nbt": "{CustomModelData:6370506}",
            "items": [
              "minecraft:gold_nugget"
            ]
          }
        ]
      }
    }
  }
}
