{
    "pools": [
        {
            "rolls": 1,
            "entries": [
                {
                    "type": "loot_table",
                    "weight": 5,
                    "name": "divine_dimension:groups/gear/fungus_bow"
                },
                {
                    "type": "loot_table",
                    "weight": 5,
                    "name": "divine_dimension:items/equipment/earplugs"
                },
                {
                    "type": "loot_table",
                    "weight": 5,
                    "name": "divine_dimension:groups/gear/crystal_blade"
                },
                {
                    "type": "loot_table",
                    "weight": 3,
                    "name": "divine_dimension:groups/gear/plated_armor"
                },
                {
                    "type": "loot_table",
                    "weight": 2,
                    "name": "divine_dimension:groups/gear/ember_armor"
                }
            ]
        }
    ]
}