{
    "pools": [
        {
            "rolls": 1,
            "entries": [
                {
                    "type": "loot_table",
                    "weight": 5,
                    "name": "divine_dimension:groups/gear/bow"
                },
                {
                    "type": "loot_table",
                    "weight": 5,
                    "name": "divine_dimension:groups/gear/crossbow"
                },
                {
                    "type": "loot_table",
                    "weight": 5,
                    "name": "divine_dimension:groups/gear/needle_spear"
                },
                {
                    "type": "loot_table",
                    "weight": 3,
                    "name": "divine_dimension:groups/gear/netherite/armor"
                },
                {
                    "type": "loot_table",
                    "weight": 3,
                    "name": "divine_dimension:groups/gear/netherite/tools"
                },
                {
                    "type": "loot_table",
                    "weight": 2,
                    "name": "divine_dimension:groups/gear/plated_armor"
                }
            ]
        }
    ]
}