[
  {
    "condition": "minecraft:value_check",
    "value": {
      "type": "minecraft:score",
      "target": {
        "type": "minecraft:fixed",
        "name": "#xrpg_temp_x"
      },
      "score": "xrpg_op"
    },
    "range": {
      "min": -20,
      "max": 20
    }
  },
  {
    "condition": "minecraft:value_check",
    "value": {
      "type": "minecraft:score",
      "target": {
        "type": "minecraft:fixed",
        "name": "#xrpg_temp_y"
      },
      "score": "xrpg_op"
    },
    "range": {
      "min": -20,
      "max": 20
    }
  },
  {
    "condition": "minecraft:value_check",
    "value": {
      "type": "minecraft:score",
      "target": {
        "type": "minecraft:fixed",
        "name": "#xrpg_temp_z"
      },
      "score": "xrpg_op"
    },
    "range": {
      "min": -20,
      "max": 20
    }
  }
]