{
    "type": "minecraft:crafting_shaped",
    "pattern": [
        "D",
        "C",
        "D"
    ],
    "key": {
        "C": {
            "item": "minecraft:crafting_table"
        },
        "D": {
            "item": "minecraft:diamond"
        }
    },
    "result": {
        "item": "minecraft:item_frame",
        "data":"{display:{Name:'{\"text\":\"Diamond Crafter\",\"italic\":false}'},CustomModelData:6370008,EntityTag:{Item:{id:\"minecraft:item_frame\",Count:1b,tag:{CustomModelData:6370008}},Tags:[\"wasd.diamond_crafter\"],Facing:1b,Invulnerable:1b,Invisible:1b,Fixed:1b}}"
    }
}

