{
    "flower": "ALL",
    "lore": "Tier 3:\nAlloy Bees are created by running an empty bee jar & appropriate\nhoneycomb blocks through an Induction Smelter.",
    "loreColor": "#00AAAA",
    "maxTimeInHive": 3600,
    "sizeModifier": 0.75,
    "hasHoneycomb": true,
    "traits": ["can_swim"],
    "baseLayerTexture": "metals/brass",
    "ColorData": {
        "honeycombColor": "#998d38",
        "isBeeColored": false,
        "isRainbowBee": false,
        "isGlowing": false,
        "isEnchanted": false
    },
    "CombatData": {
        "isPassive": false,
        "removeStingerOnAttack": false,
        "inflictsPoison": true,
        "attackDamage": 1
    },
    "MutationData": {
        "hasMutation": true,
        "mutationCount": 4,
        "mutations": [
            {
                "type": "BLOCK",
                "inputID": "tag:forge:storage_blocks/copper",
                "outputs": [{ "outputID": "emendatusenigmatica:brass_block", "weight": 10 }]
            },
            {
                "type": "BLOCK",
                "inputID": "tag:forge:storage_blocks/zinc",
                "outputs": [{ "outputID": "emendatusenigmatica:brass_block", "weight": 10 }]
            }
        ]
    },
    "CentrifugeData": {
        "hasCentrifugeOutput": true,

        "mainOutput": "create:crushed_brass",
        "mainOutputWeight": 0.5,
        "mainOutputCount": 1,

        "secondaryOutput": "emendatusenigmatica:copper_nugget",
        "secondaryOutputWeight": 0.1,
        "secondaryOutputCount": 3,

        "bottleOutput": "resourcefulbees:brass_honey_bottle",
        "bottleOutputWeight": 0.1,
        "bottleOutputCount": 1,

        "mainInputCount": 1
    },
    "SpawnData": {
        "canSpawnInWorld": false
    },
    "BreedData": {
        "isBreedable": true,
        "feedItem": "tag:forge:storage_blocks/brass",
        "feedAmount": 1,
        "childGrowthDelay": -24000,
        "breedDelay": 6000
    },
    "TraitData": {
        "hasTraits": true
    }
}
