{
    "flower": "ALL",
    "lore": "Tier 3:\nAlloy Bees are created by running the appropriate\nhoneycomb blocks through an Induction Smelter.",
    "loreColor": "#00AAAA",
    "maxTimeInHive": 3600,
    "sizeModifier": 0.75,
    "hasHoneycomb": true,
    "traits": ["can_swim"],
    "baseLayerTexture": "metals/signalum",
    "ColorData": {
        "honeycombColor": "#fd641a",
        "isBeeColored": false,
        "isRainbowBee": false,
        "isGlowing": false,
        "isEnchanted": false
    },
    "CombatData": {
        "isPassive": false,
        "removeStingerOnAttack": false,
        "inflictsPoison": true,
        "attackDamage": 1
    },
    "MutationData": {
        "hasMutation": true,
        "mutationCount": 4,
        "mutations": [
            {
                "type": "BLOCK",
                "inputID": "tag:forge:storage_blocks/silver",
                "outputs": [{ "outputID": "emendatusenigmatica:signalum_block", "weight": 10 }]
            }
        ]
    },
    "CentrifugeData": {
        "hasCentrifugeOutput": true,

        "mainOutput": "emendatusenigmatica:signalum_dust",
        "mainOutputWeight": 0.5,
        "mainOutputCount": 1,

        "secondaryOutput": "minecraft:redstone",
        "secondaryOutputWeight": 0.05,
        "secondaryOutputCount": 1,

        "bottleOutput": "resourcefulbees:signalum_honey_bottle",
        "bottleOutputWeight": 0.02,
        "bottleOutputCount": 1,

        "mainInputCount": 1
    },
    "SpawnData": {
        "canSpawnInWorld": false
    },
    "BreedData": {
        "isBreedable": true,
        "feedItem": "tag:forge:storage_blocks/signalum",
        "feedAmount": 1,
        "childGrowthDelay": -24000,
        "breedDelay": 6000
    },
    "TraitData": {
        "hasTraits": true
    }
}
