{
    "flower": "minecraft:wither_rose",
    "lore": "三级蜜蜂：\n钻石蜜蜂的心脏是极其古老的，\n这个不朽的遗物可以被恶魂蜜蜂进一步改造。",
    "loreColor": "#00AAAA",
    "maxTimeInHive": 7200,
    "sizeModifier": 1,
    "hasHoneycomb": true,
    "traits": ["nether", "wither", "can_swim"],
    "baseLayerTexture": "ores/netherite/netherite_bee",
    "ColorData": {
        "honeycombColor": "#654740",
        "isBeeColored": false,
        "isRainbowBee": false,
        "isGlowing": false,
        "isEnchanted": false
    },
    "CombatData": {
        "isPassive": false,
        "removeStingerOnAttack": false,
        "inflictsPoison": true,
        "attackDamage": 3
    },
    "MutationData": {
        "hasMutation": true,
        "mutationCount": 4,
        "mutations": [
            {
                "type": "BLOCK",
                "inputID": "minecraft:cobblestone",
                "outputs": [{ "outputID": "minecraft:blackstone", "weight": 10 }]
            },
            {
                "type": "ENTITY",
                "inputID": "entity:resourcefulbees:ender_bee",
                "outputs": [{ "outputID": "resourcefulbees:wither_bee", "weight": 10 }]
            }
        ]
    },
    "CentrifugeData": {
        "hasCentrifugeOutput": true,

        "mainOutput": "minecraft:ancient_debris",
        "mainOutputWeight": 0.5,
        "mainOutputCount": 1,

        "secondaryOutput": "minecraft:gold_nugget",
        "secondaryOutputWeight": 0.1,
        "secondaryOutputCount": 3,

        "bottleOutput": "resourcefulbees:netherite_honey_bottle",
        "bottleOutputWeight": 0.02,
        "bottleOutputCount": 1,

        "mainInputCount": 1
    },
    "SpawnData": {
        "canSpawnInWorld": false
    },
    "BreedData": {
        "isBreedable": true,
        "feedItem": "tag:forge:ingots/netherite",
        "feedAmount": 4,
        "childGrowthDelay": -24000,
        "breedDelay": 6000
    },
    "TraitData": {
        "hasTraits": true
    }
}
