{
    "pools": [
        {
            "rolls": {
                "min": 8,
                "max": 12
            },
            "entries": [
                {
                    "type": "loot_table",
                    "weight": 10,
                    "name": "divine_dimension:groups/loot/rich_treasure"
                },
                {
                    "type": "loot_table",
                    "weight": 2,
                    "name": "divine_dimension:groups/gear/chromium/armor"
                },
                {
                    "type": "loot_table",
                    "weight": 2,
                    "name": "divine_dimension:groups/gear/chromium/tools"
                },
                {
                    "type": "loot_table",
                    "weight": 2,
                    "name": "divine_dimension:groups/loot/arrows"
                }
            ]
        },
        {
            "rolls": {
                "min": 1,
                "max": 2
            },
            "entries": [
                {
                    "type": "loot_table",
                    "weight": 1,
                    "name": "divine_dimension:groups/relics/tier3"
                },
                {
                    "type": "loot_table",
                    "weight": 2,
                    "name": "divine_dimension:groups/loot/rare_items"
                }
            ]
        }
    ]
}