{
    "flower": "ALL",
    "lore": "Tier 3:\nThe Diamond Bee's parentage makes it clear that a\ndiamond is really just Quartz, stained blue.",
    "loreColor": "#00AAAA",
    "maxTimeInHive": 4800,
    "sizeModifier": 1,
    "hasHoneycomb": true,
    "traits": ["sedimentary", "can_swim"],
    "baseLayerTexture": "ores/diamond/diamond_bee",
    "ColorData": {
        "honeycombColor": "#00ffff",
        "isBeeColored": false,
        "isRainbowBee": false,
        "isGlowing": false,
        "isEnchanted": false,
        "modelType": "ORE"
    },
    "CombatData": {
        "isPassive": false,
        "removeStingerOnAttack": false,
        "inflictsPoison": true,
        "attackDamage": 1
    },
    "MutationData": {
        "hasMutation": true,
        "mutationCount": 4,
        "mutations": [
            {
                "type": "BLOCK",
                "inputID": "create:granite_cobblestone",
                "outputs": [{ "outputID": "emendatusenigmatica:diamond_granite_ore", "weight": 10 }]
            }
        ]
    },
    "CentrifugeData": {
        "hasCentrifugeOutput": true,

        "mainOutput": "emendatusenigmatica:diamond_chunk",
        "mainOutputWeight": 0.2,
        "mainOutputCount": 1,

        "secondaryOutput": "emendatusenigmatica:arcane_chunk",
        "secondaryOutputWeight": 0.1,
        "secondaryOutputCount": 1,

        "bottleOutput": "resourcefulbees:diamond_honey_bottle",
        "bottleOutputWeight": 0.01,
        "bottleOutputCount": 1,

        "mainInputCount": 1
    },
    "SpawnData": {
        "canSpawnInWorld": false
    },
    "BreedData": {
        "isBreedable": true,
        "parent1": "nether_quartz",
        "parent2": "lapis",
        "feedItem": "tag:forge:storage_blocks/diamond",
        "feedAmount": 1,
        "childGrowthDelay": -24000,
        "breedDelay": 6000
    },
    "TraitData": {
        "hasTraits": true
    }
}
