{
  "type": "minecraft:chest",
  "pools": [
    {
      "rolls": {
        "min": 15,
        "max": 20
      },
      "entries": [
        {
          "type": "minecraft:item",
          "name": "minecraft:netherite_ingot",
          "conditions": [
            {
              "condition": "minecraft:random_chance",
              "chance": 0.01
            }
          ]
        },
        {
          "type": "loot_table",
          "name": "bracken:item/portal_keys/void_key",
          "conditions": [
            {
              "condition": "minecraft:random_chance",
              "chance": 0.01
            }
          ]
        },
        {
          "type": "loot_table",
          "name": "bracken:item/portal_keys/dormis_key",
          "conditions": [
            {
              "condition": "minecraft:random_chance",
              "chance": 0.01
            }
          ]
        },
        {
          "type": "loot_table",
          "name": "bracken:item/portal_keys/end_key",
          "conditions": [
            {
              "condition": "minecraft:random_chance",
              "chance": 0.01
            }
          ]
        },
        {
          "type": "loot_table",
          "name": "bracken:item/portal_keys/nether_key",
          "conditions": [
            {
              "condition": "minecraft:random_chance",
              "chance": 0.002
            }
          ]
        },
        {
          "type": "minecraft:item",
          "name": "minecraft:netherite_scrap",
          "conditions": [
            {
              "condition": "minecraft:random_chance",
              "chance": 0.02
            }
          ]
        },
        {
          "type": "minecraft:item",
          "name": "minecraft:gold_block",
          "conditions": [
            {
              "condition": "minecraft:random_chance",
              "chance": 0.03
            }
          ]
        },
        {
          "type": "minecraft:item",
          "name": "minecraft:flint",
          "conditions": [
            {
              "condition": "minecraft:random_chance",
              "chance": 0.3
            }
          ]
        },
        {
          "type": "minecraft:item",
          "name": "minecraft:music_disc_11",
          "conditions": [
            {
              "condition": "minecraft:random_chance",
              "chance": 0.01
            }
          ]
        },
        {
          "type": "minecraft:item",
          "name": "minecraft:gold_ingot",
          "conditions": [
            {
              "condition": "minecraft:random_chance",
              "chance": 0.1
            }
          ]
        },
        {
          "type": "minecraft:item",
          "name": "minecraft:gold_nugget",
          "conditions": [
            {
              "condition": "minecraft:random_chance",
              "chance": 0.5
            }
          ]
        },
        {
          "type": "minecraft:item",
          "name": "minecraft:ender_eye",
          "conditions": [
            {
              "condition": "minecraft:random_chance",
              "chance": 0.1
            }
          ]
        },
        {
          "type": "minecraft:item",
          "name": "minecraft:obsidian",
          "conditions": [
            {
              "condition": "minecraft:random_chance",
              "chance": 0.1
            }
          ]
        },
        {
          "type": "minecraft:item",
          "name": "minecraft:end_stone",
          "conditions": [
            {
              "condition": "minecraft:random_chance",
              "chance": 0.1
            }
          ]
        },
        {
          "type": "loot_table",
          "name": "bracken:item/ability_books/scatterstorm",
          "conditions": [
            {
              "condition": "minecraft:random_chance",
              "chance": 0.02
            }
          ]
        },
        {
          "type": "minecraft:item",
          "name": "minecraft:enderman_spawn_egg",
          "conditions": [
            {
              "condition": "minecraft:random_chance",
              "chance": 0.01
            }
          ],
          "functions": [
            {
              "function": "set_nbt",
              "tag": "{HideFlags:2,Enchantments:[{}],AttributeModifiers:[{AttributeName:\"generic.attack_speed\",Name:\"generic.attack_speed\",Amount:-10,Operation:0,UUID:[I;1113027975,-644395143,-1346952979,-351466035]},{AttributeName:\"generic.movement_speed\",Name:\"generic.movement_speed\",Amount:-.01,Operation:0,UUID:[I;-674138169,-908574571,-1952283716,-248487679]},{AttributeName:\"generic.luck\",Name:\"generic.luck\",Amount:-10,Operation:0,UUID:[I;1282424771,-572633220,-1241937806,-241423645]}],EntityTag:{id:\"minecraft:area_effect_cloud\",Particle:\"squid_ink\",CustomNameVisible:1b,RadiusPerTick:.1f,Duration:600,Effects:[{Id:4b,Amplifier:63b,Duration:100,ShowParticles:0b},{Id:14b,Amplifier:1b,Duration:100,ShowParticles:0b},{Id:15b,Amplifier:1b,Duration:100,ShowParticles:0b},{Id:16b,Amplifier:1b,Duration:100,ShowParticles:0b},{Id:17b,Amplifier:63b,Duration:100,ShowParticles:0b},{Id:20b,Amplifier:63b,Duration:100,ShowParticles:0b}],CustomName:'{\"text\":\"滴水不漏\",\"bold\":true}'}}"
            },
            {
              "function": "set_name",
              "name": [
                {
                  "text": "空白炸弹",
                  "color": "black",
                  "bold": true,
                  "obfuscated": true
                }
              ]
            },
            {
              "function": "set_lore",
              "lore": [
                {
                  "text": "一种模糊的感觉告诉你不要用这个。",
                  "color": "white"
                }
              ]
            }
          ]
        },
        {
          "type": "minecraft:item",
          "name": "minecraft:spectral_arrow",
          "conditions": [
            {
              "condition": "minecraft:random_chance",
              "chance": 0.3
            }
          ]
        }
      ]
    }
  ]
}
