{
  "type": "minecraft:chest",
  "pools": [
    {
      "rolls": {
        "min": 5,
        "max": 20
      },
      "entries": [
        {
          "type": "minecraft:item",
          "name": "minecraft:netherite_ingot",
          "conditions": [
            {
              "condition": "minecraft:random_chance",
              "chance": 0.008
            }
          ]
        },
        {
          "type": "minecraft:item",
          "name": "minecraft:netherite_scrap",
          "conditions": [
            {
              "condition": "minecraft:random_chance",
              "chance": 0.14
            }
          ]
        },
        {
          "type": "loot_table",
          "name": "bracken:item/portal_keys/nether_key",
          "conditions": [
            {
              "condition": "minecraft:random_chance",
              "chance": 0.002
            }
          ]
        },
        {
          "type": "loot_table",
          "name": "bracken:item/portal_keys/void_key",
          "conditions": [
            {
              "condition": "minecraft:random_chance",
              "chance": 0.005
            }
          ]
        },
        {
          "type": "minecraft:item",
          "name": "minecraft:netherite_helmet",
          "conditions": [
            {
              "condition": "minecraft:random_chance",
              "chance": 0.01
            }
          ]
        },
        {
          "type": "minecraft:item",
          "name": "minecraft:stone",
          "conditions": [
            {
              "condition": "minecraft:random_chance",
              "chance": 0.7
            }
          ]
        },
        {
          "type": "minecraft:item",
          "name": "minecraft:iron_bars",
          "conditions": [
            {
              "condition": "minecraft:random_chance",
              "chance": 0.7
            }
          ]
        },
        {
          "type": "minecraft:item",
          "name": "minecraft:raw_copper",
          "conditions": [
            {
              "condition": "minecraft:random_chance",
              "chance": 0.4
            }
          ]
        },
        {
          "type": "minecraft:item",
          "name": "minecraft:compass",
          "conditions": [
            {
              "condition": "minecraft:random_chance",
              "chance": 0.1
            }
          ]
        },
        {
          "type": "minecraft:item",
          "name": "minecraft:copper_ingot",
          "conditions": [
            {
              "condition": "minecraft:random_chance",
              "chance": 0.3
            }
          ]
        },
        {
          "type": "minecraft:item",
          "name": "minecraft:damaged_anvil",
          "conditions": [
            {
              "condition": "minecraft:random_chance",
              "chance": 0.2
            }
          ]
        },
        {
          "type": "minecraft:item",
          "name": "minecraft:cracked_polished_blackstone_bricks",
          "conditions": [
            {
              "condition": "minecraft:random_chance",
              "chance": 0.7
            }
          ]
        },
        {
          "type": "minecraft:item",
          "name": "minecraft:smithing_table",
          "conditions": [
            {
              "condition": "minecraft:random_chance",
              "chance": 0.05
            }
          ]
        },
        {
          "type": "loot_table",
          "name": "bracken:item/ability_books/fang_attack",
          "conditions": [
            {
              "condition": "minecraft:random_chance",
              "chance": 0.05
            }
          ]
        },
        {
          "type": "minecraft:item",
          "name": "minecraft:obsidian",
          "conditions": [
            {
              "condition": "minecraft:random_chance",
              "chance": 0.6
            }
          ]
        }
      ]
    },
    {
    "rolls": 1,
          "entries": [
      {
            "type": "loot_table",
            "name": "bracken:item/maps/sanctum_embassy_map",
            "conditions": [
              {
                "condition": "minecraft:random_chance",
                "chance": 0.25
              }
            ]
          }
  ]
  }
  ]
}
