{
  "sea_level": 0,
  "disable_mob_generation": false,
  "noise_caves_enabled": true,
  "noodle_caves_enabled": false,
  "aquifers_enabled": false,
  "ore_veins_enabled": false,
  "legacy_random_source": false,
  "default_block": {
    "Name": "minecraft:stone"
  },
  "default_fluid": {
    "Name": "minecraft:water",
    "Properties": {
      "level": "0"
    }
  },
  "noise": {
    "min_y": 0,
    "height": 256,
    "size_horizontal": 1,
    "size_vertical": 2
  },
  "noise_router": {
    "final_density": {
      "argument1": {
        "argument": {
          "argument1": 0.64,
          "argument2": {
            "argument": {
              "argument": {
                "type": "minecraft:add",
                "argument1": {
                  "type": "minecraft:mul",
                  "argument1": {
                    "type": "minecraft:y_clamped_gradient",
                    "from_y": 64,
                    "to_y": 96,
                    "from_value": 0,
                    "to_value": 1
                  },
                  "argument2": {
                    "type": "minecraft:add",
                    "argument1": {
                      "type": "minecraft:add",
                      "argument1": {
                        "type": "minecraft:mul",
                        "argument1": {
                          "type": "minecraft:y_clamped_gradient",
                          "from_y": 240, 
                          "to_y": 256,
                          "from_value": 1,
                          "to_value": 0
                        },
                        "argument2": {
                          "type": "minecraft:add",
                          "argument1": {
                            "max_exclusive": 1.5625,
                            "when_in_range": {
                              "argument1": "divine_dimension:sloped_cheese",
                              "argument2": {
                                "argument1": 5,
                                "argument2": "minecraft:overworld/caves/entrances",
                                "type": "minecraft:mul"
                              },
                              "type": "minecraft:min"
                            },
                            "when_out_of_range": {
                              "argument1": {
                                "argument1": {
                                  "argument1": {
                                    "argument1": {
                                      "argument1": 4,
                                      "argument2": {
                                        "argument": {
                                          "noise": "minecraft:cave_layer",
                                          "xz_scale": 1,
                                          "y_scale": 8,
                                          "type": "minecraft:noise"
                                        },
                                        "type": "minecraft:square"
                                      },
                                      "type": "minecraft:mul"
                                    },
                                    "argument2": {
                                      "argument1": {
                                        "input": {
                                          "argument1": 0.27,
                                          "argument2": {
                                            "noise": "minecraft:cave_cheese",
                                            "xz_scale": 1,
                                            "y_scale": 0.6666666666666666,
                                            "type": "minecraft:noise"
                                          },
                                          "type": "minecraft:add"
                                        },
                                        "min": -1,
                                        "max": 1,
                                        "type": "minecraft:clamp"
                                      },
                                      "argument2": {
                                        "input": {
                                          "argument1": 1.5,
                                          "argument2": {
                                            "argument1": -0.64,
                                            "argument2": "divine_dimension:sloped_cheese",
                                            "type": "minecraft:mul"
                                          },
                                          "type": "minecraft:add"
                                        },
                                        "min": 0,
                                        "max": 0.5,
                                        "type": "minecraft:clamp"
                                      },
                                      "type": "minecraft:add"
                                    },
                                    "type": "minecraft:add"
                                  },
                                  "argument2": "minecraft:overworld/caves/entrances",
                                  "type": "minecraft:min"
                                },
                                "argument2": {
                                  "argument1": "minecraft:overworld/caves/spaghetti_2d",
                                  "argument2": "minecraft:overworld/caves/spaghetti_roughness_function",
                                  "type": "minecraft:add"
                                },
                                "type": "minecraft:min"
                              },
                              "argument2": {
                                "max_exclusive": 0.03,
                                "when_in_range": -1000000,
                                "when_out_of_range": "minecraft:overworld/caves/pillars",
                                "input": "minecraft:overworld/caves/pillars",
                                "min_inclusive": -1000000,
                                "type": "minecraft:range_choice"
                              },
                              "type": "minecraft:max"
                            },
                            "input": "divine_dimension:sloped_cheese",
                            "min_inclusive": -1000000,
                            "type": "minecraft:range_choice"
                          },
                          "argument2": 23.4375
                        }
                      },
                      "argument2": -23.4375
                    },
                    "argument2": 0.234375
                  }
                },
                "argument2": -0.234375
              },
              "type": "minecraft:blend_density"
            },
            "type": "minecraft:interpolated"
          },
          "type": "minecraft:mul"
        },
        "type": "minecraft:squeeze"
      },
      "argument2": "minecraft:overworld/caves/noodle",
      "type": "minecraft:min"
    },
    "vein_toggle": {
      "argument": {
        "max_exclusive": 51,
        "when_in_range": {
          "noise": "minecraft:ore_veininess",
          "xz_scale": 1.5,
          "y_scale": 1.5,
          "type": "minecraft:noise"
        },
        "when_out_of_range": 0,
        "input": "minecraft:y",
        "min_inclusive": -60,
        "type": "minecraft:range_choice"
      },
      "type": "minecraft:interpolated"
    },
    "vein_ridged": {
      "argument1": -0.07999999821186066,
      "argument2": {
        "argument1": {
          "argument": {
            "argument": {
              "max_exclusive": 51,
              "when_in_range": {
                "noise": "minecraft:ore_vein_a",
                "xz_scale": 4,
                "y_scale": 4,
                "type": "minecraft:noise"
              },
              "when_out_of_range": 0,
              "input": "minecraft:y",
              "min_inclusive": -60,
              "type": "minecraft:range_choice"
            },
            "type": "minecraft:interpolated"
          },
          "type": "minecraft:abs"
        },
        "argument2": {
          "argument": {
            "argument": {
              "max_exclusive": 51,
              "when_in_range": {
                "noise": "minecraft:ore_vein_b",
                "xz_scale": 4,
                "y_scale": 4,
                "type": "minecraft:noise"
              },
              "when_out_of_range": 0,
              "input": "minecraft:y",
              "min_inclusive": -60,
              "type": "minecraft:range_choice"
            },
            "type": "minecraft:interpolated"
          },
          "type": "minecraft:abs"
        },
        "type": "minecraft:max"
      },
      "type": "minecraft:add"
    },
    "vein_gap": {
      "noise": "minecraft:ore_gap",
      "xz_scale": 1,
      "y_scale": 1,
      "type": "minecraft:noise"
    },
    "erosion": "minecraft:overworld/erosion",
    "depth": "divine_dimension:depth",
    "ridges": "minecraft:overworld/ridges",
    "initial_density_without_jaggedness": {
      "argument1": 4,
      "argument2": {
        "argument": {
          "argument1": {
            "argument1": 0,
            "argument2": "divine_dimension:depth",
            "type": "minecraft:add"
          },
          "argument2": {
            "argument": "divine_dimension:factor",
            "type": "minecraft:cache_2d"
          },
          "type": "minecraft:mul"
        },
        "type": "minecraft:quarter_negative"
      },
      "type": "minecraft:mul"
    },
    "lava": {
      "noise": "minecraft:aquifer_lava",
      "xz_scale": 1,
      "y_scale": 1,
      "type": "minecraft:noise"
    },
    "temperature": {
      "xz_scale": 0.25,
      "y_scale": 0,
      "noise": "minecraft:temperature",
      "shift_x": "minecraft:shift_x",
      "shift_y": 0,
      "shift_z": "minecraft:shift_z",
      "type": "minecraft:shifted_noise"
    },
    "vegetation": {
      "xz_scale": 0.25,
      "y_scale": 0,
      "noise": "minecraft:vegetation",
      "shift_x": "minecraft:shift_x",
      "shift_y": 0,
      "shift_z": "minecraft:shift_z",
      "type": "minecraft:shifted_noise"
    },
    "continents": "minecraft:overworld/continents",
    "barrier": {
      "noise": "minecraft:aquifer_barrier",
      "xz_scale": 1,
      "y_scale": 0.5,
      "type": "minecraft:noise"
    },
    "fluid_level_floodedness": {
      "noise": "minecraft:aquifer_fluid_level_floodedness",
      "xz_scale": 1,
      "y_scale": 0.67,
      "type": "minecraft:noise"
    },
    "fluid_level_spread": {
      "noise": "minecraft:aquifer_fluid_level_spread",
      "xz_scale": 1,
      "y_scale": 0.7142857142857143,
      "type": "minecraft:noise"
    }
  },
  "surface_rule": {
    "type": "minecraft:sequence",
    "sequence": [
      {
        "type": "minecraft:condition",
        "if_true": {
          "type": "minecraft:biome",
          "biome_is": [
            "divine_dimension:ethera/skyvale"
          ]
        },
        "then_run": {
          "type": "minecraft:sequence",
          "sequence": [
            {
              "type": "minecraft:condition",
              "if_true": {
                "type": "minecraft:stone_depth",
                "offset": 0,
                "surface_type": "floor",
                "add_surface_depth": false,
                "secondary_depth_range": 0
              },
              "then_run": {
                "type": "minecraft:block",
                "result_state": {
                  "Name": "minecraft:grass_block"
                }
              }
            },
            {
              "type": "minecraft:condition",
              "if_true": {
                "type": "minecraft:stone_depth",
                "offset": 1,
                "surface_type": "floor",
                "add_surface_depth": true,
                "secondary_depth_range": 0
              },
              "then_run": {
                "type": "minecraft:block",
                "result_state": {
                  "Name": "minecraft:dirt"
                }
              }
            }
          ]
        }
      },
      {
        "type": "minecraft:condition",
        "if_true": {
          "type": "minecraft:biome",
          "biome_is": [
            "divine_dimension:ethera/frosted_plains"
          ]
        },
        "then_run": {
          "type": "minecraft:sequence",
          "sequence": [
            {
              "type": "minecraft:condition",
              "if_true": {
                "type": "minecraft:stone_depth",
                "offset": 0,
                "surface_type": "floor",
                "add_surface_depth": false,
                "secondary_depth_range": 0
              },
              "then_run": {
                "type": "minecraft:block",
                "result_state": {
                  "Name": "minecraft:snow_block"
                }
              }
            },
            {
              "type": "minecraft:condition",
              "if_true": {
                "type": "minecraft:stone_depth",
                "offset": 1,
                "surface_type": "floor",
                "add_surface_depth": true,
                "secondary_depth_range": 0
              },
              "then_run": {
                "type": "minecraft:block",
                "result_state": {
                  "Name": "minecraft:ice"
                }
              }
            }
          ]
        }
      },
      {
        "type": "minecraft:condition",
        "if_true": {
          "type": "minecraft:biome",
          "biome_is": [
            "divine_dimension:ethera/sapphire_oasis"
          ]
        },
        "then_run": {
          "type": "minecraft:sequence",
          "sequence": [
            {
              "type": "minecraft:condition",
              "if_true": {
                "type": "minecraft:stone_depth",
                "offset": 0,
                "surface_type": "floor",
                "add_surface_depth": false,
                "secondary_depth_range": 0
              },
              "then_run": {
                "type": "minecraft:block",
                "result_state": {
                  "Name": "minecraft:sand"
                }
              }
            },
            {
              "type": "minecraft:condition",
              "if_true": {
                "type": "minecraft:stone_depth",
                "offset": 1,
                "surface_type": "floor",
                "add_surface_depth": true,
                "secondary_depth_range": 0
              },
              "then_run": {
                "type": "minecraft:block",
                "result_state": {
                  "Name": "minecraft:sandstone"
                }
              }
            }
          ]
        }
      },
      {
        "type": "minecraft:condition",
        "if_true": {
          "type": "minecraft:biome",
          "biome_is": [
            "divine_dimension:ethera/hinnom"
          ]
        },
        "then_run": {
          "type": "minecraft:sequence",
          "sequence": [
            {
              "type": "minecraft:condition",
              "if_true": {
                "type": "minecraft:stone_depth",
                "offset": 0,
                "surface_type": "floor",
                "add_surface_depth": false,
                "secondary_depth_range": 0
              },
              "then_run": {
                "type": "minecraft:block",
                "result_state": {
                  "Name": "minecraft:crimson_nylium"
                }
              }
            },
            {
              "type": "minecraft:condition",
              "if_true": {
                "type": "minecraft:stone_depth",
                "offset": 1,
                "surface_type": "floor",
                "add_surface_depth": true,
                "secondary_depth_range": 0
              },
              "then_run": {
                "type": "minecraft:block",
                "result_state": {
                  "Name": "minecraft:netherrack"
                }
              }
            }
          ]
        }
      },
      {
        "type": "minecraft:condition",
        "if_true": {
          "type": "minecraft:biome",
          "biome_is": [
            "divine_dimension:ethera/farwoods"
          ]
        },
        "then_run": {
          "type": "minecraft:sequence",
          "sequence": [
            {
              "type": "minecraft:condition",
              "if_true": {
                "type": "minecraft:stone_depth",
                "offset": 0,
                "surface_type": "floor",
                "add_surface_depth": false,
                "secondary_depth_range": 0
              },
              "then_run": {
                "type": "minecraft:block",
                "result_state": {
                  "Name": "minecraft:grass_block"
                }
              }
            },
            {
              "type": "minecraft:condition",
              "if_true": {
                "type": "minecraft:stone_depth",
                "offset": 1,
                "surface_type": "floor",
                "add_surface_depth": true,
                "secondary_depth_range": 0
              },
              "then_run": {
                "type": "minecraft:block",
                "result_state": {
                  "Name": "minecraft:dirt"
                }
              }
            }
          ]
        }
      },
      {
        "type": "minecraft:condition",
        "if_true": {
          "type": "minecraft:biome",
          "biome_is": [
            "divine_dimension:ethera/dominium"
          ]
        },
        "then_run": {
          "type": "minecraft:sequence",
          "sequence": [
            {
              "type": "minecraft:condition",
              "if_true": {
                "type": "minecraft:stone_depth",
                "offset": 0,
                "surface_type": "floor",
                "add_surface_depth": false,
                "secondary_depth_range": 0
              },
              "then_run": {
                "type": "minecraft:block",
                "result_state": {
                  "Name": "minecraft:grass_block"
                }
              }
            },
            {
              "type": "minecraft:condition",
              "if_true": {
                "type": "minecraft:stone_depth",
                "offset": 1,
                "surface_type": "floor",
                "add_surface_depth": true,
                "secondary_depth_range": 0
              },
              "then_run": {
                "type": "minecraft:block",
                "result_state": {
                  "Name": "minecraft:dirt"
                }
              }
            }
          ]
        }
      }
    ]
  },
  "structures": {
    "stronghold": {
      "distance": 32,
      "spread": 3,
      "count": 128
    },
    "structures": {
      "minecraft:buried_treasure": {
        "spacing": 1,
        "separation": 0,
        "salt": 0
      },
      "minecraft:ruined_portal": {
        "spacing": 40,
        "separation": 15,
        "salt": 34222645
      },
      "minecraft:mansion": {
        "spacing": 80,
        "separation": 20,
        "salt": 10387319
      },
      "minecraft:nether_fossil": {
        "spacing": 2,
        "separation": 1,
        "salt": 14357921
      },
      "minecraft:endcity": {
        "spacing": 20,
        "separation": 11,
        "salt": 10387313
      },
      "minecraft:igloo": {
        "spacing": 32,
        "separation": 8,
        "salt": 14357618
      },
      "minecraft:fortress": {
        "spacing": 27,
        "separation": 4,
        "salt": 30084232
      },
      "minecraft:bastion_remnant": {
        "spacing": 27,
        "separation": 4,
        "salt": 30084232
      },
      "minecraft:swamp_hut": {
        "spacing": 32,
        "separation": 8,
        "salt": 14357620
      },
      "minecraft:monument": {
        "spacing": 32,
        "separation": 5,
        "salt": 10387313
      },
      "minecraft:pillager_outpost": {
        "spacing": 32,
        "separation": 8,
        "salt": 165745296
      },
      "minecraft:ocean_ruin": {
        "spacing": 20,
        "separation": 8,
        "salt": 14357621
      },
      "minecraft:mineshaft": {
        "spacing": 1,
        "separation": 0,
        "salt": 0
      },
      "minecraft:village": {
        "spacing": 20,
        "separation": 14,
        "salt": 10387312
      },
      "minecraft:shipwreck": {
        "spacing": 24,
        "separation": 4,
        "salt": 165745295
      },
      "minecraft:desert_pyramid": {
        "spacing": 32,
        "separation": 8,
        "salt": 14357617
      },
      "minecraft:stronghold": {
        "spacing": 1,
        "separation": 0,
        "salt": 0
      },
      "minecraft:jungle_pyramid": {
        "spacing": 32,
        "separation": 8,
        "salt": 14357619
      }
    }
  },
  "spawn_target": [
    {
      "erosion": [
        -1,
        1
      ],
      "depth": 0,
      "weirdness": [
        -1,
        -0.16
      ],
      "offset": 0,
      "temperature": [
        -1,
        1
      ],
      "humidity": [
        -1,
        1
      ],
      "continentalness": [
        -0.11,
        1
      ]
    },
    {
      "erosion": [
        -1,
        1
      ],
      "depth": 0,
      "weirdness": [
        0.16,
        1
      ],
      "offset": 0,
      "temperature": [
        -1,
        1
      ],
      "humidity": [
        -1,
        1
      ],
      "continentalness": [
        -0.11,
        1
      ]
    }
  ]
}
