{
  "condition": "minecraft:alternative",
  "terms": [
    {
      "condition": "minecraft:reference",
      "name": "xylo:biome/badlands"
    },
    {
      "condition": "minecraft:reference",
      "name": "xylo:biome/eroded_badlands"
    },
    {
      "condition": "minecraft:reference",
      "name": "xylo:biome/desert"
    },
    {
      "condition": "minecraft:reference",
      "name": "xylo:biome/savanna_plateau"
    },
    {
      "condition": "minecraft:reference",
      "name": "xylo:biome/savanna"
    },
    {
      "condition": "minecraft:reference",
      "name": "xylo:biome/beach"
    }
  ]
}
