{
  "condition": "minecraft:alternative",
  "terms": [
    {
      "condition": "minecraft:reference",
      "name": "xylo:biome/snowy_beach"
    },
    {
      "condition": "minecraft:reference",
      "name": "xylo:biome/snowy_plains"
    },
    {
      "condition": "minecraft:reference",
      "name": "xylo:biome/snowy_slopes"
    },
    {
      "condition": "minecraft:reference",
      "name": "xylo:biome/snowy_taiga"
    },
    {
      "condition": "minecraft:reference",
      "name": "xylo:biome/ice_spikes"
    },
    {
      "condition": "minecraft:reference",
      "name": "xylo:biome/frozen_peaks"
    },
    {
      "condition": "minecraft:reference",
      "name": "xylo:biome/frozen_river"
    },
    {
      "condition": "minecraft:reference",
      "name": "xylo:biome/deep_frozen_ocean"
    }
  ]
}
