{
    "name": "路径点",
    "icon": "enigmatica:textures/pin.png",
    "category": "patchouli:ftbchunks",
    "sortnum": 2,
    "pages": [
        {
            "type": "text",
            "text": "可通过以下方式创建路径点，$(l)在地图的对应位置上右键鼠标$(reset)。它们非常简单且有用，可以为你更方便地查看附近的环境，也可以为你感兴趣的地点写上标记，或者重要的一些地点等等。"
        },
        {
            "type": "text",
            "text": "$(l)你可以右键路径点位置来编辑它。$(reset)你每次死亡都会自动创建一个死亡路径点，这对于去寻找你的尸体非常有用！路径点会以信标的方式在地图上呈现出来，如果你想关闭路径点的光柱，对着路径点右键然后点击隐藏即可。"
        }
    ]
}