{
	"credit": "Made with Blockbench",
	"texture_size": [64, 64],
	"textures": {
		"0": "xylo_rpg:item/weapons/assassin_katana",
		"particle": "xylo_rpg:item/weapons/assassin_katana"
	},
	"elements": [
		{
			"from": [6.75, 5.025, 8.6],
			"to": [9.25, 17.525, 9.4],
			"rotation": {"angle": 0, "axis": "y", "origin": [7.45, 1.625, 8.5]},
			"faces": {
				"north": {"uv": [0, 1.6875, 0.625, 5.625], "texture": "#0"},
				"east": {"uv": [2.5, 1.6875, 2.6875, 5.625], "texture": "#0"},
				"south": {"uv": [0.75, 1.6875, 1.375, 5.625], "texture": "#0"},
				"west": {"uv": [1.5, 4.1875, 1.6875, 8.125], "texture": "#0"},
				"up": {"uv": [5.375, 0.9375, 4.75, 0.75], "texture": "#0"},
				"down": {"uv": [5.375, 1, 4.75, 1.1875], "texture": "#0"}
			}
		},
		{
			"from": [9.25, 5.025, 8.8],
			"to": [9.575, 21.2, 9.2],
			"rotation": {"angle": 0, "axis": "y", "origin": [7.45, 1.625, 8.5]},
			"faces": {
				"north": {"uv": [3, 5.1875, 3.0625, 10.0625], "texture": "#0"},
				"east": {"uv": [2.25, 4.1875, 2.375, 9.0625], "texture": "#0"},
				"south": {"uv": [3.25, 5.1875, 3.3125, 10.0625], "texture": "#0"},
				"west": {"uv": [2.75, 4.1875, 2.875, 9.0625], "texture": "#0"},
				"up": {"uv": [5.3125, 1.375, 5.25, 1.25], "texture": "#0"},
				"down": {"uv": [5.3125, 1.5, 5.25, 1.625], "texture": "#0"}
			}
		},
		{
			"from": [8.05, 17.525, 8.6],
			"to": [9.25, 20.425, 9.4],
			"rotation": {"angle": 0, "axis": "y", "origin": [7.45, 1.625, 8.5]},
			"faces": {
				"north": {"uv": [3.75, 1.25, 4.0625, 2], "texture": "#0"},
				"east": {"uv": [4.5, 0.75, 4.6875, 1.5], "texture": "#0"},
				"south": {"uv": [3.5, 3.75, 3.8125, 4.5], "texture": "#0"},
				"west": {"uv": [4.5, 1.5, 4.6875, 2.25], "texture": "#0"},
				"up": {"uv": [5.3125, 5.1875, 5, 5], "texture": "#0"},
				"down": {"uv": [5.5625, 0, 5.25, 0.1875], "texture": "#0"}
			}
		},
		{
			"from": [6.75, 17.525, 8.593],
			"to": [7.95, 22.025, 9.408],
			"rotation": {"angle": -22.5, "axis": "z", "origin": [6.75, 17.525, 8.5]},
			"faces": {
				"north": {"uv": [3.25, 0, 3.5625, 1.125], "texture": "#0"},
				"east": {"uv": [4, 3.75, 4.1875, 4.875], "texture": "#0"},
				"south": {"uv": [3.25, 1.25, 3.5625, 2.375], "texture": "#0"},
				"west": {"uv": [4.25, 1.25, 4.4375, 2.375], "texture": "#0"},
				"up": {"uv": [5.5625, 0.4375, 5.25, 0.25], "texture": "#0"},
				"down": {"uv": [5.5625, 0.5, 5.25, 0.6875], "texture": "#0"}
			}
		},
		{
			"from": [5.975, 4.2, 8],
			"to": [11.3, 5.2, 10],
			"rotation": {"angle": 0, "axis": "y", "origin": [7.7, 6.6, 8.5]},
			"faces": {
				"north": {"uv": [3.5, 3.5, 4.8125, 3.75], "texture": "#0"},
				"east": {"uv": [4.5, 2.75, 5, 3], "texture": "#0"},
				"south": {"uv": [3.75, 0, 5.0625, 0.25], "texture": "#0"},
				"west": {"uv": [4.5, 3, 5, 3.25], "texture": "#0"},
				"up": {"uv": [4.3125, 3, 3, 2.5], "texture": "#0"},
				"down": {"uv": [4.3125, 3, 3, 3.5], "texture": "#0"}
			}
		},
		{
			"from": [3.75, 4.575, 8],
			"to": [6.05, 5.575, 10],
			"rotation": {"angle": -22.5, "axis": "z", "origin": [5.1, 4.6, 8.5]},
			"faces": {
				"north": {"uv": [4.5, 2.25, 5.0625, 2.5], "texture": "#0"},
				"east": {"uv": [4.5, 3.25, 5, 3.5], "texture": "#0"},
				"south": {"uv": [4.5, 2.5, 5.0625, 2.75], "texture": "#0"},
				"west": {"uv": [3.5, 4.5, 4, 4.75], "texture": "#0"},
				"up": {"uv": [4.3125, 0.75, 3.75, 0.25], "texture": "#0"},
				"down": {"uv": [4.3125, 0.75, 3.75, 1.25], "texture": "#0"}
			}
		},
		{
			"from": [7.2, -5.1, 8.2],
			"to": [9.2, 4.2, 9.8],
			"rotation": {"angle": 0, "axis": "y", "origin": [7.7, 6.6, 8.5]},
			"faces": {
				"north": {"uv": [1.5, 0, 2, 2.3125], "texture": "#0"},
				"east": {"uv": [1.75, 2.5, 2.125, 4.8125], "texture": "#0"},
				"south": {"uv": [2, 0, 2.5, 2.3125], "texture": "#0"},
				"west": {"uv": [2.75, 0, 3.125, 2.3125], "texture": "#0"},
				"up": {"uv": [4.25, 2.375, 3.75, 2], "texture": "#0"},
				"down": {"uv": [4.75, 3.75, 4.25, 4.125], "texture": "#0"}
			}
		},
		{
			"from": [7.3, -6, 8.3],
			"to": [9.1, -5.1, 9.7],
			"rotation": {"angle": 0, "axis": "y", "origin": [7.7, 6.6, 8.5]},
			"faces": {
				"north": {"uv": [4.25, 4.75, 4.6875, 5], "texture": "#0"},
				"east": {"uv": [4, 5, 4.375, 5.25], "texture": "#0"},
				"south": {"uv": [4.75, 4.25, 5.1875, 4.5], "texture": "#0"},
				"west": {"uv": [4.5, 5, 4.875, 5.25], "texture": "#0"},
				"up": {"uv": [4.6875, 4.625, 4.25, 4.25], "texture": "#0"},
				"down": {"uv": [4.9375, 0.25, 4.5, 0.625], "texture": "#0"}
			}
		},
		{
			"from": [7.4, -7.3, 8.4],
			"to": [9, -6, 9.6],
			"rotation": {"angle": 0, "axis": "y", "origin": [7.7, 6.6, 8.5]},
			"faces": {
				"north": {"uv": [4.75, 1.25, 5.125, 1.5625], "texture": "#0"},
				"east": {"uv": [5, 2.75, 5.3125, 3.0625], "texture": "#0"},
				"south": {"uv": [4.75, 1.75, 5.125, 2.0625], "texture": "#0"},
				"west": {"uv": [5, 3.25, 5.3125, 3.5625], "texture": "#0"},
				"up": {"uv": [3.875, 5.0625, 3.5, 4.75], "texture": "#0"},
				"down": {"uv": [5.125, 3.75, 4.75, 4.0625], "texture": "#0"}
			}
		},
		{
			"from": [7.7, -9, 8.5],
			"to": [8.7, -7.2, 9.5],
			"rotation": {"angle": 0, "axis": "y", "origin": [7.7, 6.6, 8.5]},
			"faces": {
				"north": {"uv": [4.75, 4.5, 5, 4.9375], "texture": "#0"},
				"east": {"uv": [5, 0.25, 5.25, 0.6875], "texture": "#0"},
				"south": {"uv": [1.75, 5, 2, 5.4375], "texture": "#0"},
				"west": {"uv": [2, 5, 2.25, 5.4375], "texture": "#0"},
				"up": {"uv": [5.25, 4.75, 5, 4.5], "texture": "#0"},
				"down": {"uv": [5.25, 4.75, 5, 5], "texture": "#0"}
			}
		}
	],
	"gui_light": "front",
	"display": {
		"thirdperson_righthand": {
			"rotation": [0, -90, 0],
			"translation": [0.5, 3, 1.75],
			"scale": [0.55, 0.55, 0.55]
		},
		"thirdperson_lefthand": {
			"rotation": [0, 90, 0],
			"translation": [-0.5, 3, 1.75],
			"scale": [0.55, 0.55, 0.55]
		},
		"firstperson_righthand": {
			"rotation": [0, -90, 25],
			"translation": [1.13, 3.2, 1.13],
			"scale": [0.58, 0.58, 0.58]
		},
		"firstperson_lefthand": {
			"rotation": [0, 90, -25],
			"translation": [0.13, 3.2, 1.13],
			"scale": [0.58, 0.58, 0.58]
		},
		"ground": {
			"rotation": [0, 0, -45],
			"translation": [0, 4.5, 0],
			"scale": [0.42, 0.42, 0.42]
		},
		"gui": {
			"rotation": [0, 0, -45],
			"translation": [0.625, 0.95, 0],
			"scale": [0.6, 0.6, 0.6]
		},
		"head": {
			"rotation": [-90, -90, 0],
			"translation": [1, -45, -4],
			"scale": [0.9, 0.9, 0.9]
		},
		"fixed": {
			"rotation": [-180, 0, 135],
			"translation": [-0.25, 1, 0],
			"scale": [0.6, 0.6, 0.6]
		}
	},
	"groups": [
		{
			"name": "group",
			"origin": [0.55, -15, 0.5],
			"color": 0,
			"children": [
				{
					"name": "blade",
					"origin": [0.5, 28.95, 0.35],
					"color": 0,
					"children": [0, 1, 2, 3]
				},
				{
					"name": "guard",
					"origin": [0.5, -2.4, -1.75],
					"color": 0,
					"children": [4, 5]
				},
				{
					"name": "handle",
					"origin": [0.55, -15, 0.5],
					"color": 0,
					"children": [6, 7, 8, 9]
				}
			]
		}
	]
}