{
	"credit": "Made with Blockbench",
	"texture_size": [32, 32],
	"textures": {
		"0": "xylo_rpg:item/weapons/assassin_scythe",
		"particle": "xylo_rpg:item/weapons/assassin_scythe"
	},
	"elements": [
		{
			"from": [-7.70181, 19.24065, 9.175],
			"to": [-6.00181, 19.97565, 9.575],
			"rotation": {"angle": 22.5, "axis": "z", "origin": [-5.4, 18.25, 9.375]},
			"faces": {
				"north": {"uv": [12, 11, 12.875, 11.375], "texture": "#0"},
				"east": {"uv": [4.5, 14, 4.625, 14.375], "texture": "#0"},
				"south": {"uv": [12, 11.5, 12.875, 11.875], "texture": "#0"},
				"west": {"uv": [5, 14, 5.125, 14.375], "texture": "#0"},
				"up": {"uv": [9.375, 13.625, 8.5, 13.5], "texture": "#0"},
				"down": {"uv": [14.375, 8.5, 13.5, 8.625], "texture": "#0"}
			}
		},
		{
			"from": [-8.80181, 20.12435, 9.2],
			"to": [-7.10181, 20.85935, 9.55],
			"rotation": {"angle": 45, "axis": "z", "origin": [-5.4, 18.75, 9.375]},
			"faces": {
				"north": {"uv": [12, 12, 12.875, 12.375], "texture": "#0"},
				"east": {"uv": [14, 5, 14.125, 5.375], "texture": "#0"},
				"south": {"uv": [0, 12.5, 0.875, 12.875], "texture": "#0"},
				"west": {"uv": [5.5, 14, 5.625, 14.375], "texture": "#0"},
				"up": {"uv": [14.375, 9.125, 13.5, 9], "texture": "#0"},
				"down": {"uv": [10.375, 13.5, 9.5, 13.625], "texture": "#0"}
			}
		},
		{
			"from": [-10.49819, 17.32435, 9.2],
			"to": [-8.79819, 18.05935, 9.55],
			"rotation": {"angle": 0, "axis": "y", "origin": [-12.9, 18.15, 9.375]},
			"faces": {
				"north": {"uv": [12.5, 0, 13.375, 0.375], "texture": "#0"},
				"east": {"uv": [14, 5.5, 14.125, 5.875], "texture": "#0"},
				"south": {"uv": [12.5, 0.5, 13.375, 0.875], "texture": "#0"},
				"west": {"uv": [6, 14, 6.125, 14.375], "texture": "#0"},
				"up": {"uv": [14.375, 10.125, 13.5, 10], "texture": "#0"},
				"down": {"uv": [11.375, 13.5, 10.5, 13.625], "texture": "#0"}
			}
		},
		{
			"from": [-9.50181, 18.34065, 9.2],
			"to": [-7.80181, 19.07565, 9.55],
			"rotation": {"angle": 0, "axis": "z", "origin": [-5.4, 18.25, 9.375]},
			"faces": {
				"north": {"uv": [1, 12.5, 1.875, 12.875], "texture": "#0"},
				"east": {"uv": [14, 6, 14.125, 6.375], "texture": "#0"},
				"south": {"uv": [12.5, 1, 13.375, 1.375], "texture": "#0"},
				"west": {"uv": [6.5, 14, 6.625, 14.375], "texture": "#0"},
				"up": {"uv": [14.375, 10.625, 13.5, 10.5], "texture": "#0"},
				"down": {"uv": [12.875, 13.5, 12, 13.625], "texture": "#0"}
			}
		},
		{
			"from": [-11.19819, 15.54065, 9.2],
			"to": [-9.49819, 16.27565, 9.55],
			"rotation": {"angle": 45, "axis": "z", "origin": [-12.9, 17.65, 9.375]},
			"faces": {
				"north": {"uv": [12.5, 1.5, 13.375, 1.875], "texture": "#0"},
				"east": {"uv": [14, 6.5, 14.125, 6.875], "texture": "#0"},
				"south": {"uv": [12.5, 2.5, 13.375, 2.875], "texture": "#0"},
				"west": {"uv": [7, 14, 7.125, 14.375], "texture": "#0"},
				"up": {"uv": [14.375, 12.125, 13.5, 12], "texture": "#0"},
				"down": {"uv": [14.375, 12.5, 13.5, 12.625], "texture": "#0"}
			}
		},
		{
			"from": [-10.97565, 18.27681, 9.2],
			"to": [-10.51565, 18.70181, 9.55],
			"rotation": {"angle": -22.5, "axis": "z", "origin": [-12.9, 17.65, 9.375]},
			"faces": {
				"north": {"uv": [2, 14, 2.25, 14.25], "texture": "#0"},
				"east": {"uv": [9, 14, 9.125, 14.25], "texture": "#0"},
				"south": {"uv": [2.5, 14, 2.75, 14.25], "texture": "#0"},
				"west": {"uv": [9.5, 14, 9.625, 14.25], "texture": "#0"},
				"up": {"uv": [14.25, 9.625, 14, 9.5], "texture": "#0"},
				"down": {"uv": [10.25, 14, 10, 14.125], "texture": "#0"}
			}
		},
		{
			"from": [-5.935, 17.075, 9.025],
			"to": [-3.9, 18.275, 9.725],
			"rotation": {"angle": -22.5, "axis": "z", "origin": [-3.8, 17.45, 9.375]},
			"faces": {
				"north": {"uv": [9.5, 9.5, 10.5, 10.125], "texture": "#0"},
				"east": {"uv": [2, 13, 2.375, 13.625], "texture": "#0"},
				"south": {"uv": [4, 10, 5, 10.625], "texture": "#0"},
				"west": {"uv": [11.5, 13, 11.875, 13.625], "texture": "#0"},
				"up": {"uv": [13, 2.375, 12, 2], "texture": "#0"},
				"down": {"uv": [13, 5.5, 12, 5.875], "texture": "#0"}
			}
		},
		{
			"from": [-6.00181, 18.14065, 8.9],
			"to": [-4.80181, 20.97565, 9.85],
			"rotation": {"angle": 22.5, "axis": "z", "origin": [-5.4, 18.25, 9.375]},
			"faces": {
				"north": {"uv": [7.5, 6.5, 8.125, 7.875], "texture": "#0"},
				"east": {"uv": [5, 3, 5.5, 4.375], "texture": "#0"},
				"south": {"uv": [6, 8, 6.625, 9.375], "texture": "#0"},
				"west": {"uv": [9.5, 8, 10, 9.375], "texture": "#0"},
				"up": {"uv": [13.125, 4, 12.5, 3.5], "texture": "#0"},
				"down": {"uv": [4.625, 12.5, 4, 13], "texture": "#0"}
			}
		},
		{
			"from": [-7.08981, 20.20413, 9.025],
			"to": [-5.88981, 21.63913, 9.725],
			"rotation": {"angle": -22.5, "axis": "z", "origin": [-6.2, 20.15, 9.375]},
			"faces": {
				"north": {"uv": [11, 1.5, 11.625, 2.25], "texture": "#0"},
				"east": {"uv": [7.5, 12.5, 7.875, 13.25], "texture": "#0"},
				"south": {"uv": [2, 11, 2.625, 11.75], "texture": "#0"},
				"west": {"uv": [10, 12.5, 10.375, 13.25], "texture": "#0"},
				"up": {"uv": [13.625, 11.875, 13, 11.5], "texture": "#0"},
				"down": {"uv": [12.625, 13, 12, 13.375], "texture": "#0"}
			}
		},
		{
			"from": [-6.63058, 21.12047, 8.9],
			"to": [-1.03058, 23.65547, 9.85],
			"rotation": {"angle": 22.5, "axis": "z", "origin": [-6.2, 21.35, 9.375]},
			"faces": {
				"north": {"uv": [0, 0, 2.75, 1.25], "texture": "#0"},
				"east": {"uv": [4, 11, 4.375, 12.25], "texture": "#0"},
				"south": {"uv": [0, 1.5, 2.75, 2.75], "texture": "#0"},
				"west": {"uv": [4.5, 11, 4.875, 12.25], "texture": "#0"},
				"up": {"uv": [10.25, 3.875, 7.5, 3.5], "texture": "#0"},
				"down": {"uv": [10.25, 4, 7.5, 4.375], "texture": "#0"}
			}
		},
		{
			"from": [-3.21535, 23.08613, 8.925],
			"to": [1.18465, 25.82113, 9.825],
			"rotation": {"angle": 0, "axis": "z", "origin": [-1.2, 23.35, 9.375]},
			"faces": {
				"north": {"uv": [0, 3, 2.25, 4.375], "texture": "#0"},
				"east": {"uv": [7, 10.5, 7.375, 11.875], "texture": "#0"},
				"south": {"uv": [3, 0, 5.25, 1.375], "texture": "#0"},
				"west": {"uv": [10.5, 10.5, 10.875, 11.875], "texture": "#0"},
				"up": {"uv": [10.75, 1.875, 8.5, 1.5], "texture": "#0"},
				"down": {"uv": [10.75, 2, 8.5, 2.375], "texture": "#0"}
			}
		},
		{
			"from": [3.20965, 22.18613, 8.975],
			"to": [5.00965, 24.64613, 9.775],
			"rotation": {"angle": 0, "axis": "z", "origin": [1, 23.35, 9.375]},
			"faces": {
				"north": {"uv": [7.5, 2, 8.375, 3.25], "texture": "#0"},
				"east": {"uv": [5, 11, 5.375, 12.25], "texture": "#0"},
				"south": {"uv": [3, 7.5, 3.875, 8.75], "texture": "#0"},
				"west": {"uv": [5.5, 11, 5.875, 12.25], "texture": "#0"},
				"up": {"uv": [3.875, 12.875, 3, 12.5], "texture": "#0"},
				"down": {"uv": [13.375, 3, 12.5, 3.375], "texture": "#0"}
			}
		},
		{
			"from": [0.18465, 23.13613, 8.95],
			"to": [3.48465, 25.67113, 9.8],
			"rotation": {"angle": -22.5, "axis": "z", "origin": [1, 23.35, 9.375]},
			"faces": {
				"north": {"uv": [2, 6, 3.625, 7.25], "texture": "#0"},
				"east": {"uv": [6, 11, 6.375, 12.25], "texture": "#0"},
				"south": {"uv": [4, 6, 5.625, 7.25], "texture": "#0"},
				"west": {"uv": [6.5, 11, 6.875, 12.25], "texture": "#0"},
				"up": {"uv": [11.625, 5.875, 10, 5.5], "texture": "#0"},
				"down": {"uv": [11.625, 6, 10, 6.375], "texture": "#0"}
			}
		},
		{
			"from": [4.20965, 23.51113, 9],
			"to": [7.85965, 26.04613, 9.75],
			"rotation": {"angle": -22.5, "axis": "z", "origin": [1, 23.35, 9.375]},
			"faces": {
				"north": {"uv": [2, 4.5, 3.875, 5.75], "texture": "#0"},
				"east": {"uv": [7.5, 11, 7.875, 12.25], "texture": "#0"},
				"south": {"uv": [4, 4.5, 5.875, 5.75], "texture": "#0"},
				"west": {"uv": [11, 7.5, 11.375, 8.75], "texture": "#0"},
				"up": {"uv": [10.375, 2.875, 8.5, 2.5], "texture": "#0"},
				"down": {"uv": [10.375, 3, 8.5, 3.375], "texture": "#0"}
			}
		},
		{
			"from": [6.30965, 26.13613, 9.025],
			"to": [11.23465, 28.475, 9.725],
			"rotation": {"angle": -45, "axis": "z", "origin": [1, 23.35, 9.375]},
			"faces": {
				"north": {"uv": [3, 1.5, 5.5, 2.625], "texture": "#0"},
				"east": {"uv": [2.5, 12, 2.875, 13.125], "texture": "#0"},
				"south": {"uv": [2.5, 3, 5, 4.125], "texture": "#0"},
				"west": {"uv": [7, 12, 7.375, 13.125], "texture": "#0"},
				"up": {"uv": [10, 5.875, 7.5, 5.5], "texture": "#0"},
				"down": {"uv": [10, 6, 7.5, 6.375], "texture": "#0"}
			}
		},
		{
			"from": [10.16702, 17.30553, 9.05],
			"to": [12.28089, 19.28053, 9.7],
			"rotation": {"angle": 22.5, "axis": "z", "origin": [10.8, 18.35, 9.375]},
			"faces": {
				"north": {"uv": [4, 7.5, 5, 8.5], "texture": "#0"},
				"east": {"uv": [8, 12, 8.375, 13], "texture": "#0"},
				"south": {"uv": [7.5, 4.5, 8.5, 5.5], "texture": "#0"},
				"west": {"uv": [8.5, 12, 8.875, 13], "texture": "#0"},
				"up": {"uv": [13, 6.375, 12, 6], "texture": "#0"},
				"down": {"uv": [13, 9.5, 12, 9.875], "texture": "#0"}
			}
		},
		{
			"from": [10.26702, 16.80553, 9.075],
			"to": [12.15589, 17.33053, 9.675],
			"rotation": {"angle": 22.5, "axis": "z", "origin": [10.8, 18.35, 9.375]},
			"faces": {
				"north": {"uv": [9, 13, 10, 13.25], "texture": "#0"},
				"east": {"uv": [14, 2.5, 14.25, 2.75], "texture": "#0"},
				"south": {"uv": [13, 9.5, 14, 9.75], "texture": "#0"},
				"west": {"uv": [3, 14, 3.25, 14.25], "texture": "#0"},
				"up": {"uv": [11.5, 13.25, 10.5, 13], "texture": "#0"},
				"down": {"uv": [14, 11, 13, 11.25], "texture": "#0"}
			}
		},
		{
			"from": [10.36702, 14.98053, 9.1],
			"to": [11.98089, 16.83053, 9.65],
			"rotation": {"angle": 22.5, "axis": "z", "origin": [10.8, 18.35, 9.375]},
			"faces": {
				"north": {"uv": [8.5, 4.5, 9.25, 5.375], "texture": "#0"},
				"east": {"uv": [13, 12, 13.25, 12.875], "texture": "#0"},
				"south": {"uv": [9.5, 4.5, 10.25, 5.375], "texture": "#0"},
				"west": {"uv": [13, 13, 13.25, 13.875], "texture": "#0"},
				"up": {"uv": [0.75, 13.75, 0, 13.5], "texture": "#0"},
				"down": {"uv": [14.25, 0, 13.5, 0.25], "texture": "#0"}
			}
		},
		{
			"from": [11.96702, 15.50553, 9.1],
			"to": [12.08089, 16.83053, 9.65],
			"rotation": {"angle": 22.5, "axis": "z", "origin": [10.8, 18.35, 9.375]},
			"faces": {
				"north": {"uv": [1.5, 14, 1.625, 14.625], "texture": "#0"},
				"east": {"uv": [3.5, 13.5, 3.75, 14.125], "texture": "#0"},
				"south": {"uv": [14, 1.5, 14.125, 2.125], "texture": "#0"},
				"west": {"uv": [13.5, 3.5, 13.75, 4.125], "texture": "#0"},
				"up": {"uv": [10.625, 14.25, 10.5, 14], "texture": "#0"},
				"down": {"uv": [11.125, 14, 11, 14.25], "texture": "#0"}
			}
		},
		{
			"from": [11.73686, 14.9, 9.125],
			"to": [13.20073, 15.7, 9.625],
			"rotation": {"angle": 0, "axis": "x", "origin": [12.4, 15.35, 9.375]},
			"faces": {
				"north": {"uv": [13, 6, 13.75, 6.375], "texture": "#0"},
				"east": {"uv": [13.5, 13, 13.75, 13.375], "texture": "#0"},
				"south": {"uv": [8, 13, 8.75, 13.375], "texture": "#0"},
				"west": {"uv": [13.5, 13.5, 13.75, 13.875], "texture": "#0"},
				"up": {"uv": [14.25, 0.75, 13.5, 0.5], "texture": "#0"},
				"down": {"uv": [1.75, 13.5, 1, 13.75], "texture": "#0"}
			}
		},
		{
			"from": [10.51702, 13.73053, 9.15],
			"to": [11.73089, 14.75553, 9.6],
			"rotation": {"angle": 22.5, "axis": "z", "origin": [10.8, 18.35, 9.375]},
			"faces": {
				"north": {"uv": [12.5, 4, 13.125, 4.5], "texture": "#0"},
				"east": {"uv": [7, 13.5, 7.25, 14], "texture": "#0"},
				"south": {"uv": [12.5, 4.5, 13.125, 5], "texture": "#0"},
				"west": {"uv": [13.5, 7, 13.75, 7.5], "texture": "#0"},
				"up": {"uv": [4.625, 13.75, 4, 13.5], "texture": "#0"},
				"down": {"uv": [14.125, 4.5, 13.5, 4.75], "texture": "#0"}
			}
		},
		{
			"from": [12.31186, 13.65, 9.175],
			"to": [13.42573, 14.45, 9.575],
			"rotation": {"angle": 0, "axis": "y", "origin": [12.4, 15.35, 9.375]},
			"faces": {
				"north": {"uv": [13.5, 1, 14, 1.375], "texture": "#0"},
				"east": {"uv": [0, 14, 0.25, 14.375], "texture": "#0"},
				"south": {"uv": [13.5, 1.5, 14, 1.875], "texture": "#0"},
				"west": {"uv": [0.5, 14, 0.75, 14.375], "texture": "#0"},
				"up": {"uv": [8, 13.75, 7.5, 13.5], "texture": "#0"},
				"down": {"uv": [14, 7.5, 13.5, 7.75], "texture": "#0"}
			}
		},
		{
			"from": [12.36702, 13.13053, 9.2],
			"to": [13.35589, 13.65553, 9.55],
			"rotation": {"angle": 0, "axis": "z", "origin": [10.8, 18.35, 9.375]},
			"faces": {
				"north": {"uv": [8, 13.5, 8.5, 13.75], "texture": "#0"},
				"east": {"uv": [14, 11, 14.125, 11.25], "texture": "#0"},
				"south": {"uv": [13.5, 8, 14, 8.25], "texture": "#0"},
				"west": {"uv": [11.5, 14, 11.625, 14.25], "texture": "#0"},
				"up": {"uv": [14.5, 3.125, 14, 3], "texture": "#0"},
				"down": {"uv": [14.5, 3.5, 14, 3.625], "texture": "#0"}
			}
		},
		{
			"from": [12.44202, 12.50553, 9.225],
			"to": [13.28089, 13.13053, 9.525],
			"rotation": {"angle": 0, "axis": "y", "origin": [10.8, 18.35, 9.375]},
			"faces": {
				"north": {"uv": [5, 13.5, 5.375, 13.875], "texture": "#0"},
				"east": {"uv": [14, 7, 14.125, 7.375], "texture": "#0"},
				"south": {"uv": [13.5, 5, 13.875, 5.375], "texture": "#0"},
				"west": {"uv": [7.5, 14, 7.625, 14.375], "texture": "#0"},
				"up": {"uv": [14.375, 7.625, 14, 7.5], "texture": "#0"},
				"down": {"uv": [8.375, 14, 8, 14.125], "texture": "#0"}
			}
		},
		{
			"from": [12.51702, 11.88053, 9.275],
			"to": [13.08089, 12.50553, 9.475],
			"rotation": {"angle": 0, "axis": "y", "origin": [10.8, 18.35, 9.375]},
			"faces": {
				"north": {"uv": [1, 14, 1.25, 14.375], "texture": "#0"},
				"east": {"uv": [14, 8, 14.125, 8.375], "texture": "#0"},
				"south": {"uv": [14, 1, 14.25, 1.375], "texture": "#0"},
				"west": {"uv": [8.5, 14, 8.625, 14.375], "texture": "#0"},
				"up": {"uv": [14.25, 11.625, 14, 11.5], "texture": "#0"},
				"down": {"uv": [12.25, 14, 12, 14.125], "texture": "#0"}
			}
		},
		{
			"from": [13.06702, 12.18053, 9.275],
			"to": [13.18089, 12.50553, 9.475],
			"rotation": {"angle": 0, "axis": "y", "origin": [10.8, 18.35, 9.375]},
			"faces": {
				"north": {"uv": [0.5, 14.5, 0.625, 14.625], "texture": "#0"},
				"east": {"uv": [14.5, 0.5, 14.625, 0.625], "texture": "#0"},
				"south": {"uv": [1, 14.5, 1.125, 14.625], "texture": "#0"},
				"west": {"uv": [14.5, 1, 14.625, 1.125], "texture": "#0"},
				"up": {"uv": [14.625, 1.625, 14.5, 1.5], "texture": "#0"},
				"down": {"uv": [2.125, 14.5, 2, 14.625], "texture": "#0"}
			}
		},
		{
			"from": [12.59202, 11.38053, 9.3],
			"to": [13.00589, 11.90553, 9.45],
			"rotation": {"angle": 0, "axis": "y", "origin": [10.8, 18.35, 9.375]},
			"faces": {
				"north": {"uv": [4, 14, 4.25, 14.25], "texture": "#0"},
				"east": {"uv": [12.5, 14, 12.625, 14.25], "texture": "#0"},
				"south": {"uv": [14, 4, 14.25, 4.25], "texture": "#0"},
				"west": {"uv": [13, 14, 13.125, 14.25], "texture": "#0"},
				"up": {"uv": [14.25, 13.125, 14, 13], "texture": "#0"},
				"down": {"uv": [13.75, 14, 13.5, 14.125], "texture": "#0"}
			}
		},
		{
			"from": [12.64202, 10.85553, 9.325],
			"to": [12.88089, 11.38053, 9.425],
			"rotation": {"angle": 0, "axis": "y", "origin": [10.8, 18.35, 9.375]},
			"faces": {
				"north": {"uv": [14, 13.5, 14.125, 13.75], "texture": "#0"},
				"east": {"uv": [14, 14, 14.125, 14.25], "texture": "#0"},
				"south": {"uv": [0, 14.5, 0.125, 14.75], "texture": "#0"},
				"west": {"uv": [14.5, 0, 14.625, 0.25], "texture": "#0"},
				"up": {"uv": [14.625, 2.125, 14.5, 2], "texture": "#0"},
				"down": {"uv": [2.625, 14.5, 2.5, 14.625], "texture": "#0"}
			}
		},
		{
			"from": [-3.43043, 15.66598, 8.775],
			"to": [-1.93043, 17.96598, 9.975],
			"rotation": {"angle": 45, "axis": "z", "origin": [-3.275, 16.2, 8.875]},
			"faces": {
				"north": {"uv": [8.5, 8, 9.25, 9.125], "texture": "#0"},
				"east": {"uv": [5, 9.5, 5.625, 10.625], "texture": "#0"},
				"south": {"uv": [0, 9, 0.75, 10.125], "texture": "#0"},
				"west": {"uv": [6, 9.5, 6.625, 10.625], "texture": "#0"},
				"up": {"uv": [12.25, 4.125, 11.5, 3.5], "texture": "#0"},
				"down": {"uv": [12.25, 4.5, 11.5, 5.125], "texture": "#0"}
			}
		},
		{
			"from": [-1.36716, 6.44622, 8.775],
			"to": [0.15784, 7.89622, 9.975],
			"rotation": {"angle": 22.5, "axis": "z", "origin": [-0.275, 7.2, 8.875]},
			"faces": {
				"north": {"uv": [10, 8, 10.75, 8.75], "texture": "#0"},
				"east": {"uv": [0, 11.5, 0.625, 12.25], "texture": "#0"},
				"south": {"uv": [0, 10.5, 0.75, 11.25], "texture": "#0"},
				"west": {"uv": [1, 11.5, 1.625, 12.25], "texture": "#0"},
				"up": {"uv": [12.25, 3.125, 11.5, 2.5], "texture": "#0"},
				"down": {"uv": [3.75, 11.5, 3, 12.125], "texture": "#0"}
			}
		},
		{
			"from": [0.15784, 6.74622, 9.025],
			"to": [1.03284, 7.57122, 9.825],
			"rotation": {"angle": 22.5, "axis": "z", "origin": [-0.275, 7.2, 8.875]},
			"faces": {
				"north": {"uv": [2.5, 13.5, 3, 13.875], "texture": "#0"},
				"east": {"uv": [5.5, 13.5, 5.875, 13.875], "texture": "#0"},
				"south": {"uv": [13.5, 2.5, 14, 2.875], "texture": "#0"},
				"west": {"uv": [6, 13.5, 6.375, 13.875], "texture": "#0"},
				"up": {"uv": [3.5, 13.875, 3, 13.5], "texture": "#0"},
				"down": {"uv": [14, 3, 13.5, 3.375], "texture": "#0"}
			}
		},
		{
			"from": [-0.175, -3.9, 8.775],
			"to": [1.325, -1.6, 9.975],
			"rotation": {"angle": -22.5, "axis": "z", "origin": [-0.275, 0.2, 8.875]},
			"faces": {
				"north": {"uv": [4, 8.5, 4.75, 9.625], "texture": "#0"},
				"east": {"uv": [9.5, 0, 10.125, 1.125], "texture": "#0"},
				"south": {"uv": [8.5, 6.5, 9.25, 7.625], "texture": "#0"},
				"west": {"uv": [2, 9.5, 2.625, 10.625], "texture": "#0"},
				"up": {"uv": [8.75, 11.625, 8, 11], "texture": "#0"},
				"down": {"uv": [11.75, 10.5, 11, 11.125], "texture": "#0"}
			}
		},
		{
			"from": [-0.175, -7.9, 8.775],
			"to": [1.325, -5.6, 9.975],
			"rotation": {"angle": -22.5, "axis": "z", "origin": [-0.275, 0.2, 8.875]},
			"faces": {
				"north": {"uv": [1, 9, 1.75, 10.125], "texture": "#0"},
				"east": {"uv": [9.5, 6.5, 10.125, 7.625], "texture": "#0"},
				"south": {"uv": [3, 9, 3.75, 10.125], "texture": "#0"},
				"west": {"uv": [7.5, 9.5, 8.125, 10.625], "texture": "#0"},
				"up": {"uv": [12.25, 7.125, 11.5, 6.5], "texture": "#0"},
				"down": {"uv": [12.25, 7.5, 11.5, 8.125], "texture": "#0"}
			}
		},
		{
			"from": [-0.075, -9.9, 8.875],
			"to": [1.225, -3.6, 9.875],
			"rotation": {"angle": -22.5, "axis": "z", "origin": [-0.275, 0.2, 8.875]},
			"faces": {
				"north": {"uv": [6, 4.5, 6.625, 7.625], "texture": "#0"},
				"east": {"uv": [7, 3.5, 7.5, 6.625], "texture": "#0"},
				"south": {"uv": [6.5, 0, 7.125, 3.125], "texture": "#0"},
				"west": {"uv": [7, 7, 7.5, 10.125], "texture": "#0"},
				"up": {"uv": [5.625, 13, 5, 12.5], "texture": "#0"},
				"down": {"uv": [13.125, 5, 12.5, 5.5], "texture": "#0"}
			}
		},
		{
			"from": [-0.825, -2.1, 8.875],
			"to": [0.475, 6.2, 9.875],
			"rotation": {"angle": 0, "axis": "z", "origin": [-0.275, 0.2, 8.875]},
			"faces": {
				"north": {"uv": [0, 4.5, 0.625, 8.625], "texture": "#0"},
				"east": {"uv": [5.5, 0, 6, 4.125], "texture": "#0"},
				"south": {"uv": [1, 4.5, 1.625, 8.625], "texture": "#0"},
				"west": {"uv": [6, 0, 6.5, 4.125], "texture": "#0"},
				"up": {"uv": [6.625, 13, 6, 12.5], "texture": "#0"},
				"down": {"uv": [13.125, 6.5, 12.5, 7], "texture": "#0"}
			}
		},
		{
			"from": [1.412, 5.45, 8.875],
			"to": [2.712, 8.15, 9.875],
			"rotation": {"angle": 22.5, "axis": "z", "origin": [-0.275, 0.2, 8.875]},
			"faces": {
				"north": {"uv": [7.5, 8, 8.125, 9.375], "texture": "#0"},
				"east": {"uv": [8.5, 9.5, 9, 10.875], "texture": "#0"},
				"south": {"uv": [8.5, 0, 9.125, 1.375], "texture": "#0"},
				"west": {"uv": [9, 9.5, 9.5, 10.875], "texture": "#0"},
				"up": {"uv": [13.125, 7.5, 12.5, 7], "texture": "#0"},
				"down": {"uv": [13.125, 7.5, 12.5, 8], "texture": "#0"}
			}
		},
		{
			"from": [0.03284, 6.84178, 9.1],
			"to": [2.98284, 7.49178, 9.75],
			"rotation": {"angle": 22.5, "axis": "z", "origin": [-0.275, 7.2, 8.875]},
			"faces": {
				"north": {"uv": [10, 9, 11.5, 9.375], "texture": "#0"},
				"east": {"uv": [6.5, 13.5, 6.875, 13.875], "texture": "#0"},
				"south": {"uv": [10.5, 0, 12, 0.375], "texture": "#0"},
				"west": {"uv": [13.5, 6.5, 13.875, 6.875], "texture": "#0"},
				"up": {"uv": [12, 0.875, 10.5, 0.5], "texture": "#0"},
				"down": {"uv": [12, 1, 10.5, 1.375], "texture": "#0"}
			}
		},
		{
			"from": [4.27, 6.403, 8.875],
			"to": [5.525, 8.153, 9.875],
			"rotation": {"angle": 45, "axis": "z", "origin": [-0.275, 0.2, 8.875]},
			"faces": {
				"north": {"uv": [1, 10.5, 1.625, 11.375], "texture": "#0"},
				"east": {"uv": [6.5, 3.5, 7, 4.375], "texture": "#0"},
				"south": {"uv": [10.5, 2.5, 11.125, 3.375], "texture": "#0"},
				"west": {"uv": [11.5, 9.5, 12, 10.375], "texture": "#0"},
				"up": {"uv": [13.125, 8.5, 12.5, 8], "texture": "#0"},
				"down": {"uv": [13.125, 8.5, 12.5, 9], "texture": "#0"}
			}
		},
		{
			"from": [-2.718, 9.204, 8.875],
			"to": [-1.468, 10.954, 9.875],
			"rotation": {"angle": 22.5, "axis": "z", "origin": [-2.275, 9.2, 8.875]},
			"faces": {
				"north": {"uv": [3, 10.5, 3.625, 11.375], "texture": "#0"},
				"east": {"uv": [10, 11.5, 10.5, 12.375], "texture": "#0"},
				"south": {"uv": [10.5, 3.5, 11.125, 4.375], "texture": "#0"},
				"west": {"uv": [11, 11.5, 11.5, 12.375], "texture": "#0"},
				"up": {"uv": [9.625, 13, 9, 12.5], "texture": "#0"},
				"down": {"uv": [13.125, 9, 12.5, 9.5], "texture": "#0"}
			}
		},
		{
			"from": [-3.35673, 10.64222, 8.875],
			"to": [-2.10673, 12.39222, 9.875],
			"rotation": {"angle": 0, "axis": "y", "origin": [-2.825, 10.825, 8.875]},
			"faces": {
				"north": {"uv": [10.5, 4.5, 11.125, 5.375], "texture": "#0"},
				"east": {"uv": [11.5, 11.5, 12, 12.375], "texture": "#0"},
				"south": {"uv": [10.5, 6.5, 11.125, 7.375], "texture": "#0"},
				"west": {"uv": [12, 0, 12.5, 0.875], "texture": "#0"},
				"up": {"uv": [13.125, 10.5, 12.5, 10], "texture": "#0"},
				"down": {"uv": [13.125, 10.5, 12.5, 11], "texture": "#0"}
			}
		},
		{
			"from": [-3.288, 12.19222, 8.875],
			"to": [-2.038, 13.94222, 9.875],
			"rotation": {"angle": -22.5, "axis": "z", "origin": [-2.825, 12.45, 8.875]},
			"faces": {
				"north": {"uv": [9.5, 10.5, 10.125, 11.375], "texture": "#0"},
				"east": {"uv": [12, 1, 12.5, 1.875], "texture": "#0"},
				"south": {"uv": [10.5, 9.5, 11.125, 10.375], "texture": "#0"},
				"west": {"uv": [2, 12, 2.5, 12.875], "texture": "#0"},
				"up": {"uv": [11.625, 13, 11, 12.5], "texture": "#0"},
				"down": {"uv": [12.625, 12.5, 12, 13], "texture": "#0"}
			}
		},
		{
			"from": [-2.78506, 13.48878, 8.875],
			"to": [-1.53506, 14.56378, 9.875],
			"rotation": {"angle": -45, "axis": "z", "origin": [-2.125, 13.625, 8.875]},
			"faces": {
				"north": {"uv": [0, 13, 0.625, 13.5], "texture": "#0"},
				"east": {"uv": [10.5, 7.5, 11, 8], "texture": "#0"},
				"south": {"uv": [1, 13, 1.625, 13.5], "texture": "#0"},
				"west": {"uv": [9, 11, 9.5, 11.5], "texture": "#0"},
				"up": {"uv": [13.625, 2.5, 13, 2], "texture": "#0"},
				"down": {"uv": [3.625, 13, 3, 13.5], "texture": "#0"}
			}
		},
		{
			"from": [-0.775, 14, 8.875],
			"to": [0.525, 15.6, 9.875],
			"rotation": {"angle": 22.5, "axis": "z", "origin": [-0.275, 11.9, 8.875]},
			"faces": {
				"north": {"uv": [11.5, 8.5, 12.125, 9.25], "texture": "#0"},
				"east": {"uv": [12, 10, 12.5, 10.75], "texture": "#0"},
				"south": {"uv": [9, 11.5, 9.625, 12.25], "texture": "#0"},
				"west": {"uv": [10.5, 12, 11, 12.75], "texture": "#0"},
				"up": {"uv": [4.625, 13.5, 4, 13], "texture": "#0"},
				"down": {"uv": [5.625, 13, 5, 13.5], "texture": "#0"}
			}
		},
		{
			"from": [-2.25378, 15.36635, 8.875],
			"to": [-0.95378, 19.06635, 9.875],
			"rotation": {"angle": 45, "axis": "z", "origin": [-1.275, 15.5, 8.875]},
			"faces": {
				"north": {"uv": [7.5, 0, 8.125, 1.875], "texture": "#0"},
				"east": {"uv": [5, 7.5, 5.5, 9.375], "texture": "#0"},
				"south": {"uv": [2, 7.5, 2.625, 9.375], "texture": "#0"},
				"west": {"uv": [5.5, 7.5, 6, 9.375], "texture": "#0"},
				"up": {"uv": [13.625, 6, 13, 5.5], "texture": "#0"},
				"down": {"uv": [6.625, 13, 6, 13.5], "texture": "#0"}
			}
		}
	],
	"gui_light": "front",
	"display": {
		"thirdperson_righthand": {
			"rotation": [19.5, 90, 0],
			"translation": [-1, 5, -3.5],
			"scale": [0.85, 0.85, 0.85]
		},
		"thirdperson_lefthand": {
			"rotation": [19.5, -90, 0],
			"translation": [1.25, 5, -3.5],
			"scale": [0.85, 0.85, 0.85]
		},
		"firstperson_righthand": {
			"rotation": [39, 76.02, -72],
			"translation": [0.88, 2.7, -3.87],
			"scale": [0.68, 0.68, 0.68]
		},
		"firstperson_lefthand": {
			"rotation": [-127.17, -76, -93.34],
			"translation": [2.38, 2.7, -3.87],
			"scale": [0.68, 0.68, 0.68]
		},
		"ground": {
			"rotation": [0, 0, -34],
			"translation": [4.25, 6.25, -1],
			"scale": [0.91, 0.91, 0.91]
		},
		"gui": {
			"rotation": [0, 0, -45],
			"translation": [2.875, -5.3, 0],
			"scale": [0.73, 0.73, 0.73]
		},
		"head": {
			"rotation": [-74, 90, 0],
			"translation": [-2.25, -54.75, -11],
			"scale": [1.67, 1.67, 1.67]
		},
		"fixed": {
			"rotation": [-180, 0, 135],
			"translation": [-3, -4.75, -0.5],
			"scale": [0.67, 0.67, 0.67]
		}
	},
	"groups": [
		{
			"name": "group",
			"origin": [0.55, -15, 0.5],
			"color": 0,
			"children": [
				{
					"name": "blade",
					"origin": [0.5, 28.95, 0.35],
					"color": 0,
					"children": [
						{
							"name": "group",
							"origin": [-12.9, 17.65, 9.375],
							"color": 0,
							"children": [0, 1, 2, 3, 4, 5]
						},
						6,
						7,
						8,
						9,
						10,
						11,
						12,
						13,
						14,
						15,
						16,
						17,
						18,
						19,
						20,
						21,
						22,
						23,
						24,
						25,
						26,
						27
					]
				},
				{
					"name": "handle",
					"origin": [0.55, -15, 0.5],
					"color": 0,
					"children": [
						{
							"name": "Iron",
							"origin": [-0.275, 0.2, 8.875],
							"color": 0,
							"children": [28, 29, 30, 31, 32]
						},
						{
							"name": "wood",
							"origin": [-1.275, 15.5, 8.875],
							"color": 0,
							"children": [33, 34, 35, 36, 37, 38, 39, 40, 41, 42, 43]
						}
					]
				}
			]
		}
	]
}