{
	"credit": "Made with Blockbench",
	"texture_size": [32, 32],
	"textures": {
		"0": "xylo_rpg:item/weapons/hunter_knife",
		"particle": "xylo_rpg:item/weapons/hunter_knife"
	},
	"elements": [
		{
			"from": [6.525, 2.325, 9.025],
			"to": [7.825, 3.76, 9.725],
			"rotation": {"angle": 0, "axis": "y", "origin": [7.025, 12.575, 9.65]},
			"faces": {
				"north": {"uv": [2, 1, 2.625, 2.5], "texture": "#0"},
				"east": {"uv": [0, 7, 0.25, 8.5], "texture": "#0"},
				"south": {"uv": [2, 2.5, 2.625, 4], "texture": "#0"},
				"west": {"uv": [2.5, 7, 2.75, 8.5], "texture": "#0"},
				"up": {"uv": [9.625, 4.75, 9, 4.5], "texture": "#0"},
				"down": {"uv": [9.625, 5, 9, 5.25], "texture": "#0"}
			}
		},
		{
			"from": [6.9981, 2.86543, 9.075],
			"to": [7.6231, 4.42543, 9.675],
			"rotation": {"angle": -22.5, "axis": "z", "origin": [7.6731, 3.24043, 9.65]},
			"faces": {
				"north": {"uv": [6, 8, 6.25, 9.125], "texture": "#0"},
				"east": {"uv": [6.5, 8, 6.75, 9.125], "texture": "#0"},
				"south": {"uv": [8, 6.5, 8.25, 7.625], "texture": "#0"},
				"west": {"uv": [7.5, 8, 7.75, 9.125], "texture": "#0"},
				"up": {"uv": [8.75, 9.75, 8.5, 9.5], "texture": "#0"},
				"down": {"uv": [9.75, 8.5, 9.5, 8.75], "texture": "#0"}
			}
		},
		{
			"from": [7.50538, 4.35436, 9.175],
			"to": [8.08038, 10.46436, 9.575],
			"rotation": {"angle": 0, "axis": "y", "origin": [6.7, 17.355, 11.225]},
			"faces": {
				"north": {"uv": [8, 8, 8.25, 9.125], "texture": "#0"},
				"east": {"uv": [0, 8.5, 0.25, 9.625], "texture": "#0"},
				"south": {"uv": [0.5, 8.5, 0.75, 9.625], "texture": "#0"},
				"west": {"uv": [1, 8.5, 1.25, 9.625], "texture": "#0"},
				"up": {"uv": [9.25, 9.75, 9, 9.5], "texture": "#0"},
				"down": {"uv": [9.75, 9, 9.5, 9.25], "texture": "#0"}
			}
		},
		{
			"from": [6.25859, 2.25489, 9.125],
			"to": [7.00859, 4.06489, 9.625],
			"rotation": {"angle": 22.5, "axis": "z", "origin": [6.68359, 3.50489, 9.6]},
			"faces": {
				"north": {"uv": [0, 1, 0.5, 3], "texture": "#0"},
				"east": {"uv": [4, 3, 4.25, 5], "texture": "#0"},
				"south": {"uv": [0.5, 1, 1, 3], "texture": "#0"},
				"west": {"uv": [3.5, 4, 3.75, 6], "texture": "#0"},
				"up": {"uv": [9, 9.25, 8.5, 9], "texture": "#0"},
				"down": {"uv": [9.5, 9, 9, 9.25], "texture": "#0"}
			}
		},
		{
			"from": [6.075, 3.825, 9.225],
			"to": [6.775, 7.785, 9.525],
			"rotation": {"angle": 0, "axis": "y", "origin": [7.45, 12.575, 9.625]},
			"faces": {
				"north": {"uv": [1, 1, 1.5, 3], "texture": "#0"},
				"east": {"uv": [4.5, 3, 4.75, 5], "texture": "#0"},
				"south": {"uv": [1.5, 1, 2, 3], "texture": "#0"},
				"west": {"uv": [0, 5, 0.25, 7], "texture": "#0"},
				"up": {"uv": [10, 0.75, 9.5, 0.5], "texture": "#0"},
				"down": {"uv": [10, 1, 9.5, 1.25], "texture": "#0"}
			}
		},
		{
			"from": [6.23399, 7.5843, 9.225],
			"to": [6.88399, 8.7943, 9.525],
			"rotation": {"angle": -22.5, "axis": "z", "origin": [6.65899, 8.0843, 9.65]},
			"faces": {
				"north": {"uv": [3.5, 0, 4, 1.625], "texture": "#0"},
				"east": {"uv": [4.5, 5, 4.75, 6.625], "texture": "#0"},
				"south": {"uv": [3.5, 2, 4, 3.625], "texture": "#0"},
				"west": {"uv": [5.5, 0, 5.75, 1.625], "texture": "#0"},
				"up": {"uv": [2, 9.75, 1.5, 9.5], "texture": "#0"},
				"down": {"uv": [2.5, 9.5, 2, 9.75], "texture": "#0"}
			}
		},
		{
			"from": [6.53857, 8.65415, 9.225],
			"to": [7.13857, 11.16415, 9.525],
			"rotation": {"angle": 0, "axis": "y", "origin": [7.38857, 12.47915, 9.625]},
			"faces": {
				"north": {"uv": [0, 3, 0.5, 4.75], "texture": "#0"},
				"east": {"uv": [4, 5, 4.25, 6.75], "texture": "#0"},
				"south": {"uv": [3, 0, 3.5, 1.75], "texture": "#0"},
				"west": {"uv": [5, 4, 5.25, 5.75], "texture": "#0"},
				"up": {"uv": [10, 2.25, 9.5, 2], "texture": "#0"},
				"down": {"uv": [3, 9.5, 2.5, 9.75], "texture": "#0"}
			}
		},
		{
			"from": [8.5, 3.9, 9.3],
			"to": [8.9, 5.46, 9.45],
			"rotation": {"angle": -45, "axis": "z", "origin": [8.625, 6.8, 9.65]},
			"faces": {
				"north": {"uv": [9.5, 10, 9.75, 10.75], "texture": "#0"},
				"east": {"uv": [10.5, 1, 10.625, 1.75], "texture": "#0"},
				"south": {"uv": [10, 9.5, 10.25, 10.25], "texture": "#0"},
				"west": {"uv": [1.5, 10.5, 1.625, 11.25], "texture": "#0"},
				"up": {"uv": [10.75, 9.125, 10.5, 9], "texture": "#0"},
				"down": {"uv": [10.75, 9.5, 10.5, 9.625], "texture": "#0"}
			}
		},
		{
			"from": [7.075, 5.3, 9.3],
			"to": [7.475, 6.81, 9.45],
			"rotation": {"angle": -45, "axis": "z", "origin": [8.625, 6.8, 9.65]},
			"faces": {
				"north": {"uv": [0, 10.5, 0.25, 11.25], "texture": "#0"},
				"east": {"uv": [2, 10.5, 2.125, 11.25], "texture": "#0"},
				"south": {"uv": [10.5, 0, 10.75, 0.75], "texture": "#0"},
				"west": {"uv": [10.5, 2, 10.625, 2.75], "texture": "#0"},
				"up": {"uv": [10.25, 10.625, 10, 10.5], "texture": "#0"},
				"down": {"uv": [10.75, 10, 10.5, 10.125], "texture": "#0"}
			}
		},
		{
			"from": [5.6, 7.275, 9.3],
			"to": [6, 8.31, 9.45],
			"rotation": {"angle": -45, "axis": "z", "origin": [8.625, 6.8, 9.625]},
			"faces": {
				"north": {"uv": [0.5, 10.5, 0.75, 11], "texture": "#0"},
				"east": {"uv": [2.5, 10.5, 2.625, 11], "texture": "#0"},
				"south": {"uv": [1, 10.5, 1.25, 11], "texture": "#0"},
				"west": {"uv": [3, 10.5, 3.125, 11], "texture": "#0"},
				"up": {"uv": [10.75, 10.625, 10.5, 10.5], "texture": "#0"},
				"down": {"uv": [11.25, 0, 11, 0.125], "texture": "#0"}
			}
		},
		{
			"from": [6.58857, 11.16415, 9.225],
			"to": [7.13857, 11.64915, 9.525],
			"rotation": {"angle": 0, "axis": "z", "origin": [6.83857, 11.48915, 9.7]},
			"faces": {
				"north": {"uv": [10.5, 3, 10.75, 3.25], "texture": "#0"},
				"east": {"uv": [0.5, 11, 0.625, 11.25], "texture": "#0"},
				"south": {"uv": [3.5, 10.5, 3.75, 10.75], "texture": "#0"},
				"west": {"uv": [11, 0.5, 11.125, 0.75], "texture": "#0"},
				"up": {"uv": [1.25, 11.125, 1, 11], "texture": "#0"},
				"down": {"uv": [11.25, 1, 11, 1.125], "texture": "#0"}
			}
		},
		{
			"from": [6.63857, 11.64915, 9.225],
			"to": [7.13857, 12.08415, 9.525],
			"rotation": {"angle": 0, "axis": "y", "origin": [6.83857, 11.49915, 9.7]},
			"faces": {
				"north": {"uv": [10.5, 3.5, 10.75, 3.75], "texture": "#0"},
				"east": {"uv": [11, 1.5, 11.125, 1.75], "texture": "#0"},
				"south": {"uv": [4, 10.5, 4.25, 10.75], "texture": "#0"},
				"west": {"uv": [11, 2, 11.125, 2.25], "texture": "#0"},
				"up": {"uv": [2.75, 11.125, 2.5, 11], "texture": "#0"},
				"down": {"uv": [11.25, 2.5, 11, 2.625], "texture": "#0"}
			}
		},
		{
			"from": [6.68602, 12.08415, 9.225],
			"to": [7.13602, 12.52415, 9.525],
			"rotation": {"angle": 0, "axis": "y", "origin": [6.83602, 11.50915, 9.7]},
			"faces": {
				"north": {"uv": [10.5, 4, 10.75, 4.25], "texture": "#0"},
				"east": {"uv": [3, 11, 3.125, 11.25], "texture": "#0"},
				"south": {"uv": [4.5, 10.5, 4.75, 10.75], "texture": "#0"},
				"west": {"uv": [11, 3, 11.125, 3.25], "texture": "#0"},
				"up": {"uv": [3.75, 11.125, 3.5, 11], "texture": "#0"},
				"down": {"uv": [11.25, 3.5, 11, 3.625], "texture": "#0"}
			}
		},
		{
			"from": [7.68981, 11.77079, 9.225],
			"to": [8.00981, 12.09079, 9.525],
			"rotation": {"angle": 45, "axis": "z", "origin": [6.66481, 11.09579, 9.7]},
			"faces": {
				"north": {"uv": [5, 11, 5.125, 11.125], "texture": "#0"},
				"east": {"uv": [11, 5, 11.125, 5.125], "texture": "#0"},
				"south": {"uv": [5.5, 11, 5.625, 11.125], "texture": "#0"},
				"west": {"uv": [11, 5.5, 11.125, 5.625], "texture": "#0"},
				"up": {"uv": [6.125, 11.125, 6, 11], "texture": "#0"},
				"down": {"uv": [11.125, 6, 11, 6.125], "texture": "#0"}
			}
		},
		{
			"from": [7.50538, 10.46436, 9.175],
			"to": [8.03038, 10.94936, 9.575],
			"rotation": {"angle": 0, "axis": "y", "origin": [7.95538, 10.38936, 9.7]},
			"faces": {
				"north": {"uv": [10.5, 4.5, 10.75, 4.75], "texture": "#0"},
				"east": {"uv": [5, 10.5, 5.25, 10.75], "texture": "#0"},
				"south": {"uv": [10.5, 5, 10.75, 5.25], "texture": "#0"},
				"west": {"uv": [5.5, 10.5, 5.75, 10.75], "texture": "#0"},
				"up": {"uv": [10.75, 5.75, 10.5, 5.5], "texture": "#0"},
				"down": {"uv": [6.25, 10.5, 6, 10.75], "texture": "#0"}
			}
		},
		{
			"from": [7.50538, 10.94936, 9.175],
			"to": [7.98038, 11.38436, 9.575],
			"rotation": {"angle": 0, "axis": "y", "origin": [7.95538, 10.39936, 9.7]},
			"faces": {
				"north": {"uv": [10.5, 6, 10.75, 6.25], "texture": "#0"},
				"east": {"uv": [6.5, 10.5, 6.75, 10.75], "texture": "#0"},
				"south": {"uv": [10.5, 6.5, 10.75, 6.75], "texture": "#0"},
				"west": {"uv": [7, 10.5, 7.25, 10.75], "texture": "#0"},
				"up": {"uv": [10.75, 7.25, 10.5, 7], "texture": "#0"},
				"down": {"uv": [7.75, 10.5, 7.5, 10.75], "texture": "#0"}
			}
		},
		{
			"from": [7.50538, 11.38436, 9.175],
			"to": [7.93038, 11.82436, 9.575],
			"rotation": {"angle": 0, "axis": "y", "origin": [7.95538, 10.40936, 9.7]},
			"faces": {
				"north": {"uv": [10.5, 7.5, 10.75, 7.75], "texture": "#0"},
				"east": {"uv": [8, 10.5, 8.25, 10.75], "texture": "#0"},
				"south": {"uv": [10.5, 8, 10.75, 8.25], "texture": "#0"},
				"west": {"uv": [8.5, 10.5, 8.75, 10.75], "texture": "#0"},
				"up": {"uv": [10.75, 8.75, 10.5, 8.5], "texture": "#0"},
				"down": {"uv": [9.25, 10.5, 9, 10.75], "texture": "#0"}
			}
		},
		{
			"from": [6.64074, 11.08515, 9.175],
			"to": [6.94074, 11.38515, 9.575],
			"rotation": {"angle": -45, "axis": "z", "origin": [7.96574, 10.41015, 9.7]},
			"faces": {
				"north": {"uv": [6.5, 11, 6.625, 11.125], "texture": "#0"},
				"east": {"uv": [4, 11, 4.25, 11.125], "texture": "#0"},
				"south": {"uv": [11, 6.5, 11.125, 6.625], "texture": "#0"},
				"west": {"uv": [11, 4, 11.25, 4.125], "texture": "#0"},
				"up": {"uv": [4.625, 11.25, 4.5, 11], "texture": "#0"},
				"down": {"uv": [11.125, 4.5, 11, 4.75], "texture": "#0"}
			}
		},
		{
			"from": [5.8, 2.275, 8.775],
			"to": [8.3, 2.975, 9.975],
			"rotation": {"angle": 22.5, "axis": "z", "origin": [7.15, 2.925, 9.375]},
			"faces": {
				"north": {"uv": [5, 2, 6.25, 2.375], "texture": "#0"},
				"east": {"uv": [8, 5, 8.625, 5.375], "texture": "#0"},
				"south": {"uv": [5, 2.5, 6.25, 2.875], "texture": "#0"},
				"west": {"uv": [8.5, 0.5, 9.125, 0.875], "texture": "#0"},
				"up": {"uv": [5.25, 0.625, 4, 0], "texture": "#0"},
				"down": {"uv": [5.25, 1, 4, 1.625], "texture": "#0"}
			}
		},
		{
			"from": [5.3, 2.375, 8.9],
			"to": [5.8, 2.875, 9.85],
			"rotation": {"angle": 22.5, "axis": "z", "origin": [7.15, 2.925, 9.375]},
			"faces": {
				"north": {"uv": [9.5, 9.5, 9.75, 9.75], "texture": "#0"},
				"east": {"uv": [9.5, 2.5, 10, 2.75], "texture": "#0"},
				"south": {"uv": [0, 10, 0.25, 10.25], "texture": "#0"},
				"west": {"uv": [3, 9.5, 3.5, 9.75], "texture": "#0"},
				"up": {"uv": [9.75, 3.5, 9.5, 3], "texture": "#0"},
				"down": {"uv": [3.75, 9.5, 3.5, 10], "texture": "#0"}
			}
		},
		{
			"from": [4.8, 2.475, 9],
			"to": [5.3, 2.875, 9.75],
			"rotation": {"angle": 22.5, "axis": "z", "origin": [7.15, 2.925, 9.375]},
			"faces": {
				"north": {"uv": [10, 0, 10.25, 0.25], "texture": "#0"},
				"east": {"uv": [5, 9.5, 5.375, 9.75], "texture": "#0"},
				"south": {"uv": [0.5, 10, 0.75, 10.25], "texture": "#0"},
				"west": {"uv": [9.5, 5.5, 9.875, 5.75], "texture": "#0"},
				"up": {"uv": [6.25, 9.875, 6, 9.5], "texture": "#0"},
				"down": {"uv": [6.75, 9.5, 6.5, 9.875], "texture": "#0"}
			}
		},
		{
			"from": [8.3, 2.375, 8.9],
			"to": [8.8, 2.875, 9.85],
			"rotation": {"angle": 22.5, "axis": "z", "origin": [7.15, 2.925, 9.375]},
			"faces": {
				"north": {"uv": [10, 0.5, 10.25, 0.75], "texture": "#0"},
				"east": {"uv": [9.5, 3.5, 10, 3.75], "texture": "#0"},
				"south": {"uv": [1, 10, 1.25, 10.25], "texture": "#0"},
				"west": {"uv": [4, 9.5, 4.5, 9.75], "texture": "#0"},
				"up": {"uv": [9.75, 4.5, 9.5, 4], "texture": "#0"},
				"down": {"uv": [4.75, 9.5, 4.5, 10], "texture": "#0"}
			}
		},
		{
			"from": [8.8, 2.475, 9],
			"to": [9.3, 2.875, 9.75],
			"rotation": {"angle": 22.5, "axis": "z", "origin": [7.15, 2.925, 9.375]},
			"faces": {
				"north": {"uv": [10, 1, 10.25, 1.25], "texture": "#0"},
				"east": {"uv": [9.5, 6.5, 9.875, 6.75], "texture": "#0"},
				"south": {"uv": [1.5, 10, 1.75, 10.25], "texture": "#0"},
				"west": {"uv": [7, 9.5, 7.375, 9.75], "texture": "#0"},
				"up": {"uv": [9.75, 7.375, 9.5, 7], "texture": "#0"},
				"down": {"uv": [7.75, 9.5, 7.5, 9.875], "texture": "#0"}
			}
		},
		{
			"from": [4.125, 2.575, 9.25],
			"to": [9.9, 3.275, 9.525],
			"rotation": {"angle": 22.5, "axis": "z", "origin": [7.15, 2.925, 9.375]},
			"faces": {
				"north": {"uv": [0, 0, 2.875, 0.375], "texture": "#0"},
				"east": {"uv": [8.5, 10, 8.625, 10.375], "texture": "#0"},
				"south": {"uv": [0, 0.5, 2.875, 0.875], "texture": "#0"},
				"west": {"uv": [10, 8.5, 10.125, 8.875], "texture": "#0"},
				"up": {"uv": [6.375, 7.125, 3.5, 7], "texture": "#0"},
				"down": {"uv": [9.875, 6, 7, 6.125], "texture": "#0"}
			}
		},
		{
			"from": [6.35, 1.825, 8.8],
			"to": [8.025, 2.6, 9.95],
			"rotation": {"angle": 0, "axis": "z", "origin": [6.475, 6.625, 8.875]},
			"faces": {
				"north": {"uv": [6.5, 7, 7.375, 7.375], "texture": "#0"},
				"east": {"uv": [8.5, 1, 9.125, 1.375], "texture": "#0"},
				"south": {"uv": [7, 6.5, 7.875, 6.875], "texture": "#0"},
				"west": {"uv": [8.5, 2, 9.125, 2.375], "texture": "#0"},
				"up": {"uv": [2.875, 4.625, 2, 4], "texture": "#0"},
				"down": {"uv": [4.875, 2, 4, 2.625], "texture": "#0"}
			}
		},
		{
			"from": [6.575, -4.6, 9.125],
			"to": [7.075, 2.2, 9.625],
			"rotation": {"angle": 0, "axis": "y", "origin": [6.325, 6.6, 8.875]},
			"faces": {
				"north": {"uv": [0.5, 3, 0.75, 6.375], "texture": "#0"},
				"east": {"uv": [1, 3, 1.25, 6.375], "texture": "#0"},
				"south": {"uv": [1.5, 3, 1.75, 6.375], "texture": "#0"},
				"west": {"uv": [3, 2, 3.25, 5.375], "texture": "#0"},
				"up": {"uv": [10.25, 1.75, 10, 1.5], "texture": "#0"},
				"down": {"uv": [2.25, 10, 2, 10.25], "texture": "#0"}
			}
		},
		{
			"from": [8.3, 2.05, 8.85],
			"to": [9.6, 3.075, 9.9],
			"rotation": {"angle": -22.5, "axis": "z", "origin": [6.475, 6.625, 8.875]},
			"faces": {
				"north": {"uv": [0.5, 7.5, 1.125, 8], "texture": "#0"},
				"east": {"uv": [3, 5.5, 3.5, 6], "texture": "#0"},
				"south": {"uv": [7.5, 2, 8.125, 2.5], "texture": "#0"},
				"west": {"uv": [1.5, 6.5, 2, 7], "texture": "#0"},
				"up": {"uv": [8.125, 3, 7.5, 2.5], "texture": "#0"},
				"down": {"uv": [8.125, 3, 7.5, 3.5], "texture": "#0"}
			}
		},
		{
			"from": [6.51158, 0.7194, 8.975],
			"to": [7.86158, 1.6694, 9.775],
			"rotation": {"angle": 22.5, "axis": "z", "origin": [6.475, 1.625, 8.875]},
			"faces": {
				"north": {"uv": [3.5, 7.5, 4.125, 8], "texture": "#0"},
				"east": {"uv": [3.5, 8.5, 3.875, 9], "texture": "#0"},
				"south": {"uv": [7.5, 3.5, 8.125, 4], "texture": "#0"},
				"west": {"uv": [5.5, 8.5, 5.875, 9], "texture": "#0"},
				"up": {"uv": [3.125, 8.875, 2.5, 8.5], "texture": "#0"},
				"down": {"uv": [9.125, 2.5, 8.5, 2.875], "texture": "#0"}
			}
		},
		{
			"from": [4.425, -0.2, 8.875],
			"to": [5.725, 1.25, 9.875],
			"rotation": {"angle": 22.5, "axis": "z", "origin": [6.325, 6.6, 8.875]},
			"faces": {
				"north": {"uv": [2, 5, 2.625, 5.75], "texture": "#0"},
				"east": {"uv": [3, 7, 3.5, 7.75], "texture": "#0"},
				"south": {"uv": [5, 3, 5.625, 3.75], "texture": "#0"},
				"west": {"uv": [7, 3, 7.5, 3.75], "texture": "#0"},
				"up": {"uv": [8.125, 4.5, 7.5, 4], "texture": "#0"},
				"down": {"uv": [5.125, 7.5, 4.5, 8], "texture": "#0"}
			}
		},
		{
			"from": [4.625, 0.1, 8.775],
			"to": [5.825, 0.95, 9.975],
			"rotation": {"angle": 22.5, "axis": "z", "origin": [6.325, 6.6, 8.875]},
			"faces": {
				"north": {"uv": [8.5, 3, 9.125, 3.375], "texture": "#0"},
				"east": {"uv": [8.5, 3.5, 9.125, 3.875], "texture": "#0"},
				"south": {"uv": [8.5, 4, 9.125, 4.375], "texture": "#0"},
				"west": {"uv": [4.5, 8.5, 5.125, 8.875], "texture": "#0"},
				"up": {"uv": [6.125, 4.625, 5.5, 4], "texture": "#0"},
				"down": {"uv": [6.125, 5, 5.5, 5.625], "texture": "#0"}
			}
		},
		{
			"from": [6.39645, -1.03717, 8.85],
			"to": [7.69645, 0.31283, 9.9],
			"rotation": {"angle": -45, "axis": "z", "origin": [6.9, -1, 8.875]},
			"faces": {
				"north": {"uv": [6, 0, 6.625, 0.625], "texture": "#0"},
				"east": {"uv": [7.5, 4.5, 8, 5.125], "texture": "#0"},
				"south": {"uv": [6, 1, 6.625, 1.625], "texture": "#0"},
				"west": {"uv": [5.5, 7.5, 6, 8.125], "texture": "#0"},
				"up": {"uv": [8.125, 6, 7.5, 5.5], "texture": "#0"},
				"down": {"uv": [6.625, 7.5, 6, 8], "texture": "#0"}
			}
		},
		{
			"from": [7.7024, -0.54117, 9.075],
			"to": [8.1774, -0.09117, 9.675],
			"rotation": {"angle": 22.5, "axis": "z", "origin": [7.9, -0.2, 8.875]},
			"faces": {
				"north": {"uv": [10, 2, 10.25, 2.25], "texture": "#0"},
				"east": {"uv": [2.5, 10, 2.75, 10.25], "texture": "#0"},
				"south": {"uv": [10, 2.5, 10.25, 2.75], "texture": "#0"},
				"west": {"uv": [3, 10, 3.25, 10.25], "texture": "#0"},
				"up": {"uv": [10.25, 3.25, 10, 3], "texture": "#0"},
				"down": {"uv": [3.75, 10, 3.5, 10.25], "texture": "#0"}
			}
		},
		{
			"from": [7.19471, -1.12368, 8.775],
			"to": [8.39471, -0.27368, 9.975],
			"rotation": {"angle": 0, "axis": "z", "origin": [7.7, -0.575, 9.3]},
			"faces": {
				"north": {"uv": [8.5, 5.5, 9.125, 5.875], "texture": "#0"},
				"east": {"uv": [8.5, 6.5, 9.125, 6.875], "texture": "#0"},
				"south": {"uv": [8.5, 7, 9.125, 7.375], "texture": "#0"},
				"west": {"uv": [8.5, 7.5, 9.125, 7.875], "texture": "#0"},
				"up": {"uv": [2.625, 6.625, 2, 6], "texture": "#0"},
				"down": {"uv": [3.625, 6, 3, 6.625], "texture": "#0"}
			}
		},
		{
			"from": [6.73935, -2.28007, 8.875],
			"to": [8.03935, -0.93007, 9.875],
			"rotation": {"angle": -22.5, "axis": "z", "origin": [6.925, -2, 8.875]},
			"faces": {
				"north": {"uv": [6, 3, 6.625, 3.625], "texture": "#0"},
				"east": {"uv": [7, 7.5, 7.5, 8.125], "texture": "#0"},
				"south": {"uv": [5, 6, 5.625, 6.625], "texture": "#0"},
				"west": {"uv": [7.5, 7, 8, 7.625], "texture": "#0"},
				"up": {"uv": [8.625, 0.5, 8, 0], "texture": "#0"},
				"down": {"uv": [1.125, 8, 0.5, 8.5], "texture": "#0"}
			}
		},
		{
			"from": [7.74836, -1.43632, 9.075],
			"to": [8.22336, -0.98632, 9.675],
			"rotation": {"angle": 0, "axis": "z", "origin": [8.025, -1.15, 8.875]},
			"faces": {
				"north": {"uv": [10, 3.5, 10.25, 3.75], "texture": "#0"},
				"east": {"uv": [4, 10, 4.25, 10.25], "texture": "#0"},
				"south": {"uv": [10, 4, 10.25, 4.25], "texture": "#0"},
				"west": {"uv": [4.5, 10, 4.75, 10.25], "texture": "#0"},
				"up": {"uv": [10.25, 4.75, 10, 4.5], "texture": "#0"},
				"down": {"uv": [5.25, 10, 5, 10.25], "texture": "#0"}
			}
		},
		{
			"from": [7.11971, -2.24868, 8.775],
			"to": [8.31971, -1.39868, 9.975],
			"rotation": {"angle": -22.5, "axis": "z", "origin": [7.625, -1.75, 9.3]},
			"faces": {
				"north": {"uv": [8.5, 8, 9.125, 8.375], "texture": "#0"},
				"east": {"uv": [8.5, 8.5, 9.125, 8.875], "texture": "#0"},
				"south": {"uv": [9, 0, 9.625, 0.375], "texture": "#0"},
				"west": {"uv": [1.5, 9, 2.125, 9.375], "texture": "#0"},
				"up": {"uv": [6.625, 6.625, 6, 6], "texture": "#0"},
				"down": {"uv": [1.125, 6.5, 0.5, 7.125], "texture": "#0"}
			}
		},
		{
			"from": [6.21435, -3.68007, 8.85],
			"to": [7.51435, -2.33007, 9.9],
			"rotation": {"angle": 22.5, "axis": "z", "origin": [6.925, -2, 8.875]},
			"faces": {
				"north": {"uv": [6.5, 2, 7.125, 2.625], "texture": "#0"},
				"east": {"uv": [8, 0.5, 8.5, 1.125], "texture": "#0"},
				"south": {"uv": [6.5, 4, 7.125, 4.625], "texture": "#0"},
				"west": {"uv": [1.5, 8, 2, 8.625], "texture": "#0"},
				"up": {"uv": [8.625, 2, 8, 1.5], "texture": "#0"},
				"down": {"uv": [3.625, 8, 3, 8.5], "texture": "#0"}
			}
		},
		{
			"from": [7.68868, -2.54836, 9.075],
			"to": [8.13868, -2.07336, 9.675],
			"rotation": {"angle": 45, "axis": "z", "origin": [7.95, -2.575, 8.875]},
			"faces": {
				"north": {"uv": [10, 5, 10.25, 5.25], "texture": "#0"},
				"east": {"uv": [5.5, 10, 5.75, 10.25], "texture": "#0"},
				"south": {"uv": [10, 5.5, 10.25, 5.75], "texture": "#0"},
				"west": {"uv": [6, 10, 6.25, 10.25], "texture": "#0"},
				"up": {"uv": [10.25, 6.25, 10, 6], "texture": "#0"},
				"down": {"uv": [6.75, 10, 6.5, 10.25], "texture": "#0"}
			}
		},
		{
			"from": [6.91971, -3.54868, 8.775],
			"to": [8.11971, -2.69868, 9.975],
			"rotation": {"angle": 0, "axis": "y", "origin": [7.625, -0.575, 9.3]},
			"faces": {
				"north": {"uv": [9, 1.5, 9.625, 1.875], "texture": "#0"},
				"east": {"uv": [2.5, 9, 3.125, 9.375], "texture": "#0"},
				"south": {"uv": [3.5, 9, 4.125, 9.375], "texture": "#0"},
				"west": {"uv": [4.5, 9, 5.125, 9.375], "texture": "#0"},
				"up": {"uv": [7.125, 5.625, 6.5, 5], "texture": "#0"},
				"down": {"uv": [7.625, 0, 7, 0.625], "texture": "#0"}
			}
		},
		{
			"from": [6.76368, -3.17336, 9.075],
			"to": [7.21368, -2.69836, 9.675],
			"rotation": {"angle": 45, "axis": "z", "origin": [7.95, -2.575, 8.875]},
			"faces": {
				"north": {"uv": [10, 6.5, 10.25, 6.75], "texture": "#0"},
				"east": {"uv": [7, 10, 7.25, 10.25], "texture": "#0"},
				"south": {"uv": [10, 7, 10.25, 7.25], "texture": "#0"},
				"west": {"uv": [7.5, 10, 7.75, 10.25], "texture": "#0"},
				"up": {"uv": [10.25, 7.75, 10, 7.5], "texture": "#0"},
				"down": {"uv": [10.25, 8, 10, 8.25], "texture": "#0"}
			}
		},
		{
			"from": [7.53935, -4.10507, 8.875],
			"to": [8.83935, -2.75507, 9.875],
			"rotation": {"angle": -45, "axis": "z", "origin": [6.825, -2, 8.875]},
			"faces": {
				"north": {"uv": [7, 1, 7.625, 1.625], "texture": "#0"},
				"east": {"uv": [2, 8, 2.5, 8.625], "texture": "#0"},
				"south": {"uv": [1.5, 7, 2.125, 7.625], "texture": "#0"},
				"west": {"uv": [4, 8, 4.5, 8.625], "texture": "#0"},
				"up": {"uv": [5.125, 8.5, 4.5, 8], "texture": "#0"},
				"down": {"uv": [8.625, 4.5, 8, 5], "texture": "#0"}
			}
		}
	],
	"gui_light": "front",
	"display": {
		"thirdperson_righthand": {
			"rotation": [123.75, 90, 58.5],
			"translation": [-1.25, -9.25, 2],
			"scale": [0.86, 0.86, 0.86]
		},
		"thirdperson_lefthand": {
			"rotation": [-123.75, -90, 58.5],
			"translation": [1.25, -9.25, 2.75],
			"scale": [0.86, 0.86, 0.86]
		},
		"firstperson_righthand": {
			"rotation": [6.57, 84.35, 156],
			"translation": [0.5, -13, 4.25],
			"scale": [1.21, 1.21, 1.21]
		},
		"firstperson_lefthand": {
			"rotation": [6.57, -88.5, -156],
			"translation": [5, -13, 4.25],
			"scale": [1.21, 1.21, 1.21]
		},
		"ground": {
			"rotation": [0, 0, 180],
			"translation": [-0.5, 1.25, -0.5],
			"scale": [0.6, 0.6, 0.6]
		},
		"gui": {
			"rotation": [0, 0, 136],
			"translation": [-4.875, -3.05, 0],
			"scale": [1.27, 1.27, 1.27]
		},
		"head": {
			"rotation": [-90, -90, 0],
			"translation": [2.25, -43.25, -8.25],
			"scale": [1.57, 1.57, 1.57]
		},
		"fixed": {
			"rotation": [-180, 0, -45],
			"translation": [4.75, -2.75, 1],
			"scale": [1.35, 1.35, 1.35]
		}
	},
	"groups": [
		{
			"name": "group",
			"origin": [0.55, -15, 0.5],
			"color": 0,
			"children": [
				{
					"name": "blade",
					"origin": [0.5, 28.95, 0.35],
					"color": 0,
					"children": [0, 1, 2, 3, 4, 5, 6, 7, 8, 9, 10, 11, 12, 13, 14, 15, 16, 17]
				},
				{
					"name": "guard",
					"origin": [0.5, -2.4, -1.75],
					"color": 0,
					"children": [18, 19, 20, 21, 22, 23]
				},
				{
					"name": "handle",
					"origin": [0.55, -15, 0.5],
					"color": 0,
					"children": [24, 25, 26, 27, 28, 29, 30, 31, 32, 33, 34, 35, 36, 37, 38, 39, 40]
				}
			]
		}
	]
}