{
	"credit": "Made with Blockbench",
	"texture_size": [32, 32],
	"textures": {
		"0": "xylo_rpg:item/weapons/hunter_spear",
		"particle": "xylo_rpg:item/weapons/hunter_spear"
	},
	"elements": [
		{
			"from": [6.2, 20.5, 9.025],
			"to": [7.4, 24.535, 9.725],
			"rotation": {"angle": 0, "axis": "y", "origin": [7.2, 13.95, 9.375]},
			"faces": {
				"north": {"uv": [3, 5.5, 3.625, 7.5], "texture": "#0"},
				"east": {"uv": [4, 9, 4.375, 11], "texture": "#0"},
				"south": {"uv": [4, 5.5, 4.625, 7.5], "texture": "#0"},
				"west": {"uv": [4.5, 9, 4.875, 11], "texture": "#0"},
				"up": {"uv": [14.125, 12.375, 13.5, 12], "texture": "#0"},
				"down": {"uv": [13.125, 13.5, 12.5, 13.875], "texture": "#0"}
			}
		},
		{
			"from": [6.8, 23.97, 8.875],
			"to": [8.58, 25.75, 9.875],
			"rotation": {"angle": -45, "axis": "z", "origin": [6.8, 25.75, 9.375]},
			"faces": {
				"north": {"uv": [5, 3, 5.875, 3.875], "texture": "#0"},
				"east": {"uv": [7, 12, 7.5, 12.875], "texture": "#0"},
				"south": {"uv": [8, 7.5, 8.875, 8.375], "texture": "#0"},
				"west": {"uv": [2, 12.5, 2.5, 13.375], "texture": "#0"},
				"up": {"uv": [10.375, 9, 9.5, 8.5], "texture": "#0"},
				"down": {"uv": [13.375, 2, 12.5, 2.5], "texture": "#0"}
			}
		},
		{
			"from": [5.75, 23.42, 9.175],
			"to": [8.08, 25.75, 9.575],
			"rotation": {"angle": -45, "axis": "z", "origin": [6.8, 24.7, 9.375]},
			"faces": {
				"north": {"uv": [3, 4, 4.125, 5.125], "texture": "#0"},
				"east": {"uv": [2.5, 13.5, 2.75, 14.625], "texture": "#0"},
				"south": {"uv": [4.5, 4, 5.625, 5.125], "texture": "#0"},
				"west": {"uv": [3, 13.5, 3.25, 14.625], "texture": "#0"},
				"up": {"uv": [14.625, 3.75, 13.5, 3.5], "texture": "#0"},
				"down": {"uv": [14.625, 4, 13.5, 4.25], "texture": "#0"}
			}
		},
		{
			"from": [5.95, 24.5, 8.775],
			"to": [7.65, 27.285, 9.975],
			"rotation": {"angle": 0, "axis": "y", "origin": [7.2, 13.95, 9.375]},
			"faces": {
				"north": {"uv": [5, 5.5, 5.875, 6.875], "texture": "#0"},
				"east": {"uv": [7, 3, 7.625, 4.375], "texture": "#0"},
				"south": {"uv": [6, 3, 6.875, 4.375], "texture": "#0"},
				"west": {"uv": [5, 7, 5.625, 8.375], "texture": "#0"},
				"up": {"uv": [11.375, 2.125, 10.5, 1.5], "texture": "#0"},
				"down": {"uv": [11.375, 2.5, 10.5, 3.125], "texture": "#0"}
			}
		},
		{
			"from": [5.55, 24.5, 8.975],
			"to": [5.95, 28.4, 9.775],
			"rotation": {"angle": 0, "axis": "y", "origin": [6.45, 0, 8.875]},
			"faces": {
				"north": {"uv": [3.5, 11, 3.75, 13], "texture": "#0"},
				"east": {"uv": [6, 9, 6.375, 11], "texture": "#0"},
				"south": {"uv": [11, 3.5, 11.25, 5.5], "texture": "#0"},
				"west": {"uv": [6.5, 9, 6.875, 11], "texture": "#0"},
				"up": {"uv": [11.25, 14.375, 11, 14], "texture": "#0"},
				"down": {"uv": [11.75, 14, 11.5, 14.375], "texture": "#0"}
			}
		},
		{
			"from": [7.65, 24.5, 8.975],
			"to": [8.05, 28.4, 9.775],
			"rotation": {"angle": 0, "axis": "y", "origin": [6.45, 0, 8.875]},
			"faces": {
				"north": {"uv": [4, 11, 4.25, 13], "texture": "#0"},
				"east": {"uv": [7, 9, 7.375, 11], "texture": "#0"},
				"south": {"uv": [4.5, 11, 4.75, 13], "texture": "#0"},
				"west": {"uv": [9, 7, 9.375, 9], "texture": "#0"},
				"up": {"uv": [14.25, 11.875, 14, 11.5], "texture": "#0"},
				"down": {"uv": [12.25, 14, 12, 14.375], "texture": "#0"}
			}
		},
		{
			"from": [5.15, 24.5, 9.175],
			"to": [5.55, 28.785, 9.575],
			"rotation": {"angle": 0, "axis": "y", "origin": [6.45, 0, 8.875]},
			"faces": {
				"north": {"uv": [10.5, 6, 10.75, 8.125], "texture": "#0"},
				"east": {"uv": [7.5, 10.5, 7.75, 12.625], "texture": "#0"},
				"south": {"uv": [8, 10.5, 8.25, 12.625], "texture": "#0"},
				"west": {"uv": [8.5, 10.5, 8.75, 12.625], "texture": "#0"},
				"up": {"uv": [12.75, 14.25, 12.5, 14], "texture": "#0"},
				"down": {"uv": [13.25, 14, 13, 14.25], "texture": "#0"}
			}
		},
		{
			"from": [8.05, 24.5, 9.175],
			"to": [8.45, 28.785, 9.575],
			"rotation": {"angle": 0, "axis": "y", "origin": [6.45, 0, 8.875]},
			"faces": {
				"north": {"uv": [9, 10.5, 9.25, 12.625], "texture": "#0"},
				"east": {"uv": [9.5, 10.5, 9.75, 12.625], "texture": "#0"},
				"south": {"uv": [10, 10.5, 10.25, 12.625], "texture": "#0"},
				"west": {"uv": [10.5, 10.5, 10.75, 12.625], "texture": "#0"},
				"up": {"uv": [13.75, 14.25, 13.5, 14], "texture": "#0"},
				"down": {"uv": [14.25, 14, 14, 14.25], "texture": "#0"}
			}
		},
		{
			"from": [5.75, 27.67, 9.175],
			"to": [8.08, 30, 9.575],
			"rotation": {"angle": -45, "axis": "z", "origin": [6.8, 28.95, 9.375]},
			"faces": {
				"north": {"uv": [5, 0, 6.125, 1.125], "texture": "#0"},
				"east": {"uv": [3.5, 13.5, 3.75, 14.625], "texture": "#0"},
				"south": {"uv": [5, 1.5, 6.125, 2.625], "texture": "#0"},
				"west": {"uv": [5, 13.5, 5.25, 14.625], "texture": "#0"},
				"up": {"uv": [14.625, 5.25, 13.5, 5], "texture": "#0"},
				"down": {"uv": [14.625, 5.5, 13.5, 5.75], "texture": "#0"}
			}
		},
		{
			"from": [6.3, 27.67, 8.975],
			"to": [8.08, 29.45, 9.775],
			"rotation": {"angle": -45, "axis": "z", "origin": [6.8, 28.95, 9.375]},
			"faces": {
				"north": {"uv": [8.5, 0, 9.375, 0.875], "texture": "#0"},
				"east": {"uv": [13.5, 0, 13.875, 0.875], "texture": "#0"},
				"south": {"uv": [8.5, 1, 9.375, 1.875], "texture": "#0"},
				"west": {"uv": [1, 13.5, 1.375, 14.375], "texture": "#0"},
				"up": {"uv": [14.375, 1.375, 13.5, 1], "texture": "#0"},
				"down": {"uv": [2.375, 13.5, 1.5, 13.875], "texture": "#0"}
			}
		},
		{
			"from": [6.8, 27.17, 8.875],
			"to": [8.58, 28.95, 9.875],
			"rotation": {"angle": -45, "axis": "z", "origin": [6.8, 28.95, 9.375]},
			"faces": {
				"north": {"uv": [8.5, 4, 9.375, 4.875], "texture": "#0"},
				"east": {"uv": [2.5, 12.5, 3, 13.375], "texture": "#0"},
				"south": {"uv": [5, 8.5, 5.875, 9.375], "texture": "#0"},
				"west": {"uv": [12.5, 2.5, 13, 3.375], "texture": "#0"},
				"up": {"uv": [13.375, 4, 12.5, 3.5], "texture": "#0"},
				"down": {"uv": [13.375, 4, 12.5, 4.5], "texture": "#0"}
			}
		},
		{
			"from": [8.475, 19.2, 8.875],
			"to": [11.475, 20.6, 9.875],
			"rotation": {"angle": 22.5, "axis": "z", "origin": [8.475, 19.2, 9.375]},
			"faces": {
				"north": {"uv": [6, 4.5, 7.5, 5.25], "texture": "#0"},
				"east": {"uv": [13, 9.5, 13.5, 10.25], "texture": "#0"},
				"south": {"uv": [6, 5.5, 7.5, 6.25], "texture": "#0"},
				"west": {"uv": [10.5, 13, 11, 13.75], "texture": "#0"},
				"up": {"uv": [10.5, 9.5, 9, 9], "texture": "#0"},
				"down": {"uv": [11, 0, 9.5, 0.5], "texture": "#0"}
			}
		},
		{
			"from": [5.125, 19.2, 8.575],
			"to": [8.525, 20.5, 10.175],
			"rotation": {"angle": 0, "axis": "y", "origin": [6.325, 21.6, 8.875]},
			"faces": {
				"north": {"uv": [6.5, 0, 8.25, 0.625], "texture": "#0"},
				"east": {"uv": [5.5, 11, 6.25, 11.625], "texture": "#0"},
				"south": {"uv": [6.5, 1, 8.25, 1.625], "texture": "#0"},
				"west": {"uv": [11, 5.5, 11.75, 6.125], "texture": "#0"},
				"up": {"uv": [4.75, 0.75, 3, 0], "texture": "#0"},
				"down": {"uv": [4.75, 1, 3, 1.75], "texture": "#0"}
			}
		},
		{
			"from": [6.825, 18.6, 8.775],
			"to": [8.325, 19.225, 9.975],
			"rotation": {"angle": 22.5, "axis": "z", "origin": [6.825, 19.1, 8.875]},
			"faces": {
				"north": {"uv": [6.5, 13.5, 7.25, 13.875], "texture": "#0"},
				"east": {"uv": [13.5, 12.5, 14.125, 12.875], "texture": "#0"},
				"south": {"uv": [13.5, 9.5, 14.25, 9.875], "texture": "#0"},
				"west": {"uv": [13.5, 13, 14.125, 13.375], "texture": "#0"},
				"up": {"uv": [7.25, 11.625, 6.5, 11], "texture": "#0"},
				"down": {"uv": [11.75, 6.5, 11, 7.125], "texture": "#0"}
			}
		},
		{
			"from": [5.325, 18.6, 8.775],
			"to": [6.825, 19.225, 9.975],
			"rotation": {"angle": -22.5, "axis": "z", "origin": [6.825, 19.1, 8.875]},
			"faces": {
				"north": {"uv": [13.5, 10, 14.25, 10.375], "texture": "#0"},
				"east": {"uv": [13.5, 13.5, 14.125, 13.875], "texture": "#0"},
				"south": {"uv": [11, 13.5, 11.75, 13.875], "texture": "#0"},
				"west": {"uv": [0, 14, 0.625, 14.375], "texture": "#0"},
				"up": {"uv": [11.75, 8.125, 11, 7.5], "texture": "#0"},
				"down": {"uv": [11.75, 8.5, 11, 9.125], "texture": "#0"}
			}
		},
		{
			"from": [6.025, 19.75, 7.575],
			"to": [7.625, 20.3, 11.175],
			"rotation": {"angle": 0, "axis": "y", "origin": [6.325, 21.6, 8.875]},
			"faces": {
				"north": {"uv": [1.5, 14, 2.25, 14.25], "texture": "#0"},
				"east": {"uv": [12.5, 4.5, 14.25, 4.75], "texture": "#0"},
				"south": {"uv": [14, 3, 14.75, 3.25], "texture": "#0"},
				"west": {"uv": [13, 2.5, 14.75, 2.75], "texture": "#0"},
				"up": {"uv": [3.75, 3.75, 3, 2], "texture": "#0"},
				"down": {"uv": [4.75, 2, 4, 3.75], "texture": "#0"}
			}
		},
		{
			"from": [3.625, 19.5, 8.675],
			"to": [5.125, 20.5, 10.075],
			"rotation": {"angle": 0, "axis": "y", "origin": [6.925, 21.6, 8.875]},
			"faces": {
				"north": {"uv": [13, 10.5, 13.75, 11], "texture": "#0"},
				"east": {"uv": [11, 13, 11.75, 13.5], "texture": "#0"},
				"south": {"uv": [13, 11, 13.75, 11.5], "texture": "#0"},
				"west": {"uv": [13, 11.5, 13.75, 12], "texture": "#0"},
				"up": {"uv": [8.75, 10.25, 8, 9.5], "texture": "#0"},
				"down": {"uv": [9.75, 9.5, 9, 10.25], "texture": "#0"}
			}
		},
		{
			"from": [8.525, 19.3, 8.675],
			"to": [10.025, 20.5, 10.075],
			"rotation": {"angle": 0, "axis": "y", "origin": [5.725, 21.6, 8.875]},
			"faces": {
				"north": {"uv": [11, 9.5, 11.75, 10.125], "texture": "#0"},
				"east": {"uv": [11, 10.5, 11.75, 11.125], "texture": "#0"},
				"south": {"uv": [11.5, 0, 12.25, 0.625], "texture": "#0"},
				"west": {"uv": [11.5, 1, 12.25, 1.625], "texture": "#0"},
				"up": {"uv": [3.75, 10.75, 3, 10], "texture": "#0"},
				"down": {"uv": [10.75, 5, 10, 5.75], "texture": "#0"}
			}
		},
		{
			"from": [2.775, 19.2, 8.775],
			"to": [5.175, 20.6, 9.975],
			"rotation": {"angle": -22.5, "axis": "z", "origin": [5.175, 19.2, 9.375]},
			"faces": {
				"north": {"uv": [6.5, 2, 7.75, 2.75], "texture": "#0"},
				"east": {"uv": [11.5, 2, 12.125, 2.75], "texture": "#0"},
				"south": {"uv": [6, 6.5, 7.25, 7.25], "texture": "#0"},
				"west": {"uv": [11.5, 3, 12.125, 3.75], "texture": "#0"},
				"up": {"uv": [9.25, 2.625, 8, 2], "texture": "#0"},
				"down": {"uv": [9.25, 3, 8, 3.625], "texture": "#0"}
			}
		},
		{
			"from": [2.575, 19, 9.15],
			"to": [3.675, 20.6, 9.6],
			"rotation": {"angle": -22.5, "axis": "z", "origin": [5.175, 19.2, 9.375]},
			"faces": {
				"north": {"uv": [12, 13, 12.5, 13.75], "texture": "#0"},
				"east": {"uv": [5.5, 13.5, 5.75, 14.25], "texture": "#0"},
				"south": {"uv": [13, 12, 13.5, 12.75], "texture": "#0"},
				"west": {"uv": [4, 14, 4.25, 14.75], "texture": "#0"},
				"up": {"uv": [14.5, 8.75, 14, 8.5], "texture": "#0"},
				"down": {"uv": [14.5, 9, 14, 9.25], "texture": "#0"}
			}
		},
		{
			"from": [3.9723, 19.75, 8.975],
			"to": [5.2723, 22.55, 9.775],
			"rotation": {"angle": 45, "axis": "z", "origin": [3.975, 19.7, 9.375]},
			"faces": {
				"north": {"uv": [3, 7.5, 3.625, 8.875], "texture": "#0"},
				"east": {"uv": [10.5, 3.5, 10.875, 4.875], "texture": "#0"},
				"south": {"uv": [4, 7.5, 4.625, 8.875], "texture": "#0"},
				"west": {"uv": [3, 11, 3.375, 12.375], "texture": "#0"},
				"up": {"uv": [14.625, 0.375, 14, 0], "texture": "#0"},
				"down": {"uv": [14.625, 0.5, 14, 0.875], "texture": "#0"}
			}
		},
		{
			"from": [3.6723, 20.65, 9.175],
			"to": [4.1723, 21.95, 9.575],
			"rotation": {"angle": 45, "axis": "z", "origin": [3.975, 19.7, 9.375]},
			"faces": {
				"north": {"uv": [14, 6, 14.25, 6.625], "texture": "#0"},
				"east": {"uv": [6.5, 14, 6.75, 14.625], "texture": "#0"},
				"south": {"uv": [7, 14, 7.25, 14.625], "texture": "#0"},
				"west": {"uv": [14, 7, 14.25, 7.625], "texture": "#0"},
				"up": {"uv": [0.25, 14.75, 0, 14.5], "texture": "#0"},
				"down": {"uv": [0.75, 14.5, 0.5, 14.75], "texture": "#0"}
			}
		},
		{
			"from": [1.86017, 21.76802, 9.075],
			"to": [2.76017, 22.06802, 9.675],
			"rotation": {"angle": 45, "axis": "z", "origin": [1.875, 22.1, 9.375]},
			"faces": {
				"north": {"uv": [1, 14.5, 1.5, 14.625], "texture": "#0"},
				"east": {"uv": [14.5, 4.5, 14.75, 4.625], "texture": "#0"},
				"south": {"uv": [14.5, 1, 15, 1.125], "texture": "#0"},
				"west": {"uv": [5.5, 14.5, 5.75, 14.625], "texture": "#0"},
				"up": {"uv": [10, 14.25, 9.5, 14], "texture": "#0"},
				"down": {"uv": [10.5, 14, 10, 14.25], "texture": "#0"}
			}
		},
		{
			"from": [2.06017, 21.26802, 9.175],
			"to": [3.26017, 22.56802, 9.575],
			"rotation": {"angle": 22.5, "axis": "z", "origin": [1.875, 22.1, 9.375]},
			"faces": {
				"north": {"uv": [13, 6.5, 13.625, 7.125], "texture": "#0"},
				"east": {"uv": [7.5, 14, 7.75, 14.625], "texture": "#0"},
				"south": {"uv": [7.5, 13, 8.125, 13.625], "texture": "#0"},
				"west": {"uv": [8, 14, 8.25, 14.625], "texture": "#0"},
				"up": {"uv": [14.625, 8.25, 14, 8], "texture": "#0"},
				"down": {"uv": [9.125, 14, 8.5, 14.25], "texture": "#0"}
			}
		},
		{
			"from": [2.36017, 21.06802, 9.25],
			"to": [3.36017, 23.16802, 9.5],
			"rotation": {"angle": 22.5, "axis": "z", "origin": [1.875, 22.1, 9.375]},
			"faces": {
				"north": {"uv": [10.5, 8.5, 11, 9.5], "texture": "#0"},
				"east": {"uv": [10.5, 14, 10.625, 15], "texture": "#0"},
				"south": {"uv": [5, 11, 5.5, 12], "texture": "#0"},
				"west": {"uv": [14, 10.5, 14.125, 11.5], "texture": "#0"},
				"up": {"uv": [2, 14.625, 1.5, 14.5], "texture": "#0"},
				"down": {"uv": [15, 1.5, 14.5, 1.625], "texture": "#0"}
			}
		},
		{
			"from": [2.56017, 21.06802, 9.275],
			"to": [3.46017, 23.86802, 9.475],
			"rotation": {"angle": 22.5, "axis": "z", "origin": [1.875, 22.1, 9.375]},
			"faces": {
				"north": {"uv": [7.5, 9, 8, 10.375], "texture": "#0"},
				"east": {"uv": [4.5, 14, 4.625, 15.375], "texture": "#0"},
				"south": {"uv": [9.5, 5, 10, 6.375], "texture": "#0"},
				"west": {"uv": [6, 14, 6.125, 15.375], "texture": "#0"},
				"up": {"uv": [2.5, 14.625, 2, 14.5], "texture": "#0"},
				"down": {"uv": [15, 2, 14.5, 2.125], "texture": "#0"}
			}
		},
		{
			"from": [6.175, -5.1, 8.875],
			"to": [7.475, 19.2, 9.875],
			"rotation": {"angle": 0, "axis": "y", "origin": [6.325, 6.6, 8.875]},
			"faces": {
				"north": {"uv": [0, 0, 0.625, 12.125], "texture": "#0"},
				"east": {"uv": [2, 0, 2.5, 12.125], "texture": "#0"},
				"south": {"uv": [1, 0, 1.625, 12.125], "texture": "#0"},
				"west": {"uv": [2.5, 0, 3, 12.125], "texture": "#0"},
				"up": {"uv": [14.125, 2, 13.5, 1.5], "texture": "#0"},
				"down": {"uv": [14.125, 2, 13.5, 2.5], "texture": "#0"}
			}
		},
		{
			"from": [6.075, 14.9, 8.775],
			"to": [7.575, 17.2, 9.975],
			"rotation": {"angle": 0, "axis": "y", "origin": [6.325, 6.6, 8.875]},
			"faces": {
				"north": {"uv": [7.5, 4.5, 8.25, 5.625], "texture": "#0"},
				"east": {"uv": [9.5, 0.5, 10.125, 1.625], "texture": "#0"},
				"south": {"uv": [6, 7.5, 6.75, 8.625], "texture": "#0"},
				"west": {"uv": [9.5, 2, 10.125, 3.125], "texture": "#0"},
				"up": {"uv": [12.25, 4.625, 11.5, 4], "texture": "#0"},
				"down": {"uv": [11.75, 11.5, 11, 12.125], "texture": "#0"}
			}
		},
		{
			"from": [6.075, -3.1, 8.775],
			"to": [7.575, -0.8, 9.975],
			"rotation": {"angle": 0, "axis": "y", "origin": [6.325, 6.6, 8.875]},
			"faces": {
				"north": {"uv": [7.5, 6, 8.25, 7.125], "texture": "#0"},
				"east": {"uv": [9.5, 3.5, 10.125, 4.625], "texture": "#0"},
				"south": {"uv": [7, 7.5, 7.75, 8.625], "texture": "#0"},
				"west": {"uv": [5, 9.5, 5.625, 10.625], "texture": "#0"},
				"up": {"uv": [5.75, 12.625, 5, 12], "texture": "#0"},
				"down": {"uv": [12.75, 5, 12, 5.625], "texture": "#0"}
			}
		},
		{
			"from": [6.325, -9.4, 8.9],
			"to": [7.325, -8.4, 9.85],
			"rotation": {"angle": 0, "axis": "y", "origin": [6.325, 6.6, 8.875]},
			"faces": {
				"north": {"uv": [8, 4, 8.5, 4.5], "texture": "#0"},
				"east": {"uv": [8.5, 7, 9, 7.5], "texture": "#0"},
				"south": {"uv": [10, 6, 10.5, 6.5], "texture": "#0"},
				"west": {"uv": [11, 0, 11.5, 0.5], "texture": "#0"},
				"up": {"uv": [12, 5.5, 11.5, 5], "texture": "#0"},
				"down": {"uv": [3.5, 12.5, 3, 13], "texture": "#0"}
			}
		},
		{
			"from": [5.925, -6, 8.675],
			"to": [7.725, -5.1, 10.075],
			"rotation": {"angle": 0, "axis": "y", "origin": [6.325, 6.6, 8.875]},
			"faces": {
				"north": {"uv": [11, 12.5, 11.875, 13], "texture": "#0"},
				"east": {"uv": [12.5, 13, 13.25, 13.5], "texture": "#0"},
				"south": {"uv": [3, 13, 3.875, 13.5], "texture": "#0"},
				"west": {"uv": [0, 13.5, 0.75, 14], "texture": "#0"},
				"up": {"uv": [10.375, 7.25, 9.5, 6.5], "texture": "#0"},
				"down": {"uv": [10.375, 7.5, 9.5, 8.25], "texture": "#0"}
			}
		},
		{
			"from": [6.025, -7.3, 8.775],
			"to": [7.625, -6, 9.975],
			"rotation": {"angle": 0, "axis": "y", "origin": [6.325, 6.6, 8.875]},
			"faces": {
				"north": {"uv": [6, 12, 6.75, 12.625], "texture": "#0"},
				"east": {"uv": [13, 7.5, 13.625, 8.125], "texture": "#0"},
				"south": {"uv": [12, 6, 12.75, 6.625], "texture": "#0"},
				"west": {"uv": [8.5, 13, 9.125, 13.625], "texture": "#0"},
				"up": {"uv": [12.75, 7.625, 12, 7], "texture": "#0"},
				"down": {"uv": [12.75, 8, 12, 8.625], "texture": "#0"}
			}
		},
		{
			"from": [5.425, -8.8, 8.875],
			"to": [7.225, -7, 9.875],
			"rotation": {"angle": -45, "axis": "z", "origin": [6.825, -8.4, 9.425]},
			"faces": {
				"north": {"uv": [8.5, 5, 9.375, 5.875], "texture": "#0"},
				"east": {"uv": [4, 13, 4.5, 13.875], "texture": "#0"},
				"south": {"uv": [8.5, 6, 9.375, 6.875], "texture": "#0"},
				"west": {"uv": [4.5, 13, 5, 13.875], "texture": "#0"},
				"up": {"uv": [13.875, 3.5, 13, 3], "texture": "#0"},
				"down": {"uv": [5.875, 13, 5, 13.5], "texture": "#0"}
			}
		},
		{
			"from": [4.925, -8.3, 8.875],
			"to": [6.725, -6.5, 9.875],
			"rotation": {"angle": -45, "axis": "z", "origin": [6.825, -8.4, 9.425]},
			"faces": {
				"north": {"uv": [8, 8.5, 8.875, 9.375], "texture": "#0"},
				"east": {"uv": [13, 5, 13.5, 5.875], "texture": "#0"},
				"south": {"uv": [3, 9, 3.875, 9.875], "texture": "#0"},
				"west": {"uv": [6, 13, 6.5, 13.875], "texture": "#0"},
				"up": {"uv": [13.875, 6.5, 13, 6], "texture": "#0"},
				"down": {"uv": [7.375, 13, 6.5, 13.5], "texture": "#0"}
			}
		},
		{
			"from": [5.425, -8.4, 8.775],
			"to": [6.825, -7, 9.975],
			"rotation": {"angle": -45, "axis": "z", "origin": [6.825, -8.4, 9.425]},
			"faces": {
				"north": {"uv": [10, 9.5, 10.75, 10.25], "texture": "#0"},
				"east": {"uv": [12, 9, 12.625, 9.75], "texture": "#0"},
				"south": {"uv": [10.5, 0.5, 11.25, 1.25], "texture": "#0"},
				"west": {"uv": [12, 10, 12.625, 10.75], "texture": "#0"},
				"up": {"uv": [12.75, 11.625, 12, 11], "texture": "#0"},
				"down": {"uv": [12.75, 12, 12, 12.625], "texture": "#0"}
			}
		},
		{
			"from": [5.425, -8.2, 8.675],
			"to": [6.625, -7, 10.075],
			"rotation": {"angle": -45, "axis": "z", "origin": [6.825, -8.4, 9.425]},
			"faces": {
				"north": {"uv": [13, 8.5, 13.625, 9.125], "texture": "#0"},
				"east": {"uv": [0, 12.5, 0.75, 13.125], "texture": "#0"},
				"south": {"uv": [9.5, 13, 10.125, 13.625], "texture": "#0"},
				"west": {"uv": [12.5, 0, 13.25, 0.625], "texture": "#0"},
				"up": {"uv": [1.625, 13.25, 1, 12.5], "texture": "#0"},
				"down": {"uv": [13.125, 1, 12.5, 1.75], "texture": "#0"}
			}
		}
	],
	"gui_light": "front",
	"display": {
		"thirdperson_righthand": {
			"rotation": [0, -90, 0],
			"translation": [1.25, 1, 2.75],
			"scale": [0.93, 0.93, 0.93]
		},
		"thirdperson_lefthand": {
			"rotation": [0, 90, 0],
			"translation": [-1.25, 1, 2.75],
			"scale": [0.93, 0.93, 0.93]
		},
		"firstperson_righthand": {
			"rotation": [0, -90, 25],
			"translation": [2.13, 3.2, 1.13],
			"scale": [0.68, 0.68, 0.68]
		},
		"firstperson_lefthand": {
			"rotation": [0, 90, -25],
			"translation": [1.13, 3.2, 1.13],
			"scale": [0.68, 0.68, 0.68]
		},
		"ground": {
			"rotation": [0, 0, 20],
			"translation": [0.5, 7.75, -0.5],
			"scale": [0.79, 0.79, 0.79]
		},
		"gui": {
			"rotation": [0, 0, -45],
			"translation": [-0.625, -1.8, 0],
			"scale": [0.63, 0.63, 0.63]
		},
		"head": {
			"rotation": [-90, -90, 0],
			"translation": [2.25, -43.25, -2],
			"scale": [1.68, 1.68, 1.68]
		},
		"fixed": {
			"rotation": [-180, 0, 135],
			"translation": [0.75, -1.5, -0.5],
			"scale": [0.67, 0.67, 0.67]
		}
	},
	"groups": [
		{
			"name": "group",
			"origin": [0.55, -15, 0.5],
			"color": 0,
			"children": [
				{
					"name": "blade",
					"origin": [0.5, 28.95, 0.35],
					"color": 0,
					"children": [0, 1, 2, 3, 4, 5, 6, 7, 8, 9, 10]
				},
				{
					"name": "guard",
					"origin": [0.5, -2.4, -1.75],
					"color": 0,
					"children": [11, 12, 13, 14, 15, 16, 17, 18, 19, 20, 21, 22, 23, 24, 25]
				},
				{
					"name": "handle",
					"origin": [0.55, -15, 0.5],
					"color": 0,
					"children": [
						26,
						27,
						28,
						{
							"name": "group",
							"origin": [6.825, -8.4, 9.425],
							"color": 0,
							"children": [29, 30, 31, 32, 33, 34, 35]
						}
					]
				}
			]
		}
	]
}