{
	"credit": "Made with Blockbench",
	"texture_size": [64, 64],
	"textures": {
		"4": "item/rpg_classes/warrior/texture"
	},
	"elements": [
		{
			"from": [8.4, 5.5, 7.8],
			"to": [9.2, 28.4, 8.2],
			"rotation": {"angle": 0, "axis": "y", "origin": [8.3, 0, 8.7]},
			"faces": {
				"north": {"uv": [2, 2.5, 2.1875, 8.21875], "texture": "#4"},
				"east": {"uv": [3.25, 5, 3.34375, 10.71875], "texture": "#4"},
				"south": {"uv": [2.25, 2.5, 2.4375, 8.21875], "texture": "#4"},
				"west": {"uv": [5.25, 0, 5.34375, 5.71875], "texture": "#4"},
				"up": {"uv": [7.1875, 7.84375, 7, 7.75], "texture": "#4"},
				"down": {"uv": [7.4375, 7.75, 7.25, 7.84375], "texture": "#4"}
			}
		},
		{
			"from": [8.4, 5.5, 9.9],
			"to": [9.2, 28.4, 10.3],
			"rotation": {"angle": 0, "axis": "y", "origin": [8.3, 0, 8.7]},
			"faces": {
				"north": {"uv": [2.5, 2.5, 2.6875, 8.21875], "texture": "#4"},
				"east": {"uv": [0, 5.5, 0.09375, 11.21875], "texture": "#4"},
				"south": {"uv": [2.75, 2.5, 2.9375, 8.21875], "texture": "#4"},
				"west": {"uv": [5.5, 0, 5.59375, 5.71875], "texture": "#4"},
				"up": {"uv": [7.9375, 7.34375, 7.75, 7.25], "texture": "#4"},
				"down": {"uv": [7.6875, 7.75, 7.5, 7.84375], "texture": "#4"}
			}
		},
		{
			"from": [8.6, 5.5, 7.4],
			"to": [9, 28.785, 7.8],
			"rotation": {"angle": 0, "axis": "y", "origin": [8.3, 0, 8.7]},
			"faces": {
				"north": {"uv": [3.5, 0, 3.59375, 5.8125], "texture": "#4"},
				"east": {"uv": [3.75, 0, 3.84375, 5.8125], "texture": "#4"},
				"south": {"uv": [4, 0, 4.09375, 5.8125], "texture": "#4"},
				"west": {"uv": [4.25, 0, 4.34375, 5.8125], "texture": "#4"},
				"up": {"uv": [8.09375, 1.34375, 8, 1.25], "texture": "#4"},
				"down": {"uv": [8.09375, 1.5, 8, 1.59375], "texture": "#4"}
			}
		},
		{
			"from": [8.6, 5.5, 10.3],
			"to": [9, 28.785, 10.7],
			"rotation": {"angle": 0, "axis": "y", "origin": [8.3, 0, 8.7]},
			"faces": {
				"north": {"uv": [4.5, 0, 4.59375, 5.8125], "texture": "#4"},
				"east": {"uv": [4.75, 0, 4.84375, 5.8125], "texture": "#4"},
				"south": {"uv": [5, 0, 5.09375, 5.8125], "texture": "#4"},
				"west": {"uv": [3, 5, 3.09375, 10.8125], "texture": "#4"},
				"up": {"uv": [1.84375, 8.09375, 1.75, 8], "texture": "#4"},
				"down": {"uv": [8.09375, 1.75, 8, 1.84375], "texture": "#4"}
			}
		},
		{
			"from": [8.595, 27.67, 8],
			"to": [9.005, 30, 10.33],
			"rotation": {"angle": 45, "axis": "x", "origin": [8.8, 28.95, 9.05]},
			"faces": {
				"north": {"uv": [1.25, 7.75, 1.34375, 8.34375], "texture": "#4"},
				"east": {"uv": [1.25, 5.5, 1.84375, 6.09375], "texture": "#4"},
				"south": {"uv": [1.5, 7.75, 1.59375, 8.34375], "texture": "#4"},
				"west": {"uv": [5.75, 1, 6.34375, 1.59375], "texture": "#4"},
				"up": {"uv": [7.84375, 2.09375, 7.75, 1.5], "texture": "#4"},
				"down": {"uv": [7.84375, 2.25, 7.75, 2.84375], "texture": "#4"}
			}
		},
		{
			"from": [8.395, 27.67, 8.55],
			"to": [9.205, 29.45, 10.33],
			"rotation": {"angle": 45, "axis": "x", "origin": [8.8, 28.95, 9.05]},
			"faces": {
				"north": {"uv": [4, 7.5, 4.1875, 7.9375], "texture": "#4"},
				"east": {"uv": [5.75, 5.75, 6.1875, 6.1875], "texture": "#4"},
				"south": {"uv": [4.25, 7.5, 4.4375, 7.9375], "texture": "#4"},
				"west": {"uv": [3.5, 6, 3.9375, 6.4375], "texture": "#4"},
				"up": {"uv": [4.6875, 7.9375, 4.5, 7.5], "texture": "#4"},
				"down": {"uv": [4.9375, 7.5, 4.75, 7.9375], "texture": "#4"}
			}
		},
		{
			"from": [8, 4.2, 6.9],
			"to": [9.6, 5.5, 11.1],
			"rotation": {"angle": 0, "axis": "y", "origin": [8.3, 6.6, 8.5]},
			"faces": {
				"north": {"uv": [6.75, 1.5, 7.15625, 1.8125], "texture": "#4"},
				"east": {"uv": [5.75, 0, 6.90625, 0.3125], "texture": "#4"},
				"south": {"uv": [6.75, 2, 7.15625, 2.3125], "texture": "#4"},
				"west": {"uv": [5.75, 0.5, 6.90625, 0.8125], "texture": "#4"},
				"up": {"uv": [0.65625, 6.65625, 0.25, 5.5], "texture": "#4"},
				"down": {"uv": [1.15625, 5.5, 0.75, 6.65625], "texture": "#4"}
			}
		},
		{
			"from": [8.1, 4.3, 5.5],
			"to": [9.5, 5.5, 7],
			"rotation": {"angle": 0, "axis": "y", "origin": [8.3, 6.6, 8.8]},
			"faces": {
				"north": {"uv": [0.25, 7.25, 0.59375, 7.5625], "texture": "#4"},
				"east": {"uv": [6.75, 6.25, 7.125, 6.5625], "texture": "#4"},
				"south": {"uv": [0.75, 7.25, 1.09375, 7.5625], "texture": "#4"},
				"west": {"uv": [6.75, 6.75, 7.125, 7.0625], "texture": "#4"},
				"up": {"uv": [6.84375, 5.125, 6.5, 4.75], "texture": "#4"},
				"down": {"uv": [0.59375, 6.75, 0.25, 7.125], "texture": "#4"}
			}
		},
		{
			"from": [8.2, 4.2, 4.65],
			"to": [9.4, 5.6, 7.05],
			"rotation": {"angle": 22.5, "axis": "x", "origin": [8.8, 4.2, 7.05]},
			"faces": {
				"north": {"uv": [7.25, 2, 7.5625, 2.34375], "texture": "#4"},
				"east": {"uv": [5.75, 4.25, 6.34375, 4.59375], "texture": "#4"},
				"south": {"uv": [7.25, 2.5, 7.5625, 2.84375], "texture": "#4"},
				"west": {"uv": [5.75, 4.75, 6.34375, 5.09375], "texture": "#4"},
				"up": {"uv": [5.5625, 6.84375, 5.25, 6.25], "texture": "#4"},
				"down": {"uv": [6.5625, 5.25, 6.25, 5.84375], "texture": "#4"}
			}
		},
		{
			"from": [8.6, 3.9, 4.45],
			"to": [9, 5.6, 5.95],
			"rotation": {"angle": 22.5, "axis": "x", "origin": [8.8, 4.2, 7.05]},
			"faces": {
				"north": {"uv": [3.75, 7.75, 3.84375, 8.1875], "texture": "#4"},
				"east": {"uv": [5.75, 6.25, 6.125, 6.6875], "texture": "#4"},
				"south": {"uv": [7.75, 3.75, 7.84375, 4.1875], "texture": "#4"},
				"west": {"uv": [6.25, 6, 6.625, 6.4375], "texture": "#4"},
				"up": {"uv": [5.09375, 8.125, 5, 7.75], "texture": "#4"},
				"down": {"uv": [5.34375, 7.75, 5.25, 8.125], "texture": "#4"}
			}
		},
		{
			"from": [8.4, 4.75, 5.8473],
			"to": [9.2, 7.55, 7.1473],
			"rotation": {"angle": -45, "axis": "x", "origin": [8.8, 4.7, 5.85]},
			"faces": {
				"north": {"uv": [1.25, 6.75, 1.4375, 7.4375], "texture": "#4"},
				"east": {"uv": [5.75, 2.75, 6.0625, 3.4375], "texture": "#4"},
				"south": {"uv": [1.5, 6.75, 1.6875, 7.4375], "texture": "#4"},
				"west": {"uv": [5.75, 3.5, 6.0625, 4.1875], "texture": "#4"},
				"up": {"uv": [1.1875, 8.0625, 1, 7.75], "texture": "#4"},
				"down": {"uv": [7.9375, 1, 7.75, 1.3125], "texture": "#4"}
			}
		},
		{
			"from": [8.6, 5.65, 5.5473],
			"to": [9, 6.95, 6.0473],
			"rotation": {"angle": -45, "axis": "x", "origin": [8.8, 4.7, 5.85]},
			"faces": {
				"north": {"uv": [6, 7.75, 6.09375, 8.0625], "texture": "#4"},
				"east": {"uv": [7.75, 4.25, 7.875, 4.5625], "texture": "#4"},
				"south": {"uv": [6.25, 7.75, 6.34375, 8.0625], "texture": "#4"},
				"west": {"uv": [7.75, 4.75, 7.875, 5.0625], "texture": "#4"},
				"up": {"uv": [8.09375, 0.625, 8, 0.5], "texture": "#4"},
				"down": {"uv": [0.84375, 8, 0.75, 8.125], "texture": "#4"}
			}
		},
		{
			"from": [8.5, 6.76802, 3.73517],
			"to": [9.1, 7.06802, 4.63517],
			"rotation": {"angle": -45, "axis": "x", "origin": [8.8, 7.1, 3.75]},
			"faces": {
				"north": {"uv": [8, 0.75, 8.15625, 0.8125], "texture": "#4"},
				"east": {"uv": [8, 0, 8.21875, 0.0625], "texture": "#4"},
				"south": {"uv": [8, 1, 8.15625, 1.0625], "texture": "#4"},
				"west": {"uv": [0.25, 8, 0.46875, 8.0625], "texture": "#4"},
				"up": {"uv": [7.90625, 5.46875, 7.75, 5.25], "texture": "#4"},
				"down": {"uv": [5.65625, 7.75, 5.5, 7.96875], "texture": "#4"}
			}
		},
		{
			"from": [8.6, 6.26802, 3.93517],
			"to": [9, 7.56802, 5.13517],
			"rotation": {"angle": -22.5, "axis": "x", "origin": [8.8, 7.1, 3.75]},
			"faces": {
				"north": {"uv": [7.75, 6.25, 7.84375, 6.5625], "texture": "#4"},
				"east": {"uv": [6.25, 7.25, 6.5625, 7.5625], "texture": "#4"},
				"south": {"uv": [6.5, 7.75, 6.59375, 8.0625], "texture": "#4"},
				"west": {"uv": [7.25, 6.5, 7.5625, 6.8125], "texture": "#4"},
				"up": {"uv": [6.84375, 8.0625, 6.75, 7.75], "texture": "#4"},
				"down": {"uv": [7.84375, 6.75, 7.75, 7.0625], "texture": "#4"}
			}
		},
		{
			"from": [8.7, 6.06802, 4.23517],
			"to": [8.9, 8.16802, 5.23517],
			"rotation": {"angle": -22.5, "axis": "x", "origin": [8.8, 7.1, 3.75]},
			"faces": {
				"north": {"uv": [7.75, 5.5, 7.8125, 6.03125], "texture": "#4"},
				"east": {"uv": [6.25, 6.5, 6.5, 7.03125], "texture": "#4"},
				"south": {"uv": [5.75, 7.75, 5.8125, 8.28125], "texture": "#4"},
				"west": {"uv": [6.5, 6.5, 6.75, 7.03125], "texture": "#4"},
				"up": {"uv": [7.8125, 7.75, 7.75, 7.5], "texture": "#4"},
				"down": {"uv": [7.8125, 7.75, 7.75, 8], "texture": "#4"}
			}
		},
		{
			"from": [8.7, 6.06802, 4.43517],
			"to": [8.9, 8.86802, 5.33517],
			"rotation": {"angle": -22.5, "axis": "x", "origin": [8.8, 7.1, 3.75]},
			"faces": {
				"north": {"uv": [7.75, 3, 7.8125, 3.6875], "texture": "#4"},
				"east": {"uv": [6.5, 1, 6.71875, 1.6875], "texture": "#4"},
				"south": {"uv": [3.5, 7.75, 3.5625, 8.4375], "texture": "#4"},
				"west": {"uv": [6.5, 1.75, 6.71875, 2.4375], "texture": "#4"},
				"up": {"uv": [8.0625, 0.46875, 8, 0.25], "texture": "#4"},
				"down": {"uv": [0.5625, 8, 0.5, 8.21875], "texture": "#4"}
			}
		},
		{
			"from": [8.7, 6.06802, 12.66483],
			"to": [8.9, 8.86802, 13.56483],
			"rotation": {"angle": 22.5, "axis": "x", "origin": [8.8, 7.1, 14.25]},
			"faces": {
				"north": {"uv": [3.5625, 7.75, 3.5, 8.4375], "texture": "#4"},
				"east": {"uv": [6.71875, 1, 6.5, 1.6875], "texture": "#4"},
				"south": {"uv": [7.8125, 3, 7.75, 3.6875], "texture": "#4"},
				"west": {"uv": [6.71875, 1.75, 6.5, 2.4375], "texture": "#4"},
				"up": {"uv": [8.0625, 0.25, 8, 0.46875], "texture": "#4"},
				"down": {"uv": [0.5625, 8.21875, 0.5, 8], "texture": "#4"}
			}
		},
		{
			"from": [8.7, 6.06802, 12.76483],
			"to": [8.9, 8.16802, 13.76483],
			"rotation": {"angle": 22.5, "axis": "x", "origin": [8.8, 7.1, 14.25]},
			"faces": {
				"north": {"uv": [5.8125, 7.75, 5.75, 8.28125], "texture": "#4"},
				"east": {"uv": [6.5, 6.5, 6.25, 7.03125], "texture": "#4"},
				"south": {"uv": [7.8125, 5.5, 7.75, 6.03125], "texture": "#4"},
				"west": {"uv": [6.75, 6.5, 6.5, 7.03125], "texture": "#4"},
				"up": {"uv": [7.8125, 7.5, 7.75, 7.75], "texture": "#4"},
				"down": {"uv": [7.8125, 8, 7.75, 7.75], "texture": "#4"}
			}
		},
		{
			"from": [8.6, 6.26802, 12.86483],
			"to": [9, 7.56802, 14.06483],
			"rotation": {"angle": 22.5, "axis": "x", "origin": [8.8, 7.1, 14.25]},
			"faces": {
				"north": {"uv": [6.59375, 7.75, 6.5, 8.0625], "texture": "#4"},
				"east": {"uv": [6.5625, 7.25, 6.25, 7.5625], "texture": "#4"},
				"south": {"uv": [7.84375, 6.25, 7.75, 6.5625], "texture": "#4"},
				"west": {"uv": [7.5625, 6.5, 7.25, 6.8125], "texture": "#4"},
				"up": {"uv": [6.84375, 7.75, 6.75, 8.0625], "texture": "#4"},
				"down": {"uv": [7.84375, 7.0625, 7.75, 6.75], "texture": "#4"}
			}
		},
		{
			"from": [8.5, 6.76802, 13.36483],
			"to": [9.1, 7.06802, 14.26483],
			"rotation": {"angle": 45, "axis": "x", "origin": [8.8, 7.1, 14.25]},
			"faces": {
				"north": {"uv": [8.15625, 1, 8, 1.0625], "texture": "#4"},
				"east": {"uv": [8.21875, 0, 8, 0.0625], "texture": "#4"},
				"south": {"uv": [8.15625, 0.75, 8, 0.8125], "texture": "#4"},
				"west": {"uv": [0.46875, 8, 0.25, 8.0625], "texture": "#4"},
				"up": {"uv": [7.90625, 5.25, 7.75, 5.46875], "texture": "#4"},
				"down": {"uv": [5.65625, 7.96875, 5.5, 7.75], "texture": "#4"}
			}
		},
		{
			"from": [8.6, 5.65, 11.9527],
			"to": [9, 6.95, 12.4527],
			"rotation": {"angle": 45, "axis": "x", "origin": [8.8, 4.7, 12.15]},
			"faces": {
				"north": {"uv": [6.34375, 7.75, 6.25, 8.0625], "texture": "#4"},
				"east": {"uv": [7.875, 4.25, 7.75, 4.5625], "texture": "#4"},
				"south": {"uv": [6.09375, 7.75, 6, 8.0625], "texture": "#4"},
				"west": {"uv": [7.875, 4.75, 7.75, 5.0625], "texture": "#4"},
				"up": {"uv": [8.09375, 0.5, 8, 0.625], "texture": "#4"},
				"down": {"uv": [0.84375, 8.125, 0.75, 8], "texture": "#4"}
			}
		},
		{
			"from": [8.4, 4.75, 10.8527],
			"to": [9.2, 7.55, 12.1527],
			"rotation": {"angle": 45, "axis": "x", "origin": [8.8, 4.7, 12.15]},
			"faces": {
				"north": {"uv": [1.6875, 6.75, 1.5, 7.4375], "texture": "#4"},
				"east": {"uv": [6.0625, 2.75, 5.75, 3.4375], "texture": "#4"},
				"south": {"uv": [1.4375, 6.75, 1.25, 7.4375], "texture": "#4"},
				"west": {"uv": [6.0625, 3.5, 5.75, 4.1875], "texture": "#4"},
				"up": {"uv": [1.1875, 7.75, 1, 8.0625], "texture": "#4"},
				"down": {"uv": [7.9375, 1.3125, 7.75, 1], "texture": "#4"}
			}
		},
		{
			"from": [8.6, 3.9, 12.05],
			"to": [9, 5.6, 13.55],
			"rotation": {"angle": -22.5, "axis": "x", "origin": [8.8, 4.2, 10.95]},
			"faces": {
				"north": {"uv": [7.84375, 3.75, 7.75, 4.1875], "texture": "#4"},
				"east": {"uv": [6.125, 6.25, 5.75, 6.6875], "texture": "#4"},
				"south": {"uv": [3.84375, 7.75, 3.75, 8.1875], "texture": "#4"},
				"west": {"uv": [6.625, 6, 6.25, 6.4375], "texture": "#4"},
				"up": {"uv": [5.09375, 7.75, 5, 8.125], "texture": "#4"},
				"down": {"uv": [5.34375, 8.125, 5.25, 7.75], "texture": "#4"}
			}
		},
		{
			"from": [8.2, 4.2, 10.95],
			"to": [9.4, 5.6, 13.35],
			"rotation": {"angle": -22.5, "axis": "x", "origin": [8.8, 4.2, 10.95]},
			"faces": {
				"north": {"uv": [7.5625, 2.5, 7.25, 2.84375], "texture": "#4"},
				"east": {"uv": [6.34375, 4.25, 5.75, 4.59375], "texture": "#4"},
				"south": {"uv": [7.5625, 2, 7.25, 2.34375], "texture": "#4"},
				"west": {"uv": [6.34375, 4.75, 5.75, 5.09375], "texture": "#4"},
				"up": {"uv": [5.5625, 6.25, 5.25, 6.84375], "texture": "#4"},
				"down": {"uv": [6.5625, 5.84375, 6.25, 5.25], "texture": "#4"}
			}
		},
		{
			"from": [8.1, 4.3, 11],
			"to": [9.5, 5.5, 12.5],
			"rotation": {"angle": 0, "axis": "y", "origin": [8.3, 6.6, 9.2]},
			"faces": {
				"north": {"uv": [1.09375, 7.25, 0.75, 7.5625], "texture": "#4"},
				"east": {"uv": [7.125, 6.25, 6.75, 6.5625], "texture": "#4"},
				"south": {"uv": [0.59375, 7.25, 0.25, 7.5625], "texture": "#4"},
				"west": {"uv": [7.125, 6.75, 6.75, 7.0625], "texture": "#4"},
				"up": {"uv": [6.84375, 4.75, 6.5, 5.125], "texture": "#4"},
				"down": {"uv": [0.59375, 7.125, 0.25, 6.75], "texture": "#4"}
			}
		},
		{
			"from": [8, -5.1, 8],
			"to": [9.6, 4.2, 10],
			"rotation": {"angle": 0, "axis": "y", "origin": [8.3, 6.6, 8.5]},
			"faces": {
				"north": {"uv": [3, 0, 3.40625, 2.3125], "texture": "#4"},
				"east": {"uv": [2, 0, 2.5, 2.3125], "texture": "#4"},
				"south": {"uv": [3, 2.5, 3.40625, 4.8125], "texture": "#4"},
				"west": {"uv": [2.5, 0, 3, 2.3125], "texture": "#4"},
				"up": {"uv": [5.65625, 6.25, 5.25, 5.75], "texture": "#4"},
				"down": {"uv": [6.15625, 5.25, 5.75, 5.75], "texture": "#4"}
			}
		},
		{
			"from": [8.1, -6, 8.1],
			"to": [9.5, -5.1, 9.9],
			"rotation": {"angle": 0, "axis": "y", "origin": [8.3, 6.6, 8.5]},
			"faces": {
				"north": {"uv": [5.25, 7.5, 5.59375, 7.71875], "texture": "#4"},
				"east": {"uv": [1.25, 7.5, 1.6875, 7.71875], "texture": "#4"},
				"south": {"uv": [7.25, 7.5, 7.59375, 7.71875], "texture": "#4"},
				"west": {"uv": [3.5, 7.5, 3.9375, 7.71875], "texture": "#4"},
				"up": {"uv": [3.84375, 6.9375, 3.5, 6.5], "texture": "#4"},
				"down": {"uv": [4.34375, 6.5, 4, 6.9375], "texture": "#4"}
			}
		},
		{
			"from": [8.2, -7.3, 8.2],
			"to": [9.4, -6, 9.8],
			"rotation": {"angle": 0, "axis": "y", "origin": [8.3, 6.6, 8.5]},
			"faces": {
				"north": {"uv": [6.75, 7.25, 7.0625, 7.5625], "texture": "#4"},
				"east": {"uv": [6.75, 2.5, 7.15625, 2.8125], "texture": "#4"},
				"south": {"uv": [7.25, 7, 7.5625, 7.3125], "texture": "#4"},
				"west": {"uv": [6.75, 3, 7.15625, 3.3125], "texture": "#4"},
				"up": {"uv": [7.0625, 3.90625, 6.75, 3.5], "texture": "#4"},
				"down": {"uv": [7.0625, 5.25, 6.75, 5.65625], "texture": "#4"}
			}
		},
		{
			"from": [8.3, -8.8, 7.6],
			"to": [9.3, -7, 9.4],
			"rotation": {"angle": 45, "axis": "x", "origin": [8.85, -8.4, 9]},
			"faces": {
				"north": {"uv": [4, 7, 4.25, 7.4375], "texture": "#4"},
				"east": {"uv": [1.25, 6.25, 1.6875, 6.6875], "texture": "#4"},
				"south": {"uv": [7, 4, 7.25, 4.4375], "texture": "#4"},
				"west": {"uv": [6.25, 2.75, 6.6875, 3.1875], "texture": "#4"},
				"up": {"uv": [4.5, 7.4375, 4.25, 7], "texture": "#4"},
				"down": {"uv": [4.75, 7, 4.5, 7.4375], "texture": "#4"}
			}
		},
		{
			"from": [8.3, -8.3, 7.1],
			"to": [9.3, -6.5, 8.9],
			"rotation": {"angle": 45, "axis": "x", "origin": [8.85, -8.4, 9]},
			"faces": {
				"north": {"uv": [7, 4.5, 7.25, 4.9375], "texture": "#4"},
				"east": {"uv": [6.25, 3.25, 6.6875, 3.6875], "texture": "#4"},
				"south": {"uv": [4.75, 7, 5, 7.4375], "texture": "#4"},
				"west": {"uv": [6.25, 3.75, 6.6875, 4.1875], "texture": "#4"},
				"up": {"uv": [5.5, 7.4375, 5.25, 7], "texture": "#4"},
				"down": {"uv": [5.75, 7, 5.5, 7.4375], "texture": "#4"}
			}
		},
		{
			"from": [8.2, -8.4, 7.6],
			"to": [9.4, -7, 9],
			"rotation": {"angle": 45, "axis": "x", "origin": [8.85, -8.4, 9]},
			"faces": {
				"north": {"uv": [7.25, 3, 7.5625, 3.34375], "texture": "#4"},
				"east": {"uv": [5.75, 6.75, 6.09375, 7.09375], "texture": "#4"},
				"south": {"uv": [7.25, 3.5, 7.5625, 3.84375], "texture": "#4"},
				"west": {"uv": [6.75, 5.75, 7.09375, 6.09375], "texture": "#4"},
				"up": {"uv": [7.5625, 4.34375, 7.25, 4], "texture": "#4"},
				"down": {"uv": [7.5625, 4.5, 7.25, 4.84375], "texture": "#4"}
			}
		},
		{
			"from": [8.1, -8.2, 7.6],
			"to": [9.5, -7, 8.8],
			"rotation": {"angle": 45, "axis": "x", "origin": [8.85, -8.4, 9]},
			"faces": {
				"north": {"uv": [7.25, 5, 7.59375, 5.3125], "texture": "#4"},
				"east": {"uv": [7.5, 0, 7.8125, 0.3125], "texture": "#4"},
				"south": {"uv": [7.25, 5.5, 7.59375, 5.8125], "texture": "#4"},
				"west": {"uv": [7.5, 0.5, 7.8125, 0.8125], "texture": "#4"},
				"up": {"uv": [6.09375, 7.5625, 5.75, 7.25], "texture": "#4"},
				"down": {"uv": [7.59375, 6, 7.25, 6.3125], "texture": "#4"}
			}
		},
		{
			"from": [8.3, -9.4, 8.5],
			"to": [9.3, -8.4, 9.5],
			"rotation": {"angle": 0, "axis": "y", "origin": [8.3, 6.6, 8.5]},
			"faces": {
				"north": {"uv": [6.5, 2.5, 6.75, 2.75], "texture": "#4"},
				"east": {"uv": [6.75, 4, 7, 4.25], "texture": "#4"},
				"south": {"uv": [7, 5, 7.25, 5.25], "texture": "#4"},
				"west": {"uv": [0.25, 7.75, 0.5, 8], "texture": "#4"},
				"up": {"uv": [0.75, 8, 0.5, 7.75], "texture": "#4"},
				"down": {"uv": [1, 7.75, 0.75, 8], "texture": "#4"}
			}
		}
	],
	"gui_light": "front",
	"display": {
		"thirdperson_righthand": {
			"translation": [-0.75, 3.25, 0.75],
			"scale": [0.97, 0.64, 0.74]
		},
		"thirdperson_lefthand": {
			"translation": [0.75, 3.25, 0.75],
			"scale": [0.97, 0.64, 0.74]
		},
		"firstperson_righthand": {
			"rotation": [-10.31, -6.53, -11.65],
			"translation": [3.25, 3.95, 2.13],
			"scale": [0.97, 0.64, 0.74]
		},
		"firstperson_lefthand": {
			"rotation": [-10.31, -6.53, -11.65],
			"translation": [-2.75, 3.95, 2.13],
			"scale": [0.97, 0.64, 0.74]
		},
		"ground": {
			"translation": [0, 6.25, 0],
			"scale": [0.97, 0.64, 0.74]
		},
		"gui": {
			"rotation": [90, 45, -90],
			"translation": [-1.375, -0.55, 0],
			"scale": [0.69, 0.64, 0.74]
		},
		"head": {
			"rotation": [90, -180, -180],
			"translation": [-0.75, -45, -2],
			"scale": [2.43, 1.6, 1.85]
		},
		"fixed": {
			"rotation": [-90, 45, 90],
			"translation": [0.75, -1.5, -0.5],
			"scale": [0.67, 0.67, 0.67]
		}
	},
	"groups": [
		{
			"name": "group",
			"origin": [0.55, -15, 0.5],
			"color": 0,
			"children": [
				{
					"name": "blade",
					"origin": [0.5, 28.95, 0.35],
					"color": 0,
					"children": [0, 1, 2, 3, 4, 5]
				},
				{
					"name": "guard",
					"origin": [0.5, -2.4, -1.75],
					"color": 0,
					"children": [6, 7, 8, 9, 10, 11, 12, 13, 14, 15, 16, 17, 18, 19, 20, 21, 22, 23, 24]
				},
				{
					"name": "handle",
					"origin": [0.55, -15, 0.5],
					"color": 0,
					"children": [25, 26, 27, 28, 29, 30, 31, 32]
				}
			]
		},
		{
			"name": "group",
			"origin": [8, 8, 8],
			"color": 0,
			"children": []
		}
	]
}