[
  {
    "condition": "minecraft:value_check",
    "value": {
      "type": "minecraft:score",
      "target": "this",
      "score": "xrpg_cab_mh"
    },
    "range": 1
  },
  {
    "condition": "minecraft:alternative",
    "terms": [
      {
        "condition": "minecraft:reference",
        "name": "xylo_rpg:abilities/cast/combat/tool_mh_list/tool_parry"
      },
      {
        "condition": "minecraft:reference",
        "name": "xylo_rpg:abilities/cast/combat/tool_mh_list/sword_and_axe"
      },
      {
        "condition": "minecraft:reference",
        "name": "xylo_rpg:abilities/cast/combat/tool_mh_list/shield"
      },
      {
        "condition": "minecraft:reference",
        "name": "xylo_rpg:abilities/cast/combat/tool_mh_list/tool_two_handed"
      }
    ]
  }
]
