[
  {
    "condition": "minecraft:value_check",
    "value": {
      "type": "minecraft:score",
      "target": "this",
      "score": "xrpg_cab_oh"
    },
    "range": 1
  },
  {
    "condition": "minecraft:alternative",
    "terms": [
      {
        "condition": "minecraft:reference",
        "name": "xylo_rpg:abilities/cast/combat/tool_oh_list/tool_action"
      },
      {
        "condition": "minecraft:reference",
        "name": "xylo_rpg:abilities/cast/combat/tool_oh_list/tool_two_handed"
      },
      {
        "condition": "minecraft:reference",
        "name": "xylo_rpg:abilities/cast/combat/tool_oh_list/tool_parry"
      },
      {
        "condition": "minecraft:reference",
        "name": "xylo_rpg:abilities/cast/combat/tool_oh_list/shield"
      },
      {
        "condition": "minecraft:reference",
        "name": "xylo_rpg:abilities/cast/combat/tool_oh_list/dual_wield"
      }
    ]
  }
]
