{
  "pools": [
    {
      "rolls": 1,
      "entries": [
        {
          "type": "minecraft:item",
          "name": "minecraft:carrot_on_a_stick",
          "functions": [
            {
              "function": "minecraft:set_name",
              "name": {
                "text": "宏伟大厦",
                "color": "light_purple",
                "italic": false
              }
            },
            {
              "function": "minecraft:set_lore",
              "lore": [
                {
                  "text": "消耗20级来初始化",
                  "color": "gray",
                  "italic": false
                },
                {
                  "text": "初始化后每次消耗2级",
                  "color": "gray",
                  "italic": false
                }
              ]
            },
            {
              "function": "minecraft:set_nbt",
              "tag": "{bp:{id:\"magnificent_mansion\"},CustomModelData:888519,Enchantments:[{}]}"
            }
          ]
        }
      ]
    }
  ]
}

