{
  "type": "minecraft:geode",
  "config": {
    "blocks": {
      "alternate_inner_layer_provider": {
        "type": "minecraft:simple_state_provider",
        "state": {
          "Name": "minecraft:mushroom_stem"
        }
      },
      "cannot_replace": "#minecraft:features_cannot_replace",
      "filling_provider": {
        "type": "minecraft:simple_state_provider",
        "state": {
          "Name": "minecraft:air"
        }
      },
      "inner_layer_provider": {
        "type": "minecraft:simple_state_provider",
        "state": {
          "Name": "minecraft:brown_mushroom_block"
        }
      },
      "inner_placements": [
        {
          "Name": "minecraft:mushroom_stem",
          "Properties": {}
        }
      ],
      "invalid_blocks": "#minecraft:geode_invalid_blocks",
      "middle_layer_provider": {
        "type": "minecraft:simple_state_provider",
        "state": {
          "Name": "minecraft:brown_mushroom_block"
        }
      },
      "outer_layer_provider": {
        "type": "minecraft:simple_state_provider",
        "state": {
          "Name": "minecraft:mushroom_stem"
        }
      }
    },
    "crack": {
      "base_crack_size": 2.0,
      "crack_point_offset": 2,
      "generate_crack_chance": 0.25
    },
    "distribution_points": {
      "type": "minecraft:uniform",
      "value": {
        "max_inclusive": 4,
        "min_inclusive": 3
      }
    },
    "invalid_blocks_threshold": 1,
    "layers": {
      "filling": 6.7,
      "inner_layer": 7.2,
      "middle_layer": 8.2,
      "outer_layer": 9.2
    },
    "max_gen_offset": 16,
    "min_gen_offset": -16,
    "noise_multiplier": 0.05,
    "outer_wall_distance": {
      "type": "minecraft:uniform",
      "value": {
        "max_inclusive": 6,
        "min_inclusive": 4
      }
    },
    "placements_require_layer0_alternate": true,
    "point_offset": {
      "type": "minecraft:uniform",
      "value": {
        "max_inclusive": 2,
        "min_inclusive": 1
      }
    },
    "use_alternate_layer0_chance": 0.083,
    "use_potential_placements_chance": 0.35
  }
}