{
  "type": "minecraft:tree",
  "config": {
    "force_dirt": false,
    "dirt_provider": {
      "state": {
        "Name": "minecraft:dirt"
      },
      "type": "minecraft:simple_state_provider"
    },
    "ignore_vines": false,
    "minimum_size": {
      "limit": 1,
      "lower_size": 0,
      "upper_size": 2,
      "type": "minecraft:two_layers_feature_size"
    },
    "decorators": [
      
      {
        "type": "minecraft:trunk_vine"
      },
      {
        "type": "minecraft:leave_vine",
        "probability": 0.25
      }
    ],
    "trunk_provider": {
      "state": {
        "Properties": {
          "axis": "y"
        },
        "Name": "minecraft:jungle_log"
      },
      "type": "minecraft:simple_state_provider"
    },
    "foliage_provider": {
      "state": {
        "Properties": {
          "persistent": "false",
          "distance": "7"
        },
        "Name": "minecraft:oak_leaves"
      },
      "type": "minecraft:simple_state_provider"
    },
    "foliage_placer": {
      "radius": 2,
      "offset": 2,
      "height": 6,
      "type": "minecraft:acacia_foliage_placer"
    },
    "trunk_placer": {
      "base_height": 22,
      "height_rand_a": 18,
      "height_rand_b": 16,
      "type": "minecraft:fancy_trunk_placer"
    },
    "sapling_provider": {
      "state": {
        "Name": "minecraft:dirt"
      },
      "type": "minecraft:simple_state_provider"
    }
  }
}
