{
    "parent": "bracken:sanctum/enter_sanctum",
    "display": {
        "title": {
            "text": "不要眨眼"
        },
        "description": {
            "text": "击杀一只原始傀儡。",
            "color": "green"
        },
        "icon": {
            "item": "minecraft:netherite_block"
        },
        "frame": "task",
        "show_toast": true,
        "announce_to_chat": true,
        "hidden": false
    },
    "criteria": {
        "bracken:sanctum/proto1": {
            "trigger": "minecraft:player_killed_entity",
            "conditions": {
                "entity": [
                    {
                        "condition": "minecraft:entity_properties",
                        "entity": "this",
                        "predicate": {
                            "type": "minecraft:wither_skeleton",
                            "location": {
                                "dimension": "bracken:sanctum"
                            }
                        }
                    }
                ]
            }
        }
    },
    "requirements": [
        [
            "bracken:sanctum/proto1"
        ]
    ]
}
