{
    "parent": "bracken:sanctum/boss",
    "display": {
        "title": {
            "text": "破坏性验证"
        },
        "description": {
            "text": "将经验送入毁灭程序中，直到毁灭程序可以正常使用为止。",
            "color": "green"
        },
        "icon": {
            "item": "minecraft:experience_bottle"
        },
        "frame": "challenge",
        "show_toast": true,
        "announce_to_chat": true,
        "hidden": true
    },
    "criteria": {
        "bracken:sanctum/save_boss1": {
            "trigger": "minecraft:impossible"
        }
    },
    "requirements": [
        [
            "bracken:sanctum/save_boss1"
        ]
    ]
}
