{
    "pools": [
        {
            "rolls": 1,
            "entries": [
                {
                    "type": "item",
                    "weight": 1,
                    "name": "minecraft:netherite_sword",
                    "functions": [
                        {
                            "function": "set_nbt",
                            "tag": "{display:{Name:'{\"text\":\"精灵之剑\",\"color\":\"yellow\",\"italic\":false}',Lore:['{\"text\":\" \"}','{\"text\":\"When in Main Hand:\",\"color\":\"gray\",\"italic\":false}','{\"text\":\" 6 Attack Damage\",\"color\":\"dark_green\",\"italic\":false}','{\"text\":\" 2 Attack Speed\",\"color\":\"dark_green\",\"italic\":false}']},HideFlags:2,CustomModelData:9991,elven_sword:1b,AttributeModifiers:[{AttributeName:\"generic.attack_damage\",Name:\"generic.attack_damage\",Amount:5,Operation:0,UUID:[I;1927470434,-1161410507,-1749555367,367942723],Slot:\"mainhand\"},{AttributeName:\"generic.attack_speed\",Name:\"generic.attack_speed\",Amount:-2,Operation:0,UUID:[I;-815157625,-1966452963,-1344402611,703054090],Slot:\"mainhand\"}]}"
                        }
                    ]
                },
                {
                    "type": "item",
                    "weight": 1,
                    "name": "minecraft:netherite_helmet",
                    "functions": [
                        {
                            "function": "set_nbt",
                            "tag": "{display:{Name:'{\"text\":\"精灵头盔\",\"color\":\"yellow\",\"italic\":false}',Lore:['{\"text\":\" \"}','{\"text\":\"When on Head:\",\"color\":\"gray\",\"italic\":false}','{\"text\":\" +3 Armor\",\"color\":\"blue\",\"italic\":false}','{\"text\":\" +5% Movement Speed\",\"color\":\"blue\",\"italic\":false}']},HideFlags:2,elven_helmet:1b,AttributeModifiers:[{AttributeName:\"generic.armor\",Name:\"generic.armor\",Amount:3,Operation:0,UUID:[I;-829873725,448743680,-1760905123,1658862865],Slot:\"head\"},{AttributeName:\"generic.movement_speed\",Name:\"generic.movement_speed\",Amount:0.05,Operation:1,UUID:[I;-324607827,-1361492612,-1130383705,293319283],Slot:\"head\"}]}"
                        }
                    ]
                },
                {
                    "type": "item",
                    "weight": 1,
                    "name": "minecraft:netherite_chestplate",
                    "functions": [
                        {
                            "function": "set_nbt",
                            "tag": "{display:{Name:'{\"text\":\"精灵胸甲\",\"color\":\"yellow\",\"italic\":false}',Lore:['{\"text\":\" \"}','{\"text\":\"When on Body:\",\"color\":\"gray\",\"italic\":false}','{\"text\":\" +8 Armor\",\"color\":\"blue\",\"italic\":false}','{\"text\":\" +5% Movement Speed\",\"color\":\"blue\",\"italic\":false}']},HideFlags:2,elven_chestplate:1b,AttributeModifiers:[{AttributeName:\"generic.armor\",Name:\"generic.armor\",Amount:8,Operation:0,UUID:[I;-82987325,44874680,-176905123,165862865],Slot:\"chest\"},{AttributeName:\"generic.movement_speed\",Name:\"generic.movement_speed\",Amount:0.05,Operation:1,UUID:[I;-32607827,-136142612,-113083705,29331983],Slot:\"chest\"}]}"
                        }
                    ]
                },
                {
                    "type": "item",
                    "weight": 1,
                    "name": "minecraft:netherite_leggings",
                    "functions": [
                        {
                            "function": "set_nbt",
                            "tag": "{display:{Name:'{\"text\":\"精灵护腿\",\"color\":\"yellow\",\"italic\":false}',Lore:['{\"text\":\" \"}','{\"text\":\"When on Legs:\",\"color\":\"gray\",\"italic\":false}','{\"text\":\" +6 Armor\",\"color\":\"blue\",\"italic\":false}','{\"text\":\" +5% Movement Speed\",\"color\":\"blue\",\"italic\":false}']},HideFlags:2,elven_leggings:1b,AttributeModifiers:[{AttributeName:\"generic.armor\",Name:\"generic.armor\",Amount:6,Operation:0,UUID:[I;-8297325,4484680,-17905123,16562865],Slot:\"legs\"},{AttributeName:\"generic.movement_speed\",Name:\"generic.movement_speed\",Amount:0.05,Operation:1,UUID:[I;-3260827,-16142612,-11383705,2931983],Slot:\"legs\"}]}"
                        }
                    ]
                },
                {
                    "type": "item",
                    "weight": 1,
                    "name": "minecraft:netherite_boots",
                    "functions": [
                        {
                            "function": "set_nbt",
                            "tag": "{display:{Name:'{\"text\":\"精灵靴子\",\"color\":\"yellow\",\"italic\":false}',Lore:['{\"text\":\" \"}','{\"text\":\"When on Feet:\",\"color\":\"gray\",\"italic\":false}','{\"text\":\" +3 Armor\",\"color\":\"blue\",\"italic\":false}','{\"text\":\" +5% Movement Speed\",\"color\":\"blue\",\"italic\":false}']},HideFlags:2,elven_boots:1b,AttributeModifiers:[{AttributeName:\"generic.armor\",Name:\"generic.armor\",Amount:3,Operation:0,UUID:[I;-829325,448680,-1795123,1662865],Slot:\"feet\"},{AttributeName:\"generic.movement_speed\",Name:\"generic.movement_speed\",Amount:0.05,Operation:1,UUID:[I;-326827,-1642612,-1183705,293983],Slot:\"feet\"}]}"
                        }
                    ]
                }
            ]
        }
    ]
}