{
    "pools": [
        {
            "rolls": 1,
            "entries": [
                {
                    "type": "item",
                    "weight": 15,
                    "name": "minecraft:iron_sword",
                    "functions": [
                        {
                            "function": "enchant_with_levels",
                            "levels": 10
                        }
                    ]
                },
                {
                    "type": "item",
                    "weight": 15,
                    "name": "minecraft:crossbow",
                    "functions": [
                        {
                            "function": "enchant_with_levels",
                            "levels": 10
                        }
                    ]
                },
                {
                    "type": "item",
                    "weight": 15,
                    "name": "minecraft:bow",
                    "functions": [
                        {
                            "function": "enchant_with_levels",
                            "levels": 10
                        }
                    ]
                },
                {
                    "type": "item",
                    "weight": 10,
                    "name": "minecraft:iron_sword",
                    "functions": [
                        {
                            "function": "enchant_with_levels",
                            "levels": 20
                        }
                    ]
                },
                {
                    "type": "item",
                    "weight": 10,
                    "name": "minecraft:crossbow",
                    "functions": [
                        {
                            "function": "enchant_with_levels",
                            "levels": 20
                        }
                    ]
                },
                {
                    "type": "item",
                    "weight": 10,
                    "name": "minecraft:bow",
                    "functions": [
                        {
                            "function": "enchant_with_levels",
                            "levels": 20
                        }
                    ]
                },
                {
                    "type": "item",
                    "weight": 5,
                    "name": "minecraft:iron_axe",
                    "functions": [
                        {
                            "function": "set_nbt",
                            "tag": "{display:{Name:'{\"text\":\"刽子手之斧\",\"italic\":false}'},Enchantments:[{id:\"minecraft:sharpness\",lvl:6s}]}"
                        }
                    ]
                },
                {
                    "type": "item",
                    "weight": 5,
                    "name": "minecraft:golden_sword",
                    "functions": [
                        {
                            "function": "set_nbt",
                            "tag": "{display:{Name:'{\"text\":\"祝福之剑\",\"italic\":false}'},Enchantments:[{id:\"minecraft:fire_aspect\",lvl:4s}]}"
                        }
                    ]
                },
                {
                    "type": "item",
                    "weight": 5,
                    "name": "minecraft:wooden_sword",
                    "functions": [
                        {
                            "function": "set_nbt",
                            "tag": "{display:{Name:'{\"text\":\"驯兽之剑\",\"italic\":false}'},Enchantments:[{id:\"minecraft:knockback\",lvl:3s}]}"
                        }
                    ]
                },
                {
                    "type": "item",
                    "weight": 5,
                    "name": "minecraft:enchanted_golden_apple"
                },
                {
                    "type": "loot_table",
                    "weight": 5,
                    "name": "monsters_pack:items/elven_gear"
                }
            ]
        }
    ]
}