{
  "pools": [
    {
      "rolls": 1,
      "entries": [
        {
          "type": "minecraft:item",
          "name": "minecraft:carrot_on_a_stick",
          "functions": [
            {
              "function": "minecraft:set_name",
              "name": {
                "text": "华丽府邸",
                "color": "light_purple",
                "italic": false
              }
            },
            {
              "function": "minecraft:set_lore",
              "lore": [
                {
                  "text": "consumes 20 levels to initialize",
                  "color": "gray",
                  "italic": false
                },
                {
                  "text": "消耗2级 after initialization",
                  "color": "gray",
                  "italic": false
                }
              ]
            },
            {
              "function": "minecraft:set_nbt",
              "tag": "{bp:{id:\"magnificent_mansion\"},CustomModelData:888519,Enchantments:[{}]}"
            }
          ]
        }
      ]
    }
  ]
}

