{
  "pools": [
    {
      "rolls": 1,
      "entries": [
        {
          "type": "minecraft:item",
          "name": "minecraft:carrot_on_a_stick",
          "functions": [
            {
              "function": "minecraft:set_name",
              "name": {
                "text": "虫牙钻",
                "color": "light_purple",
                "italic": false
              }
            },
            {
              "function": "minecraft:set_lore",
              "lore": [
                {
                  "text": "消耗25级",
                  "color": "gray",
                  "italic": false
                }
              ]
            },
            {
              "function": "minecraft:set_nbt",
              "tag": "{tags:[\"bp.fire_immune\"],bp:{id:\"worm_toothed_burrower\"},CustomModelData:888516,Enchantments:[{}]}"
            }
          ]
        }
      ]
    }
  ]
}