{
  "display": {
    "icon": {
      "item": "minecraft:armor_stand"
    },
    "title": {
      "text": "玩家信息数据包",
      "color": "green",
      "bold": true,
      "italic": false
    },
    "description": [
      {
        "text": "可通过输入以下指令来查看玩家的统计信息",
        "color": "white",
        "bold": false,
        "italic": false
      },
      {
        "text": "/trigger pinfo set <玩家ID>",
        "color": "light_purple",
        "bold": false,
        "italic": false
      },
      {
        "text": "\n默认可通过按下Tab键来查看玩家名字的ID\n\n或者通过使用",
        "color": "white",
        "bold": false,
        "italic": false
      },
      {
        "text": "/trigger pinfo ",
        "color": "light_purple",
        "bold": false,
        "italic": false
      },
      {
        "text": "就可查看到自己的信息。",
        "color": "white",
        "bold": false,
        "italic": false
      }
    ],
    "frame": "goal",
    "show_toast": false,
    "announce_to_chat": false
  },
  "parent": "xylo:datapacks_list",
  "criteria": {
    "requirement": {
      "trigger": "minecraft:tick"
    }
  }
}