{
  "parent": "xylo_tools:advancements",
  "criteria": {
    "requirement": {
      "trigger": "minecraft:player_hurt_entity",
      "conditions": {
        "player": [
          {
            "condition": "minecraft:entity_scores",
            "entity": "this",
            "scores": {
              "xtl_dw_dur_oh": 1
            }
          }
        ],
        "damage": {
          "type": {
            "direct_entity": {
              "nbt": "{Tags:[\"xtl_dual_wield\"]}"
            }
          }
        }
      }
    }
  },
  "rewards": {
    "function": "xylo_tools:weapon/melee/dual_wield/durability/used_durability_oh"
  }
}
