[
  {
    "condition": "minecraft:entity_properties",
    "entity": "this",
    "predicate": {
      "equipment": {
        "offhand": {
          "items": [
            "minecraft:crossbow"
          ],
          "nbt": "{eth:{destiny:1b}}"
        }
      }
    }
  },
  {
    "condition": "minecraft:inverted",
    "term": {
      "condition": "minecraft:entity_properties",
      "entity": "this",
      "predicate": {
        "equipment": {
          "mainhand": {
            "items": [
              "minecraft:crossbow",
              "minecraft:bow",
              "minecraft:shield"
            ]
          }
        }
      }
    }
  }
]
