{
  "condition": "minecraft:entity_properties",
  "entity": "this",
  "predicate": {
    "equipment": {
      "mainhand": {
        "items": [
          "minecraft:crossbow"
        ],
        "nbt": "{Unbreakable:1,CustomModelData:5550,display:{Lore:['[{\"text\":\"将我的火焰释放给卑鄙的人。\",\"color\":\"white\"}]','[{\"text\":\"当你的敌人在我的力量面前颤抖时，\",\"italic\":true,\"color\":\"white\"}]','[{\"text\":\"请感受我灼热的力量吧！\",\"italic\":true,\"color\":\"white\"},{\"text\":\"\",\"italic\":false,\"color\":\"dark_purple\"}]','[{\"text\":\"\",\"italic\":false,\"color\":\"dark_purple\"}]','[{\"text\":\"神圣之力:\",\"italic\":false,\"color\":\"gray\"},{\"text\":\"\",\"italic\":false,\"color\":\"dark_purple\"}]','[{\"text\":\"龙息\",\"italic\":false,\"color\":\"red\"}]']},HideFlags:127,Charged:0b}"
      }
    }
  }
}
