{
  "condition": "minecraft:entity_properties",
  "entity": "this",
  "predicate": {
    "equipment": {
      "mainhand": {
        "items": [
          "minecraft:netherite_axe"
        ],
        "nbt": "{Unbreakable:1,RepairCost:9999,CustomModelData:5553,AttributeModifiers:[{AttributeName:\"generic.attack_damage\",Amount:30,Slot:mainhand,Name:\"generic.attack_damage\",UUID:[I;-12251,29977,15128,-59954]},{AttributeName:\"generic.attack_speed\",Amount:-2,Slot:mainhand,Name:\"generic.attack_speed\",UUID:[I;-12251,30077,15128,-60154]},{AttributeName:\"generic.attack_knockback\",Amount:4,Slot:mainhand,Name:\"generic.attack_knockback\",UUID:[I;-12251,30177,15128,-60354]}],display:{Name:'[{\"text\":\"克罗诺斯的时间之斧\",\"italic\":false,\"bold\":true,\"color\":\"dark_purple\"}]',Lore:['[{\"text\":\"时间控制者已经到来！\",\"italic\":false,\"color\":\"white\"}]','[{\"text\":\"召集你的伙伴，\",\"italic\":false,\"color\":\"white\"}]','[{\"text\":\"准备与最终的邪恶战斗！\",\"italic\":false,\"color\":\"white\"},{\"text\":\"\",\"italic\":false,\"color\":\"dark_purple\"}]','[{\"text\":\"\",\"italic\":false,\"color\":\"dark_purple\"}]','[{\"text\":\"在主手时：\",\"italic\":false,\"color\":\"gray\"},{\"text\":\"\",\"italic\":false,\"color\":\"dark_purple\"}]','[{\"text\":\" \",\"italic\":false,\"color\":\"white\"},{\"text\":\"30 攻击伤害\",\"italic\":false,\"color\":\"dark_green\"}]','[{\"text\":\" 2 攻击速度\",\"italic\":false,\"color\":\"dark_green\"},{\"text\":\"\",\"italic\":false,\"color\":\"dark_purple\"}]','[{\"text\":\"\",\"italic\":false,\"color\":\"dark_purple\"}]','[{\"text\":\"神圣之力:\",\"italic\":false,\"color\":\"dark_red\"}]','[{\"text\":\" \",\"italic\":false,\"color\":\"dark_red\"},{\"text\":\"时空冲击\",\"color\":\"light_purple\"}]']},HideFlags:103}"
      }
    }
  }
}
