[
  {
    "function": "minecraft:copy_nbt",
    "source": {
      "type": "minecraft:storage",
      "source": "xylo_trinkets:op"
    },
    "ops": [
      {
        "source": "temp.trinket.tag.display",
        "target": "display",
        "op": "replace"
      }
    ]
  },
  {
    "function": "minecraft:copy_nbt",
    "source": {
      "type": "minecraft:storage",
      "source": "xylo_trinkets:op"
    },
    "ops": [
      {
        "source": "temp.trinket.tag.xylo_trinkets",
        "target": "xylo_trinkets",
        "op": "replace"
      }
    ]
  }
]