[
  {
    "function": "minecraft:copy_nbt",
    "source": {
      "type": "minecraft:storage",
      "source": "xylo_trinkets:op"
    },
    "ops": [
      {
        "source": "temp.usages",
        "target": "xylo_trinkets.usages",
        "op": "replace"
      }
    ]
  },
  {
    "function": "minecraft:set_count",
    "count": 0,
    "add": false,
    "conditions": [
      {
        "condition": "minecraft:value_check",
        "value": {
          "type": "minecraft:score",
          "target": {
            "type": "minecraft:fixed",
            "name": "#xtk_usages"
          },
          "score": "xtk_op"
        },
        "range": {
          "max": 0
        }
      }
    ]
  },
  {
    "function": "minecraft:copy_nbt",
    "source": {
      "type": "minecraft:storage",
      "source": "xylo_trinkets:op"
    },
    "ops": [
      {
        "source": "temp.lore0",
        "target": "display.Lore",
        "op": "replace"
      }
    ]
  },
  {
    "function": "minecraft:set_lore",
    "entity": "this",
    "lore": [
      [
        {
          "text": "使用次数: ",
          "color": "gray",
          "italic": false
        },
        {
          "score": {
            "name": "#xtk_usages",
            "objective": "xtk_op"
          },
          "color": "gray",
          "italic": false
        }
      ]
    ],
    "replace": false
  },
  {
    "function": "minecraft:copy_nbt",
    "source": {
      "type": "minecraft:storage",
      "source": "xylo_trinkets:op"
    },
    "ops": [
      {
        "source": "temp.lore2",
        "target": "display.Lore",
        "op": "append"
      }
    ]
  }
]