{
  "type": "minecraft:tree",
  "config": {
    "force_dirt": false,
    "dirt_provider": {
      "state": {
        "Name": "minecraft:dirt"
      },
      "type": "minecraft:simple_state_provider"
    },
    "ignore_vines": false,
    "minimum_size": {
      "limit": 1,
      "lower_size": 0,
      "upper_size": 1,
      "type": "minecraft:two_layers_feature_size"
    },
    "decorators": [],
    "trunk_provider": {
      "state": {
        "Properties": {
          "axis": "y"
        },
        "Name": "minecraft:dark_oak_log"
      },
      "type": "minecraft:simple_state_provider"
    },
    "foliage_provider": {
      "state": {
        "Properties": {
          "persistent": "false",
          "distance": "7"
        },
        "Name": "minecraft:dark_oak_leaves"
      },
      "type": "minecraft:simple_state_provider"
    },
    "foliage_placer": {
      "radius": 2,
      "offset": 0,
      "height": 2,
      "type": "minecraft:jungle_foliage_placer"
    },
    "trunk_placer": {
      "base_height": 25,
      "height_rand_a": 3,
      "height_rand_b": 3,
      "type": "minecraft:mega_jungle_trunk_placer"
    },
    "sapling_provider": {
      "state": {
        "Name": "minecraft:dirt"
      },
      "type": "minecraft:simple_state_provider"
    }
  }
}
