{
  "type": "minecraft:waterlogged_vegetation_patch",
  "config": {
    "surface": "floor",
    "depth": 1,
    "vertical_range": 3,
    "extra_bottom_block_chance": 0.5,
    "extra_edge_column_chance": 0.2,
    "vegetation_chance": 1.0,
    "xz_radius": 1,
    "replaceable": "#minecraft:grass_block",
    "ground_state": {
      "type": "minecraft:simple_state_provider",
      "state": {
        "Name": "minecraft:grass_block",
        "Properties": {
          "snowy": "false"
        }
      }
    },
    "vegetation_feature": {
      "placement": [],
      "feature": {
        "type": "minecraft:random_selector",
        "config": {
          "features": [],
          "default": {
            "feature": {
              "type": "minecraft:block_column",
              "config": {
                "direction": "up",
                "allowed_placement": {
                  "type": "minecraft:true"
                },
                "prioritize_tip": false,
                "layers": [
                  {
                    "height": 1,
                    "provider": {
                      "type": "minecraft:simple_state_provider",
                      "state": {
                        "Name": "minecraft:grass_block",
                        "Properties": {
                          "snowy": "false"
                        }
                      }
                    }
                  },
                  {
                    "height": 1,
                    "provider": {
                      "type": "minecraft:simple_state_provider",
                      "state": {
                        "Name": "minecraft:lilac",
                        "Properties": {
                          "half": "lower"
                        }
                      }
                    }
                  },
                  {
                    "height": 1,
                    "provider": {
                      "type": "minecraft:weighted_state_provider",
                      "entries": [
                        {
                          "weight": 3,
                          "data": {
                            "Name": "minecraft:lilac",
                            "Properties": {
                              "half": "upper"
                            }
                          }
                        }
                      ]
                    }
                  }
                ]
              }
            },
            "placement": []
          }
        }
      }
    }
  }
}