[
  {
      "condition": "minecraft:location_check",
      "predicate": {
          "block": {
              "block": "minecraft:barrel",
              "nbt": "{Items:[{Slot:2b,id:\"minecraft:jigsaw\",tag:{eth:{essence:1b}}},{Slot:3b,id:\"minecraft:jigsaw\",tag:{eth:{phoenix_feather:1b}}},{Slot:4b,id:\"minecraft:jigsaw\",tag:{eth:{essence:1b}}},{Slot:11b,id:\"minecraft:jigsaw\",tag:{eth:{fungus_core:1b}}},{Slot:12b,id:\"minecraft:jigsaw\",tag:{eth:{chromium_chunk:1b}}},{Slot:13b,id:\"minecraft:jigsaw\",tag:{eth:{robust_horn:1b}}},{Slot:20b,id:\"minecraft:jigsaw\",tag:{eth:{essence:1b}}},{Slot:21b,id:\"minecraft:bone\",tag:{eth:{fossil:1b}}},{Slot:22b,id:\"minecraft:jigsaw\",tag:{eth:{essence:1b}}}]}"
          }
      }
      
  }
]