[
  {
      "condition": "minecraft:location_check",
      "predicate": {
          "block": {
              "block": "minecraft:barrel",
              "nbt": "{Items:[{Slot:3b,id:\"minecraft:jigsaw\",tag:{eth:{fungus_core:1b}}},{Slot:4b,id:\"minecraft:string\"},{Slot:11b,id:\"minecraft:jigsaw\",tag:{eth:{fungus_core:1b}}},{Slot:13b,id:\"minecraft:string\"},{Slot:21b,id:\"minecraft:jigsaw\",tag:{eth:{fungus_core:1b}}},{Slot:22b,id:\"minecraft:string\"}]}"
          }
      }
      
  },
  {
      "condition": "minecraft:inverted",
      "term": {
        "condition": "minecraft:location_check",
        "predicate": {
          "block": {
            "nbt": "{Items:[{Slot:2b}]}"
          }
        }
      }
    },
    {
      "condition": "minecraft:inverted",
      "term": {
        "condition": "minecraft:location_check",
        "predicate": {
          "block": {
            "nbt": "{Items:[{Slot:12b}]}"
          }
        }
      }
    },
    {
      "condition": "minecraft:inverted",
      "term": {
        "condition": "minecraft:location_check",
        "predicate": {
          "block": {
            "nbt": "{Items:[{Slot:20b}]}"
          }
        }
      }
    }
]