[
    {
        "condition": "minecraft:location_check",
        "predicate": {
            "block": {
                "block": "minecraft:barrel",
                "nbt": "{Items:[{Slot:2b,id:\"minecraft:rotten_flesh\",tag:{eth:{larvae:1b}}},{Slot:3b,id:\"minecraft:rotten_flesh\",tag:{eth:{larvae:1b}}},{Slot:4b,id:\"minecraft:rotten_flesh\",tag:{eth:{larvae:1b}}},{Slot:11b,id:\"minecraft:rotten_flesh\",tag:{eth:{larvae:1b}}},{Slot:12b,id:\"minecraft:rotten_flesh\",tag:{eth:{larvae:1b}}},{Slot:21b,id:\"minecraft:bowl\"},{Slot:13b,id:\"minecraft:rotten_flesh\",tag:{eth:{larvae:1b}}}]}"
            }
        }
        
    },
    {
        "condition": "minecraft:inverted",
        "term": {
          "condition": "minecraft:location_check",
          "predicate": {
            "block": {
              "nbt": "{Items:[{Slot:20b}]}"
            }
          }
        }
      },
      {
        "condition": "minecraft:inverted",
        "term": {
          "condition": "minecraft:location_check",
          "predicate": {
            "block": {
              "nbt": "{Items:[{Slot:22b}]}"
            }
          }
        }
      }
]