[
        {
            "condition": "minecraft:location_check",
            "predicate": {
                "block": {
                    "block": "minecraft:barrel",
                    "nbt": "{Items:[{Slot:12b,id:\"minecraft:string\"},{Slot:11b,id:\"minecraft:jigsaw\",tag:{eth:{phoenix_feather:1b}}},{Slot:13b,id:\"minecraft:jigsaw\",tag:{eth:{phoenix_feather:1b}}}]}"
                }
            }
            
        },
        {
            "condition": "minecraft:inverted",
            "term": {
              "condition": "minecraft:location_check",
              "predicate": {
                "block": {
                  "nbt": "{Items:[{Slot:2b}]}"
                }
              }
            }
          },
          {
            "condition": "minecraft:inverted",
            "term": {
              "condition": "minecraft:location_check",
              "predicate": {
                "block": {
                  "nbt": "{Items:[{Slot:3b}]}"
                }
              }
            }
          },
          {
            "condition": "minecraft:inverted",
            "term": {
              "condition": "minecraft:location_check",
              "predicate": {
                "block": {
                  "nbt": "{Items:[{Slot:4b}]}"
                }
              }
            }
          },
          {
            "condition": "minecraft:inverted",
            "term": {
              "condition": "minecraft:location_check",
              "predicate": {
                "block": {
                  "nbt": "{Items:[{Slot:20b}]}"
                }
              }
            }
          },
          {
            "condition": "minecraft:inverted",
            "term": {
              "condition": "minecraft:location_check",
              "predicate": {
                "block": {
                  "nbt": "{Items:[{Slot:21b}]}"
                }
              }
            }
          },
          {
            "condition": "minecraft:inverted",
            "term": {
              "condition": "minecraft:location_check",
              "predicate": {
                "block": {
                  "nbt": "{Items:[{Slot:22b}]}"
                }
              }
            }
          }
]