{
    "condition": "minecraft:location_check",
    "predicate": {
        "block": {
            "block": "minecraft:barrel",
            "nbt": "{Items:[{Slot:2b,id:\"minecraft:crafting_table\",tag:{eth:{entity:1b,block:1b,crafter:1b}}},{Slot:3b,id:\"minecraft:crafting_table\",tag:{eth:{entity:1b,block:1b,crafter:1b}}},{Slot:4b,id:\"minecraft:feather\",tag:{eth:{entity:1b,block:1b,crafter:1b}}},{Slot:11b,id:\"minecraft:feather\",tag:{eth:{entity:1b,block:1b,crafter:1b}}},{Slot:12b,id:\"minecraft:spyglass\"},{Slot:13b,id:\"minecraft:feather\",tag:{eth:{entity:1b,block:1b,crafter:1b}}},{Slot:20b,id:\"minecraft:feather\",tag:{eth:{entity:1b,block:1b,crafter:1b}}},{Slot:21b,id:\"minecraft:feather\",tag:{eth:{entity:1b,block:1b,crafter:1b}}},{Slot:22b,id:\"minecraft:feather\",tag:{eth:{entity:1b,block:1b,crafter:1b}}}]}"
        }
    }
}