{
  "condition": "minecraft:alternative",
  "terms": [
    {
      "condition": "minecraft:entity_properties",
      "entity": "this",
      "predicate": {
        "passenger": {
          "passenger": {
            "type": "minecraft:area_effect_cloud",
            "nbt": "{Age:6}"
          }
        }
      }
    },
    {
      "condition": "minecraft:inverted",
      "term": {
        "condition": "minecraft:entity_properties",
        "entity": "this",
        "predicate": {
          "passenger": {
            "passenger": {
              "type": "minecraft:area_effect_cloud"
            }
          }
        }
      }
    }
  ]
}
