{
    "pools": [
        {
            "rolls": 1,
            "entries": [
                {
                    "type": "minecraft:item",
                    "name": "golden_boots",
                    "functions": [
                        {
                            "function": "minecraft:set_name",
                            "name": {
                                "text": "神圣工作台",
                                "color": "white",
                                "italic": false
                            }
                        },
                        {
                            "function": "minecraft:set_nbt",
                            "tag": "{display:{Name:'{\"text\":\"航天靴\",\"italic\":false}',Lore:['{\"text\":\" \"}','{\"text\":\"穿在脚上时：\",\"color\":\"gray\",\"italic\":false}','{\"text\":\" +1 护甲值\",\"color\":\"blue\",\"italic\":false}','{\"text\":\"BQ:hangtianxue\",\"color\":\"white\",\"italic\":false}']},HideFlags:2,eth:{aeroboots:1b},AttributeModifiers:[{AttributeName:\"generic.armor\",Name:\"generic.armor\",Amount:1,Operation:0,UUID:[I;-131082897,1966493171,-1918737248,-296860070],Slot:\"feet\"}]}"
                        }
                    ]
                }
            ]
        }
    ]
}