{
    "pools": [
        {
            "rolls": 1,
            "entries": [
                {
                    "type": "minecraft:item",
                    "name": "carrot_on_a_stick",
                    "functions": [
                        {
                            "function": "minecraft:set_nbt",
                            "tag": "{display:{Name:'{\"text\":\"上升珍珠\",\"color\":\"yellow\",\"italic\":false}'},CustomModelData:5552,eth:{ascended_pearl:1b},Enchantments:[{}]}"
                        }
                    ]
                }
            ]
        }
    ]
}