{
    "pools": [
        {
            "rolls": 1,
            "entries": [
                {
                    "type": "minecraft:item",
                    "name": "netherite_chestplate",
                    "functions": [
                        {
                            "function": "minecraft:set_nbt",
                            "tag": "{Unbreakable:1b,display:{Name:'{\"text\":\"兽人胸甲\",\"color\":\"dark_purple\",\"italic\":false}',Lore:['{\"text\":\" \"}','{\"text\":\"穿在身上时： \",\"color\":\"gray\",\"italic\":false}','{\"text\":\" +12 护甲值\",\"color\":\"blue\",\"italic\":false}','{\"text\":\" +5 盔甲韧性\",\"color\":\"blue\",\"italic\":false}','{\"text\":\" +2 击退抗性\",\"color\":\"blue\",\"italic\":false}','{\"text\":\" \"}','{\"text\":\"套装增益:\",\"color\":\"gray\",\"italic\":false}','{\"text\":\" +6 驯服伤害\",\"color\":\"blue\",\"italic\":false}','{\"text\":\" 驯服生物的被动再生\",\"color\":\"blue\",\"italic\":false}','{\"text\":\" BQ:shourenxiongjia\",\"color\":\"white\",\"italic\":false}']},HideFlags:2,eth:{beastmaster_chestplate:1b},AttributeModifiers:[{AttributeName:\"generic.armor\",Name:\"generic.armor\",Amount:12,Operation:0,UUID:[I;-1061734079,1365724027,-2052298464,-1776237914],Slot:\"chest\"},{AttributeName:\"generic.armor_toughness\",Name:\"generic.armor_toughness\",Amount:5,Operation:0,UUID:[I;1081807889,1334461396,-1719665131,-1188103325],Slot:\"chest\"},{AttributeName:\"generic.knockback_resistance\",Name:\"generic.knockback_resistance\",Amount:2,Operation:0,UUID:[I;-22112339,158550989,-2124700551,-1500320358],Slot:\"chest\"}]}"
                        }
                    ]
                }
            ]
        }
    ]
}