{
    "pools": [
        {
            "rolls": 1,
            "entries": [
                {
                    "type": "minecraft:item",
                    "name": "netherite_helmet",
                    "functions": [
                        {
                            "function": "minecraft:set_nbt",
                            "tag": "{Unbreakable:1b,display:{Name:'{\"text\":\"铬头盔\",\"color\":\"light_purple\",\"italic\":false}',Lore:['{\"text\":\" \"}','{\"text\":\"戴在头上时：\",\"color\":\"gray\",\"italic\":false}','{\"text\":\" +4 护甲值\",\"color\":\"blue\",\"italic\":false}','{\"text\":\" +5 盔甲韧性\",\"color\":\"blue\",\"italic\":false}','{\"text\":\" +2 击退抗性\",\"color\":\"blue\",\"italic\":false}','{\"text\":\" BQ:getoukui\",\"color\":\"white\",\"italic\":false}']},HideFlags:2,eth:{chromium_helmet:1b},AttributeModifiers:[{AttributeName:\"generic.armor\",Name:\"generic.armor\",Amount:4,Operation:0,UUID:[I;-333210859,-338409179,-1349543220,1352294788],Slot:\"head\"},{AttributeName:\"generic.armor_toughness\",Name:\"generic.armor_toughness\",Amount:5,Operation:0,UUID:[I;-1527690993,970016594,-2123426156,-1152106464],Slot:\"head\"},{AttributeName:\"generic.knockback_resistance\",Name:\"generic.knockback_resistance\",Amount:2,Operation:0,UUID:[I;-1675976202,-1672656093,-1755063345,-2097237311],Slot:\"head\"}]}"
                        }
                    ]
                }
            ]
        }
    ]
}