{
    "pools": [
        {
            "rolls": 1,
            "entries": [
                {
                    "type": "minecraft:item",
                    "name": "shield",
                    "functions": [
                        {
                            "function": "minecraft:set_nbt",
                            "tag": "{display:{Name:'{\"text\":\"铬盾\",\"color\":\"light_purple\",\"italic\":false}',Lore:['{\"text\":\"无法破坏\",\"color\":\"blue\",\"italic\":false}','{\"text\":\"BQ:gedun\",\"color\":\"white\",\"italic\":false}']},HideFlags:4,Unbreakable:1b,eth:{chromium_shield:1b}}"
                        }
                    ]
                }
            ]
        }
    ]
}