{
    "pools": [
        {
            "rolls": 1,
            "entries": [
                {
                    "type": "minecraft:item",
                    "name": "crossbow",
                    "functions": [
                        {
                            "function": "minecraft:set_nbt",
                            "tag": "{Unbreakable:1b,display:{Name:'{\"text\":\"铬弩\",\"color\":\"light_purple\",\"italic\":false}',Lore:['{\"text\":\"75% 额外伤害\",\"color\":\"gray\",\"italic\":false}','{\"text\":\"BQ:genu\",\"color\":\"white\",\"italic\":false}']},eth:{tick_item:2b,chromium_crossbow:1b}}"
                        }
                    ]
                }
            ]
        }
    ]
}