{
    "pools": [
        {
            "rolls": 1,
            "entries": [
                {
                    "type": "minecraft:item",
                    "name": "netherite_leggings",
                    "functions": [
                        {
                            "function": "minecraft:set_nbt",
                            "tag": "{Unbreakable:1b,display:{Name:'{\"text\":\"铬裤\",\"color\":\"light_purple\",\"italic\":false}',Lore:['{\"text\":\" \"}','{\"text\":\"穿在腿上时：\",\"color\":\"gray\",\"italic\":false}','{\"text\":\" +10 护甲值\",\"color\":\"blue\",\"italic\":false}','{\"text\":\" +5 盔甲韧性\",\"color\":\"blue\",\"italic\":false}','{\"text\":\" +2 击退抗性\",\"color\":\"blue\",\"italic\":false}','{\"text\":\" BQ:gehutui\",\"color\":\"white\",\"italic\":false}']},HideFlags:2,eth:{chromium_leggings:1b},AttributeModifiers:[{AttributeName:\"generic.armor\",Name:\"generic.armor\",Amount:10,Operation:0,UUID:[I;937412125,469781290,-1458685276,-1089068651],Slot:\"legs\"},{AttributeName:\"generic.armor_toughness\",Name:\"generic.armor_toughness\",Amount:5,Operation:0,UUID:[I;1646826464,-320911186,-1562985608,612162801],Slot:\"legs\"},{AttributeName:\"generic.knockback_resistance\",Name:\"generic.knockback_resistance\",Amount:2,Operation:0,UUID:[I;-1403611649,1700810563,-1088109771,-197183264],Slot:\"legs\"}]}"
                        }
                    ]
                }
            ]
        }
    ]
}