{
    "pools": [
        {
            "rolls": 1,
            "entries": [
                {
                    "type": "minecraft:item",
                    "name": "netherite_shovel",
                    "functions": [
                        {
                            "function": "minecraft:set_nbt",
                            "tag": "{Unbreakable:1b,display:{Name:'{\"text\":\"铬锹\",\"color\":\"light_purple\",\"italic\":false}',Lore:['{\"text\":\" \"}','{\"text\":\"在主手时：\",\"color\":\"gray\",\"italic\":false}','{\"text\":\" 12 攻击伤害\",\"color\":\"dark_green\",\"italic\":false}','{\"text\":\" 1 攻击速度\",\"color\":\"dark_green\",\"italic\":false}']},HideFlags:2,CustomModelData:5551,eth:{chromium_shovel:1b},AttributeModifiers:[{AttributeName:\"generic.attack_damage\",Name:\"generic.attack_damage\",Amount:11,Operation:0,UUID:[I;692121429,1538541640,-1291005615,1642311707],Slot:\"mainhand\"},{AttributeName:\"generic.attack_speed\",Name:\"generic.attack_speed\",Amount:-3,Operation:0,UUID:[I;1904154188,-1433188926,-1954265112,-1162930285],Slot:\"mainhand\"}]}"
                        }
                    ]
                }
            ]
        }
    ]
}