{
  "pools": [
    {
      "rolls": 1,
      "entries": [
        {
          "type": "minecraft:item",
          "name": "minecraft:crossbow",
          "functions": [
            {
              "function": "minecraft:set_nbt",
              "tag": "{Unbreakable:1,RepairCost:999999,CustomModelData:5556,display:{Name:'[{\"text\":\"命运之球\",\"italic\":false,\"color\":\"yellow\"}]',Lore:['[{\"text\":\"你将一个简单的水晶球组合到了一起，\",\"italic\":false,\"color\":\"white\"}]','[{\"text\":\"通过它你将能预知你那\",\"italic\":false,\"color\":\"white\"}]','[{\"text\":\"正在成长的力量...\",\"italic\":false,\"color\":\"white\"}]']},HideFlags:127,eth:{spells:1b,destiny:1b},Charged:1b}"
            }
          ]
        }
      ]
    }
  ]
}
