{
    "pools": [
        {
            "rolls": 1,
            "entries": [
                {
                    "type": "minecraft:item",
                    "name": "iron_chestplate",
                    "functions": [
                        {
                            "function": "minecraft:set_nbt",
                            "tag": "{display:{Name:'{\"text\":\"琥珀胸甲\",\"color\":\"yellow\",\"italic\":false}',Lore:['{\"text\":\" \"}','{\"text\":\"穿在身上时：\",\"color\":\"gray\",\"italic\":false}','{\"text\":\" +10 护甲值\",\"color\":\"blue\",\"italic\":false}','{\"text\":\" +4 盔甲韧性\",\"color\":\"blue\",\"italic\":false}','{\"text\":\" +2 击退抗性\",\"color\":\"blue\",\"italic\":false}','{\"text\":\" BQ:hupoxiongjia\",\"color\":\"white\",\"italic\":false}']},HideFlags:2,eth:{ember_chestplate:1b,td_chestplate:1b},AttributeModifiers:[{AttributeName:\"generic.armor\",Name:\"generic.armor\",Amount:10,Operation:0,UUID:[I;2030565286,-1049607332,-1283917609,1051575236],Slot:\"chest\"},{AttributeName:\"generic.armor_toughness\",Name:\"generic.armor_toughness\",Amount:4,Operation:0,UUID:[I;-265579177,596856426,-1221178512,1119184714],Slot:\"chest\"},{AttributeName:\"generic.knockback_resistance\",Name:\"generic.knockback_resistance\",Amount:2,Operation:0,UUID:[I;-1020763042,-1649457242,-1944980720,1833098676],Slot:\"chest\"}]}"
                        }
                    ]
                }
            ]
        }
    ]
}