{
    "pools": [
        {
            "rolls": 1,
            "entries": [
                {
                    "type": "minecraft:item",
                    "name": "iron_boots",
                    "functions": [
                        {
                            "function": "minecraft:set_nbt",
                            "tag": "{display:{Name:'{\"text\":\"琥珀靴\",\"color\":\"yellow\",\"italic\":false}',Lore:['{\"text\":\" \"}','{\"text\":\"穿在脚上时：\",\"color\":\"gray\",\"italic\":false}','{\"text\":\" +3 护甲值\",\"color\":\"blue\",\"italic\":false}','{\"text\":\" +4 盔甲韧性\",\"color\":\"blue\",\"italic\":false}','{\"text\":\" +2 击退抗性\",\"color\":\"blue\",\"italic\":false}','{\"text\":\" BQ:hupoxue\",\"color\":\"white\",\"italic\":false}']},HideFlags:2,eth:{ember_boots:1b,td_boots:1b},AttributeModifiers:[{AttributeName:\"generic.armor\",Name:\"generic.armor\",Amount:3,Operation:0,UUID:[I;570881019,67913016,-1135781295,-1745706149],Slot:\"feet\"},{AttributeName:\"generic.armor_toughness\",Name:\"generic.armor_toughness\",Amount:4,Operation:0,UUID:[I;-1759759779,-534822795,-1562386249,1206926336],Slot:\"feet\"},{AttributeName:\"generic.knockback_resistance\",Name:\"generic.knockback_resistance\",Amount:2,Operation:0,UUID:[I;-363129294,-362722703,-1209900290,1337894533],Slot:\"feet\"}]}"
                        }
                    ]
                }
            ]
        }
    ]
}