{
    "pools": [
        {
            "rolls": 1,
            "entries": [
                {
                    "type": "minecraft:item",
                    "name": "bow",
                    "functions": [
                        {
                            "function": "minecraft:set_nbt",
                            "tag": "{display:{Name:'{\"text\":\"化石法杖\",\"color\":\"light_purple\",\"italic\":false}',Lore:['{\"text\":\"75% 魔法力量\",\"color\":\"gray\",\"italic\":false}']},HideFlags:1,eth:{fossil_staff:1b},Enchantments:[{id:\"minecraft:infinity\",lvl:1s}]}"
                        }
                    ]
                }
            ]
        }
    ]
}