{
    "pools": [
        {
            "rolls": 1,
            "entries": [
                {
                    "type": "minecraft:item",
                    "name": "carrot_on_a_stick",
                    "functions": [
                        {
                            "function": "minecraft:set_nbt",
                            "tag": "{display:{Name:'{\"text\":\"真菌法杖\",\"color\":\"yellow\",\"italic\":false}',Lore:['{\"text\":\"50% 魔法力量:\",\"color\":\"gray\",\"italic\":false}']},CustomModelData:5553,eth:{fungus_staff:1b},Enchantments:[{}]}"
                        }
                    ]
                }
            ]
        }
    ]
}