{
    "pools": [
        {
            "rolls": 1,
            "entries": [
                {
                    "type": "minecraft:item",
                    "name": "stone_pickaxe",
                    "functions": [
                        {
                            "function": "minecraft:set_nbt",
                            "tag": "{CanDestroy:[\"minecraft:ancient_debris\"],display:{Name:'{\"text\":\"炼狱石斧\",\"color\":\"yellow\",\"italic\":false}',Lore:['{\"text\":\" \"}','{\"text\":\"在主手时：\",\"color\":\"gray\",\"italic\":false}','{\"text\":\" 16 攻击伤害\",\"color\":\"dark_green\",\"italic\":false}','{\"text\":\" 0.9 攻击速度\",\"color\":\"dark_green\",\"italic\":false}']},HideFlags:2,CustomModelData:5551,eth:{hellstone_axe:1b},Enchantments:[{id:\"minecraft:fire_aspect\",lvl:3s},{id:\"minecraft:efficiency\",lvl:6s}],AttributeModifiers:[{AttributeName:\"generic.attack_damage\",Name:\"generic.attack_damage\",Amount:15,Operation:0,UUID:[I;-1897963470,-1424932581,-1205289629,-1626495431],Slot:\"mainhand\"},{AttributeName:\"generic.attack_speed\",Name:\"generic.attack_speed\",Amount:-3.1,Operation:0,UUID:[I;1428413930,957105117,-1963542991,842938183],Slot:\"mainhand\"}]}"
                        }
                    ]
                }
            ]
        }
    ]
}