{
    "pools": [
        {
            "rolls": 1,
            "entries": [
                {
                    "type": "minecraft:item",
                    "name": "netherite_pickaxe",
                    "functions": [
                        {
                            "function": "minecraft:set_nbt",
                            "tag": "{display:{Name:'{\"text\":\"冰镐\",\"color\":\"light_purple\",\"italic\":false}',Lore:['{\"text\":\"具有开采铬矿的能力。\",\"color\":\"gray\",\"italic\":false}','{\"text\":\" \"}','{\"text\":\"在主手时：\",\"color\":\"gray\",\"italic\":false}','{\"text\":\" 7 攻击伤害\",\"color\":\"dark_green\",\"italic\":false}','{\"text\":\" 1.2 攻击速度\",\"color\":\"dark_green\",\"italic\":false}']},HideFlags:2,CustomModelData:5551,eth:{item:7b,ice_pick:1b},Enchantments:[{id:\"minecraft:efficiency\",lvl:6s},{id:\"minecraft:silk_touch\",lvl:1s}],AttributeModifiers:[{AttributeName:\"generic.attack_damage\",Name:\"generic.attack_damage\",Amount:6,Operation:0,UUID:[I;1513077403,415451791,-2130983256,592905748],Slot:\"mainhand\"},{AttributeName:\"generic.attack_speed\",Name:\"generic.attack_speed\",Amount:-2.8,Operation:0,UUID:[I;-2120910800,-1709816669,-1107429840,-1340826069],Slot:\"mainhand\"}]}"
                        }
                    ]
                }
            ]
        }
    ]
}