{
    "pools": [
        {
            "rolls": 1,
            "entries": [
                {
                    "type": "minecraft:item",
                    "name": "carrot_on_a_stick",
                    "functions": [
                        {
                            "function": "minecraft:set_nbt",
                            "tag": "{display:{Name:'{\"text\":\"迷宫钥匙\",\"color\":\"yellow\",\"italic\":false}'},CustomModelData:5554,eth:{item:9b,labyrinth_key:1b}}"
                        }
                    ]
                }
            ]
        }
    ]
}