{
    "pools": [
        {
            "rolls": 1,
            "entries": [
                {
                    "type": "minecraft:item",
                    "name": "wooden_sword",
                    "functions": [
                        {
                            "function": "minecraft:set_nbt",
                            "tag": "{display:{Name:'{\"text\":\"针矛\",\"italic\":false}',Lore:['{\"text\":\" \"}','{\"text\":\"在主手时：\",\"color\":\"gray\",\"italic\":false}','{\"text\":\" 10 攻击伤害\",\"color\":\"dark_green\",\"italic\":false}','{\"text\":\" 1.6 攻击速度\",\"color\":\"dark_green\",\"italic\":false}']},HideFlags:2,CustomModelData:5551,eth:{needle_spear:1b},AttributeModifiers:[{AttributeName:\"generic.attack_damage\",Name:\"generic.attack_damage\",Amount:9,Operation:0,UUID:[I;897752081,-1825879748,-2016924910,-1773886410],Slot:\"mainhand\"},{AttributeName:\"generic.attack_speed\",Name:\"generic.attack_speed\",Amount:-2.4,Operation:0,UUID:[I;885342092,-12040432,-1175251226,2120144378],Slot:\"mainhand\"}]}"
                        }
                    ]
                }
            ]
        }
    ]
}