{
    "pools": [
        {
            "rolls": 1,
            "entries": [
                {
                    "type": "minecraft:item",
                    "name": "elytra",
                    "functions": [
                        {
                            "function": "minecraft:set_nbt",
                            "tag": "{display:{Name:'{\"text\":\"凤凰之翼\",\"color\":\"light_purple\",\"italic\":false}',Lore:['{\"text\":\"按住[Shift]键提升高度。\",\"color\":\"gray\",\"italic\":false}','{\"text\":\"BQ:fenghuangzhiyi\",\"color\":\"white\",\"italic\":false}']},HideFlags:2,eth:{phoenix_wings:1b}}"
                        }
                    ]
                }
            ]
        }
    ]
}