{
    "pools": [
        {
            "rolls": 1,
            "entries": [
                {
                    "type": "minecraft:item",
                    "name": "chainmail_helmet",
                    "functions": [
                        {
                            "function": "minecraft:set_nbt",
                            "tag": "{display:{Name:'{\"text\":\"镶金头盔\",\"color\":\"yellow\",\"italic\":false}',Lore:['{\"text\":\" \"}','{\"text\":\"戴在头上时：\",\"color\":\"gray\",\"italic\":false}','{\"text\":\" +3 护甲值\",\"color\":\"blue\",\"italic\":false}','{\"text\":\" +4 盔甲韧性\",\"color\":\"blue\",\"italic\":false}','{\"text\":\"BQ:xiangjintoukui\",\"color\":\"white\",\"italic\":false}']},HideFlags:2,eth:{plated_helmet:1b,td_helmet:1b},AttributeModifiers:[{AttributeName:\"generic.armor\",Name:\"generic.armor\",Amount:3,Operation:0,UUID:[I;288773215,115688669,-1167204404,1050056719],Slot:\"head\"},{AttributeName:\"generic.armor_toughness\",Name:\"generic.armor_toughness\",Amount:4,Operation:0,UUID:[I;-1870627025,-1625339847,-1393073433,1752181747],Slot:\"head\"}]}"
                        }
                    ]
                }
            ]
        }
    ]
}