{
    "pools": [
        {
            "rolls": 1,
            "entries": [
                {
                    "type": "minecraft:item",
                    "name": "chainmail_boots",
                    "functions": [
                        {
                            "function": "minecraft:set_nbt",
                            "tag": "{display:{Name:'{\"text\":\"镶金靴\",\"color\":\"yellow\",\"italic\":false}',Lore:['{\"text\":\" \"}','{\"text\":\"穿在脚上时：\",\"color\":\"gray\",\"italic\":false}','{\"text\":\" +3 护甲值\",\"color\":\"blue\",\"italic\":false}','{\"text\":\" +4 盔甲韧性\",\"color\":\"blue\",\"italic\":false}','{\"text\":\"BQ:xiangjinxue\",\"color\":\"white\",\"italic\":false}']},HideFlags:2,eth:{plated_boots:1b,td_boots:1b},AttributeModifiers:[{AttributeName:\"generic.armor\",Name:\"generic.armor\",Amount:3,Operation:0,UUID:[I;-131082897,1966493171,-1918737248,-296860070],Slot:\"feet\"},{AttributeName:\"generic.armor_toughness\",Name:\"generic.armor_toughness\",Amount:4,Operation:0,UUID:[I;-1689972137,759713634,-2125075416,1005589377],Slot:\"feet\"}]}"
                        }
                    ]
                }
            ]
        }
    ]
}