{
    "pools": [
        {
            "rolls": 1,
            "entries": [
                {
                    "type": "minecraft:item",
                    "name": "chainmail_leggings",
                    "functions": [
                        {
                            "function": "minecraft:set_nbt",
                            "tag": "{display:{Name:'{\"text\":\"镶金裤\",\"color\":\"yellow\",\"italic\":false}',Lore:['{\"text\":\" \"}','{\"text\":\"穿在腿上时：\",\"color\":\"gray\",\"italic\":false}','{\"text\":\" +7 护甲值\",\"color\":\"blue\",\"italic\":false}','{\"text\":\" +4 盔甲韧性\",\"color\":\"blue\",\"italic\":false}','{\"text\":\"BQ:xiangjinhutui\",\"color\":\"white\",\"italic\":false}']},HideFlags:2,eth:{plated_leggings:1b,td_leggings:1b},AttributeModifiers:[{AttributeName:\"generic.armor\",Name:\"generic.armor\",Amount:7,Operation:0,UUID:[I;1587245677,1101742263,-2044693747,-1772648675],Slot:\"legs\"},{AttributeName:\"generic.armor_toughness\",Name:\"generic.armor_toughness\",Amount:4,Operation:0,UUID:[I;-313759395,-1678487770,-1970082621,-1701167200],Slot:\"legs\"}]}"
                        }
                    ]
                }
            ]
        }
    ]
}