{
  "pools": [
      {
          "rolls": 1,
          "entries": [
              {
                  "type": "item",
                  "weight": 1,
                  "name": "minecraft:crossbow",
                  "functions": [
                      {
                          "function": "set_nbt",
                          "tag": "{Unbreakable:1,CustomModelData:5551,display:{Name:'[{\"text\":\"紫晶棒\",\"italic\":false,\"color\":\"yellow\"}]',Lore:['[{\"text\":\"一个自带紫水晶催化剂的动力棒，\",\"italic\":false,\"color\":\"white\"}]','[{\"text\":\"将你的力量集中到治疗上。\",\"italic\":false,\"color\":\"white\"},{\"text\":\"\",\"italic\":false,\"color\":\"dark_purple\"}]','[{\"text\":\"\",\"italic\":false,\"color\":\"dark_purple\"}]','[{\"text\":\"神圣之力:\",\"italic\":false,\"color\":\"gray\"}]','[{\"text\":\"活力 II\",\"italic\":false,\"color\":\"light_purple\"}]']},HideFlags:31,eth:{spells:1b,vigor:1b}}"
                      }
                  ]
              }
          ]
      }
  ]
}