{
  "pools": [
    {
      "rolls": 1,
      "entries": [
        {
          "type": "minecraft:item",
          "name": "minecraft:crossbow",
          "functions": [
            {
              "function": "minecraft:set_nbt",
              "tag": "{Unbreakable:1,RepairCost:9999,CustomModelData:5552,display:{Name:'[{\"text\":\"冰棒\",\"italic\":false,\"color\":\"yellow\"}]',Lore:['[{\"text\":\"你获得了一根冰棒，\",\"italic\":false,\"color\":\"white\"}]','[{\"text\":\"它是使用被困在冰窟中的灵魂制作的精华，\",\"italic\":false,\"color\":\"white\"}]','[{\"text\":\"它散发着冰霜平原令人心寒的孤独感。\",\"italic\":false,\"color\":\"white\"}]','[{\"text\":\"\",\"italic\":false,\"color\":\"white\"},{\"text\":\"\",\"italic\":false,\"color\":\"dark_purple\"}]','[{\"text\":\"\",\"italic\":false,\"color\":\"dark_purple\"}]','[{\"text\":\"神圣之力:\",\"italic\":false,\"color\":\"gray\"},{\"text\":\"\",\"italic\":false,\"color\":\"dark_purple\"}]','[{\"text\":\"Ice Blast\",\"italic\":false,\"color\":\"aqua\"}]']},HideFlags:127,eth:{spells:1b,ice_blast:1b},Charged:1b}"
            }
          ]
        }
      ]
    }
  ]
}
