{
  "pools": [
    {
      "rolls": 1,
      "entries": [
        {
          "type": "minecraft:item",
          "name": "minecraft:crossbow",
          "functions": [
            {
              "function": "minecraft:set_nbt",
              "tag": "{Unbreakable:1,RepairCost:9999,CustomModelData:5553,display:{Name:'[{\"text\":\"火焰棒\",\"italic\":false,\"color\":\"yellow\"}]',Lore:['[{\"text\":\"它只不过是一根镶有金边的棍子，\",\"italic\":false,\"color\":\"white\"}]','[{\"text\":\"但它是集中神力的道具\",\"italic\":false,\"color\":\"white\"}]','[{\"text\":\"之一。\",\"italic\":false,\"color\":\"white\"},{\"text\":\"\",\"italic\":false,\"color\":\"dark_purple\"}]','[{\"text\":\"\",\"italic\":false,\"color\":\"dark_purple\"}]','[{\"text\":\"神圣之力:\",\"italic\":false,\"color\":\"gray\"},{\"text\":\"\",\"italic\":false,\"color\":\"dark_purple\"}]','[{\"text\":\"火花枪\",\"italic\":false,\"color\":\"yellow\"}]']},HideFlags:127,eth:{spells:1b,spark_shot:1b},Charged:1b,ChargedProjectiles:[{id:\"minecraft:firework_rocket\",Count:1b,tag:{Fireworks:{Flight:1,Explosions:[{Flicker:1b,Trail:1b,Colors:[I;16773140],FadeColors:[I;16777215]},{Type:2,Colors:[I;16773140]},{Type:4,Colors:[I;16777215]},{Type:2,Colors:[I;16777215]},{Type:4,Colors:[I;16773140]},{Colors:[I;255,65280,16711680,13107455],FadeColors:[I;16777215]}]}}}]}\n"
            }
          ]
        }
      ]
    }
  ]
}
