{
    "pools": [
        {
            "rolls": 1,
            "entries": [
                {
                    "type": "minecraft:item",
                    "name": "netherite_boots",
                    "functions": [
                        {
                            "function": "minecraft:set_nbt",
                            "tag": "{Unbreakable:1b,display:{Name:'{\"text\":\"巫师靴\",\"color\":\"dark_purple\",\"italic\":false}',Lore:['{\"text\":\" \"}','{\"text\":\"穿在脚上时： \",\"color\":\"gray\",\"italic\":false}','{\"text\":\" +4 护甲值\",\"color\":\"blue\",\"italic\":false}','{\"text\":\" +5 盔甲韧性\",\"color\":\"blue\",\"italic\":false}','{\"text\":\" +2 击退抗性\",\"color\":\"blue\",\"italic\":false}','{\"text\":\" \"}','{\"text\":\"套装增益:\",\"color\":\"gray\",\"italic\":false}','{\"text\":\" +20% 速度\",\"color\":\"blue\",\"italic\":false}','{\"text\":\" 方块穿透传送\",\"color\":\"blue\",\"italic\":false}','{\"text\":\"BQ:wushixue\",\"color\":\"white\",\"italic\":false}']},HideFlags:2,eth:{shaman_boots:1b},AttributeModifiers:[{AttributeName:\"generic.armor\",Name:\"generic.armor\",Amount:4,Operation:0,UUID:[I;1875837429,2058962461,-1476268065,-1547830804],Slot:\"feet\"},{AttributeName:\"generic.armor_toughness\",Name:\"generic.armor_toughness\",Amount:5,Operation:0,UUID:[I;184646309,-579583262,-1740564333,1877379868],Slot:\"feet\"},{AttributeName:\"generic.knockback_resistance\",Name:\"generic.knockback_resistance\",Amount:2,Operation:0,UUID:[I;1906751134,465128950,-1508889294,-484139383],Slot:\"feet\"}]}"
                        }
                    ]
                }
            ]
        }
    ]
}