{
    "pools": [
        {
            "rolls": 1,
            "entries": [
                {
                    "type": "minecraft:item",
                    "name": "netherite_leggings",
                    "functions": [
                        {
                            "function": "minecraft:set_nbt",
                            "tag": "{Unbreakable:1b,display:{Name:'{\"text\":\"巫师裤\",\"color\":\"dark_purple\",\"italic\":false}',Lore:['{\"text\":\" \"}','{\"text\":\"穿在腿上时： \",\"color\":\"gray\",\"italic\":false}','{\"text\":\" +10 护甲值\",\"color\":\"blue\",\"italic\":false}','{\"text\":\" +5 盔甲韧性\",\"color\":\"blue\",\"italic\":false}','{\"text\":\" +2 击退抗性\",\"color\":\"blue\",\"italic\":false}','{\"text\":\" \"}','{\"text\":\"套装增益:\",\"color\":\"gray\",\"italic\":false}','{\"text\":\" +20% 速度\",\"color\":\"blue\",\"italic\":false}','{\"text\":\" 方块穿透传送\",\"color\":\"blue\",\"italic\":false}','{\"text\":\"BQ:wushihutui\",\"color\":\"white\",\"italic\":false}']},HideFlags:2,eth:{shaman_leggings:1b},AttributeModifiers:[{AttributeName:\"generic.armor\",Name:\"generic.armor\",Amount:10,Operation:0,UUID:[I;-1760038595,144723965,-2127359561,-842641361],Slot:\"legs\"},{AttributeName:\"generic.armor_toughness\",Name:\"generic.armor_toughness\",Amount:5,Operation:0,UUID:[I;1363306415,-564704732,-1780850943,1095467729],Slot:\"legs\"},{AttributeName:\"generic.knockback_resistance\",Name:\"generic.knockback_resistance\",Amount:2,Operation:0,UUID:[I;-1426409963,-1082636710,-1730244117,1089968950],Slot:\"legs\"}]}"
                        }
                    ]
                }
            ]
        }
    ]
}