{
    "pools": [
        {
            "rolls": 1,
            "entries": [
                {
                    "type": "minecraft:item",
                    "name": "netherite_helmet",
                    "functions": [
                        {
                            "function": "minecraft:set_nbt",
                            "tag": "{Unbreakable:1b,display:{Name:'{\"text\":\"巫师头盔\",\"color\":\"dark_purple\",\"italic\":false}',Lore:['{\"text\":\" \"}','{\"text\":\"戴在头上时： \",\"color\":\"gray\",\"italic\":false}','{\"text\":\" +4 护甲值\",\"color\":\"blue\",\"italic\":false}','{\"text\":\" +5 盔甲韧性\",\"color\":\"blue\",\"italic\":false}','{\"text\":\" +2 击退抗性\",\"color\":\"blue\",\"italic\":false}','{\"text\":\" \"}','{\"text\":\"套装增益:\",\"color\":\"gray\",\"italic\":false}','{\"text\":\" +20% 速度\",\"color\":\"blue\",\"italic\":false}','{\"text\":\" 方块穿透传送\",\"color\":\"blue\",\"italic\":false}','{\"text\":\"BQ:wushitoukui\",\"color\":\"white\",\"italic\":false}']},HideFlags:2,eth:{shaman_helmet:1b},AttributeModifiers:[{AttributeName:\"generic.armor\",Name:\"generic.armor\",Amount:4,Operation:0,UUID:[I;-630978240,1550404443,-1362895986,1548338113],Slot:\"head\"},{AttributeName:\"generic.armor_toughness\",Name:\"generic.armor_toughness\",Amount:5,Operation:0,UUID:[I;-615068256,-1475850694,-1423254688,-390872270],Slot:\"head\"},{AttributeName:\"generic.knockback_resistance\",Name:\"generic.knockback_resistance\",Amount:2,Operation:0,UUID:[I;1091130591,-501264720,-1472953761,1649368276],Slot:\"head\"}]}"
                        }
                    ]
                }
            ]
        }
    ]
}