{
  "pools": [
    {
      "rolls": 1,
      "entries": [
        {
          "type": "minecraft:item",
          "name": "minecraft:written_book",
          "functions": [
            {
              "function": "minecraft:set_nbt",
              "tag": "{pages:['{\"text\":\"基础属性\\\\n\\\\n我相信我在《神圣维度生存指南》中解释过，一个人可以直接吸入元素碎片，以吸收它们的力量。然而，它们的功能不仅仅是在你消耗它们时慢慢地强化你...\"}','{\"text\":\"基础属性\\\\n\\\\n看，你可能已经注意到在吃了哪怕只是一个元素碎片后感到特别疲劳和饥饿 - 别担心，吃下一整片碎片不会杀死你，甚至可能恰恰相反。\"}','{\"text\":\"基础属性\\\\n\\\\n这些碎片在食用时具有超强的新陈代谢作用，可以迅速增加生命的再生能力，而代价是你最后吃的那顿饭。在紧要关头，这是很方便的，可以证明囤积它们以备不时之需。\"}','{\"text\":\"元素XP分配\\\\n\\\\n至于力量的增益，请注意，在它们的基础价值上，你需要20个碎片类型来达到该元素属性的第一个等级，而进一步的等级自然需要更多。\"}','{\"text\":\"元素XP分配\\\\n\\\\n然而，偏爱某些元素将使该元素在每一等级所需的碎片总量减半，并使该元素的反面所需的碎片数量翻倍。\"}','{\"text\":\"元素XP分配只需要10个水碎片就能达到1级箭术，40个火碎片就能达到1级近战力量。当然，以太在所有元素中都是平衡的。\"}'],title:\"杜克斯的元素指南\",author:\"导游Dux\",generation:3,display:{Lore:[\"在我的野外指南中，我简要地介绍了每一种元素以及如何赋予它们力量，现在是时候让你了解碎片和它们那神秘的力量了。\"]}}"
            }
          ]
        }
      ]
    }
  ]
}
