{
    "pools": [
        {
            "rolls": 1,
            "entries": [
                {
                    "type": "minecraft:item",
                    "name": "carrot_on_a_stick",
                    "functions": [
                        {
                            "function": "minecraft:set_nbt",
                            "tag": "{display:{Name:'{\"text\":\"灵魂扳手\",\"color\":\"light_purple\",\"italic\":false}'},CustomModelData:5557,eth:{tick_item:6b,soul_wrench:1b}}"
                        }
                    ]
                }
            ]
        }
    ]
}