{
    "pools": [
        {
            "rolls": 1,
            "entries": [
                {
                    "type": "minecraft:item",
                    "name": "netherite_axe",
                    "functions": [
                        {
                            "function": "minecraft:set_nbt",
                            "tag": "{Unbreakable:1b,display:{Name:'{\"text\":\"碎石机\",\"color\":\"light_purple\",\"italic\":false}',Lore:['{\"text\":\"惊呆敌人。\",\"color\":\"gray\",\"italic\":false}','{\"text\":\" \"}','{\"text\":\"在主手时：\",\"color\":\"gray\",\"italic\":false}','{\"text\":\" 24 攻击伤害\",\"color\":\"dark_green\",\"italic\":false}','{\"text\":\" 0.5 攻击速度\",\"color\":\"dark_green\",\"italic\":false}']},CustomModelData:5555,eth:{stagbreaker:1b,tick_item:7b},HideFlags:2,Enchantments:[{id:\"minecraft:knockback\",lvl:3s}],AttributeModifiers:[{AttributeName:\"generic.attack_damage\",Name:\"generic.attack_damage\",Amount:23,Operation:0,UUID:[I;788950176,-1081586352,-1550200333,-1254077091],Slot:\"mainhand\"},{AttributeName:\"generic.attack_speed\",Name:\"generic.attack_speed\",Amount:-3.5,Operation:0,UUID:[I;520912098,2023049355,-1653376588,-642202360],Slot:\"mainhand\"}]}"
                        }
                    ]
                }
            ]
        }
    ]
}
