{
    "pools": [
        {
            "rolls": 1,
            "entries": [
                {
                    "type": "minecraft:item",
                    "name": "jigsaw",
                    "functions": [
                        {
                            "function": "minecraft:set_nbt",
                            "tag": "{display:{Name:'{\"text\":\"狼头盔\",\"color\":\"light_purple\",\"italic\":false}'},eth:{wolf_armor:1b},CustomModelData:55510}"
                        }
                    ]
                }
            ]
        }
    ]
}