{
    "name": "任务介绍！",
    "icon": "enigmatica:textures/quest_book.png",
    "category": "patchouli:quests",
    "sortnum": 0,
    "pages": [
        {
            "type": "text",
            "text": "在以前你可能出来都没有玩过$(#ffa500)$(l)FTB任务$(reset)，所以在本章节中会教你一个有关任务的一些信息，任务是什么不言而喻，$(l)它是给予你一系列的目标，在完成这些目标后给予你一定的奖励$(reset)。"
        },

        {
            "type": "text",
            "text": "任务通常是可以选择做或者不做，但对于那些你不熟悉的模组最好还是去通过任务提示去完成它，任务有许多种不同的类型。包括但不限于提交同一种物品，提交大量能源等等。总的来说或，任务会给予你一个明确的目标，当你完成它时，便会给予你一定的奖励，有的是给予你物品但有的则是给予你一个随机奖励的战利品箱！"
        },

        {
            "type": "text",
            "text": "如果你不知道如何去使用某些物品，或者你对某些模组不了解，完全可以尝试按照相关的任务章节去学习，即便你知道了如何使用该模组但或许你能够从任务提示中获得特殊的只是！你还在等什么？$(l)如果打开任务书，任务书可通过点击位于物品栏左上角的任务书图标来打开，或者按($(k:ftbquests.quests)键来打开任务书)。$(reset)祝你游玩快乐！"
        }
    ]
}