{
	"credit": "Made with Blockbench",
	"textures": {
		"0": "block/white_stained_glass",
		"1": "block/netherite_block",
		"2": "block/iron_block",
		"particle": "block/white_stained_glass"
	},
	"elements": [
		{
			"name": "hexadecagon",
			"from": [7.70163, 0.5, 6.5],
			"to": [8.29837, 2.5, 6.75],
			"rotation": {"angle": -45, "axis": "y", "origin": [8, 1, 8]},
			"faces": {
				"north": {"uv": [7.70163, 13.5, 8.29837, 15.5], "texture": "#0"},
				"south": {"uv": [7.70163, 13.5, 8.29837, 15.5], "texture": "#0"},
				"up": {"uv": [7.70163, 6.5, 8.29837, 6.75], "texture": "#0"}
			}
		},
		{
			"name": "hexadecagon",
			"from": [7.70163, 0.5, 6.5],
			"to": [8.29837, 2.5, 6.75],
			"rotation": {"angle": -22.5, "axis": "y", "origin": [8, 1, 8]},
			"faces": {
				"north": {"uv": [7.70163, 13.5, 8.29837, 15.5], "texture": "#0"},
				"south": {"uv": [7.70163, 13.5, 8.29837, 15.5], "texture": "#0"},
				"up": {"uv": [7.70163, 6.5, 8.29837, 6.75], "texture": "#0"}
			}
		},
		{
			"name": "hexadecagon",
			"from": [7.70163, 0.5, 6.5],
			"to": [8.29837, 2.5, 6.75],
			"rotation": {"angle": 0, "axis": "y", "origin": [8, 1, 8]},
			"faces": {
				"north": {"uv": [7.70163, 13.5, 8.29837, 15.5], "texture": "#0"},
				"south": {"uv": [7.70163, 13.5, 8.29837, 15.5], "texture": "#0"},
				"up": {"uv": [7.70163, 6.5, 8.29837, 6.75], "texture": "#0"}
			}
		},
		{
			"name": "hexadecagon",
			"from": [7.70163, 0.5, 6.5],
			"to": [8.29837, 2.5, 6.75],
			"rotation": {"angle": 22.5, "axis": "y", "origin": [8, 1, 8]},
			"faces": {
				"north": {"uv": [7.70163, 13.5, 8.29837, 15.5], "texture": "#0"},
				"south": {"uv": [7.70163, 13.5, 8.29837, 15.5], "texture": "#0"},
				"up": {"uv": [7.70163, 6.5, 8.29837, 6.75], "texture": "#0"}
			}
		},
		{
			"name": "hexadecagon",
			"from": [7.70163, 0.5, 6.5],
			"to": [8.29837, 2.5, 6.75],
			"rotation": {"angle": 45, "axis": "y", "origin": [8, 1, 8]},
			"faces": {
				"north": {"uv": [7.70163, 13.5, 8.29837, 15.5], "texture": "#0"},
				"south": {"uv": [7.70163, 13.5, 8.29837, 15.5], "texture": "#0"},
				"up": {"uv": [7.70163, 6.5, 8.29837, 6.75], "texture": "#0"}
			}
		},
		{
			"name": "hexadecagon",
			"from": [7.70163, 0.5, 9.25],
			"to": [8.29837, 2.5, 9.5],
			"rotation": {"angle": -45, "axis": "y", "origin": [8, 1, 8]},
			"faces": {
				"north": {"uv": [7.70163, 13.5, 8.29837, 15.5], "texture": "#0"},
				"south": {"uv": [7.70163, 13.5, 8.29837, 15.5], "texture": "#0"},
				"up": {"uv": [7.70163, 9.25, 8.29837, 9.5], "texture": "#0"}
			}
		},
		{
			"name": "hexadecagon",
			"from": [7.70163, 0.5, 9.25],
			"to": [8.29837, 2.5, 9.5],
			"rotation": {"angle": -22.5, "axis": "y", "origin": [8, 1, 8]},
			"faces": {
				"north": {"uv": [7.70163, 13.5, 8.29837, 15.5], "texture": "#0"},
				"south": {"uv": [7.70163, 13.5, 8.29837, 15.5], "texture": "#0"},
				"up": {"uv": [7.70163, 9.25, 8.29837, 9.5], "texture": "#0"}
			}
		},
		{
			"name": "hexadecagon",
			"from": [7.70163, 0.5, 9.25],
			"to": [8.29837, 2.5, 9.5],
			"rotation": {"angle": 0, "axis": "y", "origin": [8, 1, 8]},
			"faces": {
				"north": {"uv": [7.70163, 13.5, 8.29837, 15.5], "texture": "#0"},
				"south": {"uv": [7.70163, 13.5, 8.29837, 15.5], "texture": "#0"},
				"up": {"uv": [7.70163, 9.25, 8.29837, 9.5], "texture": "#0"}
			}
		},
		{
			"name": "hexadecagon",
			"from": [7.70163, 0.5, 9.25],
			"to": [8.29837, 2.5, 9.5],
			"rotation": {"angle": 22.5, "axis": "y", "origin": [8, 1, 8]},
			"faces": {
				"north": {"uv": [7.70163, 13.5, 8.29837, 15.5], "texture": "#0"},
				"south": {"uv": [7.70163, 13.5, 8.29837, 15.5], "texture": "#0"},
				"up": {"uv": [7.70163, 9.25, 8.29837, 9.5], "texture": "#0"}
			}
		},
		{
			"name": "hexadecagon",
			"from": [7.70163, 0.5, 9.25],
			"to": [8.29837, 2.5, 9.5],
			"rotation": {"angle": 45, "axis": "y", "origin": [8, 1, 8]},
			"faces": {
				"north": {"uv": [7.70163, 13.5, 8.29837, 15.5], "texture": "#0"},
				"south": {"uv": [7.70163, 13.5, 8.29837, 15.5], "texture": "#0"},
				"up": {"uv": [7.70163, 9.25, 8.29837, 9.5], "texture": "#0"}
			}
		},
		{
			"name": "hexadecagon",
			"from": [6.5, 0.5, 7.70163],
			"to": [6.75, 2.5, 8.29837],
			"rotation": {"angle": -22.5, "axis": "y", "origin": [8, 1, 8]},
			"faces": {
				"east": {"uv": [7.70163, 13.5, 8.29837, 15.5], "texture": "#0"},
				"west": {"uv": [7.70163, 13.5, 8.29837, 15.5], "texture": "#0"},
				"up": {"uv": [6.5, 7.70163, 6.75, 8.29837], "texture": "#0"}
			}
		},
		{
			"name": "hexadecagon",
			"from": [6.5, 0.5, 7.70163],
			"to": [6.75, 2.5, 8.29837],
			"rotation": {"angle": 0, "axis": "y", "origin": [8, 1, 8]},
			"faces": {
				"east": {"uv": [7.70163, 13.5, 8.29837, 15.5], "texture": "#0"},
				"west": {"uv": [7.70163, 13.5, 8.29837, 15.5], "texture": "#0"},
				"up": {"uv": [6.5, 7.70163, 6.75, 8.29837], "texture": "#0"}
			}
		},
		{
			"name": "hexadecagon",
			"from": [6.5, 0.5, 7.70163],
			"to": [6.75, 2.5, 8.29837],
			"rotation": {"angle": 22.5, "axis": "y", "origin": [8, 1, 8]},
			"faces": {
				"east": {"uv": [7.70163, 13.5, 8.29837, 15.5], "texture": "#0"},
				"west": {"uv": [7.70163, 13.5, 8.29837, 15.5], "texture": "#0"},
				"up": {"uv": [6.5, 7.70163, 6.75, 8.29837], "texture": "#0"}
			}
		},
		{
			"name": "hexadecagon",
			"from": [9.25, 0.5, 7.70163],
			"to": [9.5, 2.5, 8.29837],
			"rotation": {"angle": -22.5, "axis": "y", "origin": [8, 1, 8]},
			"faces": {
				"east": {"uv": [7.70163, 13.5, 8.29837, 15.5], "texture": "#0"},
				"west": {"uv": [7.70163, 13.5, 8.29837, 15.5], "texture": "#0"},
				"up": {"uv": [9.25, 7.70163, 9.5, 8.29837], "texture": "#0"}
			}
		},
		{
			"name": "hexadecagon",
			"from": [9.25, 0.5, 7.70163],
			"to": [9.5, 2.5, 8.29837],
			"rotation": {"angle": 0, "axis": "y", "origin": [8, 1, 8]},
			"faces": {
				"east": {"uv": [7.70163, 13.5, 8.29837, 15.5], "texture": "#0"},
				"west": {"uv": [7.70163, 13.5, 8.29837, 15.5], "texture": "#0"},
				"up": {"uv": [9.25, 7.70163, 9.5, 8.29837], "texture": "#0"}
			}
		},
		{
			"name": "hexadecagon",
			"from": [9.25, 0.5, 7.70163],
			"to": [9.5, 2.5, 8.29837],
			"rotation": {"angle": 22.5, "axis": "y", "origin": [8, 1, 8]},
			"faces": {
				"east": {"uv": [7.70163, 13.5, 8.29837, 15.5], "texture": "#0"},
				"west": {"uv": [7.70163, 13.5, 8.29837, 15.5], "texture": "#0"},
				"up": {"uv": [9.25, 7.70163, 9.5, 8.29837], "texture": "#0"}
			}
		},
		{
			"name": "hexadecagon",
			"from": [7.70163, 0, 6.5],
			"to": [8.29837, 0.5, 9.5],
			"rotation": {"angle": -45, "axis": "y", "origin": [8, 0, 8]},
			"faces": {
				"north": {"uv": [7.70163, 15.5, 8.29837, 16], "texture": "#0"},
				"south": {"uv": [7.70163, 15.5, 8.29837, 16], "texture": "#0"},
				"up": {"uv": [7.70163, 6.5, 8.29837, 9.5], "texture": "#0"},
				"down": {"uv": [7.70163, 6.5, 8.29837, 9.5], "texture": "#0"}
			}
		},
		{
			"name": "hexadecagon",
			"from": [7.70163, 0, 6.5],
			"to": [8.29837, 0.5, 9.5],
			"rotation": {"angle": -22.5, "axis": "y", "origin": [8, 0, 8]},
			"faces": {
				"north": {"uv": [7.70163, 15.5, 8.29837, 16], "texture": "#0"},
				"south": {"uv": [7.70163, 15.5, 8.29837, 16], "texture": "#0"},
				"up": {"uv": [7.70163, 6.5, 8.29837, 9.5], "texture": "#0"},
				"down": {"uv": [7.70163, 6.5, 8.29837, 9.5], "texture": "#0"}
			}
		},
		{
			"name": "hexadecagon",
			"from": [7.70163, 0, 6.5],
			"to": [8.29837, 0.5, 9.5],
			"rotation": {"angle": 0, "axis": "y", "origin": [8, 0, 8]},
			"faces": {
				"north": {"uv": [7.70163, 15.5, 8.29837, 16], "texture": "#0"},
				"south": {"uv": [7.70163, 15.5, 8.29837, 16], "texture": "#0"},
				"up": {"uv": [7.70163, 6.5, 8.29837, 9.5], "texture": "#0"},
				"down": {"uv": [7.70163, 6.5, 8.29837, 9.5], "texture": "#0"}
			}
		},
		{
			"name": "hexadecagon",
			"from": [7.70163, 0, 6.5],
			"to": [8.29837, 0.5, 9.5],
			"rotation": {"angle": 22.5, "axis": "y", "origin": [8, 0, 8]},
			"faces": {
				"north": {"uv": [7.70163, 15.5, 8.29837, 16], "texture": "#0"},
				"south": {"uv": [7.70163, 15.5, 8.29837, 16], "texture": "#0"},
				"up": {"uv": [7.70163, 6.5, 8.29837, 9.5], "texture": "#0"},
				"down": {"uv": [7.70163, 6.5, 8.29837, 9.5], "texture": "#0"}
			}
		},
		{
			"name": "hexadecagon",
			"from": [7.70163, 0, 6.5],
			"to": [8.29837, 0.5, 9.5],
			"rotation": {"angle": 45, "axis": "y", "origin": [8, 0, 8]},
			"faces": {
				"north": {"uv": [7.70163, 15.5, 8.29837, 16], "texture": "#0"},
				"south": {"uv": [7.70163, 15.5, 8.29837, 16], "texture": "#0"},
				"up": {"uv": [7.70163, 6.5, 8.29837, 9.5], "texture": "#0"},
				"down": {"uv": [7.70163, 6.5, 8.29837, 9.5], "texture": "#0"}
			}
		},
		{
			"name": "hexadecagon",
			"from": [6.5, 0, 7.70163],
			"to": [9.5, 0.5, 8.29837],
			"rotation": {"angle": -22.5, "axis": "y", "origin": [8, 0, 8]},
			"faces": {
				"east": {"uv": [7.70163, 15.5, 8.29837, 16], "texture": "#0"},
				"west": {"uv": [7.70163, 15.5, 8.29837, 16], "texture": "#0"},
				"up": {"uv": [6.5, 7.70163, 9.5, 8.29837], "texture": "#0"},
				"down": {"uv": [6.5, 7.70163, 9.5, 8.29837], "texture": "#0"}
			}
		},
		{
			"name": "hexadecagon",
			"from": [6.5, 0, 7.70163],
			"to": [9.5, 0.5, 8.29837],
			"rotation": {"angle": 0, "axis": "y", "origin": [8, 0, 8]},
			"faces": {
				"east": {"uv": [7.70163, 15.5, 8.29837, 16], "texture": "#0"},
				"west": {"uv": [7.70163, 15.5, 8.29837, 16], "texture": "#0"},
				"up": {"uv": [6.5, 7.70163, 9.5, 8.29837], "texture": "#0"},
				"down": {"uv": [6.5, 7.70163, 9.5, 8.29837], "texture": "#0"}
			}
		},
		{
			"name": "hexadecagon",
			"from": [6.5, 0, 7.70163],
			"to": [9.5, 0.5, 8.29837],
			"rotation": {"angle": 22.5, "axis": "y", "origin": [8, 0, 8]},
			"faces": {
				"east": {"uv": [7.70163, 15.5, 8.29837, 16], "texture": "#0"},
				"west": {"uv": [7.70163, 15.5, 8.29837, 16], "texture": "#0"},
				"up": {"uv": [6.5, 7.70163, 9.5, 8.29837], "texture": "#0"},
				"down": {"uv": [6.5, 7.70163, 9.5, 8.29837], "texture": "#0"}
			}
		},
		{
			"name": "hexadecagon",
			"from": [7.71158, 2.5, 6.55],
			"to": [8.28842, 4.5, 6.8],
			"rotation": {"angle": -45, "axis": "y", "origin": [8, 3.5, 8]},
			"faces": {
				"north": {"uv": [7.71158, 11.5, 8.28842, 13.5], "texture": "#0"},
				"east": {"uv": [9.2, 11.5, 9.45, 13.5], "texture": "#0"},
				"south": {"uv": [7.71158, 11.5, 8.28842, 13.5], "texture": "#0"},
				"west": {"uv": [6.55, 11.5, 6.8, 13.5], "texture": "#0"},
				"up": {"uv": [7.71158, 6.55, 8.28842, 6.8], "texture": "#0"},
				"down": {"uv": [7.71158, 9.2, 8.28842, 9.45], "texture": "#0"}
			}
		},
		{
			"name": "hexadecagon",
			"from": [7.71158, 2.5, 6.55],
			"to": [8.28842, 4.5, 6.8],
			"rotation": {"angle": -22.5, "axis": "y", "origin": [8, 3.5, 8]},
			"faces": {
				"north": {"uv": [7.71158, 11.5, 8.28842, 13.5], "texture": "#0"},
				"east": {"uv": [9.2, 11.5, 9.45, 13.5], "texture": "#0"},
				"south": {"uv": [7.71158, 11.5, 8.28842, 13.5], "texture": "#0"},
				"west": {"uv": [6.55, 11.5, 6.8, 13.5], "texture": "#0"},
				"up": {"uv": [7.71158, 6.55, 8.28842, 6.8], "texture": "#0"},
				"down": {"uv": [7.71158, 9.2, 8.28842, 9.45], "texture": "#0"}
			}
		},
		{
			"name": "hexadecagon",
			"from": [7.71158, 2.5, 6.55],
			"to": [8.28842, 4.5, 6.8],
			"rotation": {"angle": 0, "axis": "y", "origin": [8, 3.5, 8]},
			"faces": {
				"north": {"uv": [7.71158, 11.5, 8.28842, 13.5], "texture": "#0"},
				"east": {"uv": [9.2, 11.5, 9.45, 13.5], "texture": "#0"},
				"south": {"uv": [7.71158, 11.5, 8.28842, 13.5], "texture": "#0"},
				"west": {"uv": [6.55, 11.5, 6.8, 13.5], "texture": "#0"},
				"up": {"uv": [7.71158, 6.55, 8.28842, 6.8], "texture": "#0"},
				"down": {"uv": [7.71158, 9.2, 8.28842, 9.45], "texture": "#0"}
			}
		},
		{
			"name": "hexadecagon",
			"from": [7.71158, 2.5, 6.55],
			"to": [8.28842, 4.5, 6.8],
			"rotation": {"angle": 22.5, "axis": "y", "origin": [8, 3.5, 8]},
			"faces": {
				"north": {"uv": [7.71158, 11.5, 8.28842, 13.5], "texture": "#0"},
				"east": {"uv": [9.2, 11.5, 9.45, 13.5], "texture": "#0"},
				"south": {"uv": [7.71158, 11.5, 8.28842, 13.5], "texture": "#0"},
				"west": {"uv": [6.55, 11.5, 6.8, 13.5], "texture": "#0"},
				"up": {"uv": [7.71158, 6.55, 8.28842, 6.8], "texture": "#0"},
				"down": {"uv": [7.71158, 9.2, 8.28842, 9.45], "texture": "#0"}
			}
		},
		{
			"name": "hexadecagon",
			"from": [7.71158, 2.5, 6.55],
			"to": [8.28842, 4.5, 6.8],
			"rotation": {"angle": 45, "axis": "y", "origin": [8, 3.5, 8]},
			"faces": {
				"north": {"uv": [7.71158, 11.5, 8.28842, 13.5], "texture": "#0"},
				"east": {"uv": [9.2, 11.5, 9.45, 13.5], "texture": "#0"},
				"south": {"uv": [7.71158, 11.5, 8.28842, 13.5], "texture": "#0"},
				"west": {"uv": [6.55, 11.5, 6.8, 13.5], "texture": "#0"},
				"up": {"uv": [7.71158, 6.55, 8.28842, 6.8], "texture": "#0"},
				"down": {"uv": [7.71158, 9.2, 8.28842, 9.45], "texture": "#0"}
			}
		},
		{
			"name": "hexadecagon",
			"from": [7.71158, 2.5, 9.2],
			"to": [8.28842, 4.5, 9.45],
			"rotation": {"angle": -45, "axis": "y", "origin": [8, 3.5, 8]},
			"faces": {
				"north": {"uv": [7.71158, 11.5, 8.28842, 13.5], "texture": "#0"},
				"east": {"uv": [6.55, 11.5, 6.8, 13.5], "texture": "#0"},
				"south": {"uv": [7.71158, 11.5, 8.28842, 13.5], "texture": "#0"},
				"west": {"uv": [9.2, 11.5, 9.45, 13.5], "texture": "#0"},
				"up": {"uv": [7.71158, 9.2, 8.28842, 9.45], "texture": "#0"},
				"down": {"uv": [7.71158, 6.55, 8.28842, 6.8], "texture": "#0"}
			}
		},
		{
			"name": "hexadecagon",
			"from": [7.71158, 2.5, 9.2],
			"to": [8.28842, 4.5, 9.45],
			"rotation": {"angle": -22.5, "axis": "y", "origin": [8, 3.5, 8]},
			"faces": {
				"north": {"uv": [7.71158, 11.5, 8.28842, 13.5], "texture": "#0"},
				"east": {"uv": [6.55, 11.5, 6.8, 13.5], "texture": "#0"},
				"south": {"uv": [7.71158, 11.5, 8.28842, 13.5], "texture": "#0"},
				"west": {"uv": [9.2, 11.5, 9.45, 13.5], "texture": "#0"},
				"up": {"uv": [7.71158, 9.2, 8.28842, 9.45], "texture": "#0"},
				"down": {"uv": [7.71158, 6.55, 8.28842, 6.8], "texture": "#0"}
			}
		},
		{
			"name": "hexadecagon",
			"from": [7.71158, 2.5, 9.2],
			"to": [8.28842, 4.5, 9.45],
			"rotation": {"angle": 0, "axis": "y", "origin": [8, 3.5, 8]},
			"faces": {
				"north": {"uv": [7.71158, 11.5, 8.28842, 13.5], "texture": "#0"},
				"east": {"uv": [6.55, 11.5, 6.8, 13.5], "texture": "#0"},
				"south": {"uv": [7.71158, 11.5, 8.28842, 13.5], "texture": "#0"},
				"west": {"uv": [9.2, 11.5, 9.45, 13.5], "texture": "#0"},
				"up": {"uv": [7.71158, 9.2, 8.28842, 9.45], "texture": "#0"},
				"down": {"uv": [7.71158, 6.55, 8.28842, 6.8], "texture": "#0"}
			}
		},
		{
			"name": "hexadecagon",
			"from": [7.71158, 2.5, 9.2],
			"to": [8.28842, 4.5, 9.45],
			"rotation": {"angle": 22.5, "axis": "y", "origin": [8, 3.5, 8]},
			"faces": {
				"north": {"uv": [7.71158, 11.5, 8.28842, 13.5], "texture": "#0"},
				"east": {"uv": [6.55, 11.5, 6.8, 13.5], "texture": "#0"},
				"south": {"uv": [7.71158, 11.5, 8.28842, 13.5], "texture": "#0"},
				"west": {"uv": [9.2, 11.5, 9.45, 13.5], "texture": "#0"},
				"up": {"uv": [7.71158, 9.2, 8.28842, 9.45], "texture": "#0"},
				"down": {"uv": [7.71158, 6.55, 8.28842, 6.8], "texture": "#0"}
			}
		},
		{
			"name": "hexadecagon",
			"from": [7.71158, 2.5, 9.2],
			"to": [8.28842, 4.5, 9.45],
			"rotation": {"angle": 45, "axis": "y", "origin": [8, 3.5, 8]},
			"faces": {
				"north": {"uv": [7.71158, 11.5, 8.28842, 13.5], "texture": "#0"},
				"east": {"uv": [6.55, 11.5, 6.8, 13.5], "texture": "#0"},
				"south": {"uv": [7.71158, 11.5, 8.28842, 13.5], "texture": "#0"},
				"west": {"uv": [9.2, 11.5, 9.45, 13.5], "texture": "#0"},
				"up": {"uv": [7.71158, 9.2, 8.28842, 9.45], "texture": "#0"},
				"down": {"uv": [7.71158, 6.55, 8.28842, 6.8], "texture": "#0"}
			}
		},
		{
			"name": "hexadecagon",
			"from": [6.55, 2.5, 7.71158],
			"to": [6.8, 4.5, 8.28842],
			"rotation": {"angle": -22.5, "axis": "y", "origin": [8, 3.5, 8]},
			"faces": {
				"north": {"uv": [9.2, 11.5, 9.45, 13.5], "texture": "#0"},
				"east": {"uv": [7.71158, 11.5, 8.28842, 13.5], "texture": "#0"},
				"south": {"uv": [6.55, 11.5, 6.8, 13.5], "texture": "#0"},
				"west": {"uv": [7.71158, 11.5, 8.28842, 13.5], "texture": "#0"},
				"up": {"uv": [6.55, 7.71158, 6.8, 8.28842], "texture": "#0"},
				"down": {"uv": [6.55, 7.71158, 6.8, 8.28842], "texture": "#0"}
			}
		},
		{
			"name": "hexadecagon",
			"from": [6.55, 2.5, 7.71158],
			"to": [6.8, 4.5, 8.28842],
			"rotation": {"angle": 0, "axis": "y", "origin": [8, 3.5, 8]},
			"faces": {
				"north": {"uv": [9.2, 11.5, 9.45, 13.5], "texture": "#0"},
				"east": {"uv": [7.71158, 11.5, 8.28842, 13.5], "texture": "#0"},
				"south": {"uv": [6.55, 11.5, 6.8, 13.5], "texture": "#0"},
				"west": {"uv": [7.71158, 11.5, 8.28842, 13.5], "texture": "#0"},
				"up": {"uv": [6.55, 7.71158, 6.8, 8.28842], "texture": "#0"},
				"down": {"uv": [6.55, 7.71158, 6.8, 8.28842], "texture": "#0"}
			}
		},
		{
			"name": "hexadecagon",
			"from": [6.55, 2.5, 7.71158],
			"to": [6.8, 4.5, 8.28842],
			"rotation": {"angle": 22.5, "axis": "y", "origin": [8, 3.5, 8]},
			"faces": {
				"north": {"uv": [9.2, 11.5, 9.45, 13.5], "texture": "#0"},
				"east": {"uv": [7.71158, 11.5, 8.28842, 13.5], "texture": "#0"},
				"south": {"uv": [6.55, 11.5, 6.8, 13.5], "texture": "#0"},
				"west": {"uv": [7.71158, 11.5, 8.28842, 13.5], "texture": "#0"},
				"up": {"uv": [6.55, 7.71158, 6.8, 8.28842], "texture": "#0"},
				"down": {"uv": [6.55, 7.71158, 6.8, 8.28842], "texture": "#0"}
			}
		},
		{
			"name": "hexadecagon",
			"from": [9.2, 2.5, 7.71158],
			"to": [9.45, 4.5, 8.28842],
			"rotation": {"angle": -22.5, "axis": "y", "origin": [8, 3.5, 8]},
			"faces": {
				"north": {"uv": [6.55, 11.5, 6.8, 13.5], "texture": "#0"},
				"east": {"uv": [7.71158, 11.5, 8.28842, 13.5], "texture": "#0"},
				"south": {"uv": [9.2, 11.5, 9.45, 13.5], "texture": "#0"},
				"west": {"uv": [7.71158, 11.5, 8.28842, 13.5], "texture": "#0"},
				"up": {"uv": [9.2, 7.71158, 9.45, 8.28842], "texture": "#0"},
				"down": {"uv": [9.2, 7.71158, 9.45, 8.28842], "texture": "#0"}
			}
		},
		{
			"name": "hexadecagon",
			"from": [9.2, 2.5, 7.71158],
			"to": [9.45, 4.5, 8.28842],
			"rotation": {"angle": 0, "axis": "y", "origin": [8, 3.5, 8]},
			"faces": {
				"north": {"uv": [6.55, 11.5, 6.8, 13.5], "texture": "#0"},
				"east": {"uv": [7.71158, 11.5, 8.28842, 13.5], "texture": "#0"},
				"south": {"uv": [9.2, 11.5, 9.45, 13.5], "texture": "#0"},
				"west": {"uv": [7.71158, 11.5, 8.28842, 13.5], "texture": "#0"},
				"up": {"uv": [9.2, 7.71158, 9.45, 8.28842], "texture": "#0"},
				"down": {"uv": [9.2, 7.71158, 9.45, 8.28842], "texture": "#0"}
			}
		},
		{
			"name": "hexadecagon",
			"from": [9.2, 2.5, 7.71158],
			"to": [9.45, 4.5, 8.28842],
			"rotation": {"angle": 22.5, "axis": "y", "origin": [8, 3.5, 8]},
			"faces": {
				"north": {"uv": [6.55, 11.5, 6.8, 13.5], "texture": "#0"},
				"east": {"uv": [7.71158, 11.5, 8.28842, 13.5], "texture": "#0"},
				"south": {"uv": [9.2, 11.5, 9.45, 13.5], "texture": "#0"},
				"west": {"uv": [7.71158, 11.5, 8.28842, 13.5], "texture": "#0"},
				"up": {"uv": [9.2, 7.71158, 9.45, 8.28842], "texture": "#0"},
				"down": {"uv": [9.2, 7.71158, 9.45, 8.28842], "texture": "#0"}
			}
		},
		{
			"name": "hexadecagon",
			"from": [7.72152, 4.5, 6.6],
			"to": [8.27848, 6.5, 6.85],
			"rotation": {"angle": -45, "axis": "y", "origin": [8, 5.5, 8]},
			"faces": {
				"north": {"uv": [7.72152, 9.5, 8.27848, 11.5], "texture": "#0"},
				"south": {"uv": [7.72152, 9.5, 8.27848, 11.5], "texture": "#0"},
				"up": {"uv": [7.72152, 6.6, 8.27848, 6.85], "texture": "#0"},
				"down": {"uv": [7.72152, 9.15, 8.27848, 9.4], "texture": "#0"}
			}
		},
		{
			"name": "hexadecagon",
			"from": [7.72152, 4.5, 6.6],
			"to": [8.27848, 6.5, 6.85],
			"rotation": {"angle": -22.5, "axis": "y", "origin": [8, 5.5, 8]},
			"faces": {
				"north": {"uv": [7.72152, 9.5, 8.27848, 11.5], "texture": "#0"},
				"south": {"uv": [7.72152, 9.5, 8.27848, 11.5], "texture": "#0"},
				"up": {"uv": [7.72152, 6.6, 8.27848, 6.85], "texture": "#0"},
				"down": {"uv": [7.72152, 9.15, 8.27848, 9.4], "texture": "#0"}
			}
		},
		{
			"name": "hexadecagon",
			"from": [7.72152, 4.5, 6.6],
			"to": [8.27848, 6.5, 6.85],
			"rotation": {"angle": 0, "axis": "y", "origin": [8, 5.5, 8]},
			"faces": {
				"north": {"uv": [7.72152, 9.5, 8.27848, 11.5], "texture": "#0"},
				"south": {"uv": [7.72152, 9.5, 8.27848, 11.5], "texture": "#0"},
				"up": {"uv": [7.72152, 6.6, 8.27848, 6.85], "texture": "#0"},
				"down": {"uv": [7.72152, 9.15, 8.27848, 9.4], "texture": "#0"}
			}
		},
		{
			"name": "hexadecagon",
			"from": [7.72152, 4.5, 6.6],
			"to": [8.27848, 6.5, 6.85],
			"rotation": {"angle": 22.5, "axis": "y", "origin": [8, 5.5, 8]},
			"faces": {
				"north": {"uv": [7.72152, 9.5, 8.27848, 11.5], "texture": "#0"},
				"south": {"uv": [7.72152, 9.5, 8.27848, 11.5], "texture": "#0"},
				"up": {"uv": [7.72152, 6.6, 8.27848, 6.85], "texture": "#0"},
				"down": {"uv": [7.72152, 9.15, 8.27848, 9.4], "texture": "#0"}
			}
		},
		{
			"name": "hexadecagon",
			"from": [7.72152, 4.5, 6.6],
			"to": [8.27848, 6.5, 6.85],
			"rotation": {"angle": 45, "axis": "y", "origin": [8, 5.5, 8]},
			"faces": {
				"north": {"uv": [7.72152, 9.5, 8.27848, 11.5], "texture": "#0"},
				"south": {"uv": [7.72152, 9.5, 8.27848, 11.5], "texture": "#0"},
				"up": {"uv": [7.72152, 6.6, 8.27848, 6.85], "texture": "#0"},
				"down": {"uv": [7.72152, 9.15, 8.27848, 9.4], "texture": "#0"}
			}
		},
		{
			"name": "hexadecagon",
			"from": [7.72152, 4.5, 9.15],
			"to": [8.27848, 6.5, 9.4],
			"rotation": {"angle": -45, "axis": "y", "origin": [8, 5.5, 8]},
			"faces": {
				"north": {"uv": [7.72152, 9.5, 8.27848, 11.5], "texture": "#0"},
				"south": {"uv": [7.72152, 9.5, 8.27848, 11.5], "texture": "#0"},
				"up": {"uv": [7.72152, 9.15, 8.27848, 9.4], "texture": "#0"},
				"down": {"uv": [7.72152, 6.6, 8.27848, 6.85], "texture": "#0"}
			}
		},
		{
			"name": "hexadecagon",
			"from": [7.72152, 4.5, 9.15],
			"to": [8.27848, 6.5, 9.4],
			"rotation": {"angle": -22.5, "axis": "y", "origin": [8, 5.5, 8]},
			"faces": {
				"north": {"uv": [7.72152, 9.5, 8.27848, 11.5], "texture": "#0"},
				"south": {"uv": [7.72152, 9.5, 8.27848, 11.5], "texture": "#0"},
				"up": {"uv": [7.72152, 9.15, 8.27848, 9.4], "texture": "#0"},
				"down": {"uv": [7.72152, 6.6, 8.27848, 6.85], "texture": "#0"}
			}
		},
		{
			"name": "hexadecagon",
			"from": [7.72152, 4.5, 9.15],
			"to": [8.27848, 6.5, 9.4],
			"rotation": {"angle": 0, "axis": "y", "origin": [8, 5.5, 8]},
			"faces": {
				"north": {"uv": [7.72152, 9.5, 8.27848, 11.5], "texture": "#0"},
				"south": {"uv": [7.72152, 9.5, 8.27848, 11.5], "texture": "#0"},
				"up": {"uv": [7.72152, 9.15, 8.27848, 9.4], "texture": "#0"},
				"down": {"uv": [7.72152, 6.6, 8.27848, 6.85], "texture": "#0"}
			}
		},
		{
			"name": "hexadecagon",
			"from": [7.72152, 4.5, 9.15],
			"to": [8.27848, 6.5, 9.4],
			"rotation": {"angle": 22.5, "axis": "y", "origin": [8, 5.5, 8]},
			"faces": {
				"north": {"uv": [7.72152, 9.5, 8.27848, 11.5], "texture": "#0"},
				"south": {"uv": [7.72152, 9.5, 8.27848, 11.5], "texture": "#0"},
				"up": {"uv": [7.72152, 9.15, 8.27848, 9.4], "texture": "#0"},
				"down": {"uv": [7.72152, 6.6, 8.27848, 6.85], "texture": "#0"}
			}
		},
		{
			"name": "hexadecagon",
			"from": [7.72152, 4.5, 9.15],
			"to": [8.27848, 6.5, 9.4],
			"rotation": {"angle": 45, "axis": "y", "origin": [8, 5.5, 8]},
			"faces": {
				"north": {"uv": [7.72152, 9.5, 8.27848, 11.5], "texture": "#0"},
				"south": {"uv": [7.72152, 9.5, 8.27848, 11.5], "texture": "#0"},
				"up": {"uv": [7.72152, 9.15, 8.27848, 9.4], "texture": "#0"},
				"down": {"uv": [7.72152, 6.6, 8.27848, 6.85], "texture": "#0"}
			}
		},
		{
			"name": "hexadecagon",
			"from": [6.6, 4.5, 7.72152],
			"to": [6.85, 6.5, 8.27848],
			"rotation": {"angle": -22.5, "axis": "y", "origin": [8, 5.5, 8]},
			"faces": {
				"east": {"uv": [7.72152, 9.5, 8.27848, 11.5], "texture": "#0"},
				"west": {"uv": [7.72152, 9.5, 8.27848, 11.5], "texture": "#0"},
				"up": {"uv": [6.6, 7.72152, 6.85, 8.27848], "texture": "#0"},
				"down": {"uv": [6.6, 7.72152, 6.85, 8.27848], "texture": "#0"}
			}
		},
		{
			"name": "hexadecagon",
			"from": [6.6, 4.5, 7.72152],
			"to": [6.85, 6.5, 8.27848],
			"rotation": {"angle": 0, "axis": "y", "origin": [8, 5.5, 8]},
			"faces": {
				"east": {"uv": [7.72152, 9.5, 8.27848, 11.5], "texture": "#0"},
				"west": {"uv": [7.72152, 9.5, 8.27848, 11.5], "texture": "#0"},
				"up": {"uv": [6.6, 7.72152, 6.85, 8.27848], "texture": "#0"},
				"down": {"uv": [6.6, 7.72152, 6.85, 8.27848], "texture": "#0"}
			}
		},
		{
			"name": "hexadecagon",
			"from": [6.6, 4.5, 7.72152],
			"to": [6.85, 6.5, 8.27848],
			"rotation": {"angle": 22.5, "axis": "y", "origin": [8, 5.5, 8]},
			"faces": {
				"east": {"uv": [7.72152, 9.5, 8.27848, 11.5], "texture": "#0"},
				"west": {"uv": [7.72152, 9.5, 8.27848, 11.5], "texture": "#0"},
				"up": {"uv": [6.6, 7.72152, 6.85, 8.27848], "texture": "#0"},
				"down": {"uv": [6.6, 7.72152, 6.85, 8.27848], "texture": "#0"}
			}
		},
		{
			"name": "hexadecagon",
			"from": [9.15, 4.5, 7.72152],
			"to": [9.4, 6.5, 8.27848],
			"rotation": {"angle": -22.5, "axis": "y", "origin": [8, 5.5, 8]},
			"faces": {
				"east": {"uv": [7.72152, 9.5, 8.27848, 11.5], "texture": "#0"},
				"west": {"uv": [7.72152, 9.5, 8.27848, 11.5], "texture": "#0"},
				"up": {"uv": [9.15, 7.72152, 9.4, 8.27848], "texture": "#0"},
				"down": {"uv": [9.15, 7.72152, 9.4, 8.27848], "texture": "#0"}
			}
		},
		{
			"name": "hexadecagon",
			"from": [9.15, 4.5, 7.72152],
			"to": [9.4, 6.5, 8.27848],
			"rotation": {"angle": 0, "axis": "y", "origin": [8, 5.5, 8]},
			"faces": {
				"east": {"uv": [7.72152, 9.5, 8.27848, 11.5], "texture": "#0"},
				"west": {"uv": [7.72152, 9.5, 8.27848, 11.5], "texture": "#0"},
				"up": {"uv": [9.15, 7.72152, 9.4, 8.27848], "texture": "#0"},
				"down": {"uv": [9.15, 7.72152, 9.4, 8.27848], "texture": "#0"}
			}
		},
		{
			"name": "hexadecagon",
			"from": [9.15, 4.5, 7.72152],
			"to": [9.4, 6.5, 8.27848],
			"rotation": {"angle": 22.5, "axis": "y", "origin": [8, 5.5, 8]},
			"faces": {
				"east": {"uv": [7.72152, 9.5, 8.27848, 11.5], "texture": "#0"},
				"west": {"uv": [7.72152, 9.5, 8.27848, 11.5], "texture": "#0"},
				"up": {"uv": [9.15, 7.72152, 9.4, 8.27848], "texture": "#0"},
				"down": {"uv": [9.15, 7.72152, 9.4, 8.27848], "texture": "#0"}
			}
		},
		{
			"name": "hexadecagon",
			"from": [7.75136, 6.5, 6.75],
			"to": [8.24864, 8, 7],
			"rotation": {"angle": -45, "axis": "y", "origin": [8, 7, 8]},
			"faces": {
				"north": {"uv": [7.75136, 8, 8.24864, 9.5], "texture": "#0"},
				"south": {"uv": [7.75136, 8, 8.24864, 9.5], "texture": "#0"},
				"up": {"uv": [7.75136, 6.75, 8.24864, 7], "texture": "#0"},
				"down": {"uv": [7.75136, 9, 8.24864, 9.25], "texture": "#0"}
			}
		},
		{
			"name": "hexadecagon",
			"from": [7.75136, 6.5, 6.75],
			"to": [8.24864, 8, 7],
			"rotation": {"angle": -22.5, "axis": "y", "origin": [8, 7, 8]},
			"faces": {
				"north": {"uv": [7.75136, 8, 8.24864, 9.5], "texture": "#0"},
				"south": {"uv": [7.75136, 8, 8.24864, 9.5], "texture": "#0"},
				"up": {"uv": [7.75136, 6.75, 8.24864, 7], "texture": "#0"},
				"down": {"uv": [7.75136, 9, 8.24864, 9.25], "texture": "#0"}
			}
		},
		{
			"name": "hexadecagon",
			"from": [7.75136, 6.5, 6.75],
			"to": [8.24864, 8, 7],
			"rotation": {"angle": 0, "axis": "y", "origin": [8, 7, 8]},
			"faces": {
				"north": {"uv": [7.75136, 8, 8.24864, 9.5], "texture": "#0"},
				"south": {"uv": [7.75136, 8, 8.24864, 9.5], "texture": "#0"},
				"up": {"uv": [7.75136, 6.75, 8.24864, 7], "texture": "#0"},
				"down": {"uv": [7.75136, 9, 8.24864, 9.25], "texture": "#0"}
			}
		},
		{
			"name": "hexadecagon",
			"from": [7.75136, 6.5, 6.75],
			"to": [8.24864, 8, 7],
			"rotation": {"angle": 22.5, "axis": "y", "origin": [8, 7, 8]},
			"faces": {
				"north": {"uv": [7.75136, 8, 8.24864, 9.5], "texture": "#0"},
				"south": {"uv": [7.75136, 8, 8.24864, 9.5], "texture": "#0"},
				"up": {"uv": [7.75136, 6.75, 8.24864, 7], "texture": "#0"},
				"down": {"uv": [7.75136, 9, 8.24864, 9.25], "texture": "#0"}
			}
		},
		{
			"name": "hexadecagon",
			"from": [7.75136, 6.5, 6.75],
			"to": [8.24864, 8, 7],
			"rotation": {"angle": 45, "axis": "y", "origin": [8, 7, 8]},
			"faces": {
				"north": {"uv": [7.75136, 8, 8.24864, 9.5], "texture": "#0"},
				"south": {"uv": [7.75136, 8, 8.24864, 9.5], "texture": "#0"},
				"up": {"uv": [7.75136, 6.75, 8.24864, 7], "texture": "#0"},
				"down": {"uv": [7.75136, 9, 8.24864, 9.25], "texture": "#0"}
			}
		},
		{
			"name": "hexadecagon",
			"from": [7.75136, 6.5, 9],
			"to": [8.24864, 8, 9.25],
			"rotation": {"angle": -45, "axis": "y", "origin": [8, 7, 8]},
			"faces": {
				"north": {"uv": [7.75136, 8, 8.24864, 9.5], "texture": "#0"},
				"south": {"uv": [7.75136, 8, 8.24864, 9.5], "texture": "#0"},
				"up": {"uv": [7.75136, 9, 8.24864, 9.25], "texture": "#0"},
				"down": {"uv": [7.75136, 6.75, 8.24864, 7], "texture": "#0"}
			}
		},
		{
			"name": "hexadecagon",
			"from": [7.75136, 6.5, 9],
			"to": [8.24864, 8, 9.25],
			"rotation": {"angle": -22.5, "axis": "y", "origin": [8, 7, 8]},
			"faces": {
				"north": {"uv": [7.75136, 8, 8.24864, 9.5], "texture": "#0"},
				"south": {"uv": [7.75136, 8, 8.24864, 9.5], "texture": "#0"},
				"up": {"uv": [7.75136, 9, 8.24864, 9.25], "texture": "#0"},
				"down": {"uv": [7.75136, 6.75, 8.24864, 7], "texture": "#0"}
			}
		},
		{
			"name": "hexadecagon",
			"from": [7.75136, 6.5, 9],
			"to": [8.24864, 8, 9.25],
			"rotation": {"angle": 0, "axis": "y", "origin": [8, 7, 8]},
			"faces": {
				"north": {"uv": [7.75136, 8, 8.24864, 9.5], "texture": "#0"},
				"south": {"uv": [7.75136, 8, 8.24864, 9.5], "texture": "#0"},
				"up": {"uv": [7.75136, 9, 8.24864, 9.25], "texture": "#0"},
				"down": {"uv": [7.75136, 6.75, 8.24864, 7], "texture": "#0"}
			}
		},
		{
			"name": "hexadecagon",
			"from": [7.75136, 6.5, 9],
			"to": [8.24864, 8, 9.25],
			"rotation": {"angle": 22.5, "axis": "y", "origin": [8, 7, 8]},
			"faces": {
				"north": {"uv": [7.75136, 8, 8.24864, 9.5], "texture": "#0"},
				"south": {"uv": [7.75136, 8, 8.24864, 9.5], "texture": "#0"},
				"up": {"uv": [7.75136, 9, 8.24864, 9.25], "texture": "#0"},
				"down": {"uv": [7.75136, 6.75, 8.24864, 7], "texture": "#0"}
			}
		},
		{
			"name": "hexadecagon",
			"from": [7.75136, 6.5, 9],
			"to": [8.24864, 8, 9.25],
			"rotation": {"angle": 45, "axis": "y", "origin": [8, 7, 8]},
			"faces": {
				"north": {"uv": [7.75136, 8, 8.24864, 9.5], "texture": "#0"},
				"south": {"uv": [7.75136, 8, 8.24864, 9.5], "texture": "#0"},
				"up": {"uv": [7.75136, 9, 8.24864, 9.25], "texture": "#0"},
				"down": {"uv": [7.75136, 6.75, 8.24864, 7], "texture": "#0"}
			}
		},
		{
			"name": "hexadecagon",
			"from": [6.75, 6.5, 7.75136],
			"to": [7, 8, 8.24864],
			"rotation": {"angle": -22.5, "axis": "y", "origin": [8, 7, 8]},
			"faces": {
				"east": {"uv": [7.75136, 8, 8.24864, 9.5], "texture": "#0"},
				"west": {"uv": [7.75136, 8, 8.24864, 9.5], "texture": "#0"},
				"up": {"uv": [6.75, 7.75136, 7, 8.24864], "texture": "#0"},
				"down": {"uv": [6.75, 7.75136, 7, 8.24864], "texture": "#0"}
			}
		},
		{
			"name": "hexadecagon",
			"from": [6.75, 6.5, 7.75136],
			"to": [7, 8, 8.24864],
			"rotation": {"angle": 0, "axis": "y", "origin": [8, 7, 8]},
			"faces": {
				"east": {"uv": [7.75136, 8, 8.24864, 9.5], "texture": "#0"},
				"west": {"uv": [7.75136, 8, 8.24864, 9.5], "texture": "#0"},
				"up": {"uv": [6.75, 7.75136, 7, 8.24864], "texture": "#0"},
				"down": {"uv": [6.75, 7.75136, 7, 8.24864], "texture": "#0"}
			}
		},
		{
			"name": "hexadecagon",
			"from": [6.75, 6.5, 7.75136],
			"to": [7, 8, 8.24864],
			"rotation": {"angle": 22.5, "axis": "y", "origin": [8, 7, 8]},
			"faces": {
				"east": {"uv": [7.75136, 8, 8.24864, 9.5], "texture": "#0"},
				"west": {"uv": [7.75136, 8, 8.24864, 9.5], "texture": "#0"},
				"up": {"uv": [6.75, 7.75136, 7, 8.24864], "texture": "#0"},
				"down": {"uv": [6.75, 7.75136, 7, 8.24864], "texture": "#0"}
			}
		},
		{
			"name": "hexadecagon",
			"from": [9, 6.5, 7.75136],
			"to": [9.25, 8, 8.24864],
			"rotation": {"angle": -22.5, "axis": "y", "origin": [8, 7, 8]},
			"faces": {
				"east": {"uv": [7.75136, 8, 8.24864, 9.5], "texture": "#0"},
				"west": {"uv": [7.75136, 8, 8.24864, 9.5], "texture": "#0"},
				"up": {"uv": [9, 7.75136, 9.25, 8.24864], "texture": "#0"},
				"down": {"uv": [9, 7.75136, 9.25, 8.24864], "texture": "#0"}
			}
		},
		{
			"name": "hexadecagon",
			"from": [9, 6.5, 7.75136],
			"to": [9.25, 8, 8.24864],
			"rotation": {"angle": 0, "axis": "y", "origin": [8, 7, 8]},
			"faces": {
				"east": {"uv": [7.75136, 8, 8.24864, 9.5], "texture": "#0"},
				"west": {"uv": [7.75136, 8, 8.24864, 9.5], "texture": "#0"},
				"up": {"uv": [9, 7.75136, 9.25, 8.24864], "texture": "#0"},
				"down": {"uv": [9, 7.75136, 9.25, 8.24864], "texture": "#0"}
			}
		},
		{
			"name": "hexadecagon",
			"from": [9, 6.5, 7.75136],
			"to": [9.25, 8, 8.24864],
			"rotation": {"angle": 22.5, "axis": "y", "origin": [8, 7, 8]},
			"faces": {
				"east": {"uv": [7.75136, 8, 8.24864, 9.5], "texture": "#0"},
				"west": {"uv": [7.75136, 8, 8.24864, 9.5], "texture": "#0"},
				"up": {"uv": [9, 7.75136, 9.25, 8.24864], "texture": "#0"},
				"down": {"uv": [9, 7.75136, 9.25, 8.24864], "texture": "#0"}
			}
		},
		{
			"name": "hexadecagon",
			"from": [7.74141, 8, 6.7],
			"to": [8.25859, 9, 6.95],
			"rotation": {"angle": -45, "axis": "y", "origin": [8, 8, 8]},
			"faces": {
				"north": {"uv": [7.74141, 7, 8.25859, 8], "texture": "#0"},
				"south": {"uv": [7.74141, 7, 8.25859, 8], "texture": "#0"},
				"up": {"uv": [7.74141, 6.7, 8.25859, 6.95], "texture": "#0"},
				"down": {"uv": [7.74141, 9.05, 8.25859, 9.3], "texture": "#0"}
			}
		},
		{
			"name": "hexadecagon",
			"from": [7.74141, 8, 6.7],
			"to": [8.25859, 9, 6.95],
			"rotation": {"angle": -22.5, "axis": "y", "origin": [8, 8, 8]},
			"faces": {
				"north": {"uv": [7.74141, 7, 8.25859, 8], "texture": "#0"},
				"south": {"uv": [7.74141, 7, 8.25859, 8], "texture": "#0"},
				"up": {"uv": [7.74141, 6.7, 8.25859, 6.95], "texture": "#0"},
				"down": {"uv": [7.74141, 9.05, 8.25859, 9.3], "texture": "#0"}
			}
		},
		{
			"name": "hexadecagon",
			"from": [7.74141, 8, 6.7],
			"to": [8.25859, 9, 6.95],
			"rotation": {"angle": 0, "axis": "y", "origin": [8, 8, 8]},
			"faces": {
				"north": {"uv": [7.74141, 7, 8.25859, 8], "texture": "#0"},
				"south": {"uv": [7.74141, 7, 8.25859, 8], "texture": "#0"},
				"up": {"uv": [7.74141, 6.7, 8.25859, 6.95], "texture": "#0"},
				"down": {"uv": [7.74141, 9.05, 8.25859, 9.3], "texture": "#0"}
			}
		},
		{
			"name": "hexadecagon",
			"from": [7.74141, 8, 6.7],
			"to": [8.25859, 9, 6.95],
			"rotation": {"angle": 22.5, "axis": "y", "origin": [8, 8, 8]},
			"faces": {
				"north": {"uv": [7.74141, 7, 8.25859, 8], "texture": "#0"},
				"south": {"uv": [7.74141, 7, 8.25859, 8], "texture": "#0"},
				"up": {"uv": [7.74141, 6.7, 8.25859, 6.95], "texture": "#0"},
				"down": {"uv": [7.74141, 9.05, 8.25859, 9.3], "texture": "#0"}
			}
		},
		{
			"name": "hexadecagon",
			"from": [7.74141, 8, 6.7],
			"to": [8.25859, 9, 6.95],
			"rotation": {"angle": 45, "axis": "y", "origin": [8, 8, 8]},
			"faces": {
				"north": {"uv": [7.74141, 7, 8.25859, 8], "texture": "#0"},
				"south": {"uv": [7.74141, 7, 8.25859, 8], "texture": "#0"},
				"up": {"uv": [7.74141, 6.7, 8.25859, 6.95], "texture": "#0"},
				"down": {"uv": [7.74141, 9.05, 8.25859, 9.3], "texture": "#0"}
			}
		},
		{
			"name": "hexadecagon",
			"from": [7.74141, 8, 9.05],
			"to": [8.25859, 9, 9.3],
			"rotation": {"angle": -45, "axis": "y", "origin": [8, 8, 8]},
			"faces": {
				"north": {"uv": [7.74141, 7, 8.25859, 8], "texture": "#0"},
				"south": {"uv": [7.74141, 7, 8.25859, 8], "texture": "#0"},
				"up": {"uv": [7.74141, 9.05, 8.25859, 9.3], "texture": "#0"},
				"down": {"uv": [7.74141, 6.7, 8.25859, 6.95], "texture": "#0"}
			}
		},
		{
			"name": "hexadecagon",
			"from": [7.74141, 8, 9.05],
			"to": [8.25859, 9, 9.3],
			"rotation": {"angle": -22.5, "axis": "y", "origin": [8, 8, 8]},
			"faces": {
				"north": {"uv": [7.74141, 7, 8.25859, 8], "texture": "#0"},
				"south": {"uv": [7.74141, 7, 8.25859, 8], "texture": "#0"},
				"up": {"uv": [7.74141, 9.05, 8.25859, 9.3], "texture": "#0"},
				"down": {"uv": [7.74141, 6.7, 8.25859, 6.95], "texture": "#0"}
			}
		},
		{
			"name": "hexadecagon",
			"from": [7.74141, 8, 9.05],
			"to": [8.25859, 9, 9.3],
			"rotation": {"angle": 0, "axis": "y", "origin": [8, 8, 8]},
			"faces": {
				"north": {"uv": [7.74141, 7, 8.25859, 8], "texture": "#0"},
				"south": {"uv": [7.74141, 7, 8.25859, 8], "texture": "#0"},
				"up": {"uv": [7.74141, 9.05, 8.25859, 9.3], "texture": "#0"},
				"down": {"uv": [7.74141, 6.7, 8.25859, 6.95], "texture": "#0"}
			}
		},
		{
			"name": "hexadecagon",
			"from": [7.74141, 8, 9.05],
			"to": [8.25859, 9, 9.3],
			"rotation": {"angle": 22.5, "axis": "y", "origin": [8, 8, 8]},
			"faces": {
				"north": {"uv": [7.74141, 7, 8.25859, 8], "texture": "#0"},
				"south": {"uv": [7.74141, 7, 8.25859, 8], "texture": "#0"},
				"up": {"uv": [7.74141, 9.05, 8.25859, 9.3], "texture": "#0"},
				"down": {"uv": [7.74141, 6.7, 8.25859, 6.95], "texture": "#0"}
			}
		},
		{
			"name": "hexadecagon",
			"from": [7.74141, 8, 9.05],
			"to": [8.25859, 9, 9.3],
			"rotation": {"angle": 45, "axis": "y", "origin": [8, 8, 8]},
			"faces": {
				"north": {"uv": [7.74141, 7, 8.25859, 8], "texture": "#0"},
				"south": {"uv": [7.74141, 7, 8.25859, 8], "texture": "#0"},
				"up": {"uv": [7.74141, 9.05, 8.25859, 9.3], "texture": "#0"},
				"down": {"uv": [7.74141, 6.7, 8.25859, 6.95], "texture": "#0"}
			}
		},
		{
			"name": "hexadecagon",
			"from": [6.7, 8, 7.74141],
			"to": [6.95, 9, 8.25859],
			"rotation": {"angle": -22.5, "axis": "y", "origin": [8, 8, 8]},
			"faces": {
				"east": {"uv": [7.74141, 7, 8.25859, 8], "texture": "#0"},
				"west": {"uv": [7.74141, 7, 8.25859, 8], "texture": "#0"},
				"up": {"uv": [6.7, 7.74141, 6.95, 8.25859], "texture": "#0"},
				"down": {"uv": [6.7, 7.74141, 6.95, 8.25859], "texture": "#0"}
			}
		},
		{
			"name": "hexadecagon",
			"from": [6.7, 8, 7.74141],
			"to": [6.95, 9, 8.25859],
			"rotation": {"angle": 0, "axis": "y", "origin": [8, 8, 8]},
			"faces": {
				"east": {"uv": [7.74141, 7, 8.25859, 8], "texture": "#0"},
				"west": {"uv": [7.74141, 7, 8.25859, 8], "texture": "#0"},
				"up": {"uv": [6.7, 7.74141, 6.95, 8.25859], "texture": "#0"},
				"down": {"uv": [6.7, 7.74141, 6.95, 8.25859], "texture": "#0"}
			}
		},
		{
			"name": "hexadecagon",
			"from": [6.7, 8, 7.74141],
			"to": [6.95, 9, 8.25859],
			"rotation": {"angle": 22.5, "axis": "y", "origin": [8, 8, 8]},
			"faces": {
				"east": {"uv": [7.74141, 7, 8.25859, 8], "texture": "#0"},
				"west": {"uv": [7.74141, 7, 8.25859, 8], "texture": "#0"},
				"up": {"uv": [6.7, 7.74141, 6.95, 8.25859], "texture": "#0"},
				"down": {"uv": [6.7, 7.74141, 6.95, 8.25859], "texture": "#0"}
			}
		},
		{
			"name": "hexadecagon",
			"from": [9.05, 8, 7.74141],
			"to": [9.3, 9, 8.25859],
			"rotation": {"angle": -22.5, "axis": "y", "origin": [8, 8, 8]},
			"faces": {
				"east": {"uv": [7.74141, 7, 8.25859, 8], "texture": "#0"},
				"west": {"uv": [7.74141, 7, 8.25859, 8], "texture": "#0"},
				"up": {"uv": [9.05, 7.74141, 9.3, 8.25859], "texture": "#0"},
				"down": {"uv": [9.05, 7.74141, 9.3, 8.25859], "texture": "#0"}
			}
		},
		{
			"name": "hexadecagon",
			"from": [9.05, 8, 7.74141],
			"to": [9.3, 9, 8.25859],
			"rotation": {"angle": 0, "axis": "y", "origin": [8, 8, 8]},
			"faces": {
				"east": {"uv": [7.74141, 7, 8.25859, 8], "texture": "#0"},
				"west": {"uv": [7.74141, 7, 8.25859, 8], "texture": "#0"},
				"up": {"uv": [9.05, 7.74141, 9.3, 8.25859], "texture": "#0"},
				"down": {"uv": [9.05, 7.74141, 9.3, 8.25859], "texture": "#0"}
			}
		},
		{
			"name": "hexadecagon",
			"from": [9.05, 8, 7.74141],
			"to": [9.3, 9, 8.25859],
			"rotation": {"angle": 22.5, "axis": "y", "origin": [8, 8, 8]},
			"faces": {
				"east": {"uv": [7.74141, 7, 8.25859, 8], "texture": "#0"},
				"west": {"uv": [7.74141, 7, 8.25859, 8], "texture": "#0"},
				"up": {"uv": [9.05, 7.74141, 9.3, 8.25859], "texture": "#0"},
				"down": {"uv": [9.05, 7.74141, 9.3, 8.25859], "texture": "#0"}
			}
		},
		{
			"name": "hexadecagon",
			"from": [9, 9, 7.73147],
			"to": [9.35, 9.5, 8.26853],
			"rotation": {"angle": 22.5, "axis": "y", "origin": [8, 9.5, 8]},
			"faces": {
				"north": {"uv": [6.65, 6.5, 7, 7], "texture": "#1"},
				"east": {"uv": [7.73147, 6.5, 8.26853, 7], "texture": "#1"},
				"south": {"uv": [9, 6.5, 9.35, 7], "texture": "#1"},
				"west": {"uv": [7.73147, 6.5, 8.26853, 7], "texture": "#1"},
				"up": {"uv": [9, 7.73147, 9.35, 8.26853], "texture": "#1"},
				"down": {"uv": [9, 7.73147, 9.35, 8.26853], "texture": "#1"}
			}
		},
		{
			"name": "hexadecagon",
			"from": [7.73147, 9, 6.65],
			"to": [8.26853, 9.5, 7],
			"rotation": {"angle": -45, "axis": "y", "origin": [8, 9.5, 8]},
			"faces": {
				"north": {"uv": [7.73147, 6.5, 8.26853, 7], "texture": "#1"},
				"east": {"uv": [9, 6.5, 9.35, 7], "texture": "#1"},
				"south": {"uv": [7.73147, 6.5, 8.26853, 7], "texture": "#1"},
				"west": {"uv": [6.65, 6.5, 7, 7], "texture": "#1"},
				"up": {"uv": [7.73147, 6.65, 8.26853, 7], "texture": "#1"},
				"down": {"uv": [7.73147, 9, 8.26853, 9.35], "texture": "#1"}
			}
		},
		{
			"name": "hexadecagon",
			"from": [7.73147, 9, 6.65],
			"to": [8.26853, 9.5, 7],
			"rotation": {"angle": -22.5, "axis": "y", "origin": [8, 9.5, 8]},
			"faces": {
				"north": {"uv": [7.73147, 6.5, 8.26853, 7], "texture": "#1"},
				"east": {"uv": [9, 6.5, 9.35, 7], "texture": "#1"},
				"south": {"uv": [7.73147, 6.5, 8.26853, 7], "texture": "#1"},
				"west": {"uv": [6.65, 6.5, 7, 7], "texture": "#1"},
				"up": {"uv": [7.73147, 6.65, 8.26853, 7], "texture": "#1"},
				"down": {"uv": [7.73147, 9, 8.26853, 9.35], "texture": "#1"}
			}
		},
		{
			"name": "hexadecagon",
			"from": [7.73147, 9, 6.65],
			"to": [8.26853, 9.5, 7],
			"rotation": {"angle": 0, "axis": "y", "origin": [8, 9.5, 8]},
			"faces": {
				"north": {"uv": [7.73147, 6.5, 8.26853, 7], "texture": "#1"},
				"east": {"uv": [9, 6.5, 9.35, 7], "texture": "#1"},
				"south": {"uv": [7.73147, 6.5, 8.26853, 7], "texture": "#1"},
				"west": {"uv": [6.65, 6.5, 7, 7], "texture": "#1"},
				"up": {"uv": [7.73147, 6.65, 8.26853, 7], "texture": "#1"},
				"down": {"uv": [7.73147, 9, 8.26853, 9.35], "texture": "#1"}
			}
		},
		{
			"name": "hexadecagon",
			"from": [7.73147, 9, 6.65],
			"to": [8.26853, 9.5, 7],
			"rotation": {"angle": 22.5, "axis": "y", "origin": [8, 9.5, 8]},
			"faces": {
				"north": {"uv": [7.73147, 6.5, 8.26853, 7], "texture": "#1"},
				"east": {"uv": [9, 6.5, 9.35, 7], "texture": "#1"},
				"south": {"uv": [7.73147, 6.5, 8.26853, 7], "texture": "#1"},
				"west": {"uv": [6.65, 6.5, 7, 7], "texture": "#1"},
				"up": {"uv": [7.73147, 6.65, 8.26853, 7], "texture": "#1"},
				"down": {"uv": [7.73147, 9, 8.26853, 9.35], "texture": "#1"}
			}
		},
		{
			"name": "hexadecagon",
			"from": [7.73147, 9, 6.65],
			"to": [8.26853, 9.5, 7],
			"rotation": {"angle": 45, "axis": "y", "origin": [8, 9.5, 8]},
			"faces": {
				"north": {"uv": [7.73147, 6.5, 8.26853, 7], "texture": "#1"},
				"east": {"uv": [9, 6.5, 9.35, 7], "texture": "#1"},
				"south": {"uv": [7.73147, 6.5, 8.26853, 7], "texture": "#1"},
				"west": {"uv": [6.65, 6.5, 7, 7], "texture": "#1"},
				"up": {"uv": [7.73147, 6.65, 8.26853, 7], "texture": "#1"},
				"down": {"uv": [7.73147, 9, 8.26853, 9.35], "texture": "#1"}
			}
		},
		{
			"name": "hexadecagon",
			"from": [7.73147, 9, 9],
			"to": [8.26853, 9.5, 9.35],
			"rotation": {"angle": -45, "axis": "y", "origin": [8, 9.5, 8]},
			"faces": {
				"north": {"uv": [7.73147, 6.5, 8.26853, 7], "texture": "#1"},
				"east": {"uv": [6.65, 6.5, 7, 7], "texture": "#1"},
				"south": {"uv": [7.73147, 6.5, 8.26853, 7], "texture": "#1"},
				"west": {"uv": [9, 6.5, 9.35, 7], "texture": "#1"},
				"up": {"uv": [7.73147, 9, 8.26853, 9.35], "texture": "#1"},
				"down": {"uv": [7.73147, 6.65, 8.26853, 7], "texture": "#1"}
			}
		},
		{
			"name": "hexadecagon",
			"from": [7.73147, 9, 9],
			"to": [8.26853, 9.5, 9.35],
			"rotation": {"angle": -22.5, "axis": "y", "origin": [8, 9.5, 8]},
			"faces": {
				"north": {"uv": [7.73147, 6.5, 8.26853, 7], "texture": "#1"},
				"east": {"uv": [6.65, 6.5, 7, 7], "texture": "#1"},
				"south": {"uv": [7.73147, 6.5, 8.26853, 7], "texture": "#1"},
				"west": {"uv": [9, 6.5, 9.35, 7], "texture": "#1"},
				"up": {"uv": [7.73147, 9, 8.26853, 9.35], "texture": "#1"},
				"down": {"uv": [7.73147, 6.65, 8.26853, 7], "texture": "#1"}
			}
		},
		{
			"name": "hexadecagon",
			"from": [7.73147, 9, 9],
			"to": [8.26853, 9.5, 9.35],
			"rotation": {"angle": 0, "axis": "y", "origin": [8, 9.5, 8]},
			"faces": {
				"north": {"uv": [7.73147, 6.5, 8.26853, 7], "texture": "#1"},
				"east": {"uv": [6.65, 6.5, 7, 7], "texture": "#1"},
				"south": {"uv": [7.73147, 6.5, 8.26853, 7], "texture": "#1"},
				"west": {"uv": [9, 6.5, 9.35, 7], "texture": "#1"},
				"up": {"uv": [7.73147, 9, 8.26853, 9.35], "texture": "#1"},
				"down": {"uv": [7.73147, 6.65, 8.26853, 7], "texture": "#1"}
			}
		},
		{
			"name": "hexadecagon",
			"from": [7.73147, 9, 9],
			"to": [8.26853, 9.5, 9.35],
			"rotation": {"angle": 45, "axis": "y", "origin": [8, 9.5, 8]},
			"faces": {
				"north": {"uv": [7.73147, 6.5, 8.26853, 7], "texture": "#1"},
				"east": {"uv": [6.65, 6.5, 7, 7], "texture": "#1"},
				"south": {"uv": [7.73147, 6.5, 8.26853, 7], "texture": "#1"},
				"west": {"uv": [9, 6.5, 9.35, 7], "texture": "#1"},
				"up": {"uv": [7.73147, 9, 8.26853, 9.35], "texture": "#1"},
				"down": {"uv": [7.73147, 6.65, 8.26853, 7], "texture": "#1"}
			}
		},
		{
			"name": "hexadecagon",
			"from": [6.65, 9, 7.73147],
			"to": [7, 9.5, 8.26853],
			"rotation": {"angle": -22.5, "axis": "y", "origin": [8, 9.5, 8]},
			"faces": {
				"north": {"uv": [9, 6.5, 9.35, 7], "texture": "#1"},
				"east": {"uv": [7.73147, 6.5, 8.26853, 7], "texture": "#1"},
				"south": {"uv": [6.65, 6.5, 7, 7], "texture": "#1"},
				"west": {"uv": [7.73147, 6.5, 8.26853, 7], "texture": "#1"},
				"up": {"uv": [6.65, 7.73147, 7, 8.26853], "texture": "#1"},
				"down": {"uv": [6.65, 7.73147, 7, 8.26853], "texture": "#1"}
			}
		},
		{
			"name": "hexadecagon",
			"from": [6.65, 9, 7.73147],
			"to": [7, 9.5, 8.26853],
			"rotation": {"angle": 0, "axis": "y", "origin": [8, 9.5, 8]},
			"faces": {
				"north": {"uv": [9, 6.5, 9.35, 7], "texture": "#1"},
				"east": {"uv": [7.73147, 6.5, 8.26853, 7], "texture": "#1"},
				"south": {"uv": [6.65, 6.5, 7, 7], "texture": "#1"},
				"west": {"uv": [7.73147, 6.5, 8.26853, 7], "texture": "#1"},
				"up": {"uv": [6.65, 7.73147, 7, 8.26853], "texture": "#1"},
				"down": {"uv": [6.65, 7.73147, 7, 8.26853], "texture": "#1"}
			}
		},
		{
			"name": "hexadecagon",
			"from": [6.65, 9, 7.73147],
			"to": [7, 9.5, 8.26853],
			"rotation": {"angle": 22.5, "axis": "y", "origin": [8, 9.5, 8]},
			"faces": {
				"north": {"uv": [9, 6.5, 9.35, 7], "texture": "#1"},
				"east": {"uv": [7.73147, 6.5, 8.26853, 7], "texture": "#1"},
				"south": {"uv": [6.65, 6.5, 7, 7], "texture": "#1"},
				"west": {"uv": [7.73147, 6.5, 8.26853, 7], "texture": "#1"},
				"up": {"uv": [6.65, 7.73147, 7, 8.26853], "texture": "#1"},
				"down": {"uv": [6.65, 7.73147, 7, 8.26853], "texture": "#1"}
			}
		},
		{
			"name": "hexadecagon",
			"from": [9, 9, 7.73147],
			"to": [9.35, 9.5, 8.26853],
			"rotation": {"angle": -22.5, "axis": "y", "origin": [8, 9.5, 8]},
			"faces": {
				"north": {"uv": [6.65, 6.5, 7, 7], "texture": "#1"},
				"east": {"uv": [7.73147, 6.5, 8.26853, 7], "texture": "#1"},
				"south": {"uv": [9, 6.5, 9.35, 7], "texture": "#1"},
				"west": {"uv": [7.73147, 6.5, 8.26853, 7], "texture": "#1"},
				"up": {"uv": [9, 7.73147, 9.35, 8.26853], "texture": "#1"},
				"down": {"uv": [9, 7.73147, 9.35, 8.26853], "texture": "#1"}
			}
		},
		{
			"name": "hexadecagon",
			"from": [9, 9, 7.73147],
			"to": [9.35, 9.5, 8.26853],
			"rotation": {"angle": 0, "axis": "y", "origin": [8, 9.5, 8]},
			"faces": {
				"north": {"uv": [6.65, 6.5, 7, 7], "texture": "#1"},
				"east": {"uv": [7.73147, 6.5, 8.26853, 7], "texture": "#1"},
				"south": {"uv": [9, 6.5, 9.35, 7], "texture": "#1"},
				"west": {"uv": [7.73147, 6.5, 8.26853, 7], "texture": "#1"},
				"up": {"uv": [9, 7.73147, 9.35, 8.26853], "texture": "#1"},
				"down": {"uv": [9, 7.73147, 9.35, 8.26853], "texture": "#1"}
			}
		},
		{
			"name": "hexadecagon",
			"from": [7.73147, 9, 9],
			"to": [8.26853, 9.5, 9.35],
			"rotation": {"angle": 22.5, "axis": "y", "origin": [8, 9.5, 8]},
			"faces": {
				"north": {"uv": [7.73147, 6.5, 8.26853, 7], "texture": "#1"},
				"east": {"uv": [6.65, 6.5, 7, 7], "texture": "#1"},
				"south": {"uv": [7.73147, 6.5, 8.26853, 7], "texture": "#1"},
				"west": {"uv": [9, 6.5, 9.35, 7], "texture": "#1"},
				"up": {"uv": [7.73147, 9, 8.26853, 9.35], "texture": "#1"},
				"down": {"uv": [7.73147, 6.65, 8.26853, 7], "texture": "#1"}
			}
		},
		{
			"name": "hexadecagon",
			"from": [9.08, 9.5, 7.70999],
			"to": [9.458, 9.65, 8.29001],
			"rotation": {"angle": 22.5, "axis": "y", "origin": [8, 10, 8]},
			"faces": {
				"north": {"uv": [6.65, 6.5, 7, 7], "texture": "#1"},
				"east": {"uv": [7.73147, 6.5, 8.26853, 7], "texture": "#1"},
				"south": {"uv": [9, 6.5, 9.35, 7], "texture": "#1"},
				"west": {"uv": [7.73147, 6.5, 8.26853, 7], "texture": "#1"},
				"up": {"uv": [9, 7.73147, 9.35, 8.26853], "texture": "#1"},
				"down": {"uv": [9, 7.73147, 9.35, 8.26853], "texture": "#1"}
			}
		},
		{
			"name": "hexadecagon",
			"from": [7.70999, 9.5, 6.542],
			"to": [8.29001, 9.65, 6.92],
			"rotation": {"angle": -45, "axis": "y", "origin": [8, 10, 8]},
			"faces": {
				"north": {"uv": [7.73147, 6.5, 8.26853, 7], "texture": "#1"},
				"east": {"uv": [9, 6.5, 9.35, 7], "texture": "#1"},
				"south": {"uv": [7.73147, 6.5, 8.26853, 7], "texture": "#1"},
				"west": {"uv": [6.65, 6.5, 7, 7], "texture": "#1"},
				"up": {"uv": [7.73147, 6.65, 8.26853, 7], "texture": "#1"},
				"down": {"uv": [7.73147, 9, 8.26853, 9.35], "texture": "#1"}
			}
		},
		{
			"name": "hexadecagon",
			"from": [7.70999, 9.5, 6.542],
			"to": [8.29001, 9.65, 6.92],
			"rotation": {"angle": -22.5, "axis": "y", "origin": [8, 10, 8]},
			"faces": {
				"north": {"uv": [7.73147, 6.5, 8.26853, 7], "texture": "#1"},
				"east": {"uv": [9, 6.5, 9.35, 7], "texture": "#1"},
				"south": {"uv": [7.73147, 6.5, 8.26853, 7], "texture": "#1"},
				"west": {"uv": [6.65, 6.5, 7, 7], "texture": "#1"},
				"up": {"uv": [7.73147, 6.65, 8.26853, 7], "texture": "#1"},
				"down": {"uv": [7.73147, 9, 8.26853, 9.35], "texture": "#1"}
			}
		},
		{
			"name": "hexadecagon",
			"from": [7.70999, 9.5, 6.542],
			"to": [8.29001, 9.65, 6.92],
			"rotation": {"angle": 0, "axis": "y", "origin": [8, 10, 8]},
			"faces": {
				"north": {"uv": [7.73147, 6.5, 8.26853, 7], "texture": "#1"},
				"east": {"uv": [9, 6.5, 9.35, 7], "texture": "#1"},
				"south": {"uv": [7.73147, 6.5, 8.26853, 7], "texture": "#1"},
				"west": {"uv": [6.65, 6.5, 7, 7], "texture": "#1"},
				"up": {"uv": [7.73147, 6.65, 8.26853, 7], "texture": "#1"},
				"down": {"uv": [7.73147, 9, 8.26853, 9.35], "texture": "#1"}
			}
		},
		{
			"name": "hexadecagon",
			"from": [7.70999, 9.5, 6.542],
			"to": [8.29001, 9.65, 6.92],
			"rotation": {"angle": 22.5, "axis": "y", "origin": [8, 10, 8]},
			"faces": {
				"north": {"uv": [7.73147, 6.5, 8.26853, 7], "texture": "#1"},
				"east": {"uv": [9, 6.5, 9.35, 7], "texture": "#1"},
				"south": {"uv": [7.73147, 6.5, 8.26853, 7], "texture": "#1"},
				"west": {"uv": [6.65, 6.5, 7, 7], "texture": "#1"},
				"up": {"uv": [7.73147, 6.65, 8.26853, 7], "texture": "#1"},
				"down": {"uv": [7.73147, 9, 8.26853, 9.35], "texture": "#1"}
			}
		},
		{
			"name": "hexadecagon",
			"from": [7.70999, 9.5, 6.542],
			"to": [8.29001, 9.65, 6.92],
			"rotation": {"angle": 45, "axis": "y", "origin": [8, 10, 8]},
			"faces": {
				"north": {"uv": [7.73147, 6.5, 8.26853, 7], "texture": "#1"},
				"east": {"uv": [9, 6.5, 9.35, 7], "texture": "#1"},
				"south": {"uv": [7.73147, 6.5, 8.26853, 7], "texture": "#1"},
				"west": {"uv": [6.65, 6.5, 7, 7], "texture": "#1"},
				"up": {"uv": [7.73147, 6.65, 8.26853, 7], "texture": "#1"},
				"down": {"uv": [7.73147, 9, 8.26853, 9.35], "texture": "#1"}
			}
		},
		{
			"name": "hexadecagon",
			"from": [7.70999, 9.5, 9.08],
			"to": [8.29001, 9.65, 9.458],
			"rotation": {"angle": -45, "axis": "y", "origin": [8, 10, 8]},
			"faces": {
				"north": {"uv": [7.73147, 6.5, 8.26853, 7], "texture": "#1"},
				"east": {"uv": [6.65, 6.5, 7, 7], "texture": "#1"},
				"south": {"uv": [7.73147, 6.5, 8.26853, 7], "texture": "#1"},
				"west": {"uv": [9, 6.5, 9.35, 7], "texture": "#1"},
				"up": {"uv": [7.73147, 9, 8.26853, 9.35], "texture": "#1"},
				"down": {"uv": [7.73147, 6.65, 8.26853, 7], "texture": "#1"}
			}
		},
		{
			"name": "hexadecagon",
			"from": [7.70999, 9.5, 9.08],
			"to": [8.29001, 9.65, 9.458],
			"rotation": {"angle": -22.5, "axis": "y", "origin": [8, 10, 8]},
			"faces": {
				"north": {"uv": [7.73147, 6.5, 8.26853, 7], "texture": "#1"},
				"east": {"uv": [6.65, 6.5, 7, 7], "texture": "#1"},
				"south": {"uv": [7.73147, 6.5, 8.26853, 7], "texture": "#1"},
				"west": {"uv": [9, 6.5, 9.35, 7], "texture": "#1"},
				"up": {"uv": [7.73147, 9, 8.26853, 9.35], "texture": "#1"},
				"down": {"uv": [7.73147, 6.65, 8.26853, 7], "texture": "#1"}
			}
		},
		{
			"name": "hexadecagon",
			"from": [7.70999, 9.5, 9.08],
			"to": [8.29001, 9.65, 9.458],
			"rotation": {"angle": 0, "axis": "y", "origin": [8, 10, 8]},
			"faces": {
				"north": {"uv": [7.73147, 6.5, 8.26853, 7], "texture": "#1"},
				"east": {"uv": [6.65, 6.5, 7, 7], "texture": "#1"},
				"south": {"uv": [7.73147, 6.5, 8.26853, 7], "texture": "#1"},
				"west": {"uv": [9, 6.5, 9.35, 7], "texture": "#1"},
				"up": {"uv": [7.73147, 9, 8.26853, 9.35], "texture": "#1"},
				"down": {"uv": [7.73147, 6.65, 8.26853, 7], "texture": "#1"}
			}
		},
		{
			"name": "hexadecagon",
			"from": [7.70999, 9.5, 9.08],
			"to": [8.29001, 9.65, 9.458],
			"rotation": {"angle": 45, "axis": "y", "origin": [8, 10, 8]},
			"faces": {
				"north": {"uv": [7.73147, 6.5, 8.26853, 7], "texture": "#1"},
				"east": {"uv": [6.65, 6.5, 7, 7], "texture": "#1"},
				"south": {"uv": [7.73147, 6.5, 8.26853, 7], "texture": "#1"},
				"west": {"uv": [9, 6.5, 9.35, 7], "texture": "#1"},
				"up": {"uv": [7.73147, 9, 8.26853, 9.35], "texture": "#1"},
				"down": {"uv": [7.73147, 6.65, 8.26853, 7], "texture": "#1"}
			}
		},
		{
			"name": "hexadecagon",
			"from": [6.542, 9.5, 7.70999],
			"to": [6.92, 9.65, 8.29001],
			"rotation": {"angle": -22.5, "axis": "y", "origin": [8, 10, 8]},
			"faces": {
				"north": {"uv": [9, 6.5, 9.35, 7], "texture": "#1"},
				"east": {"uv": [7.73147, 6.5, 8.26853, 7], "texture": "#1"},
				"south": {"uv": [6.65, 6.5, 7, 7], "texture": "#1"},
				"west": {"uv": [7.73147, 6.5, 8.26853, 7], "texture": "#1"},
				"up": {"uv": [6.65, 7.73147, 7, 8.26853], "texture": "#1"},
				"down": {"uv": [6.65, 7.73147, 7, 8.26853], "texture": "#1"}
			}
		},
		{
			"name": "hexadecagon",
			"from": [6.542, 9.5, 7.70999],
			"to": [6.92, 9.65, 8.29001],
			"rotation": {"angle": 0, "axis": "y", "origin": [8, 10, 8]},
			"faces": {
				"north": {"uv": [9, 6.5, 9.35, 7], "texture": "#1"},
				"east": {"uv": [7.73147, 6.5, 8.26853, 7], "texture": "#1"},
				"south": {"uv": [6.65, 6.5, 7, 7], "texture": "#1"},
				"west": {"uv": [7.73147, 6.5, 8.26853, 7], "texture": "#1"},
				"up": {"uv": [6.65, 7.73147, 7, 8.26853], "texture": "#1"},
				"down": {"uv": [6.65, 7.73147, 7, 8.26853], "texture": "#1"}
			}
		},
		{
			"name": "hexadecagon",
			"from": [6.542, 9.5, 7.70999],
			"to": [6.92, 9.65, 8.29001],
			"rotation": {"angle": 22.5, "axis": "y", "origin": [8, 10, 8]},
			"faces": {
				"north": {"uv": [9, 6.5, 9.35, 7], "texture": "#1"},
				"east": {"uv": [7.73147, 6.5, 8.26853, 7], "texture": "#1"},
				"south": {"uv": [6.65, 6.5, 7, 7], "texture": "#1"},
				"west": {"uv": [7.73147, 6.5, 8.26853, 7], "texture": "#1"},
				"up": {"uv": [6.65, 7.73147, 7, 8.26853], "texture": "#1"},
				"down": {"uv": [6.65, 7.73147, 7, 8.26853], "texture": "#1"}
			}
		},
		{
			"name": "hexadecagon",
			"from": [9.08, 9.5, 7.70999],
			"to": [9.458, 9.65, 8.29001],
			"rotation": {"angle": -22.5, "axis": "y", "origin": [8, 10, 8]},
			"faces": {
				"north": {"uv": [6.65, 6.5, 7, 7], "texture": "#1"},
				"east": {"uv": [7.73147, 6.5, 8.26853, 7], "texture": "#1"},
				"south": {"uv": [9, 6.5, 9.35, 7], "texture": "#1"},
				"west": {"uv": [7.73147, 6.5, 8.26853, 7], "texture": "#1"},
				"up": {"uv": [9, 7.73147, 9.35, 8.26853], "texture": "#1"},
				"down": {"uv": [9, 7.73147, 9.35, 8.26853], "texture": "#1"}
			}
		},
		{
			"name": "hexadecagon",
			"from": [9.08, 9.5, 7.70999],
			"to": [9.458, 9.65, 8.29001],
			"rotation": {"angle": 0, "axis": "y", "origin": [8, 10, 8]},
			"faces": {
				"north": {"uv": [6.65, 6.5, 7, 7], "texture": "#1"},
				"east": {"uv": [7.73147, 6.5, 8.26853, 7], "texture": "#1"},
				"south": {"uv": [9, 6.5, 9.35, 7], "texture": "#1"},
				"west": {"uv": [7.73147, 6.5, 8.26853, 7], "texture": "#1"},
				"up": {"uv": [9, 7.73147, 9.35, 8.26853], "texture": "#1"},
				"down": {"uv": [9, 7.73147, 9.35, 8.26853], "texture": "#1"}
			}
		},
		{
			"name": "hexadecagon",
			"from": [7.70999, 9.5, 9.08],
			"to": [8.29001, 9.65, 9.458],
			"rotation": {"angle": 22.5, "axis": "y", "origin": [8, 10, 8]},
			"faces": {
				"north": {"uv": [7.73147, 6.5, 8.26853, 7], "texture": "#1"},
				"east": {"uv": [6.65, 6.5, 7, 7], "texture": "#1"},
				"south": {"uv": [7.73147, 6.5, 8.26853, 7], "texture": "#1"},
				"west": {"uv": [9, 6.5, 9.35, 7], "texture": "#1"},
				"up": {"uv": [7.73147, 9, 8.26853, 9.35], "texture": "#1"},
				"down": {"uv": [7.73147, 6.65, 8.26853, 7], "texture": "#1"}
			}
		},
		{
			"name": "hexadecagon",
			"from": [7.78617, 8.25, 6.925],
			"to": [8.21383, 9.15, 7.175],
			"rotation": {"angle": -45, "axis": "y", "origin": [8, 8.5, 8]},
			"faces": {
				"north": {"uv": [7.78617, 6.85, 8.21383, 7.75], "texture": "#1"},
				"east": {"uv": [8.825, 6.85, 9.075, 7.75], "texture": "#1"},
				"south": {"uv": [7.78617, 6.85, 8.21383, 7.75], "texture": "#1"},
				"west": {"uv": [6.925, 6.85, 7.175, 7.75], "texture": "#1"},
				"up": {"uv": [7.78617, 6.925, 8.21383, 7.175], "texture": "#1"},
				"down": {"uv": [7.78617, 8.825, 8.21383, 9.075], "texture": "#1"}
			}
		},
		{
			"name": "hexadecagon",
			"from": [7.78617, 8.25, 6.925],
			"to": [8.21383, 9.15, 7.175],
			"rotation": {"angle": -22.5, "axis": "y", "origin": [8, 8.5, 8]},
			"faces": {
				"north": {"uv": [7.78617, 6.85, 8.21383, 7.75], "texture": "#1"},
				"east": {"uv": [8.825, 6.85, 9.075, 7.75], "texture": "#1"},
				"south": {"uv": [7.78617, 6.85, 8.21383, 7.75], "texture": "#1"},
				"west": {"uv": [6.925, 6.85, 7.175, 7.75], "texture": "#1"},
				"up": {"uv": [7.78617, 6.925, 8.21383, 7.175], "texture": "#1"},
				"down": {"uv": [7.78617, 8.825, 8.21383, 9.075], "texture": "#1"}
			}
		},
		{
			"name": "hexadecagon",
			"from": [7.78617, 8.25, 6.925],
			"to": [8.21383, 9.15, 7.175],
			"rotation": {"angle": 0, "axis": "y", "origin": [8, 8.5, 8]},
			"faces": {
				"north": {"uv": [7.78617, 6.85, 8.21383, 7.75], "texture": "#1"},
				"east": {"uv": [8.825, 6.85, 9.075, 7.75], "texture": "#1"},
				"south": {"uv": [7.78617, 6.85, 8.21383, 7.75], "texture": "#1"},
				"west": {"uv": [6.925, 6.85, 7.175, 7.75], "texture": "#1"},
				"up": {"uv": [7.78617, 6.925, 8.21383, 7.175], "texture": "#1"},
				"down": {"uv": [7.78617, 8.825, 8.21383, 9.075], "texture": "#1"}
			}
		},
		{
			"name": "hexadecagon",
			"from": [7.78617, 8.25, 6.925],
			"to": [8.21383, 9.15, 7.175],
			"rotation": {"angle": 22.5, "axis": "y", "origin": [8, 8.5, 8]},
			"faces": {
				"north": {"uv": [7.78617, 6.85, 8.21383, 7.75], "texture": "#1"},
				"east": {"uv": [8.825, 6.85, 9.075, 7.75], "texture": "#1"},
				"south": {"uv": [7.78617, 6.85, 8.21383, 7.75], "texture": "#1"},
				"west": {"uv": [6.925, 6.85, 7.175, 7.75], "texture": "#1"},
				"up": {"uv": [7.78617, 6.925, 8.21383, 7.175], "texture": "#1"},
				"down": {"uv": [7.78617, 8.825, 8.21383, 9.075], "texture": "#1"}
			}
		},
		{
			"name": "hexadecagon",
			"from": [7.78617, 8.25, 6.925],
			"to": [8.21383, 9.15, 7.175],
			"rotation": {"angle": 45, "axis": "y", "origin": [8, 8.5, 8]},
			"faces": {
				"north": {"uv": [7.78617, 6.85, 8.21383, 7.75], "texture": "#1"},
				"east": {"uv": [8.825, 6.85, 9.075, 7.75], "texture": "#1"},
				"south": {"uv": [7.78617, 6.85, 8.21383, 7.75], "texture": "#1"},
				"west": {"uv": [6.925, 6.85, 7.175, 7.75], "texture": "#1"},
				"up": {"uv": [7.78617, 6.925, 8.21383, 7.175], "texture": "#1"},
				"down": {"uv": [7.78617, 8.825, 8.21383, 9.075], "texture": "#1"}
			}
		},
		{
			"name": "hexadecagon",
			"from": [7.78617, 8.25, 8.825],
			"to": [8.21383, 9.15, 9.075],
			"rotation": {"angle": -45, "axis": "y", "origin": [8, 8.5, 8]},
			"faces": {
				"north": {"uv": [7.78617, 6.85, 8.21383, 7.75], "texture": "#1"},
				"east": {"uv": [6.925, 6.85, 7.175, 7.75], "texture": "#1"},
				"south": {"uv": [7.78617, 6.85, 8.21383, 7.75], "texture": "#1"},
				"west": {"uv": [8.825, 6.85, 9.075, 7.75], "texture": "#1"},
				"up": {"uv": [7.78617, 8.825, 8.21383, 9.075], "texture": "#1"},
				"down": {"uv": [7.78617, 6.925, 8.21383, 7.175], "texture": "#1"}
			}
		},
		{
			"name": "hexadecagon",
			"from": [7.78617, 8.25, 8.825],
			"to": [8.21383, 9.15, 9.075],
			"rotation": {"angle": -22.5, "axis": "y", "origin": [8, 8.5, 8]},
			"faces": {
				"north": {"uv": [7.78617, 6.85, 8.21383, 7.75], "texture": "#1"},
				"east": {"uv": [6.925, 6.85, 7.175, 7.75], "texture": "#1"},
				"south": {"uv": [7.78617, 6.85, 8.21383, 7.75], "texture": "#1"},
				"west": {"uv": [8.825, 6.85, 9.075, 7.75], "texture": "#1"},
				"up": {"uv": [7.78617, 8.825, 8.21383, 9.075], "texture": "#1"},
				"down": {"uv": [7.78617, 6.925, 8.21383, 7.175], "texture": "#1"}
			}
		},
		{
			"name": "hexadecagon",
			"from": [7.78617, 8.25, 8.825],
			"to": [8.21383, 9.15, 9.075],
			"rotation": {"angle": 0, "axis": "y", "origin": [8, 8.5, 8]},
			"faces": {
				"north": {"uv": [7.78617, 6.85, 8.21383, 7.75], "texture": "#1"},
				"east": {"uv": [6.925, 6.85, 7.175, 7.75], "texture": "#1"},
				"south": {"uv": [7.78617, 6.85, 8.21383, 7.75], "texture": "#1"},
				"west": {"uv": [8.825, 6.85, 9.075, 7.75], "texture": "#1"},
				"up": {"uv": [7.78617, 8.825, 8.21383, 9.075], "texture": "#1"},
				"down": {"uv": [7.78617, 6.925, 8.21383, 7.175], "texture": "#1"}
			}
		},
		{
			"name": "hexadecagon",
			"from": [7.78617, 8.25, 8.825],
			"to": [8.21383, 9.15, 9.075],
			"rotation": {"angle": 22.5, "axis": "y", "origin": [8, 8.5, 8]},
			"faces": {
				"north": {"uv": [7.78617, 6.85, 8.21383, 7.75], "texture": "#1"},
				"east": {"uv": [6.925, 6.85, 7.175, 7.75], "texture": "#1"},
				"south": {"uv": [7.78617, 6.85, 8.21383, 7.75], "texture": "#1"},
				"west": {"uv": [8.825, 6.85, 9.075, 7.75], "texture": "#1"},
				"up": {"uv": [7.78617, 8.825, 8.21383, 9.075], "texture": "#1"},
				"down": {"uv": [7.78617, 6.925, 8.21383, 7.175], "texture": "#1"}
			}
		},
		{
			"name": "hexadecagon",
			"from": [7.78617, 8.25, 8.825],
			"to": [8.21383, 9.15, 9.075],
			"rotation": {"angle": 45, "axis": "y", "origin": [8, 8.5, 8]},
			"faces": {
				"north": {"uv": [7.78617, 6.85, 8.21383, 7.75], "texture": "#1"},
				"east": {"uv": [6.925, 6.85, 7.175, 7.75], "texture": "#1"},
				"south": {"uv": [7.78617, 6.85, 8.21383, 7.75], "texture": "#1"},
				"west": {"uv": [8.825, 6.85, 9.075, 7.75], "texture": "#1"},
				"up": {"uv": [7.78617, 8.825, 8.21383, 9.075], "texture": "#1"},
				"down": {"uv": [7.78617, 6.925, 8.21383, 7.175], "texture": "#1"}
			}
		},
		{
			"name": "hexadecagon",
			"from": [6.925, 8.25, 7.78617],
			"to": [7.175, 9.15, 8.21383],
			"rotation": {"angle": -22.5, "axis": "y", "origin": [8, 8.5, 8]},
			"faces": {
				"north": {"uv": [8.825, 6.85, 9.075, 7.75], "texture": "#1"},
				"east": {"uv": [7.78617, 6.85, 8.21383, 7.75], "texture": "#1"},
				"south": {"uv": [6.925, 6.85, 7.175, 7.75], "texture": "#1"},
				"west": {"uv": [7.78617, 6.85, 8.21383, 7.75], "texture": "#1"},
				"up": {"uv": [6.925, 7.78617, 7.175, 8.21383], "texture": "#1"},
				"down": {"uv": [6.925, 7.78617, 7.175, 8.21383], "texture": "#1"}
			}
		},
		{
			"name": "hexadecagon",
			"from": [6.925, 8.25, 7.78617],
			"to": [7.175, 9.15, 8.21383],
			"rotation": {"angle": 0, "axis": "y", "origin": [8, 8.5, 8]},
			"faces": {
				"north": {"uv": [8.825, 6.85, 9.075, 7.75], "texture": "#1"},
				"east": {"uv": [7.78617, 6.85, 8.21383, 7.75], "texture": "#1"},
				"south": {"uv": [6.925, 6.85, 7.175, 7.75], "texture": "#1"},
				"west": {"uv": [7.78617, 6.85, 8.21383, 7.75], "texture": "#1"},
				"up": {"uv": [6.925, 7.78617, 7.175, 8.21383], "texture": "#1"},
				"down": {"uv": [6.925, 7.78617, 7.175, 8.21383], "texture": "#1"}
			}
		},
		{
			"name": "hexadecagon",
			"from": [6.925, 8.25, 7.78617],
			"to": [7.175, 9.15, 8.21383],
			"rotation": {"angle": 22.5, "axis": "y", "origin": [8, 8.5, 8]},
			"faces": {
				"north": {"uv": [8.825, 6.85, 9.075, 7.75], "texture": "#1"},
				"east": {"uv": [7.78617, 6.85, 8.21383, 7.75], "texture": "#1"},
				"south": {"uv": [6.925, 6.85, 7.175, 7.75], "texture": "#1"},
				"west": {"uv": [7.78617, 6.85, 8.21383, 7.75], "texture": "#1"},
				"up": {"uv": [6.925, 7.78617, 7.175, 8.21383], "texture": "#1"},
				"down": {"uv": [6.925, 7.78617, 7.175, 8.21383], "texture": "#1"}
			}
		},
		{
			"name": "hexadecagon",
			"from": [8.825, 8.25, 7.78617],
			"to": [9.075, 9.15, 8.21383],
			"rotation": {"angle": -22.5, "axis": "y", "origin": [8, 8.5, 8]},
			"faces": {
				"north": {"uv": [6.925, 6.85, 7.175, 7.75], "texture": "#1"},
				"east": {"uv": [7.78617, 6.85, 8.21383, 7.75], "texture": "#1"},
				"south": {"uv": [8.825, 6.85, 9.075, 7.75], "texture": "#1"},
				"west": {"uv": [7.78617, 6.85, 8.21383, 7.75], "texture": "#1"},
				"up": {"uv": [8.825, 7.78617, 9.075, 8.21383], "texture": "#1"},
				"down": {"uv": [8.825, 7.78617, 9.075, 8.21383], "texture": "#1"}
			}
		},
		{
			"name": "hexadecagon",
			"from": [8.825, 8.25, 7.78617],
			"to": [9.075, 9.15, 8.21383],
			"rotation": {"angle": 0, "axis": "y", "origin": [8, 8.5, 8]},
			"faces": {
				"north": {"uv": [6.925, 6.85, 7.175, 7.75], "texture": "#1"},
				"east": {"uv": [7.78617, 6.85, 8.21383, 7.75], "texture": "#1"},
				"south": {"uv": [8.825, 6.85, 9.075, 7.75], "texture": "#1"},
				"west": {"uv": [7.78617, 6.85, 8.21383, 7.75], "texture": "#1"},
				"up": {"uv": [8.825, 7.78617, 9.075, 8.21383], "texture": "#1"},
				"down": {"uv": [8.825, 7.78617, 9.075, 8.21383], "texture": "#1"}
			}
		},
		{
			"name": "hexadecagon",
			"from": [8.825, 8.25, 7.78617],
			"to": [9.075, 9.15, 8.21383],
			"rotation": {"angle": 22.5, "axis": "y", "origin": [8, 8.5, 8]},
			"faces": {
				"north": {"uv": [6.925, 6.85, 7.175, 7.75], "texture": "#1"},
				"east": {"uv": [7.78617, 6.85, 8.21383, 7.75], "texture": "#1"},
				"south": {"uv": [8.825, 6.85, 9.075, 7.75], "texture": "#1"},
				"west": {"uv": [7.78617, 6.85, 8.21383, 7.75], "texture": "#1"},
				"up": {"uv": [8.825, 7.78617, 9.075, 8.21383], "texture": "#1"},
				"down": {"uv": [8.825, 7.78617, 9.075, 8.21383], "texture": "#1"}
			}
		},
		{
			"name": "hexadecagon",
			"from": [7.82098, 9.5, 7.1],
			"to": [8.17902, 9.65, 8.9],
			"rotation": {"angle": -45, "axis": "y", "origin": [8, 10, 8]},
			"faces": {
				"north": {"uv": [7.82098, 6.6, 8.17902, 6.75], "texture": "#2"},
				"south": {"uv": [7.82098, 6.6, 8.17902, 6.75], "texture": "#2"},
				"up": {"uv": [7.82098, 7.1, 8.17902, 8.9], "texture": "#2"},
				"down": {"uv": [7.82098, 7.1, 8.17902, 8.9], "texture": "#2"}
			}
		},
		{
			"name": "hexadecagon",
			"from": [7.82098, 9.5, 7.1],
			"to": [8.17902, 9.65, 8.9],
			"rotation": {"angle": -22.5, "axis": "y", "origin": [8, 10, 8]},
			"faces": {
				"north": {"uv": [7.82098, 6.6, 8.17902, 6.75], "texture": "#2"},
				"south": {"uv": [7.82098, 6.6, 8.17902, 6.75], "texture": "#2"},
				"up": {"uv": [7.82098, 7.1, 8.17902, 8.9], "texture": "#2"},
				"down": {"uv": [7.82098, 7.1, 8.17902, 8.9], "texture": "#2"}
			}
		},
		{
			"name": "hexadecagon",
			"from": [7.82098, 9.5, 7.1],
			"to": [8.17902, 9.65, 8.9],
			"rotation": {"angle": 0, "axis": "y", "origin": [8, 10, 8]},
			"faces": {
				"north": {"uv": [7.82098, 6.6, 8.17902, 6.75], "texture": "#2"},
				"south": {"uv": [7.82098, 6.6, 8.17902, 6.75], "texture": "#2"},
				"up": {"uv": [7.82098, 7.1, 8.17902, 8.9], "texture": "#2"},
				"down": {"uv": [7.82098, 7.1, 8.17902, 8.9], "texture": "#2"}
			}
		},
		{
			"name": "hexadecagon",
			"from": [7.82098, 9.5, 7.1],
			"to": [8.17902, 9.65, 8.9],
			"rotation": {"angle": 22.5, "axis": "y", "origin": [8, 10, 8]},
			"faces": {
				"north": {"uv": [7.82098, 6.6, 8.17902, 6.75], "texture": "#2"},
				"south": {"uv": [7.82098, 6.6, 8.17902, 6.75], "texture": "#2"},
				"up": {"uv": [7.82098, 7.1, 8.17902, 8.9], "texture": "#2"},
				"down": {"uv": [7.82098, 7.1, 8.17902, 8.9], "texture": "#2"}
			}
		},
		{
			"name": "hexadecagon",
			"from": [7.82098, 9.5, 7.1],
			"to": [8.17902, 9.65, 8.9],
			"rotation": {"angle": 45, "axis": "y", "origin": [8, 10, 8]},
			"faces": {
				"north": {"uv": [7.82098, 6.6, 8.17902, 6.75], "texture": "#2"},
				"south": {"uv": [7.82098, 6.6, 8.17902, 6.75], "texture": "#2"},
				"up": {"uv": [7.82098, 7.1, 8.17902, 8.9], "texture": "#2"},
				"down": {"uv": [7.82098, 7.1, 8.17902, 8.9], "texture": "#2"}
			}
		},
		{
			"name": "hexadecagon",
			"from": [7.1, 9.5, 7.82098],
			"to": [8.9, 9.65, 8.17902],
			"rotation": {"angle": -22.5, "axis": "y", "origin": [8, 10, 8]},
			"faces": {
				"east": {"uv": [7.82098, 6.6, 8.17902, 6.75], "texture": "#2"},
				"west": {"uv": [7.82098, 6.6, 8.17902, 6.75], "texture": "#2"},
				"up": {"uv": [7.1, 7.82098, 8.9, 8.17902], "texture": "#2"},
				"down": {"uv": [7.1, 7.82098, 8.9, 8.17902], "texture": "#2"}
			}
		},
		{
			"name": "hexadecagon",
			"from": [7.1, 9.5, 7.82098],
			"to": [8.9, 9.65, 8.17902],
			"rotation": {"angle": 0, "axis": "y", "origin": [8, 10, 8]},
			"faces": {
				"east": {"uv": [7.82098, 6.6, 8.17902, 6.75], "texture": "#2"},
				"west": {"uv": [7.82098, 6.6, 8.17902, 6.75], "texture": "#2"},
				"up": {"uv": [7.1, 7.82098, 8.9, 8.17902], "texture": "#2"},
				"down": {"uv": [7.1, 7.82098, 8.9, 8.17902], "texture": "#2"}
			}
		},
		{
			"name": "hexadecagon",
			"from": [7.1, 9.5, 7.82098],
			"to": [8.9, 9.65, 8.17902],
			"rotation": {"angle": 22.5, "axis": "y", "origin": [8, 10, 8]},
			"faces": {
				"east": {"uv": [7.82098, 6.6, 8.17902, 6.75], "texture": "#2"},
				"west": {"uv": [7.82098, 6.6, 8.17902, 6.75], "texture": "#2"},
				"up": {"uv": [7.1, 7.82098, 8.9, 8.17902], "texture": "#2"},
				"down": {"uv": [7.1, 7.82098, 8.9, 8.17902], "texture": "#2"}
			}
		},
		{
			"from": [7.85, 8, 7.85],
			"to": [8.15, 9.5, 8.15],
			"rotation": {"angle": 0, "axis": "y", "origin": [0, 0.25, 0]},
			"faces": {
				"north": {"uv": [7.85, 6.75, 8.15, 7.75], "texture": "#2"},
				"east": {"uv": [7.85, 6.75, 8.15, 7.75], "texture": "#2"},
				"south": {"uv": [7.85, 6.75, 8.15, 7.75], "texture": "#2"},
				"west": {"uv": [7.85, 6.75, 8.15, 7.75], "texture": "#2"}
			}
		},
		{
			"from": [7.75, 7.5, 7.75],
			"to": [8.25, 8, 8.25],
			"rotation": {"angle": 0, "axis": "y", "origin": [0, 0.45, 0]},
			"faces": {
				"north": {"uv": [7.75, 7.75, 8.25, 8.25], "texture": "#1"},
				"east": {"uv": [7.75, 7.75, 8.25, 8.25], "texture": "#1"},
				"south": {"uv": [7.75, 7.75, 8.25, 8.25], "texture": "#1"},
				"west": {"uv": [7.75, 7.75, 8.25, 8.25], "texture": "#1"},
				"up": {"uv": [7.75, 7.75, 8.25, 8.25], "texture": "#1"},
				"down": {"uv": [7.75, 7.75, 8.25, 8.25], "texture": "#1"}
			}
		}
	],
	"display": {
		"head": {
			"translation": [0, -14.5, 0],
			"scale": [2.3, 2.3, 2.3]
		}
	},
	"groups": [
		{
			"name": "glass",
			"origin": [8, 9, 8],
			"color": 0,
			"children": [0, 1, 2, 3, 4, 5, 6, 7, 8, 9, 10, 11, 12, 13, 14, 15, 16, 17, 18, 19, 20, 21, 22, 23, 24, 25, 26, 27, 28, 29, 30, 31, 32, 33, 34, 35, 36, 37, 38, 39, 40, 41, 42, 43, 44, 45, 46, 47, 48, 49, 50, 51, 52, 53, 54, 55, 56, 57, 58, 59, 60, 61, 62, 63, 64, 65, 66, 67, 68, 69, 70, 71, 72, 73, 74, 75, 76, 77, 78, 79, 80, 81, 82, 83, 84, 85, 86, 87]
		},
		{
			"name": "head",
			"origin": [8, 8, 8],
			"color": 0,
			"children": [
				{
					"name": "hexadecagon",
					"origin": [8, 8, 8],
					"color": 0,
					"children": [88, 89, 90, 91, 92, 93, 94, 95, 96, 97, 98, 99, 100, 101, 102, 103]
				},
				{
					"name": "hexadecagon",
					"origin": [8, 8, 8],
					"color": 0,
					"children": [104, 105, 106, 107, 108, 109, 110, 111, 112, 113, 114, 115, 116, 117, 118, 119]
				},
				{
					"name": "hexadecagon",
					"origin": [8, 8, 8],
					"color": 0,
					"children": [120, 121, 122, 123, 124, 125, 126, 127, 128, 129, 130, 131, 132, 133, 134, 135]
				}
			]
		},
		{
			"name": "innercap",
			"origin": [8, 8, 8],
			"color": 0,
			"children": [
				{
					"name": "hexadecagon",
					"origin": [8, 8, 8],
					"color": 0,
					"children": [136, 137, 138, 139, 140, 141, 142, 143]
				},
				144,
				145
			]
		}
	]
}