{
    "name": "介绍",
    "icon": "theoneprobe:probe",
    "category": "patchouli:theoneprobe",
    "sortnum": 0,
    "pages": [
        {
            "type": "text",
            "text": "都是显而易见的东西了，也没用什么好介绍的了，$(l)屏幕中央顶部的信息框能帮助你更好的了解$(reset)鼠标准心指向的方块/实体的各种信息，这对于一些你不了解的东西非常有用。"
        },
        {
            "type": "text",
            "text": "$(l)按住潜行键还可以查看到更多信息$(reset)，例如：方块的额外信息，实体的装备等。信息框还可以为你显示$(l)作物的成长情况以及方块的挖掘等级$(reset)，甚至还能查看你手持的工具是否能够破坏该方块等信息。"
        }
    ]
}
