{
  "condition": "minecraft:alternative",
  "terms": [
    {
      "condition": "minecraft:entity_properties",
      "entity": "this",
      "predicate": {
        "nbt": "{ArmorItems:[{id:\"minecraft:paper\",tag:{xylo_crafting:{grid_out:{8:{id:\"minecraft:oak_planks\"}}}}}]}"
      }
    },
    {
      "condition": "minecraft:entity_properties",
      "entity": "this",
      "predicate": {
        "nbt": "{ArmorItems:[{id:\"minecraft:paper\",tag:{xylo_crafting:{grid_out:{8:{id:\"minecraft:spruce_planks\"}}}}}]}"
      }
    },
    {
      "condition": "minecraft:entity_properties",
      "entity": "this",
      "predicate": {
        "nbt": "{ArmorItems:[{id:\"minecraft:paper\",tag:{xylo_crafting:{grid_out:{8:{id:\"minecraft:birch_planks\"}}}}}]}"
      }
    },
    {
      "condition": "minecraft:entity_properties",
      "entity": "this",
      "predicate": {
        "nbt": "{ArmorItems:[{id:\"minecraft:paper\",tag:{xylo_crafting:{grid_out:{8:{id:\"minecraft:jungle_planks\"}}}}}]}"
      }
    },
    {
      "condition": "minecraft:entity_properties",
      "entity": "this",
      "predicate": {
        "nbt": "{ArmorItems:[{id:\"minecraft:paper\",tag:{xylo_crafting:{grid_out:{8:{id:\"minecraft:acacia_planks\"}}}}}]}"
      }
    },
    {
      "condition": "minecraft:entity_properties",
      "entity": "this",
      "predicate": {
        "nbt": "{ArmorItems:[{id:\"minecraft:paper\",tag:{xylo_crafting:{grid_out:{8:{id:\"minecraft:dark_oak_planks\"}}}}}]}"
      }
    },
    {
      "condition": "minecraft:entity_properties",
      "entity": "this",
      "predicate": {
        "nbt": "{ArmorItems:[{id:\"minecraft:paper\",tag:{xylo_crafting:{grid_out:{8:{id:\"minecraft:crimson_planks\"}}}}}]}"
      }
    },
    {
      "condition": "minecraft:entity_properties",
      "entity": "this",
      "predicate": {
        "nbt": "{ArmorItems:[{id:\"minecraft:paper\",tag:{xylo_crafting:{grid_out:{8:{id:\"minecraft:warped_planks\"}}}}}]}"
      }
    },
    {
      "condition": "minecraft:entity_properties",
      "entity": "this",
      "predicate": {
        "nbt": "{ArmorItems:[{id:\"minecraft:paper\",tag:{xylo_crafting:{grid_out:{8:{id:\"minecraft:mangrove_planks\"}}}}}]}"
      }
    }
  ]
}
