{
  "spawners": {
    "water_ambient": [],
    "ambient": [
      {
        "type": "minecraft:bat",
        "weight": 10,
        "minCount": 4,
        "maxCount": 4
      }
    ],
    "underground_water_creature": [
      {
        "type": "minecraft:glow_squid",
        "weight": 10,
        "minCount": 4,
        "maxCount": 6
      },
      {
        "type": "minecraft:axolotl",
        "weight": 10,
        "minCount": 4,
        "maxCount": 6
      }
    ],
    "misc": [],
    "water_creature": [
      {
        "type": "minecraft:squid",
        "weight": 1,
        "minCount": 1,
        "maxCount": 3
      }
    ],
    "creature": [],
    "monster": [
      {
        "type": "minecraft:pillager",
        "weight": 4,
        "minCount": 4,
        "maxCount": 4
      },
      {
        "type": "minecraft:enderman",
        "weight": 1,
        "minCount": 1,
        "maxCount": 1
      },
      {
        "type": "minecraft:creeper",
        "weight": 25,
        "minCount": 1,
        "maxCount": 1
      },
      {
        "type": "minecraft:spider",
        "weight": 5,
        "minCount": 2,
        "maxCount": 6
      }
    ]
  },
  "spawn_costs": {},
  "carvers": {
    "air": [
      "bracken:cave",
      "bracken:canyon"
    ]
  },
  "features": [
    [],
    [
      "minecraft:lake_lava_surface",
      "minecraft:lake_lava_underground"
    ],
    [
      "minecraft:pointed_dripstone"
    ],
    [
      "bracken:underdark/large_dripstone"
    ],
    [
      "bracken:underdark/dripstone"
    ],
    [
      "minecraft:patch_tall_grass_2",
      "minecraft:trees_plains",
      "bracken:underdark/lichen",
      "bracken:underdark/lichen2",
      "minecraft:patch_grass_plain"
    ],
    [
      "minecraft:ore_dirt",
      "minecraft:ore_gravel",
      "minecraft:ore_coal_upper",
      "minecraft:ore_coal_lower",
      "minecraft:ore_iron_upper",
      "minecraft:ore_iron_middle",
      "minecraft:ore_iron_small",
      "minecraft:ore_gold",
      "minecraft:ore_gold_lower",
      "minecraft:ore_redstone",
      "minecraft:ore_redstone_lower",
      "minecraft:ore_diamond",
      "minecraft:ore_diamond_large",
      "minecraft:ore_diamond_buried",
      "minecraft:ore_lapis",
      "minecraft:ore_lapis_buried",
      "minecraft:disk_sand",
      "minecraft:ore_gold_extra",
      "bracken:underdark/emerald_ore",
      "bracken:underdark/diamond_ore",
      "bracken:underdark/magma_lower",
      "bracken:underdark/bedrock",
      "bracken:underdark/blackstone_small",
      "bracken:underdark/blackstone_big",
      "bracken:underdark/gravel",
      "bracken:underdark/smooth_basalt"
    ],
    [
      "minecraft:ore_infested"
    ],
    [],
    [
      "minecraft:brown_mushroom_normal",
      "minecraft:red_mushroom_normal",
      "minecraft:spring_water",
      "minecraft:spring_lava",
      "minecraft:mushroom_island_vegetation",
      "minecraft:brown_mushroom_taiga",
      "minecraft:red_mushroom_taiga"
    ],
    [
      "minecraft:freeze_top_layer"
    ]
  ],
  "temperature": 0.95,
  "downfall": 0.1,
  "effects": {
    "fog_color": 5786701,
    "water_color": 8166054,
    "water_fog_color": 6383526,
    "grass_color": 12162409,
    "sky_color": 8600895,
    "foliage_colour": 12162409,
    "mood_sound": {
      "sound": "minecraft:ambient.cave",
      "tick_delay": 2000,
      "block_search_extent": 8,
      "offset": 2
    },
    "additions_sound": {
      "sound": "minecraft:ambient.basalt_deltas.mood",
      "tick_chance": 0.0001
    },
    "music": {
      "sound": "minecraft:music.nether.basalt_deltas",
      "min_delay": 12000,
      "max_delay": 24000,
      "replace_current_music": false
    }
  },
  "precipitation": "none"
}
