{
  "type": "minecraft:fishing",
  "pools": [
    {
      "rolls": 1.0,
      "bonus_rolls": 0.0,
      "entries": [
        {
          "type": "minecraft:item",
          "weight": 60,
          "name": "minecraft:cod"
        },
        {
          "type": "minecraft:item",
          "weight": 25,
          "name": "minecraft:salmon"
        },
        {
          "type": "minecraft:item",
          "weight": 2,
          "name": "minecraft:tropical_fish"
        },
        {
          "type": "minecraft:item",
          "weight": 13,
          "name": "minecraft:pufferfish"
        },
        {
          "type": "item",
          "weight": 8,
          "name": "minecraft:rabbit_hide",
          "functions": [
              {
                  "function": "set_nbt",
                  "tag": "{display:{Name:'{\"text\":\"瓶装灵魂\",\"color\":\"white\",\"italic\":false}'},CustomModelData:99917,bottled_spirit:1b,Enchantments:[{}]}"
              },
              {
                  "function": "set_count",
                  "count": {
                      "min": 0,
                      "max": 1
                  }
              }
          ]
      }
      ]
    }
  ]
}