{
    "credit": "Made by Philipp Opheys / pro_pixel_ from BuildmodeOne",
    "textures": {
        "1": "block/stripped_jungle_log",
        "2": "block/crimson_stem",
        "particle": "block/white_wool"
    },
    "elements": [
        {
            "from": [
                4,
                15,
                4
            ],
            "to": [
                12,
                16,
                12
            ],
            "faces": {
                "north": {
                    "uv": [
                        4,
                        0,
                        12,
                        1
                    ],
                    "texture": "#1"
                },
                "east": {
                    "uv": [
                        4,
                        0,
                        12,
                        1
                    ],
                    "texture": "#1"
                },
                "south": {
                    "uv": [
                        4,
                        0,
                        12,
                        1
                    ],
                    "texture": "#1"
                },
                "west": {
                    "uv": [
                        4,
                        0,
                        12,
                        1
                    ],
                    "texture": "#1"
                },
                "up": {
                    "uv": [
                        4,
                        4,
                        12,
                        12
                    ],
                    "texture": "#1"
                },
                "down": {
                    "uv": [
                        4,
                        4,
                        12,
                        12
                    ],
                    "texture": "#1"
                }
            }
        },
        {
            "from": [
                4.75,
                6,
                9.75
            ],
            "to": [
                11.25,
                6.75,
                11.25
            ],
            "faces": {
                "north": {
                    "uv": [
                        4.75,
                        9.25,
                        11.25,
                        10
                    ],
                    "texture": "#1"
                },
                "east": {
                    "uv": [
                        4.75,
                        9.25,
                        6.25,
                        10
                    ],
                    "texture": "#1"
                },
                "south": {
                    "uv": [
                        4.75,
                        9.25,
                        11.25,
                        10
                    ],
                    "texture": "#1"
                },
                "west": {
                    "uv": [
                        9.75,
                        9.25,
                        11.25,
                        10
                    ],
                    "texture": "#1"
                },
                "up": {
                    "uv": [
                        4.75,
                        9.75,
                        11.25,
                        11.25
                    ],
                    "texture": "#1"
                },
                "down": {
                    "uv": [
                        4.75,
                        4.75,
                        11.25,
                        6.25
                    ],
                    "texture": "#1"
                }
            }
        },
        {
            "from": [
                9.75,
                5,
                4.75
            ],
            "to": [
                11.25,
                5.75,
                11.25
            ],
            "faces": {
                "north": {
                    "uv": [
                        4.75,
                        10.25,
                        6.25,
                        11
                    ],
                    "texture": "#1"
                },
                "east": {
                    "uv": [
                        4.75,
                        10.25,
                        11.25,
                        11
                    ],
                    "texture": "#1"
                },
                "south": {
                    "uv": [
                        9.75,
                        10.25,
                        11.25,
                        11
                    ],
                    "texture": "#1"
                },
                "west": {
                    "uv": [
                        4.75,
                        10.25,
                        11.25,
                        11
                    ],
                    "texture": "#1"
                },
                "up": {
                    "uv": [
                        9.75,
                        4.75,
                        11.25,
                        11.25
                    ],
                    "texture": "#1"
                },
                "down": {
                    "uv": [
                        9.75,
                        4.75,
                        11.25,
                        11.25
                    ],
                    "texture": "#1"
                }
            }
        },
        {
            "from": [
                4.75,
                6,
                4.75
            ],
            "to": [
                11.25,
                6.75,
                6.25
            ],
            "faces": {
                "north": {
                    "uv": [
                        4.75,
                        9.25,
                        11.25,
                        10
                    ],
                    "texture": "#1"
                },
                "east": {
                    "uv": [
                        9.75,
                        9.25,
                        11.25,
                        10
                    ],
                    "texture": "#1"
                },
                "south": {
                    "uv": [
                        4.75,
                        9.25,
                        11.25,
                        10
                    ],
                    "texture": "#1"
                },
                "west": {
                    "uv": [
                        4.75,
                        9.25,
                        6.25,
                        10
                    ],
                    "texture": "#1"
                },
                "up": {
                    "uv": [
                        4.75,
                        4.75,
                        11.25,
                        6.25
                    ],
                    "texture": "#1"
                },
                "down": {
                    "uv": [
                        4.75,
                        9.75,
                        11.25,
                        11.25
                    ],
                    "texture": "#1"
                }
            }
        },
        {
            "from": [
                4.75,
                5,
                4.75
            ],
            "to": [
                6.25,
                5.75,
                11.25
            ],
            "faces": {
                "north": {
                    "uv": [
                        9.75,
                        10.25,
                        11.25,
                        11
                    ],
                    "texture": "#1"
                },
                "east": {
                    "uv": [
                        4.75,
                        10.25,
                        11.25,
                        11
                    ],
                    "texture": "#1"
                },
                "south": {
                    "uv": [
                        4.75,
                        10.25,
                        6.25,
                        11
                    ],
                    "texture": "#1"
                },
                "west": {
                    "uv": [
                        4.75,
                        10.25,
                        11.25,
                        11
                    ],
                    "texture": "#1"
                },
                "up": {
                    "uv": [
                        4.75,
                        4.75,
                        6.25,
                        11.25
                    ],
                    "texture": "#1"
                },
                "down": {
                    "uv": [
                        4.75,
                        4.75,
                        6.25,
                        11.25
                    ],
                    "texture": "#1"
                }
            }
        },
        {
            "from": [
                4.75,
                14,
                9.75
            ],
            "to": [
                11.25,
                14.75,
                11.25
            ],
            "faces": {
                "north": {
                    "uv": [
                        4.75,
                        1.25,
                        11.25,
                        2
                    ],
                    "texture": "#1"
                },
                "east": {
                    "uv": [
                        4.75,
                        1.25,
                        6.25,
                        2
                    ],
                    "texture": "#1"
                },
                "south": {
                    "uv": [
                        4.75,
                        1.25,
                        11.25,
                        2
                    ],
                    "texture": "#1"
                },
                "west": {
                    "uv": [
                        9.75,
                        1.25,
                        11.25,
                        2
                    ],
                    "texture": "#1"
                },
                "up": {
                    "uv": [
                        4.75,
                        9.75,
                        11.25,
                        11.25
                    ],
                    "texture": "#1"
                },
                "down": {
                    "uv": [
                        4.75,
                        4.75,
                        11.25,
                        6.25
                    ],
                    "texture": "#1"
                }
            }
        },
        {
            "from": [
                4.75,
                14,
                4.75
            ],
            "to": [
                11.25,
                14.75,
                6.25
            ],
            "faces": {
                "north": {
                    "uv": [
                        4.75,
                        1.25,
                        11.25,
                        2
                    ],
                    "texture": "#1"
                },
                "east": {
                    "uv": [
                        9.75,
                        1.25,
                        11.25,
                        2
                    ],
                    "texture": "#1"
                },
                "south": {
                    "uv": [
                        4.75,
                        1.25,
                        11.25,
                        2
                    ],
                    "texture": "#1"
                },
                "west": {
                    "uv": [
                        4.75,
                        1.25,
                        6.25,
                        2
                    ],
                    "texture": "#1"
                },
                "up": {
                    "uv": [
                        4.75,
                        4.75,
                        11.25,
                        6.25
                    ],
                    "texture": "#1"
                },
                "down": {
                    "uv": [
                        4.75,
                        9.75,
                        11.25,
                        11.25
                    ],
                    "texture": "#1"
                }
            }
        },
        {
            "from": [
                9.75,
                13,
                4.75
            ],
            "to": [
                11.25,
                13.75,
                11.25
            ],
            "faces": {
                "north": {
                    "uv": [
                        4.75,
                        2.25,
                        6.25,
                        3
                    ],
                    "texture": "#1"
                },
                "east": {
                    "uv": [
                        4.75,
                        2.25,
                        11.25,
                        3
                    ],
                    "texture": "#1"
                },
                "south": {
                    "uv": [
                        9.75,
                        2.25,
                        11.25,
                        3
                    ],
                    "texture": "#1"
                },
                "west": {
                    "uv": [
                        4.75,
                        2.25,
                        11.25,
                        3
                    ],
                    "texture": "#1"
                },
                "up": {
                    "uv": [
                        9.75,
                        4.75,
                        11.25,
                        11.25
                    ],
                    "texture": "#1"
                },
                "down": {
                    "uv": [
                        9.75,
                        4.75,
                        11.25,
                        11.25
                    ],
                    "texture": "#1"
                }
            }
        },
        {
            "from": [
                4.75,
                13,
                4.75
            ],
            "to": [
                6.25,
                13.75,
                11.25
            ],
            "faces": {
                "north": {
                    "uv": [
                        9.75,
                        2.25,
                        11.25,
                        3
                    ],
                    "texture": "#1"
                },
                "east": {
                    "uv": [
                        4.75,
                        2.25,
                        11.25,
                        3
                    ],
                    "texture": "#1"
                },
                "south": {
                    "uv": [
                        4.75,
                        2.25,
                        6.25,
                        3
                    ],
                    "texture": "#1"
                },
                "west": {
                    "uv": [
                        4.75,
                        2.25,
                        11.25,
                        3
                    ],
                    "texture": "#1"
                },
                "up": {
                    "uv": [
                        4.75,
                        4.75,
                        6.25,
                        11.25
                    ],
                    "texture": "#1"
                },
                "down": {
                    "uv": [
                        4.75,
                        4.75,
                        6.25,
                        11.25
                    ],
                    "texture": "#1"
                }
            }
        },
        {
            "from": [
                10,
                0,
                5
            ],
            "to": [
                11,
                15,
                6
            ],
            "faces": {
                "north": {
                    "uv": [
                        5,
                        1,
                        6,
                        16
                    ],
                    "texture": "#2"
                },
                "east": {
                    "uv": [
                        10,
                        1,
                        11,
                        16
                    ],
                    "texture": "#2"
                },
                "south": {
                    "uv": [
                        10,
                        1,
                        11,
                        16
                    ],
                    "texture": "#2"
                },
                "west": {
                    "uv": [
                        5,
                        1,
                        6,
                        16
                    ],
                    "texture": "#2"
                },
                "down": {
                    "uv": [
                        10,
                        10,
                        11,
                        11
                    ],
                    "texture": "#2"
                }
            }
        },
        {
            "from": [
                10,
                0,
                10
            ],
            "to": [
                11,
                15,
                11
            ],
            "faces": {
                "north": {
                    "uv": [
                        5,
                        1,
                        6,
                        16
                    ],
                    "texture": "#2"
                },
                "east": {
                    "uv": [
                        5,
                        1,
                        6,
                        16
                    ],
                    "texture": "#2"
                },
                "south": {
                    "uv": [
                        10,
                        1,
                        11,
                        16
                    ],
                    "texture": "#2"
                },
                "west": {
                    "uv": [
                        10,
                        1,
                        11,
                        16
                    ],
                    "texture": "#2"
                },
                "down": {
                    "uv": [
                        10,
                        5,
                        11,
                        6
                    ],
                    "texture": "#2"
                }
            }
        },
        {
            "from": [
                5,
                0,
                5
            ],
            "to": [
                6,
                15,
                6
            ],
            "faces": {
                "north": {
                    "uv": [
                        10,
                        1,
                        11,
                        16
                    ],
                    "texture": "#2"
                },
                "east": {
                    "uv": [
                        10,
                        1,
                        11,
                        16
                    ],
                    "texture": "#2"
                },
                "south": {
                    "uv": [
                        5,
                        1,
                        6,
                        16
                    ],
                    "texture": "#2"
                },
                "west": {
                    "uv": [
                        5,
                        1,
                        6,
                        16
                    ],
                    "texture": "#2"
                },
                "down": {
                    "uv": [
                        5,
                        10,
                        6,
                        11
                    ],
                    "texture": "#2"
                }
            }
        },
        {
            "from": [
                5,
                0,
                10
            ],
            "to": [
                6,
                15,
                11
            ],
            "faces": {
                "north": {
                    "uv": [
                        10,
                        1,
                        11,
                        16
                    ],
                    "texture": "#2"
                },
                "east": {
                    "uv": [
                        5,
                        1,
                        6,
                        16
                    ],
                    "texture": "#2"
                },
                "south": {
                    "uv": [
                        5,
                        1,
                        6,
                        16
                    ],
                    "texture": "#2"
                },
                "west": {
                    "uv": [
                        10,
                        1,
                        11,
                        16
                    ],
                    "texture": "#2"
                },
                "down": {
                    "uv": [
                        5,
                        5,
                        6,
                        6
                    ],
                    "texture": "#2"
                }
            }
        }
    ],
    "display": {
        "head": {
            "translation": [
                0,
                -14.5,
                0
            ],
            "scale": [
                2.3,
                2.3,
                2.3
            ]
        }
    },
    "groups": [
        {
            "name": "group",
            "origin": [
                9,
                12.65067,
                10.48568
            ],
            "color": 0,
            "children": [
                0,
                {
                    "name": "group",
                    "origin": [
                        0,
                        0,
                        0
                    ],
                    "color": 0,
                    "children": [
                        1,
                        2,
                        3,
                        4
                    ]
                },
                {
                    "name": "group",
                    "origin": [
                        0,
                        0,
                        0
                    ],
                    "color": 0,
                    "children": [
                        5,
                        6,
                        7,
                        8
                    ]
                },
                {
                    "name": "group",
                    "origin": [
                        0,
                        0,
                        0
                    ],
                    "color": 0,
                    "children": [
                        9,
                        10,
                        11,
                        12
                    ]
                }
            ]
        }
    ]
}