{
  "parent": "wasd.axe:recipes/crafter_recipe",
  "display": {
    "icon": {
      "item": "minecraft:diamond_axe",
      "nbt": "{CustomModelData:6370001}"
    },
    "title": "火焰斧",
    "description": "引燃攻击到的生物，并且烧毁破坏的方块。",
    "frame": "goal",
    "show_toast": true,
    "announce_to_chat": false,
    "hidden": false
  },
  "criteria": {
    "requirement": {
      "trigger": "minecraft:inventory_changed",
      "conditions": {
        "items": [
          {
            "nbt": "{CustomModelData:6370001}",
            "items": [
              "minecraft:diamond_axe"
            ]
          }
        ]
      }
    }
  }
}
