{
  "parent": "wasd.axe:recipes/crafter_recipe",
  "display": {
    "icon": {
      "item": "minecraft:diamond_axe",
      "nbt": "{CustomModelData:6370002}"
    },
    "title": "巨人之斧",
    "description": "巨型斧，破坏3x3区域的木质方块。",
    "frame": "goal",
    "show_toast": true,
    "announce_to_chat": false,
    "hidden": false
  },
  "criteria": {
    "requirement": {
      "trigger": "minecraft:inventory_changed",
      "conditions": {
        "items": [
          {
            "nbt": "{CustomModelData:6370002}",
            "items": [
              "minecraft:diamond_axe"
            ]
          }
        ]
      }
    }
  }
}
