{
  "parent": "wasd.axe:recipes/crafter_recipe",
  "display": {
    "icon": {
      "item": "minecraft:iron_axe",
      "nbt": "{CustomModelData:6370001}"
    },
    "title": "狂暴之斧",
    "description": "对目标造成高额伤害，但同时也会伤害使用者。",
    "frame": "goal",
    "show_toast": true,
    "announce_to_chat": false,
    "hidden": false
  },
  "criteria": {
    "requirement": {
      "trigger": "minecraft:inventory_changed",
      "conditions": {
        "items": [
          {
            "nbt": "{CustomModelData:6370001}",
            "items": [
              "minecraft:iron_axe"
            ]
          }
        ]
      }
    }
  }
}
