{
  "parent": "wasd.axe:recipes/crafter_recipe",
  "display": {
    "icon": {
      "item": "minecraft:iron_axe",
      "nbt": "{CustomModelData:6370002}"
    },
    "title": "磁力之斧",
    "description": "将挖掘的方块自动吸到玩家附近。",
    "frame": "goal",
    "show_toast": true,
    "announce_to_chat": false,
    "hidden": false
  },
  "criteria": {
    "requirement": {
      "trigger": "minecraft:inventory_changed",
      "conditions": {
        "items": [
          {
            "nbt": "{CustomModelData:6370002}",
            "items": [
              "minecraft:iron_axe"
            ]
          }
        ]
      }
    }
  }
}
