{
    "flower": "ALL",
    "lore": "Tier 2:\nMetal Bees have a grand breeding heirarchy, starting with\nthe bees found in nature as a base.",
    "loreColor": "#00AAAA",
    "maxTimeInHive": 3600,
    "sizeModifier": 1,
    "hasHoneycomb": true,
    "traits": ["sedimentary", "can_swim"],
    "baseLayerTexture": "ores/iron/iron_bee",
    "ColorData": {
        "honeycombColor": "#ffcc99",
        "isBeeColored": false,
        "isRainbowBee": false,
        "isGlowing": false,
        "isEnchanted": false,
        "modelType": "ORE"
    },
    "CombatData": {
        "isPassive": false,
        "removeStingerOnAttack": false,
        "inflictsPoison": true,
        "attackDamage": 1
    },
    "MutationData": {
        "hasMutation": true,
        "mutationCount": 4,
        "mutations" : [
          {
            "type": "BLOCK",
            "inputID": "minecraft:cobblestone",
            "outputs": [
              {"outputID": "emendatusenigmatica:iron_ore", "weight": 10}
            ]
          }
        ]
    },
    "CentrifugeData": {
        "hasCentrifugeOutput": true,

        "mainOutput": "emendatusenigmatica:iron_chunk",
        "mainOutputWeight": 0.5,
        "mainOutputCount": 1,

        "secondaryOutput": "emendatusenigmatica:nickel_nugget",
        "secondaryOutputWeight": 0.1,
        "secondaryOutputCount": 3,

        "bottleOutput": "resourcefulbees:iron_honey_bottle",
        "bottleOutputWeight": 0.02,
        "bottleOutputCount": 1,

        "mainInputCount": 1
    },
    "SpawnData": {
        "canSpawnInWorld": false
    },
    "BreedData": {
        "isBreedable": true,
        "parent1": "forest",
        "parent2": "sand",
        "feedItem": "tag:forge:storage_blocks/iron",
        "feedAmount": 1,
        "childGrowthDelay": -24000,
        "breedDelay": 6000
    },
    "TraitData": {
        "hasTraits": true
    }
}
