{
	"credit": "Made with Blockbench",
	"texture_size": [64, 64],
	"textures": {
		"0": "./shield"
	},
	"elements": [
		{
			"name": "Cube",
			"from": [7, 8, 5],
			"to": [9, 14, 11],
			"faces": {
				"north": {"uv": [10, 1.5, 10.5, 3], "texture": "#0"},
				"east": {"uv": [8.5, 1.5, 10, 3], "texture": "#0"},
				"south": {"uv": [8, 1.5, 8.5, 3], "texture": "#0"},
				"west": {"uv": [6.5, 1.5, 8, 3], "texture": "#0"},
				"up": {"uv": [8, 0, 8.5, 1.5], "texture": "#0"},
				"down": {"uv": [8.5, 0, 9, 1.5], "texture": "#0"}
			}
		},
		{
			"name": "Cube",
			"from": [1, 4, 11],
			"to": [15, 18, 12],
			"faces": {
				"north": {"uv": [0.25, 3.75, 3.75, 7.25], "texture": "#0"},
				"east": {"uv": [3.75, 0.25, 4, 3.75], "texture": "#0"},
				"south": {"uv": [0.25, 0.25, 3.75, 3.75], "texture": "#0"},
				"west": {"uv": [0, 0.25, 0.25, 3.75], "texture": "#0"},
				"up": {"uv": [0.25, 0, 3.75, 0.25], "texture": "#0"},
				"down": {"uv": [0.25, 0, 3.75, 0.25], "texture": "#0"}
			}
		}
	],
	"gui_light": "front",
	"display": {
		"thirdperson_righthand": {
			"rotation": [0, 90, 0],
			"translation": [0, -5, 4]
		},
		"thirdperson_lefthand": {
			"rotation": [0, 90, 0],
			"translation": [0, -5, 4]
		},
		"firstperson_righthand": {
			"rotation": [0, 180, 5],
			"translation": [-1, -13, 2],
			"scale": [1.25, 1.25, 1.25]
		},
		"firstperson_lefthand": {
			"rotation": [0, 180, 5],
			"translation": [-1, -15, 2],
			"scale": [1.25, 1.25, 1.25]
		},
		"ground": {
			"translation": [0, 4, 0],
			"scale": [0.25, 0.25, 0.25]
		},
		"gui": {
			"rotation": [15, -25, -5],
			"translation": [0, -1, 0],
			"scale": [0.65, 0.65, 0.65]
		},
		"fixed": {
			"rotation": [0, 180, 0],
			"scale": [0.5, 0.5, 0.5]
		}
	},
	"groups": [
		{
			"name": "group",
			"origin": [0, 0, 0],
			"color": 0,
			"children": [0, 1]
		}
	]
}