{
    "credit": "Made by Philipp Opheys / pro_pixel_ from BuildmodeOne",
    "textures": {
        "0": "minecraft:block/stripped_spruce_log",
        "1": "minecraft:block/crimson_stem",
        "particle": "minecraft:block/stripped_spruce_log"
    },
    "elements": [
        {
            "from": [
                4,
                9,
                2.75
            ],
            "to": [
                14.4,
                9.75,
                3.75
            ],
            "rotation": {
                "angle": 0,
                "axis": "y",
                "origin": [
                    22,
                    16.5,
                    0.25
                ]
            },
            "faces": {
                "north": {
                    "uv": [
                        1.6,
                        6.25,
                        12,
                        7
                    ],
                    "texture": "#1"
                },
                "east": {
                    "uv": [
                        12.25,
                        6.25,
                        13.25,
                        7
                    ],
                    "texture": "#1"
                },
                "south": {
                    "uv": [
                        4,
                        6.25,
                        14.4,
                        7
                    ],
                    "texture": "#1"
                },
                "west": {
                    "uv": [
                        2.75,
                        6.25,
                        3.75,
                        7
                    ],
                    "texture": "#1"
                },
                "up": {
                    "uv": [
                        4,
                        2.75,
                        14.4,
                        3.75
                    ],
                    "texture": "#1"
                },
                "down": {
                    "uv": [
                        4,
                        12.25,
                        14.4,
                        13.25
                    ],
                    "texture": "#1"
                }
            }
        },
        {
            "from": [
                4,
                9,
                12.25
            ],
            "to": [
                14.4,
                9.75,
                13.25
            ],
            "rotation": {
                "angle": 0,
                "axis": "y",
                "origin": [
                    22,
                    16.5,
                    9.75
                ]
            },
            "faces": {
                "north": {
                    "uv": [
                        1.6,
                        6.25,
                        12,
                        7
                    ],
                    "texture": "#1"
                },
                "east": {
                    "uv": [
                        2.75,
                        6.25,
                        3.75,
                        7
                    ],
                    "texture": "#1"
                },
                "south": {
                    "uv": [
                        4,
                        6.25,
                        14.4,
                        7
                    ],
                    "texture": "#1"
                },
                "west": {
                    "uv": [
                        12.25,
                        6.25,
                        13.25,
                        7
                    ],
                    "texture": "#1"
                },
                "up": {
                    "uv": [
                        4,
                        12.25,
                        14.4,
                        13.25
                    ],
                    "texture": "#1"
                },
                "down": {
                    "uv": [
                        4,
                        2.75,
                        14.4,
                        3.75
                    ],
                    "texture": "#1"
                }
            }
        },
        {
            "from": [
                13.5,
                9.5,
                2
            ],
            "to": [
                15,
                10,
                14
            ],
            "rotation": {
                "angle": 0,
                "axis": "y",
                "origin": [
                    22,
                    17,
                    10
                ]
            },
            "faces": {
                "north": {
                    "uv": [
                        1,
                        6,
                        2.5,
                        6.5
                    ],
                    "texture": "#0"
                },
                "east": {
                    "uv": [
                        2,
                        6,
                        14,
                        6.5
                    ],
                    "texture": "#0"
                },
                "south": {
                    "uv": [
                        13.5,
                        6,
                        15,
                        6.5
                    ],
                    "texture": "#0"
                },
                "west": {
                    "uv": [
                        2,
                        6,
                        14,
                        6.5
                    ],
                    "texture": "#0"
                },
                "up": {
                    "uv": [
                        13.5,
                        2,
                        15,
                        14
                    ],
                    "texture": "#0"
                },
                "down": {
                    "uv": [
                        13.5,
                        2,
                        15,
                        14
                    ],
                    "texture": "#0"
                }
            }
        },
        {
            "from": [
                11.5,
                9.5,
                2
            ],
            "to": [
                13,
                10,
                14
            ],
            "rotation": {
                "angle": 0,
                "axis": "y",
                "origin": [
                    20,
                    17,
                    10
                ]
            },
            "faces": {
                "north": {
                    "uv": [
                        3,
                        6,
                        4.5,
                        6.5
                    ],
                    "texture": "#0"
                },
                "east": {
                    "uv": [
                        2,
                        6,
                        14,
                        6.5
                    ],
                    "texture": "#0"
                },
                "south": {
                    "uv": [
                        11.5,
                        6,
                        13,
                        6.5
                    ],
                    "texture": "#0"
                },
                "west": {
                    "uv": [
                        2,
                        6,
                        14,
                        6.5
                    ],
                    "texture": "#0"
                },
                "up": {
                    "uv": [
                        11.5,
                        2,
                        13,
                        14
                    ],
                    "texture": "#0"
                },
                "down": {
                    "uv": [
                        11.5,
                        2,
                        13,
                        14
                    ],
                    "texture": "#0"
                }
            }
        },
        {
            "from": [
                9.5,
                9.5,
                2
            ],
            "to": [
                11,
                10,
                14
            ],
            "rotation": {
                "angle": 0,
                "axis": "y",
                "origin": [
                    17.75,
                    17,
                    10
                ]
            },
            "faces": {
                "north": {
                    "uv": [
                        5,
                        6,
                        6.5,
                        6.5
                    ],
                    "texture": "#0"
                },
                "east": {
                    "uv": [
                        2,
                        6,
                        14,
                        6.5
                    ],
                    "texture": "#0"
                },
                "south": {
                    "uv": [
                        9.5,
                        6,
                        11,
                        6.5
                    ],
                    "texture": "#0"
                },
                "west": {
                    "uv": [
                        2,
                        6,
                        14,
                        6.5
                    ],
                    "texture": "#0"
                },
                "up": {
                    "uv": [
                        9.5,
                        2,
                        11,
                        14
                    ],
                    "texture": "#0"
                },
                "down": {
                    "uv": [
                        9.5,
                        2,
                        11,
                        14
                    ],
                    "texture": "#0"
                }
            }
        },
        {
            "from": [
                7.5,
                9.5,
                2
            ],
            "to": [
                9,
                10,
                14
            ],
            "rotation": {
                "angle": 0,
                "axis": "y",
                "origin": [
                    15.75,
                    17,
                    10
                ]
            },
            "faces": {
                "north": {
                    "uv": [
                        7,
                        6,
                        8.5,
                        6.5
                    ],
                    "texture": "#0"
                },
                "east": {
                    "uv": [
                        2,
                        6,
                        14,
                        6.5
                    ],
                    "texture": "#0"
                },
                "south": {
                    "uv": [
                        7.5,
                        6,
                        9,
                        6.5
                    ],
                    "texture": "#0"
                },
                "west": {
                    "uv": [
                        2,
                        6,
                        14,
                        6.5
                    ],
                    "texture": "#0"
                },
                "up": {
                    "uv": [
                        7.5,
                        2,
                        9,
                        14
                    ],
                    "texture": "#0"
                },
                "down": {
                    "uv": [
                        7.5,
                        2,
                        9,
                        14
                    ],
                    "texture": "#0"
                }
            }
        },
        {
            "from": [
                5.5,
                9.5,
                2
            ],
            "to": [
                7,
                10,
                14
            ],
            "rotation": {
                "angle": 0,
                "axis": "y",
                "origin": [
                    13.75,
                    17,
                    10
                ]
            },
            "faces": {
                "north": {
                    "uv": [
                        9,
                        6,
                        10.5,
                        6.5
                    ],
                    "texture": "#0"
                },
                "east": {
                    "uv": [
                        2,
                        6,
                        14,
                        6.5
                    ],
                    "texture": "#0"
                },
                "south": {
                    "uv": [
                        5.5,
                        6,
                        7,
                        6.5
                    ],
                    "texture": "#0"
                },
                "west": {
                    "uv": [
                        2,
                        6,
                        14,
                        6.5
                    ],
                    "texture": "#0"
                },
                "up": {
                    "uv": [
                        5.5,
                        2,
                        7,
                        14
                    ],
                    "texture": "#0"
                },
                "down": {
                    "uv": [
                        5.5,
                        2,
                        7,
                        14
                    ],
                    "texture": "#0"
                }
            }
        },
        {
            "from": [
                8.5,
                -1.75,
                3.25
            ],
            "to": [
                9.25,
                11,
                4.25
            ],
            "rotation": {
                "angle": -45,
                "axis": "z",
                "origin": [
                    9,
                    5,
                    3.75
                ]
            },
            "faces": {
                "north": {
                    "uv": [
                        6.75,
                        5,
                        7.5,
                        16
                    ],
                    "texture": "#1"
                },
                "east": {
                    "uv": [
                        11.75,
                        5,
                        12.75,
                        16
                    ],
                    "texture": "#1"
                },
                "south": {
                    "uv": [
                        8.5,
                        5,
                        9.25,
                        16
                    ],
                    "texture": "#1"
                },
                "west": {
                    "uv": [
                        3.25,
                        5,
                        4.25,
                        16
                    ],
                    "texture": "#1"
                },
                "up": {
                    "uv": [
                        8.5,
                        3.25,
                        9.25,
                        4.25
                    ],
                    "texture": "#1"
                },
                "down": {
                    "uv": [
                        8.5,
                        11.75,
                        9.25,
                        12.75
                    ],
                    "texture": "#1"
                }
            }
        },
        {
            "from": [
                8.5,
                -1.75,
                11.75
            ],
            "to": [
                9.25,
                11,
                12.75
            ],
            "rotation": {
                "angle": -45,
                "axis": "z",
                "origin": [
                    9,
                    5,
                    12.25
                ]
            },
            "faces": {
                "north": {
                    "uv": [
                        6.75,
                        5,
                        7.5,
                        16
                    ],
                    "texture": "#1"
                },
                "east": {
                    "uv": [
                        3.25,
                        5,
                        4.25,
                        16
                    ],
                    "texture": "#1"
                },
                "south": {
                    "uv": [
                        8.5,
                        5,
                        9.25,
                        16
                    ],
                    "texture": "#1"
                },
                "west": {
                    "uv": [
                        11.75,
                        5,
                        12.75,
                        16
                    ],
                    "texture": "#1"
                },
                "up": {
                    "uv": [
                        8.5,
                        11.75,
                        9.25,
                        12.75
                    ],
                    "texture": "#1"
                },
                "down": {
                    "uv": [
                        8.5,
                        3.25,
                        9.25,
                        4.25
                    ],
                    "texture": "#1"
                }
            }
        },
        {
            "from": [
                8.75,
                -1.75,
                2.25
            ],
            "to": [
                9.5,
                11.75,
                3.25
            ],
            "rotation": {
                "angle": 45,
                "axis": "z",
                "origin": [
                    9,
                    5,
                    3
                ]
            },
            "faces": {
                "north": {
                    "uv": [
                        6.5,
                        4.25,
                        7.25,
                        16
                    ],
                    "texture": "#1"
                },
                "east": {
                    "uv": [
                        12.75,
                        4.25,
                        13.75,
                        16
                    ],
                    "texture": "#1"
                },
                "south": {
                    "uv": [
                        8.75,
                        4.25,
                        9.5,
                        16
                    ],
                    "texture": "#1"
                },
                "west": {
                    "uv": [
                        2.25,
                        4.25,
                        3.25,
                        16
                    ],
                    "texture": "#1"
                },
                "down": {
                    "uv": [
                        8.75,
                        12.75,
                        9.5,
                        13.75
                    ],
                    "texture": "#1"
                }
            }
        },
        {
            "from": [
                8.75,
                -1.75,
                12.75
            ],
            "to": [
                9.5,
                11.75,
                13.75
            ],
            "rotation": {
                "angle": 45,
                "axis": "z",
                "origin": [
                    9,
                    5,
                    13.5
                ]
            },
            "faces": {
                "north": {
                    "uv": [
                        6.5,
                        4.25,
                        7.25,
                        16
                    ],
                    "texture": "#1"
                },
                "east": {
                    "uv": [
                        2.25,
                        4.25,
                        3.25,
                        16
                    ],
                    "texture": "#1"
                },
                "south": {
                    "uv": [
                        8.75,
                        4.25,
                        9.5,
                        16
                    ],
                    "texture": "#1"
                },
                "west": {
                    "uv": [
                        12.75,
                        4.25,
                        13.75,
                        16
                    ],
                    "texture": "#1"
                },
                "down": {
                    "uv": [
                        8.75,
                        2.25,
                        9.5,
                        3.25
                    ],
                    "texture": "#1"
                }
            }
        },
        {
            "from": [
                5.4,
                1.6,
                4.2
            ],
            "to": [
                5.9,
                2.1,
                11.8
            ],
            "rotation": {
                "angle": -45,
                "axis": "z",
                "origin": [
                    5.65,
                    1.85,
                    8.5
                ]
            },
            "faces": {
                "east": {
                    "uv": [
                        3,
                        14,
                        10.6,
                        14.5
                    ],
                    "texture": "#0"
                },
                "west": {
                    "uv": [
                        4,
                        14,
                        11.6,
                        14.5
                    ],
                    "texture": "#0"
                },
                "up": {
                    "uv": [
                        5.5,
                        4,
                        6,
                        11.6
                    ],
                    "texture": "#0"
                },
                "down": {
                    "uv": [
                        5.5,
                        3,
                        6,
                        10.6
                    ],
                    "texture": "#0"
                }
            }
        },
        {
            "from": [
                8.75,
                4.85,
                4.25
            ],
            "to": [
                9.25,
                5.35,
                11.8
            ],
            "rotation": {
                "angle": -45,
                "axis": "z",
                "origin": [
                    9,
                    5.1,
                    8.75
                ]
            },
            "faces": {
                "east": {
                    "uv": [
                        3,
                        10.75,
                        10.55,
                        11.25
                    ],
                    "texture": "#0"
                },
                "west": {
                    "uv": [
                        4.25,
                        10.75,
                        11.8,
                        11.25
                    ],
                    "texture": "#0"
                },
                "up": {
                    "uv": [
                        8.75,
                        4.25,
                        16.3,
                        4.75
                    ],
                    "rotation": 90,
                    "texture": "#0"
                },
                "down": {
                    "uv": [
                        8.75,
                        3,
                        16.3,
                        3.5
                    ],
                    "rotation": 90,
                    "texture": "#0"
                }
            }
        },
        {
            "from": [
                12.1,
                1.6,
                3.25
            ],
            "to": [
                12.6,
                2.1,
                12.8
            ],
            "rotation": {
                "angle": -45,
                "axis": "z",
                "origin": [
                    12.35,
                    1.85,
                    9
                ]
            },
            "faces": {
                "north": {
                    "uv": [
                        3.5,
                        14,
                        4,
                        14.5
                    ],
                    "texture": "#0"
                },
                "east": {
                    "uv": [
                        2.5,
                        14,
                        12.05,
                        14.5
                    ],
                    "texture": "#0"
                },
                "south": {
                    "uv": [
                        12,
                        14,
                        12.5,
                        14.5
                    ],
                    "texture": "#0"
                },
                "west": {
                    "uv": [
                        3.25,
                        14,
                        12.8,
                        14.5
                    ],
                    "texture": "#0"
                },
                "up": {
                    "uv": [
                        12,
                        3.25,
                        12.5,
                        12.8
                    ],
                    "texture": "#0"
                },
                "down": {
                    "uv": [
                        12,
                        2.5,
                        12.5,
                        12.05
                    ],
                    "texture": "#0"
                }
            }
        },
        {
            "from": [
                1.65466,
                12.59523,
                2
            ],
            "to": [
                2.15466,
                14.09523,
                14
            ],
            "rotation": {
                "angle": 22.5,
                "axis": "z",
                "origin": [
                    2.92495,
                    16.77029,
                    9.3125
                ]
            },
            "faces": {
                "north": {
                    "uv": [
                        13.84534,
                        1.90477,
                        15.34534,
                        2.40477
                    ],
                    "rotation": 270,
                    "texture": "#0"
                },
                "east": {
                    "uv": [
                        2,
                        1.90477,
                        3.5,
                        13.90477
                    ],
                    "rotation": 90,
                    "texture": "#0"
                },
                "south": {
                    "uv": [
                        1.65466,
                        1.90477,
                        3.15466,
                        2.40477
                    ],
                    "rotation": 90,
                    "texture": "#0"
                },
                "west": {
                    "uv": [
                        2,
                        1.90477,
                        3.5,
                        13.90477
                    ],
                    "rotation": 90,
                    "texture": "#0"
                },
                "up": {
                    "uv": [
                        1.65466,
                        2,
                        13.65466,
                        2.5
                    ],
                    "rotation": 90,
                    "texture": "#0"
                },
                "down": {
                    "uv": [
                        1.65466,
                        2,
                        13.65466,
                        2.5
                    ],
                    "rotation": 90,
                    "texture": "#0"
                }
            }
        },
        {
            "from": [
                1.65466,
                14.59523,
                2
            ],
            "to": [
                2.15466,
                16.09523,
                14
            ],
            "rotation": {
                "angle": 22.5,
                "axis": "z",
                "origin": [
                    2.92495,
                    16.77029,
                    9.3125
                ]
            },
            "faces": {
                "north": {
                    "uv": [
                        13.84534,
                        0,
                        15.34534,
                        0.5
                    ],
                    "rotation": 270,
                    "texture": "#0"
                },
                "east": {
                    "uv": [
                        2,
                        0,
                        3.5,
                        12
                    ],
                    "rotation": 90,
                    "texture": "#0"
                },
                "south": {
                    "uv": [
                        1.65466,
                        0,
                        3.15466,
                        0.5
                    ],
                    "rotation": 90,
                    "texture": "#0"
                },
                "west": {
                    "uv": [
                        2,
                        0,
                        3.5,
                        12
                    ],
                    "rotation": 90,
                    "texture": "#0"
                },
                "up": {
                    "uv": [
                        1.65466,
                        2,
                        13.65466,
                        2.5
                    ],
                    "rotation": 90,
                    "texture": "#0"
                },
                "down": {
                    "uv": [
                        1.65466,
                        2,
                        13.65466,
                        2.5
                    ],
                    "rotation": 90,
                    "texture": "#0"
                }
            }
        },
        {
            "from": [
                1.65466,
                16.59523,
                2
            ],
            "to": [
                2.15466,
                18.09523,
                14
            ],
            "rotation": {
                "angle": 22.5,
                "axis": "z",
                "origin": [
                    2.92495,
                    16.77029,
                    9.3125
                ]
            },
            "faces": {
                "north": {
                    "uv": [
                        13.84534,
                        0,
                        15.34534,
                        0.5
                    ],
                    "rotation": 270,
                    "texture": "#0"
                },
                "east": {
                    "uv": [
                        2,
                        0,
                        3.5,
                        12
                    ],
                    "rotation": 90,
                    "texture": "#0"
                },
                "south": {
                    "uv": [
                        1.65466,
                        0,
                        3.15466,
                        0.5
                    ],
                    "rotation": 90,
                    "texture": "#0"
                },
                "west": {
                    "uv": [
                        2,
                        0,
                        3.5,
                        12
                    ],
                    "rotation": 90,
                    "texture": "#0"
                },
                "up": {
                    "uv": [
                        1.65466,
                        2,
                        13.65466,
                        2.5
                    ],
                    "rotation": 90,
                    "texture": "#0"
                },
                "down": {
                    "uv": [
                        1.65466,
                        2,
                        13.65466,
                        2.5
                    ],
                    "rotation": 90,
                    "texture": "#0"
                }
            }
        },
        {
            "from": [
                1.1123,
                18.41102,
                2
            ],
            "to": [
                1.6123,
                19.91102,
                14
            ],
            "rotation": {
                "angle": 0,
                "axis": "z",
                "origin": [
                    1.3623,
                    19.16102,
                    8
                ]
            },
            "faces": {
                "north": {
                    "uv": [
                        14.3877,
                        0,
                        15.8877,
                        0.5
                    ],
                    "rotation": 270,
                    "texture": "#0"
                },
                "east": {
                    "uv": [
                        2,
                        0,
                        3.5,
                        12
                    ],
                    "rotation": 90,
                    "texture": "#0"
                },
                "south": {
                    "uv": [
                        1.1123,
                        0,
                        2.6123,
                        0.5
                    ],
                    "rotation": 90,
                    "texture": "#0"
                },
                "west": {
                    "uv": [
                        2,
                        0,
                        3.5,
                        12
                    ],
                    "rotation": 90,
                    "texture": "#0"
                },
                "up": {
                    "uv": [
                        1.1123,
                        2,
                        13.1123,
                        2.5
                    ],
                    "rotation": 90,
                    "texture": "#0"
                },
                "down": {
                    "uv": [
                        1.1123,
                        2,
                        13.1123,
                        2.5
                    ],
                    "rotation": 90,
                    "texture": "#0"
                }
            }
        },
        {
            "from": [
                0.59979,
                17.93115,
                12.75
            ],
            "to": [
                1.34979,
                20.43115,
                13.75
            ],
            "rotation": {
                "angle": 0,
                "axis": "z",
                "origin": [
                    2.34979,
                    17.23115,
                    13.25
                ]
            },
            "faces": {
                "north": {
                    "uv": [
                        14.65021,
                        0,
                        15.40021,
                        2.5
                    ],
                    "texture": "#1"
                },
                "east": {
                    "uv": [
                        2.25,
                        0,
                        3.25,
                        2.5
                    ],
                    "texture": "#1"
                },
                "south": {
                    "uv": [
                        0.59979,
                        0,
                        1.34979,
                        2.5
                    ],
                    "texture": "#1"
                },
                "west": {
                    "uv": [
                        12.75,
                        0,
                        13.75,
                        2.5
                    ],
                    "texture": "#1"
                },
                "up": {
                    "uv": [
                        0.59979,
                        12.75,
                        1.34979,
                        13.75
                    ],
                    "texture": "#1"
                }
            }
        },
        {
            "from": [
                0.59979,
                17.93115,
                2.25
            ],
            "to": [
                1.34979,
                20.43115,
                3.25
            ],
            "rotation": {
                "angle": 0,
                "axis": "z",
                "origin": [
                    2.34979,
                    17.23115,
                    2.75
                ]
            },
            "faces": {
                "north": {
                    "uv": [
                        14.65021,
                        0,
                        15.40021,
                        2.5
                    ],
                    "texture": "#1"
                },
                "east": {
                    "uv": [
                        12.75,
                        0,
                        13.75,
                        2.5
                    ],
                    "texture": "#1"
                },
                "south": {
                    "uv": [
                        0.59979,
                        0,
                        1.34979,
                        2.5
                    ],
                    "texture": "#1"
                },
                "west": {
                    "uv": [
                        2.25,
                        0,
                        3.25,
                        2.5
                    ],
                    "texture": "#1"
                },
                "up": {
                    "uv": [
                        0.59979,
                        2.25,
                        1.34979,
                        3.25
                    ],
                    "texture": "#1"
                }
            }
        },
        {
            "from": [
                3.4,
                9.5,
                12.75
            ],
            "to": [
                4.15,
                18.6,
                13.75
            ],
            "rotation": {
                "angle": 22.5,
                "axis": "z",
                "origin": [
                    3.65,
                    11.175,
                    13.25
                ]
            },
            "faces": {
                "north": {
                    "uv": [
                        11.85,
                        0,
                        12.6,
                        9.1
                    ],
                    "texture": "#1"
                },
                "east": {
                    "uv": [
                        2.25,
                        0,
                        3.25,
                        9.1
                    ],
                    "texture": "#1"
                },
                "south": {
                    "uv": [
                        3.4,
                        0,
                        4.15,
                        9.1
                    ],
                    "texture": "#1"
                },
                "west": {
                    "uv": [
                        12.75,
                        0,
                        13.75,
                        9.1
                    ],
                    "texture": "#1"
                },
                "up": {
                    "uv": [
                        3.4,
                        12.75,
                        4.15,
                        13.75
                    ],
                    "texture": "#1"
                },
                "down": {
                    "uv": [
                        3.4,
                        2.25,
                        4.15,
                        3.25
                    ],
                    "texture": "#1"
                }
            }
        },
        {
            "from": [
                3.4,
                9.5,
                2.25
            ],
            "to": [
                4.15,
                18.6,
                3.25
            ],
            "rotation": {
                "angle": 22.5,
                "axis": "z",
                "origin": [
                    3.65,
                    11.175,
                    2.75
                ]
            },
            "faces": {
                "north": {
                    "uv": [
                        11.85,
                        0,
                        12.6,
                        9.1
                    ],
                    "texture": "#1"
                },
                "east": {
                    "uv": [
                        12.75,
                        0,
                        13.75,
                        9.1
                    ],
                    "texture": "#1"
                },
                "south": {
                    "uv": [
                        3.4,
                        0,
                        4.15,
                        9.1
                    ],
                    "texture": "#1"
                },
                "west": {
                    "uv": [
                        2.25,
                        0,
                        3.25,
                        9.1
                    ],
                    "texture": "#1"
                },
                "up": {
                    "uv": [
                        3.4,
                        2.25,
                        4.15,
                        3.25
                    ],
                    "texture": "#1"
                },
                "down": {
                    "uv": [
                        3.4,
                        12.75,
                        4.15,
                        13.75
                    ],
                    "texture": "#1"
                }
            }
        }
    ],
    "display": {
        "head": {
            "rotation": [
                0,
                -90,
                0
            ],
            "translation": [
                0,
                -14.5,
                0
            ],
            "scale": [
                2.3,
                2.3,
                2.3
            ]
        }
    },
    "groups": [
        0,
        1,
        {
            "name": "seat",
            "origin": [
                10.75,
                17,
                10
            ],
            "children": [
                2,
                3,
                4,
                5,
                6
            ]
        },
        {
            "name": "body",
            "origin": [
                11.25,
                1.75,
                8.5
            ],
            "children": [
                7,
                8,
                9,
                10,
                11,
                12,
                13
            ]
        },
        {
            "name": "back",
            "origin": [
                5.82495,
                10.77029,
                9.3125
            ],
            "children": [
                14,
                15,
                16,
                17,
                18,
                19,
                20,
                21
            ]
        }
    ]
}