{
    "pools": [
        {
            "rolls": {
                "min": 4,
                "max": 6
            },
            "entries": [
                {
                    "type": "loot_table",
                    "weight": 10,
                    "name": "divine_dimension:groups/loot/farwoods"
                },
                {
                    "type": "loot_table",
                    "weight": 5,
                    "name": "divine_dimension:groups/loot/treasure"
                },
                {
                    "type": "loot_table",
                    "weight": 5,
                    "name": "divine_dimension:groups/loot/arrows"
                }
            ]
        },
        {
            "rolls": {
                "min": 0,
                "max": 1
            },
            "entries": [
                {
                    "type": "loot_table",
                    "weight": 1,
                    "name": "divine_dimension:groups/relics/tier1"
                },
                {
                    "type": "loot_table",
                    "weight": 3,
                    "name": "divine_dimension:groups/loot/rare_items"
                }
            ]
        }
    ]
}