{
    "flower": "minecraft:crimson_fungus",
    "lore": "Tier 3:\nThe Creeper Bee's explosive force can be mutated by\nthe Blaze Bee, forming a creature of the Nether.",
    "loreColor": "#00AAAA",
    "maxTimeInHive": 4800,
    "sizeModifier": 1,
    "hasHoneycomb": true,
    "traits": ["nether", "blaze", "wither", "can_swim"],
    "baseLayerTexture": "other/ghast",
    "ColorData": {
        "honeycombColor": "#faebd7",
        "isBeeColored": false,
        "isRainbowBee": false,
        "isGlowing": false,
        "isEnchanted": false
    },
    "CombatData": {
        "isPassive": false,
        "removeStingerOnAttack": false,
        "inflictsPoison": true,
        "attackDamage": 3
    },
    "MutationData": {
        "hasMutation": true,
        "mutationCount": 4,
        "mutations" : [
          {
            "type": "BLOCK",
            "inputID": "minecraft:polished_basalt",
            "outputs": [
              {"outputID": "minecraft:tnt", "weight": 10}
            ]
          },
          {
            "type": "ENTITY",
            "inputID": "entity:resourcefulbees:diamond_bee",
            "outputs": [
              {"outputID": "entity:resourcefulbees:netherite_bee", "weight": 10}
            ]
          }
        ]
    },
    "CentrifugeData": {
        "hasCentrifugeOutput": true,

        "mainOutput": "minecraft:ghast_tear",
        "mainOutputWeight": 0.3,
        "mainOutputCount": 1,

        "secondaryOutput": "emendatusenigmatica:potassium_nitrate_chunk",
        "secondaryOutputWeight": 0.25,
        "secondaryOutputCount": 3,

        "bottleOutput": "minecraft:honey_bottle",
        "bottleOutputWeight": 0.25,
        "bottleOutputCount": 1,

        "mainInputCount": 1
    },
    "SpawnData": {
        "canSpawnInWorld": false
    },
    "BreedData": {
        "isBreedable": true,
        "feedItem": "minecraft:ghast_tear",
        "feedAmount": 8,
        "childGrowthDelay": -24000,
        "breedDelay": 6000
    },
    "TraitData": {
        "hasTraits": true
    }
}
