{
    "flower": "ALL",
    "lore": "一级蜜蜂：\n彩虹蜜蜂喜欢呆在空旷的地方，\n利用它们天然的保护色与花朵融为一体。",
    "loreColor": "rainbow",
    "maxTimeInHive": 2400,
    "sizeModifier": 1,
    "hasHoneycomb": true,
    "traits": ["can_swim"],
    "ColorData": {
        "honeycombColor": "#ffffff",
        "isBeeColored": false,
        "isRainbowBee": true,
        "isGlowing": true,
        "isEnchanted": false
    },
    "CombatData": {
        "isPassive": false,
        "removeStingerOnAttack": false,
        "inflictsPoison": true,
        "attackDamage": 1
    },
    "MutationData": {
        "hasMutation": false
    },
    "CentrifugeData": {
        "hasCentrifugeOutput": true,

        "mainOutput": "minecraft:experience_bottle",
        "mainOutputWeight": 0.01,
        "mainOutputCount": 2,

        "secondaryOutput": "quark:rainbow_rune",
        "secondaryOutputWeight": 0.05,
        "secondaryOutputCount": 1,

        "bottleOutput": "resourcefulbees:rainbow_honey_bottle",
        "bottleOutputWeight": 0.01,
        "bottleOutputCount": 1,

        "mainInputCount": 1
    },
    "SpawnData": {
        "canSpawnInWorld": true,
        "biomeWhitelist": "tag:PLAINS,SAVANNA",
        "biomeBlacklist": "tag:OCEAN",
        "minGroupSize": 2,
        "maxGroupSize": 3,
        "minYLevel": 60,
        "maxYLevel": 250,
        "spawnWeight": 12,
        "lightLevel": "ANY"
    },
    "BreedData": {
        "isBreedable": true,
        "feedItem": "tag:minecraft:flowers",
        "feedAmount": 1,
        "childGrowthDelay": -24000,
        "breedDelay": 6000
    },
    "TraitData": {
        "hasTraits": true
    }
}
