{
  "type": "end_spike",
  "config": {
    "crystal_invulnerable": false,
    "crystal_beam_target": [
      0,
      250,
      0
    ],
    "spikes": [
      {
        "centerX": 80,
        "centerZ": 0,
        "radius": 1,
        "height": 200,
        "guarded": true
      },
      {
        "centerX": 0,
        "centerZ": 80,
        "radius": 1,
        "height": 200,
        "guarded": true
      },
      {
        "centerX": -80,
        "centerZ": 0,
        "radius": 1,
        "height": 200,
        "guarded": true
      },
      {
        "centerX": 0,
        "centerZ": -80,
        "radius": 1,
        "height": 200,
        "guarded": true
      },
      {
        "centerX": 36,
        "centerZ": 72,
        "radius": 1,
        "height": 200,
        "guarded": true
      },
      {
        "centerX": 72,
        "centerZ": 36,
        "radius": 1,
        "height": 200,
        "guarded": true
      },
      {
        "centerX": -72,
        "centerZ": 36,
        "radius": 1,
        "height": 200,
        "guarded": true
      },
      {
        "centerX": 72,
        "centerZ": -36,
        "radius": 1,
        "height": 200,
        "guarded": true
      },
      {
        "centerX": -36,
        "centerZ": 72,
        "radius": 1,
        "height": 200,
        "guarded": true
      },
      {
        "centerX": 36,
        "centerZ": -72,
        "radius": 1,
        "height": 200,
        "guarded": true
      },
      {
        "centerX": -72,
        "centerZ": -36,
        "radius": 1,
        "height": 200,
        "guarded": true
      },
      {
        "centerX": -36,
        "centerZ": -72,
        "radius": 1,
        "height": 200,
        "guarded": true
      }
    ]
  }
}
