{
  "display": {
    "icon": {
      "item": "minecraft:chest"
    },
    "title": {
      "text": "村民商店                                                           ",
      "color": "green",
      "bold": true,
      "italic": false
    },
    "description": {
      "text": "在箱子上放置一个物品展示框，然后在物品展示框里放置一颗鸡蛋即可创建商店，要想移除商店，只需要按住Shift键然后点击村民即可。当你移除商店，你可以获得未出售的所有物品。\n\n要像设置交易，就需要在创建村民之前将物品放置到箱子里。\n箱子的每一格都是交易内容，其中箱子的第一排和第二排都是交易时的所需物品，而第三排是出售物品。",
      "color": "white",
      "bold": false,
      "italic": false
    },
    "frame": "goal",
    "show_toast": false,
    "announce_to_chat": false
  },
  "parent": "xylo:datapacks_list",
  "criteria": {
    "tick": {
      "trigger": "minecraft:tick"
    }
  }
}
