{
	"credit": "Made with Blockbench",
	"textures": {
		"5": "buildmodeone:item/3d_editor/models/electronics/pc_revised/logo_black",
		"6": "buildmodeone:item/3d_editor/models/electronics/pc_revised/black",
		"gray": "block/white_concrete",
		"black": "block/quartz_block_bottom"
	},
	"elements": [
		{
			"name": "Box1",
			"from": [3.5, 0, 6.35125],
			"to": [12.5, 0.5, 10.35125],
			"rotation": {"angle": 0, "axis": "y", "origin": [0, 0, -4.14875]},
			"faces": {
				"north": {"uv": [3.5, 15.5, 12.5, 16], "texture": "#black"},
				"east": {"uv": [1.5, 15.5, 5.5, 16], "texture": "#black"},
				"south": {"uv": [3.5, 15.5, 12.5, 16], "texture": "#black"},
				"west": {"uv": [10.5, 15.5, 14.5, 16], "texture": "#black"},
				"up": {"uv": [3.5, 10.5, 12.5, 14.5], "texture": "#black"},
				"down": {"uv": [3.5, 1.5, 12.5, 5.5], "texture": "#black", "cullface": "down"}
			}
		},
		{
			"name": "Box2",
			"from": [7, 0.5, 8.35125],
			"to": [9, 7.5, 8.85125],
			"rotation": {"angle": 0, "axis": "y", "origin": [0, 0, -4.14875]},
			"faces": {
				"north": {"uv": [7, 8.5, 9, 15.5], "texture": "#black"},
				"east": {"uv": [3, 8.5, 3.5, 15.5], "texture": "#black"},
				"south": {"uv": [7, 8.5, 9, 15.5], "texture": "#black"},
				"west": {"uv": [12.5, 8.5, 13, 15.5], "texture": "#black"},
				"up": {"uv": [7, 12.5, 9, 13], "texture": "#black"}
			}
		},
		{
			"name": "Box3",
			"from": [0, 3, 7.85125],
			"to": [16, 12.5, 8.35125],
			"rotation": {"angle": 0, "axis": "y", "origin": [0, 0, -4.14875]},
			"faces": {
				"north": {"uv": [0, 3.5, 16, 13], "texture": "#6"},
				"east": {"uv": [3.5, 3.5, 4, 13], "texture": "#gray", "cullface": "east"},
				"south": {"uv": [0, 3.5, 16, 13], "texture": "#gray"},
				"west": {"uv": [12, 3.5, 12.5, 13], "texture": "#gray", "cullface": "west"},
				"up": {"uv": [0, 12, 16, 12.5], "texture": "#gray"},
				"down": {"uv": [0, 3.5, 16, 4], "texture": "#gray"}
			}
		},
		{
			"name": "Box4",
			"from": [0, 3, 7.75125],
			"to": [16, 3.5, 7.85125],
			"rotation": {"angle": 0, "axis": "y", "origin": [0, 0, -4.14875]},
			"faces": {
				"north": {"uv": [0, 12.5, 16, 13], "texture": "#gray"},
				"east": {"uv": [4, 12.5, 4.5, 13], "texture": "#gray", "cullface": "east"},
				"west": {"uv": [11.5, 12.5, 12, 13], "texture": "#gray", "cullface": "west"},
				"up": {"uv": [0, 11.5, 16, 12], "texture": "#gray"},
				"down": {"uv": [0, 4, 16, 4.5], "texture": "#gray"}
			}
		},
		{
			"name": "Box5",
			"from": [6.76, 3.15, 7.74125],
			"to": [9.24, 3.398, 7.74125],
			"rotation": {"angle": 0, "axis": "y", "origin": [-1.92, -0.78, -7.00235]},
			"faces": {
				"north": {"uv": [0, 0, 16, 2], "texture": "#5"}
			}
		},
		{
			"name": "Box4",
			"from": [0, 12.3, 7.75125],
			"to": [16, 12.5, 7.85125],
			"rotation": {"angle": 0, "axis": "y", "origin": [0, 0, -4.14875]},
			"faces": {
				"north": {"uv": [0.5, 12.5, 15.5, 13], "texture": "#gray"},
				"east": {"uv": [8.5, 12.5, 9, 13], "texture": "#gray", "cullface": "east"},
				"west": {"uv": [7, 12.5, 7.5, 13], "texture": "#gray", "cullface": "west"},
				"up": {"uv": [0.5, 7, 15.5, 7.5], "texture": "#gray"},
				"down": {"uv": [0.5, 8.5, 15.5, 9], "texture": "#gray"}
			}
		},
		{
			"name": "Box6",
			"from": [0, 3.5, 7.75125],
			"to": [0.3, 12.3, 7.85125],
			"rotation": {"angle": 0, "axis": "y", "origin": [0, 0, -4.14875]},
			"faces": {
				"north": {"uv": [15.5, 4, 16, 12.5], "texture": "#gray"},
				"east": {"uv": [4, 4, 4.5, 12.5], "texture": "#gray"},
				"west": {"uv": [11.5, 4, 12, 12.5], "texture": "#gray", "cullface": "west"}
			}
		},
		{
			"name": "Box6",
			"from": [15.8, 3.5, 7.75125],
			"to": [16, 12.3, 7.85125],
			"rotation": {"angle": 0, "axis": "y", "origin": [0, 0, -4.14875]},
			"faces": {
				"north": {"uv": [15, 4.5, 15.5, 12.5], "texture": "#gray"},
				"east": {"uv": [8.5, 4.5, 9, 12.5], "texture": "#gray", "cullface": "east"},
				"west": {"uv": [7, 4.5, 7.5, 12.5], "texture": "#gray"}
			}
		}
	],
	"display": {
		"gui": {
			"rotation": [30, 225, 0],
			"scale": [0.625, 0.625, 0.625]
		},
		"head": {
			"translation": [0, -14.5, 0],
			"scale": [2.2857, 2.2857, 2.2857]
		}
	},
	"groups": [
		{
			"name": "monitor",
			"origin": [8, 8, 8],
			"color": 0,
			"children": [
				0,
				1,
				2,
				{
					"name": "frame",
					"origin": [0, 0, 0],
					"color": 0,
					"children": [3, 4, 5, 6, 7]
				}
			]
		}
	]
}