{
  	"parent": "minecraft:item/handheld",
  	"textures": {
    	"layer0": "xylo_rpg:item/weapons/long_sword/netherite"
  	},
  	"display": {
		"thirdperson_righthand": {
			"rotation": [0, -90, 55],
			"translation": [0, 5.5, 0.5],
			"scale": [1.07, 1.07, 1.07]
		},
		"thirdperson_lefthand": {
			"rotation": [0, 90, -55],
			"translation": [0, 5.5, 0.5],
			"scale": [1.07, 1.07, 1.07]
		},
		"firstperson_righthand": {
			"rotation": [0, 85.75, 25],
			"translation": [4, 3.6, 1.8],
			"scale": [0.68, 0.68, 0.68]
		},
		"firstperson_lefthand": {
			"rotation": [-6.23, -85.73, -26.32],
			"translation": [-6.25, 3.6, 1.8],
			"scale": [0.68, 0.68, 0.68]
		},
		"head": {
			"rotation": [0, 90, -45],
			"translation": [0, -45, 0],
			"scale": [1.5, 1.5, 1.5]
		}
	}
}