{
  "display": {
    "icon": {
      "item": "minecraft:paper",
      "nbt": "{CustomModelData:12341054}"
    },
    "title": {
      "text": "耐久核心                  ",
      "color": "white",
      "font": "minecraft:default",
      "bold": false,
      "italic": false
    },
    "description": [
      {
        "text": "\n\n",
        "color": "white",
        "font": "xylo_rpg:advancements",
        "bold": false,
        "italic": false
      },
      {
        "text": "将耐久核心与物品结合起来，可增加其的耐久度，等级和核心一样。\n",
        "color": "white",
        "font": "minecraft:default",
        "bold": false,
        "italic": false
      }
    ],
    "frame": "task",
    "show_toast": true,
    "announce_to_chat": false,
    "hidden": false
  },
  "parent": "xylo_rpg:tutorial/items_recipes/market_map",
  "criteria": {
    "requirement": {
      "trigger": "minecraft:inventory_changed",
      "conditions": {
        "items": [
          {
            "items": [
              "minecraft:paper"
            ],
            "nbt": "{xylo:{id:\"xylo_rpg:durability_core\"}}"
          }
        ]
      }
    }
  }
}
