{
  "display": {
    "icon": {
      "item": "minecraft:barrel",
      "nbt": "{CustomModelData:12341029}"
    },
    "title": {
      "text": "技能台                   ",
      "font": "minecraft:default",
      "color": "white",
      "bold": false,
      "italic": false
    },
    "description": [
      {
        "text": "\uE000\n\n",
        "font": "xylo_rpg:advancements",
        "color": "white",
        "bold": false,
        "italic": false
      },
      {
        "text": "\n\n使用技能台可将你的技能点用于升级技能。\n击杀生物可获得经验并提升等级。",
        "font": "minecraft:default",
        "color": "white",
        "bold": false,
        "italic": false
      }
    ],
    "frame": "task",
    "show_toast": true,
    "announce_to_chat": false
  },
  "parent": "xylo_rpg:tutorial/cct",
  "criteria": {
    "requirement": {
      "trigger": "minecraft:inventory_changed",
      "conditions": {
        "items": [
          {
            "items": [
              "minecraft:barrel"
            ],
            "nbt": "{CustomModelData:12341029}"
          }
        ]
      }
    }
  }
}