{
  "display": {
    "icon": {
      "item": "minecraft:paper",
      "nbt": "{CustomModelData:12341041}"
    },
    "title": {
      "text": "技能核心                  ",
      "color": "white",
      "font": "minecraft:default",
      "bold": false,
      "italic": false
    },
    "description": [
      {
        "text": "\n",
        "color": "white",
        "font": "xylo_rpg:advancements",
        "bold": false,
        "italic": false
      },
      {
        "text": "\n将技能核心与物品结合起来，可将技能核心的技能和元素点数添加到物品中。\n",
        "color": "white",
        "font": "minecraft:default",
        "bold": false,
        "italic": false
      }
    ],
    "frame": "task",
    "show_toast": true,
    "announce_to_chat": false,
    "hidden": false
  },
  "parent": "xylo_rpg:tutorial/2_forge",
  "criteria": {
    "requirement": {
      "trigger": "minecraft:inventory_changed",
      "conditions": {
        "items": [
          {
            "items": [
              "minecraft:paper"
            ],
            "nbt": "{xylo:{id:\"xylo_rpg:skills_core\"}}"
          }
        ]
      }
    }
  }
}
