{
  "display": {
    "icon": {
      "item": "minecraft:barrel",
      "nbt": "{CustomModelData:12340002}"
    },
    "title": {
      "text": "锻造台                         ",
      "font": "minecraft:default",
      "color": "white",
      "bold": false,
      "italic": false
    },
    "description": [
      {
        "text": "\uE001\n\n\n",
        "font": "xylo:advancements",
        "color": "white"
      },
      {
        "text": "\n该锻造台拥有铁砧的所有功能，并且也可以在本系列数据包的自定义物品中生效。",
        "font": "minecraft:default",
        "color": "white",
        "bold": false,
        "italic": false
      }
    ],
    "frame": "task",
    "show_toast": true,
    "announce_to_chat": false
  },
  "parent": "xylo_rpg:tutorial/cct",
  "criteria": {
    "requirement": {
      "trigger": "minecraft:inventory_changed",
      "conditions": {
        "items": [
          {
            "items": [
              "minecraft:barrel"
            ],
            "nbt": "{CustomModelData:12340002}"
          }
        ]
      }
    }
  }
}
