{
  "display": {
    "icon": {
      "item": "minecraft:paper",
      "nbt": "{CustomModelData:12341057}"
    },
    "title": {
      "text": "能力核心                   ",
      "color": "white",
      "font": "minecraft:default",
      "bold": false,
      "italic": false
    },
    "description": [
      {
        "text": "",
        "color": "white",
        "font": "xylo_rpg:advancements",
        "bold": false,
        "italic": false
      },
      {
        "text": "\n\n将能力核心与物品结合起来，\n可将能力核心上的能力转移到物品上。",
        "color": "white",
        "font": "minecraft:default",
        "bold": false,
        "italic": false
      }
    ],
    "frame": "challenge",
    "show_toast": true,
    "announce_to_chat": false,
    "hidden": false
  },
  "parent": "xylo_rpg:tutorial/items_recipes/market_map",
  "criteria": {
    "requirement": {
      "trigger": "minecraft:inventory_changed",
      "conditions": {
        "items": [
          {
            "items": [
              "minecraft:paper"
            ],
            "nbt": "{xylo:{id_tags:[\"#xylo_rpg:ability_core\"]}}"
          }
        ]
      }
    }
  }
}
