{
  "display": {
    "icon": {
      "item": "minecraft:paper",
      "nbt": "{CustomModelData:12341042}"
    },
    "title": {
      "text": "主动能力                       ",
      "color": "white",
      "font": "minecraft:default",
      "bold": false,
      "italic": false
    },
    "description": [
      {
        "text": "主动能力施法需要消耗体力或者能量。激活能力的方式是需要放置在物品栏中的位置:\n",
        "color": "white",
        "font": "minecraft:default",
        "bold": false,
        "italic": false
      },
      {
        "text": "主手: 连续按下两次F键。\n",
        "color": "gray",
        "font": "minecraft:default",
        "bold": false,
        "italic": false
      },
      {
        "text": "\uE003",
        "color": "white",
        "font": "xylo_rpg:advancements",
        "bold": false,
        "italic": false
      },
      {
        "text": " 在短时间之内收到的伤害\n\uF828\uF826相当于生命值总量的一半。\n",
        "color": "gray",
        "font": "minecraft:default",
        "bold": false,
        "italic": false
      },
      {
        "text": "\uE004",
        "color": "white",
        "font": "xylo_rpg:advancements",
        "bold": false,
        "italic": false
      },
      {
        "text": " 潜行两次\n",
        "color": "gray",
        "font": "minecraft:default",
        "bold": false,
        "italic": false
      },
      {
        "text": "\uE005",
        "color": "white",
        "font": "xylo_rpg:advancements",
        "bold": false,
        "italic": false
      },
      {
        "text": " 潜行时跳跃\n",
        "color": "gray",
        "font": "minecraft:default",
        "bold": false,
        "italic": false
      }
    ],
    "frame": "goal",
    "show_toast": true,
    "announce_to_chat": false,
    "hidden": false
  },
  "parent": "xylo_rpg:tutorial/ability_core",
  "criteria": {
    "requirement": {
      "trigger": "minecraft:inventory_changed",
      "conditions": {
        "items": [
          {
            "nbt": "{xylo_rpg:{ability:{effect:{}}}}"
          }
        ]
      }
    }
  }
}
