{
  "display": {
    "icon": {
      "item": "minecraft:paper",
      "nbt": "{CustomModelData:12341056}"
    },
    "title": {
      "text": "战斗能力                           ",
      "color": "white",
      "font": "minecraft:default",
      "bold": false,
      "italic": false
    },
    "description": [
      {
        "text": "战斗能力施法需要消耗体力或者能量。激活能力取决于物品的类型:\n",
        "color": "white",
        "font": "minecraft:default",
        "bold": false,
        "italic": false
      },
      {
        "text": "\uE006",
        "color": "white",
        "font": "xylo_rpg:advancements",
        "bold": false,
        "italic": false
      },
      {
        "text": "\uE007",
        "color": "white",
        "font": "xylo_rpg:advancements",
        "bold": false,
        "italic": false
      },
      {
        "text": "\uE00F",
        "color": "white",
        "font": "xylo_rpg:advancements",
        "bold": false,
        "italic": false
      },
      {
        "text": " 跳跃时命中目标。\n",
        "color": "gray",
        "font": "minecraft:default",
        "bold": false,
        "italic": false
      },
      {
        "text": "\uE008",
        "color": "white",
        "font": "xylo_rpg:advancements",
        "bold": false,
        "italic": false
      },
      {
        "text": "\uE00D",
        "color": "white",
        "font": "xylo_rpg:advancements",
        "bold": false,
        "italic": false
      },
      {
        "text": " 右键点击\n",
        "color": "gray",
        "font": "minecraft:default",
        "bold": false,
        "italic": false
      },
      {
        "text": "\uE009",
        "color": "white",
        "font": "xylo_rpg:advancements",
        "bold": false,
        "italic": false
      },
      {
        "text": "\uE00A",
        "color": "white",
        "font": "xylo_rpg:advancements",
        "bold": false,
        "italic": false
      },
      {
        "text": "\uE00B",
        "color": "white",
        "font": "xylo_rpg:advancements",
        "bold": false,
        "italic": false
      },
      {
        "text": " 投掷\n",
        "color": "gray",
        "font": "minecraft:default",
        "bold": false,
        "italic": false
      },
      {
        "text": "\uE00E",
        "color": "white",
        "font": "xylo_rpg:advancements",
        "bold": false,
        "italic": false
      },
      {
        "text": " ",
        "color": "gray",
        "font": "minecraft:default",
        "bold": false,
        "italic": false
      },
      {
        "text": "\uE00C",
        "color": "white",
        "font": "xylo_rpg:advancements",
        "bold": false,
        "italic": false
      },
      {
        "text": " 格挡攻击\n",
        "color": "gray",
        "font": "minecraft:default",
        "bold": false,
        "italic": false
      }
    ],
    "frame": "goal",
    "show_toast": true,
    "announce_to_chat": false,
    "hidden": false
  },
  "parent": "xylo_rpg:tutorial/ability_core",
  "criteria": {
    "requirement": {
      "trigger": "minecraft:inventory_changed",
      "conditions": {
        "items": [
          {
            "nbt": "{xylo_rpg:{combat_ability:{effect:{}}}}"
          }
        ]
      }
    }
  }
}
