{
  "display": {
    "icon": {
      "item": "minecraft:paper",
      "nbt": "{CustomModelData:12341046}"
    },
    "title": {
      "text": "物品掉落             ",
      "font": "minecraft:default",
      "color": "white",
      "bold": false,
      "italic": false
    },
    "description": [
      {
        "text": "从生物身上获得一件物品。",
        "font": "minecraft:default",
        "color": "white",
        "bold": false,
        "italic": false
      }
    ],
    "frame": "challenge",
    "show_toast": true,
    "announce_to_chat": false,
    "hidden": false
  },
  "parent": "xylo_rpg:tutorial/kill_mob",
  "criteria": {
    "tick": {
      "trigger": "minecraft:impossible"
    }
  }
}