{
  "display": {
    "icon": {
      "item": "minecraft:paper",
      "nbt": "{CustomModelData:12341047}"
    },
    "title": {
      "text": "元素                                 ",
      "color": "white",
      "font": "minecraft:default",
      "bold": false,
      "italic": false
    },
    "description": [
      {
        "text": "总共有6种元素，每一种元素都有其主要和次要效果。\n主要效果是在受到元素伤害时生效，次要（叠加）效果是在堆叠到10个元素时生效。\n叠加效果取决于元素攻击和目标的元素防御强度。",
        "color": "white",
        "font": "minecraft:default",
        "bold": false,
        "italic": false
      }
    ],
    "frame": "goal",
    "show_toast": false,
    "announce_to_chat": false,
    "hidden": false
  },
  "parent": "xylo_rpg:tutorial/xylo_rpg",
  "criteria": {
    "tick": {
      "trigger": "minecraft:tick"
    }
  }
}
