{
  "display": {
    "icon": {
      "item": "minecraft:leather_boots"
    },
    "title": {
      "text": "远离重生点          ",
      "font": "minecraft:default",
      "color": "white",
      "bold": false,
      "italic": false
    },
    "description": [
      {
        "text": "距离出生点越远，怪物将会越强。\n每远离出生点1000格，怪物等级就会增加1级。\n更高级的怪物会掉落更好的装备和更多的经验。",
        "font": "minecraft:default",
        "color": "white",
        "bold": false,
        "italic": false
      }
    ],
    "frame": "goal",
    "show_toast": false,
    "announce_to_chat": false
  },
  "parent": "xylo_rpg:tutorial/xylo_rpg",
  "criteria": {
    "tick": {
      "trigger": "minecraft:tick"
    }
  }
}