{
  "display": {
    "icon": {
      "item": "minecraft:crossbow",
      "nbt": "{CustomModelData:12341206}"
    },
    "title": {
      "text": "RPG物品                      ",
      "color": "white",
      "font": "minecraft:default",
      "bold": false,
      "italic": false
    },
    "description": [
      {
        "text": "所有的RPG物品都会以某种方式来修改你的状态。\n在物品的说明中，你可以找到该物品为你提供的技能和元素攻击/防御（这些属性会加到基础技能中）。\n要使用该物品，你就必须满足所有的要求（只考虑基础技能）。",
        "color": "white",
        "font": "minecraft:default",
        "bold": false,
        "italic": false
      }
    ],
    "frame": "task",
    "show_toast": true,
    "announce_to_chat": false,
    "hidden": false
  },
  "parent": "xylo_rpg:tutorial/drop_item",
  "criteria": {
    "requirement": {
      "trigger": "minecraft:inventory_changed",
      "conditions": {
        "items": [
          {
            "nbt": "{xylo_rpg:{}}"
          }
        ]
      }
    }
  }
}
