{
  "display": {
    "icon": {
      "item": "minecraft:zombie_head"
    },
    "title": {
      "text": "击杀怪物              ",
      "font": "minecraft:default",
      "color": "white",
      "bold": false,
      "italic": false
    },
    "description": [
      {
        "text": "在击杀敌对生物后可以获得经验并且有概率会掉落物品。",
        "font": "minecraft:default",
        "color": "white",
        "bold": false,
        "italic": false
      }
    ],
    "frame": "task",
    "show_toast": true,
    "announce_to_chat": false
  },
  "parent": "xylo_rpg:tutorial/get_further",
  "criteria": {
    "requirement": {
      "trigger": "minecraft:player_killed_entity",
      "conditions": {
        "entity": [
          {
            "condition": "minecraft:entity_properties",
            "entity": "this",
            "predicate": {
              "type": "#xylo:can_damage"
            }
          }
        ]
      }
    }
  }
}