{
  "display": {
    "icon": {
      "item": "minecraft:paper",
      "nbt": "{CustomModelData:12341055}"
    },
    "title": {
      "text": "被动能力                   ",
      "color": "white",
      "font": "minecraft:default",
      "bold": false,
      "italic": false
    },
    "description": [
      {
        "text": "\n\n被动能力不需要消耗任何体力或者能量，它们以两种方式来激活，取决于该能力物品所位于的槽位:\n",
        "color": "white",
        "font": "minecraft:default",
        "bold": false,
        "italic": false
      },
      {
        "text": "盔甲槽: 受到伤害时对怪物或者玩家施展能力。\n主手/副手: 对命中的怪物或者玩家施展能力。",
        "color": "gray",
        "font": "minecraft:default",
        "bold": false,
        "italic": false
      }
    ],
    "frame": "goal",
    "show_toast": true,
    "announce_to_chat": false,
    "hidden": false
  },
  "parent": "xylo_rpg:tutorial/ability_core",
  "criteria": {
    "requirement": {
      "trigger": "minecraft:inventory_changed",
      "conditions": {
        "items": [
          {
            "nbt": "{xylo_rpg:{passive_ability:{effect:{}}}}"
          }
        ]
      }
    }
  }
}
