{
	"credit": "Made with Blockbench",
	"texture_size": [128, 128],
	"textures": {
		"0": "entity/cloud",
		"particle": "entity/cloud"
	},
	"elements": [
		{
			"from": [-16, 0, -16],
			"to": [32, 12, 32],
			"faces": {
				"north": {"uv": [0, 12, 12, 15], "texture": "#0"},
				"east": {"uv": [0, 12, 12, 15], "texture": "#0"},
				"south": {"uv": [0, 12, 12, 15], "texture": "#0"},
				"west": {"uv": [0, 12, 12, 15], "texture": "#0"},
				"up": {"uv": [12, 12, 0, 0], "texture": "#0"},
				"down": {"uv": [12, 0, 0, 12], "texture": "#0"}
			}
		}
	],
	"display": {
		"head": {
			"scale": [4, 4, 4]
		}
	}
}