{
    "providers": [

        {
            "type": "bitmap",
            "file": "xylo_rpg:hud/elements/air/0.png",
            "ascent": 190,
            "height": 256,
            "chars": ["\uE000"]
        },
        {
            "type": "bitmap",
            "file": "xylo_rpg:hud/elements/air/1.png",
            "ascent": 190,
            "height": 256,
            "chars": ["\uE001"]
        },
        {
            "type": "bitmap",
            "file": "xylo_rpg:hud/elements/air/2.png",
            "ascent": 190,
            "height": 256,
            "chars": ["\uE002"]
        },
        {
            "type": "bitmap",
            "file": "xylo_rpg:hud/elements/air/3.png",
            "ascent": 190,
            "height": 256,
            "chars": ["\uE003"]
        },
        {
            "type": "bitmap",
            "file": "xylo_rpg:hud/elements/air/4.png",
            "ascent": 190,
            "height": 256,
            "chars": ["\uE004"]
        },
        {
            "type": "bitmap",
            "file": "xylo_rpg:hud/elements/air/5.png",
            "ascent": 190,
            "height": 256,
            "chars": ["\uE005"]
        },
        {
            "type": "bitmap",
            "file": "xylo_rpg:hud/elements/air/6.png",
            "ascent": 190,
            "height": 256,
            "chars": ["\uE006"]
        },
        {
            "type": "bitmap",
            "file": "xylo_rpg:hud/elements/air/7.png",
            "ascent": 190,
            "height": 256,
            "chars": ["\uE007"]
        },
        {
            "type": "bitmap",
            "file": "xylo_rpg:hud/elements/air/8.png",
            "ascent": 190,
            "height": 256,
            "chars": ["\uE008"]
        }

    ]
}