{
    "providers": [

        {
            "type": "bitmap",
            "file": "xylo_rpg:hud/elements/darkness/0.png",
            "ascent": 196,
            "height": 256,
            "chars": ["\uE000"]
        },
        {
            "type": "bitmap",
            "file": "xylo_rpg:hud/elements/darkness/1.png",
            "ascent": 196,
            "height": 256,
            "chars": ["\uE001"]
        },
        {
            "type": "bitmap",
            "file": "xylo_rpg:hud/elements/darkness/2.png",
            "ascent": 196,
            "height": 256,
            "chars": ["\uE002"]
        },
        {
            "type": "bitmap",
            "file": "xylo_rpg:hud/elements/darkness/3.png",
            "ascent": 196,
            "height": 256,
            "chars": ["\uE003"]
        },
        {
            "type": "bitmap",
            "file": "xylo_rpg:hud/elements/darkness/4.png",
            "ascent": 196,
            "height": 256,
            "chars": ["\uE004"]
        },
        {
            "type": "bitmap",
            "file": "xylo_rpg:hud/elements/darkness/5.png",
            "ascent": 196,
            "height": 256,
            "chars": ["\uE005"]
        },
        {
            "type": "bitmap",
            "file": "xylo_rpg:hud/elements/darkness/6.png",
            "ascent": 196,
            "height": 256,
            "chars": ["\uE006"]
        },
        {
            "type": "bitmap",
            "file": "xylo_rpg:hud/elements/darkness/7.png",
            "ascent": 196,
            "height": 256,
            "chars": ["\uE007"]
        },
        {
            "type": "bitmap",
            "file": "xylo_rpg:hud/elements/darkness/8.png",
            "ascent": 196,
            "height": 256,
            "chars": ["\uE008"]
        }

    ]
}