{
    "providers": [

        {
            "type": "bitmap",
            "file": "xylo_rpg:hud/elements/fire/0.png",
            "ascent": 196,
            "height": 256,
            "chars": ["\uE000"]
        },
        {
            "type": "bitmap",
            "file": "xylo_rpg:hud/elements/fire/1.png",
            "ascent": 196,
            "height": 256,
            "chars": ["\uE001"]
        },
        {
            "type": "bitmap",
            "file": "xylo_rpg:hud/elements/fire/2.png",
            "ascent": 196,
            "height": 256,
            "chars": ["\uE002"]
        },
        {
            "type": "bitmap",
            "file": "xylo_rpg:hud/elements/fire/3.png",
            "ascent": 196,
            "height": 256,
            "chars": ["\uE003"]
        },
        {
            "type": "bitmap",
            "file": "xylo_rpg:hud/elements/fire/4.png",
            "ascent": 196,
            "height": 256,
            "chars": ["\uE004"]
        },
        {
            "type": "bitmap",
            "file": "xylo_rpg:hud/elements/fire/5.png",
            "ascent": 196,
            "height": 256,
            "chars": ["\uE005"]
        },
        {
            "type": "bitmap",
            "file": "xylo_rpg:hud/elements/fire/6.png",
            "ascent": 196,
            "height": 256,
            "chars": ["\uE006"]
        },
        {
            "type": "bitmap",
            "file": "xylo_rpg:hud/elements/fire/7.png",
            "ascent": 196,
            "height": 256,
            "chars": ["\uE007"]
        },
        {
            "type": "bitmap",
            "file": "xylo_rpg:hud/elements/fire/8.png",
            "ascent": 196,
            "height": 256,
            "chars": ["\uE008"]
        }

    ]
}