{
    "providers": [

        {
            "type": "bitmap",
            "file": "xylo_rpg:hud/elements/freeze/0.png",
            "ascent": 190,
            "height": 256,
            "chars": ["\uE000"]
        },
        {
            "type": "bitmap",
            "file": "xylo_rpg:hud/elements/freeze/1.png",
            "ascent": 190,
            "height": 256,
            "chars": ["\uE001"]
        },
        {
            "type": "bitmap",
            "file": "xylo_rpg:hud/elements/freeze/2.png",
            "ascent": 190,
            "height": 256,
            "chars": ["\uE002"]
        },
        {
            "type": "bitmap",
            "file": "xylo_rpg:hud/elements/freeze/3.png",
            "ascent": 190,
            "height": 256,
            "chars": ["\uE003"]
        },
        {
            "type": "bitmap",
            "file": "xylo_rpg:hud/elements/freeze/4.png",
            "ascent": 190,
            "height": 256,
            "chars": ["\uE004"]
        },
        {
            "type": "bitmap",
            "file": "xylo_rpg:hud/elements/freeze/5.png",
            "ascent": 190,
            "height": 256,
            "chars": ["\uE005"]
        },
        {
            "type": "bitmap",
            "file": "xylo_rpg:hud/elements/freeze/6.png",
            "ascent": 190,
            "height": 256,
            "chars": ["\uE006"]
        },
        {
            "type": "bitmap",
            "file": "xylo_rpg:hud/elements/freeze/7.png",
            "ascent": 190,
            "height": 256,
            "chars": ["\uE007"]
        },
        {
            "type": "bitmap",
            "file": "xylo_rpg:hud/elements/freeze/8.png",
            "ascent": 190,
            "height": 256,
            "chars": ["\uE008"]
        }

    ]
}