{
    "providers": [

        {
            "type": "bitmap",
            "file": "xylo_rpg:hud/elements/freeze_stacks/1.png",
            "ascent": 190,
            "height": 256,
            "chars": ["\uE001"]
        },
        {
            "type": "bitmap",
            "file": "xylo_rpg:hud/elements/freeze_stacks/2.png",
            "ascent": 190,
            "height": 256,
            "chars": ["\uE002"]
        },
        {
            "type": "bitmap",
            "file": "xylo_rpg:hud/elements/freeze_stacks/3.png",
            "ascent": 190,
            "height": 256,
            "chars": ["\uE003"]
        },
        {
            "type": "bitmap",
            "file": "xylo_rpg:hud/elements/freeze_stacks/4.png",
            "ascent": 190,
            "height": 256,
            "chars": ["\uE004"]
        },
        {
            "type": "bitmap",
            "file": "xylo_rpg:hud/elements/freeze_stacks/5.png",
            "ascent": 190,
            "height": 256,
            "chars": ["\uE005"]
        },
        {
            "type": "bitmap",
            "file": "xylo_rpg:hud/elements/freeze_stacks/6.png",
            "ascent": 190,
            "height": 256,
            "chars": ["\uE006"]
        },
        {
            "type": "bitmap",
            "file": "xylo_rpg:hud/elements/freeze_stacks/7.png",
            "ascent": 190,
            "height": 256,
            "chars": ["\uE007"]
        },
        {
            "type": "bitmap",
            "file": "xylo_rpg:hud/elements/freeze_stacks/8.png",
            "ascent": 190,
            "height": 256,
            "chars": ["\uE008"]
        },
        {
            "type": "bitmap",
            "file": "xylo_rpg:hud/elements/freeze_stacks/9.png",
            "ascent": 190,
            "height": 256,
            "chars": ["\uE009"]
        },
        {
            "type": "bitmap",
            "file": "xylo_rpg:hud/elements/freeze_stacks/10.png",
            "ascent": 190,
            "height": 256,
            "chars": ["\uE00A"]
        }

    ]
}