{
    "providers": [

        {
            "type": "bitmap",
            "file": "xylo_rpg:hud/elements/light/0.png",
            "ascent": 196,
            "height": 256,
            "chars": ["\uE000"]
        },
        {
            "type": "bitmap",
            "file": "xylo_rpg:hud/elements/light/1.png",
            "ascent": 196,
            "height": 256,
            "chars": ["\uE001"]
        },
        {
            "type": "bitmap",
            "file": "xylo_rpg:hud/elements/light/2.png",
            "ascent": 196,
            "height": 256,
            "chars": ["\uE002"]
        },
        {
            "type": "bitmap",
            "file": "xylo_rpg:hud/elements/light/3.png",
            "ascent": 196,
            "height": 256,
            "chars": ["\uE003"]
        },
        {
            "type": "bitmap",
            "file": "xylo_rpg:hud/elements/light/4.png",
            "ascent": 196,
            "height": 256,
            "chars": ["\uE004"]
        },
        {
            "type": "bitmap",
            "file": "xylo_rpg:hud/elements/light/5.png",
            "ascent": 196,
            "height": 256,
            "chars": ["\uE005"]
        },
        {
            "type": "bitmap",
            "file": "xylo_rpg:hud/elements/light/6.png",
            "ascent": 196,
            "height": 256,
            "chars": ["\uE006"]
        },
        {
            "type": "bitmap",
            "file": "xylo_rpg:hud/elements/light/7.png",
            "ascent": 196,
            "height": 256,
            "chars": ["\uE007"]
        },
        {
            "type": "bitmap",
            "file": "xylo_rpg:hud/elements/light/8.png",
            "ascent": 196,
            "height": 256,
            "chars": ["\uE008"]
        }

    ]
}