{
  "pools": [
    {
      "rolls": 1,
      "entries": [
        {
          "type": "minecraft:loot_table",
          "name": "divine_dimension:items/food/golden_mushroom",
          "functions": [
            {
              "function": "minecraft:set_count",
              "count": {
                "min": 3,
                "max": 5
              }
            },
            {
              "function": "minecraft:looting_enchant",
              "count": {
                "min": 0,
                "max": 3
              }
            }
          ]
        }
      ]
    },
    {
      "rolls": 1,
      "entries": [
        {
          "type": "minecraft:loot_table",
          "name": "divine_dimension:items/materials/fungus_core",
          "functions": [
            {
              "function": "minecraft:set_count",
              "count": {
                "min": 3,
                "max": 4
              }
            }
          ]
        }
      ]
    },
    {
      "rolls": 10,
      "entries": [
        {
          "type": "minecraft:loot_table",
          "name": "divine_dimension:items/food/xp_shards"
        }
      ]
    }
  ]
}
