{
  "pools": [
    {
      "rolls": 1,
      "entries": [
        {
          "type": "minecraft:loot_table",
          "name": "divine_dimension:items/food/larvae",
          "functions": [
            {
              "function": "minecraft:set_count",
              "count": 1
            }
          ]
        }
      ]
    },
    {
      "rolls": 1,
      "entries": [
        {
          "type": "minecraft:loot_table",
          "weight": 1,
          "name": "divine_dimension:items/food/xp_shards"
        },
        {
          "type": "minecraft:empty",
          "weight": 9
        }
      ]
    }
  ]
}
