{
  "pools": [
    {
      "rolls": 20,
      "entries": [
        {
          "type": "minecraft:loot_table",
          "name": "divine_dimension:items/food/xp_shards"
        }
      ]
    },
    {
      "rolls": 1,
      "entries": [
        {
          "type": "minecraft:loot_table",
          "name": "divine_dimension:items/equipment/celestial_helmet"
        }
      ]
    },
    {
      "rolls": 1,
      "entries": [
        {
          "type": "minecraft:loot_table",
          "name": "divine_dimension:items/equipment/celestial_chestplate"
        }
      ]
    },
    {
      "rolls": 1,
      "entries": [
        {
          "type": "minecraft:loot_table",
          "name": "divine_dimension:items/equipment/celestial_leggings"
        }
      ]
    },
    {
      "rolls": 1,
      "entries": [
        {
          "type": "minecraft:loot_table",
          "name": "divine_dimension:items/equipment/celestial_boots"
        }
      ]
    }
  ]
}
