{
  "pools": [
    {
      "rolls": 1,
      "entries": [
        {
          "type": "minecraft:item",
          "name": "minecraft:item_frame",
          "functions": [
            {
              "function": "minecraft:set_nbt",
              "tag": "{display:{Name:'{\"text\":\"TNT Cannon\",\"italic\":false}'},CustomModelData:6371002,EntityTag:{Item:{id:\"minecraft:item_frame\",Count:1b,tag:{CustomModelData:6371001}},Tags:[\"wasd.custom_tnt\",\"wasd.tnt_cannon\",\"wasd.aa_cannon\"],Facing:1b,Invulnerable:1b,Invisible:1b,Fixed:1b}}"
            }
          ]
        }
      ]
    }
  ]
}
