{
  "pools": [
    {
      "rolls": 1,
      "entries": [
        {
          "type": "minecraft:item",
          "name": "minecraft:glow_item_frame",
          "functions": [
            {
              "function": "minecraft:set_nbt",
              "tag": "{display:{Name:'{\"text\":\"Anti-Gravity TNT\",\"italic\":false}'},CustomModelData:6371031,wasd_custom_tnt:1b,EntityTag:{Item:{id:\"minecraft:glow_item_frame\",Count:1b,tag:{CustomModelData:6371031}},Tags:[\"wasd.antigravity\",\"wasd.custom_tnt\",\"wasd.tnt_block\"],Facing:1b,Invulnerable:1b,Invisible:1b,Fixed:1b}}"
            }
          ]
        }
      ]
    }
  ]
}
