{
    "providers": [
        {
            "type": "bitmap",
            "file": "minecraft:gui/overlay/freezing.png",
            "ascent": 128,
            "height": 256,
            "chars": ["\uE000"]
        },
        {
            "type": "bitmap",
            "file": "minecraft:gui/overlay/poisoned.png",
            "ascent": 128,
            "height": 256,
            "chars": ["\uE001"]
        },
        {
            "type": "bitmap",
            "file": "minecraft:gui/recipes/base.png",
            "ascent": 4,
            "height": 63,
            "chars": ["\uE002"]
        },
        {
            "type": "bitmap",
            "file": "minecraft:gui/font/aerogelly.png",
            "ascent": 10,
            "height": 112,
            "chars": ["\uE003"]
        },
        {
            "type": "bitmap",
            "file": "minecraft:gui/font/brewent.png",
            "ascent": 10,
            "height": 112,
            "chars": ["\uE004"]
        },
        {
            "type": "bitmap",
            "file": "minecraft:gui/font/buried.png",
            "ascent": 10,
            "height": 112,
            "chars": ["\uE005"]
        },
        {
            "type": "bitmap",
            "file": "minecraft:gui/font/crystal_golem.png",
            "ascent": 10,
            "height": 112,
            "chars": ["\uE006"]
        },
        {
            "type": "bitmap",
            "file": "minecraft:gui/font/deathsquito.png",
            "ascent": 10,
            "height": 112,
            "chars": ["\uE007"]
        },
        {
            "type": "bitmap",
            "file": "minecraft:gui/font/direwolf.png",
            "ascent": 10,
            "height": 112,
            "chars": ["\uE008"]
        },
        {
            "type": "bitmap",
            "file": "minecraft:gui/font/drifter.png",
            "ascent": 10,
            "height": 112,
            "chars": ["\uE009"]
        },
        {
            "type": "bitmap",
            "file": "minecraft:gui/font/embershell.png",
            "ascent": 10,
            "height": 112,
            "chars": ["\uE00A"]
        },
        {
            "type": "bitmap",
            "file": "minecraft:gui/font/ivis.png",
            "ascent": 10,
            "height": 112,
            "chars": ["\uE00B"]
        },
        {
            "type": "bitmap",
            "file": "minecraft:gui/font/larva.png",
            "ascent": 10,
            "height": 112,
            "chars": ["\uE00C"]
        },
        {
            "type": "bitmap",
            "file": "minecraft:gui/font/mechahorse.png",
            "ascent": 10,
            "height": 112,
            "chars": ["\uE00D"]
        },
        {
            "type": "bitmap",
            "file": "minecraft:gui/font/mechaknight.png",
            "ascent": 10,
            "height": 112,
            "chars": ["\uE00E"]
        },
        {
            "type": "bitmap",
            "file": "minecraft:gui/font/mimic.png",
            "ascent": 10,
            "height": 112,
            "chars": ["\uE00F"]
        },
        {
            "type": "bitmap",
            "file": "minecraft:gui/font/plasmagelly.png",
            "ascent": 10,
            "height": 112,
            "chars": ["\uF000"]
        },
        {
            "type": "bitmap",
            "file": "minecraft:gui/font/seedling.png",
            "ascent": 10,
            "height": 112,
            "chars": ["\uF001"]
        },
        {
            "type": "bitmap",
            "file": "minecraft:gui/font/shards.png",
            "ascent": 10,
            "height": 112,
            "chars": ["\uF002"]
        },
        {
            "type": "bitmap",
            "file": "minecraft:gui/font/silkling.png",
            "ascent": 10,
            "height": 112,
            "chars": ["\uF003"]
        },
        {
            "type": "bitmap",
            "file": "minecraft:gui/font/snug.png",
            "ascent": 10,
            "height": 112,
            "chars": ["\uF004"]
        },
        {
            "type": "bitmap",
            "file": "minecraft:gui/font/sporent.png",
            "ascent": 10,
            "height": 112,
            "chars": ["\uF005"]
        },
        {
            "type": "bitmap",
            "file": "minecraft:gui/font/stalker.png",
            "ascent": 10,
            "height": 112,
            "chars": ["\uF006"]
        },
        {
            "type": "bitmap",
            "file": "minecraft:gui/font/sulpheleton.png",
            "ascent": 10,
            "height": 112,
            "chars": ["\uF007"]
        },
        {
            "type": "bitmap",
            "file": "minecraft:gui/font/zombie_satyr.png",
            "ascent": 10,
            "height": 112,
            "chars": ["\uF008"]
        },
        {
            "type": "ttf",
            "file": "minecraft:negative_spaces.ttf",
            "shift": [0.0, 0.0],
            "size": 10.0,
            "oversample": 1.0
        }
    ]
}