{
    "providers": [
        {
            "type": "bitmap",
            "file": "minecraft:gui/recipes/item_map.png",
            "ascent": 16,
            "height": 16,
            "chars": [
                "\uEE01\uEE02\uEE03\uEE04\uEE05\uEE06\u0000",
                "\uEE07\uEE08\uEE09\uEE0a\uEE0b\uEE0c\u0000",
                "\uEE0d\uEE0e\uEE0f\uEE10\uEE11\uEE12\u0000",
                "\uEE13\uEE14\uEE15\uEE16\uEE17\uEE18\u0000",
                "\uEE19\uEE1a\uEE1b\uEE1c\uEE1d\uEE1e\uEE2d",
                "\uEE1f\uEE20\u0000\uEE22\uEE23\uEE24\uEE25",
                "\uEE2c\uEE26\uEE27\uEE28\uEE29\uEE2a\uEE2b"
            ]
        }
    ]
} 