{
    "providers": [
        {
            "type": "bitmap",
            "file": "minecraft:gui/bar/stamina_0.png",
            "ascent": 3,
            "height": 9,
            "chars": [
                "\uE000"
            ]
        },
        {
            "type": "bitmap",
            "file": "minecraft:gui/bar/stamina_1.png",
            "ascent": 3,
            "height": 9,
            "chars": [
                "\uE001"
            ]
        },
        {
            "type": "bitmap",
            "file": "minecraft:gui/bar/stamina_2.png",
            "ascent": 3,
            "height": 9,
            "chars": [
                "\uE002"
            ]
        },
        {
            "type": "bitmap",
            "file": "minecraft:gui/bar/stamina_3.png",
            "ascent": 3,
            "height": 9,
            "chars": [
                "\uE003"
            ]
        },
        {
            "type": "bitmap",
            "file": "minecraft:gui/bar/stamina_4.png",
            "ascent": 3,
            "height": 9,
            "chars": [
                "\uE004"
            ]
        },
        {
            "type": "bitmap",
            "file": "minecraft:gui/bar/stamina_5.png",
            "ascent": 3,
            "height": 9,
            "chars": [
                "\uE005"
            ]
        },
        {
            "type": "bitmap",
            "file": "minecraft:gui/bar/stamina_6.png",
            "ascent": 3,
            "height": 9,
            "chars": [
                "\uE006"
            ]
        },
        {
            "type": "bitmap",
            "file": "minecraft:gui/bar/stamina_7.png",
            "ascent": 3,
            "height": 9,
            "chars": [
                "\uE007"
            ]
        },
        {
            "type": "bitmap",
            "file": "minecraft:gui/bar/stamina_8.png",
            "ascent": 3,
            "height": 9,
            "chars": [
                "\uE008"
            ]
        },
        {
            "type": "bitmap",
            "file": "minecraft:gui/bar/stamina_9.png",
            "ascent": 3,
            "height": 9,
            "chars": [
                "\uE009"
            ]
        },
        {
            "type": "ttf",
            "file": "minecraft:negative_spaces.ttf",
            "shift": [0.0, 0.0],
            "size": 10.0,
            "oversample": 1.0
        }
    ]
}