{
  "condition": "minecraft:alternative",
  "terms": [
    {
      "condition": "minecraft:value_check",
      "value": {
        "type": "minecraft:score",
        "target": "this",
        "score": "xst_hunger"
      },
      "range": {
        "min": 18
      }
    },
    {
      "condition": "minecraft:inverted",
      "term": {
        "condition": "minecraft:entity_properties",
        "entity": "this",
        "predicate": {
          "type": "minecraft:player"
        }
      }
    }
  ]
}
