{
  "display": {
    "icon": {
      "item": "minecraft:carrot_on_a_stick",
      "nbt": "{CustomModelData:12340201}"
    },
    "title": {
      "text": "便捷传送数据包",
      "color": "green",
      "bold": true,
      "italic": false
    },
    "description": {
      "text": "warp、back & 返回指令、死亡卷轴 & 召回卷轴",
      "color": "white",
      "bold": false,
      "italic": false
    },
    "frame": "goal",
    "show_toast": false,
    "announce_to_chat": false
  },
  "parent": "xylo:datapacks_list",
  "criteria": {
    "requirement": {
      "trigger": "minecraft:tick"
    }
  }
}
