[
  {
    "condition": "minecraft:inverted",
    "term": {
      "condition": "minecraft:entity_properties",
      "entity": "this",
      "predicate": {
        "type_specific": {
          "type": "player",
          "gamemode": "spectator"
        }
      }
    }
  },
  {
    "condition": "minecraft:alternative",
    "terms": [
      {
        "condition": "minecraft:inverted",
        "term": {
          "condition": "minecraft:entity_scores",
          "entity": "this",
          "scores": {
            "xrpg_rpg_hud": 0
          }
        }
      },
      {
        "condition": "minecraft:value_check",
        "value": {
          "type": "minecraft:score",
          "target": {
            "type": "minecraft:fixed",
            "name": "#xrpg_rpg_hud"
          },
          "score": "xrpg_rpg_hud"
        },
        "range": 1
      }
    ]
  }
]
