{
  "parent": "wasd.diamond:recipes/crafter_recipe",
  "display": {
    "icon": {
      "item": "minecraft:diamond",
      "nbt": "{CustomModelData:6370016}"
    },
    "title": "牛钻",
    "description": "人工合成。",
    "frame": "goal",
    "show_toast": true,
    "announce_to_chat": false,
    "hidden": false
  },
  "criteria": {
    "requirement": {
      "trigger": "minecraft:inventory_changed",
      "conditions": {
        "items": [
          {
            "nbt": "{CustomModelData:6370016}",
            "items": [
              "minecraft:diamond"
            ]
          }
        ]
      }
    }
  }
}
