{
  "parent": "wasd.diamond:recipes/3",
  "display": {
    "icon": {
      "item": "minecraft:clay_ball",
      "nbt": "{CustomModelData:6370402}"
    },
    "title": "彩虹钻石",
    "description": "\n红色染料\n橙色染料\n黄色染料\n粉色染料\n钻石\n绿色染料\n紫色染料\n蓝色染料\n青色染料\n",
    "frame": "goal",
    "show_toast": false,
    "announce_to_chat": false,
    "hidden": false
  },
  "criteria": {
    "requirement": {
      "trigger": "minecraft:tick"
    }
  }
}
