{"stats":{"minecraft:dropped":{"minecraft:structure_block":1,"conquest:wallpaper_with_gilded_border":1,"minecraft:andesite":1,"minecraft:bow":1},"minecraft:used":{"conquest:tarred_oak_wood_beam_pillar":3,"conquest:andesite_rocks":22,"minecraft:water_bucket":2,"minecraft:mossy_stone_bricks":9,"minecraft:diorite":1,"conquest:smoke_particle":4,"conquest:railed_hand_cart":3,"conquest:chalky_soil_eighth_slab":5,"minecraft:wither_skeleton_skull":8,"conquest:loose_small_limestones_slab":24,"conquest:limestone_wall":26,"conquest:irregular_andesite_stone_wall":9,"conquest:limestone_vertical_quarter":4,"minecraft:polished_andesite":1,"conquest:limestone_rocks":7,"conquest:rounded_chest":6,"minecraft:chest":13,"conquest:bones_on_the_ground":46,"conquest:mossy_clay_brick":1,"conquest:cow_patty":1,"minecraft:stone":279,"conquest:limestone_cobble_pillar":17,"conquest:pile_of_coal":49,"conquest:blue_schist_rocks":3,"conquest:thick_acacia_branch_flat":1,"conquest:carrots":5,"conquest:wood_eisel":4,"conquest:large_amphora":14,"conquest:silver_coins_on_the_ground":1,"minecraft:structure_block":54,"minecraft:farmland":4,"minecraft:debug_stick":173,"conquest:campfire":2,"conquest:overgrown_small_limestones":4,"conquest:limestone_vertical_slab":2,"conquest:red_egyptian_vase":7,"minecraft:white_wool":187,"minecraft:torch":13,"conquest:overgrown_limestone_cobble":999,"conquest:ash_plank_wooden_crate":6,"minecraft:mossy_cobblestone":45,"conquest:moss_vines":40,"minecraft:dirt":23,"minecraft:sand":14,"minecraft:ancient_debris":13,"conquest:obsidian_rocks":27,"minecraft:vine":50,"conquest:limestone_cobble_quarter_slab":16,"minecraft:dead_fire_coral_block":7,"minecraft:orange_glazed_terracotta":6,"conquest:stalagmite":47,"conquest:sandstone_rocks":7,"minecraft:carrot":7,"minecraft:campfire":21,"conquest:bear_skin_rug":16,"conquest:acacia_branch_tip_45":2,"conquest:fully_white_plastered_logs_vertical_corner_slab":17,"conquest:autumnal_forest_floor":9,"conquest:hanging_roots":49,"minecraft:spruce_fence":9,"minecraft:granite":6,"conquest:fancy_oriental_mosaic":9,"conquest:mossy_oak_log":9,"conquest:limestone_cobble_clay_brick_quoins":10,"minecraft:milk_bucket":1,"minecraft:obsidian":3,"conquest:plough":1,"conquest:grassy_gravel_layer":11,"conquest:peas":3,"minecraft:glass":1,"conquest:tarred_oak_wood_beam_vertical_quarter":2,"conquest:dark_obsidian":1,"conquest:snow_covered_limestone_cobble":9,"conquest:hanging_corpse":11,"conquest:mossy_limestone":9,"conquest:large_clay_pot":1,"conquest:brain_coral":3,"conquest:hand_cart":2,"conquest:acacia_branch_tip_2":3,"conquest:bone_wall_with_skeleton":23,"minecraft:crying_obsidian":10,"conquest:lime_mortar_masonry_eighth_slab":8,"conquest:smooth_obsidian":1,"conquest:limestone_pillar":19,"conquest:ash_log_stump":3,"conquest:hay_on_the_ground":3,"conquest:sheep_skin_rug":6,"conquest:granite_cyclopean_masonry":3,"minecraft:spruce_pressure_plate":1,"conquest:sword_on_the_ground":1,"conquest:wall_of_skulls_and_bones":2,"minecraft:stone_slab":7,"minecraft:polished_granite":1,"conquest:gray_concrete_slab":6,"conquest:tanning_rack":14,"conquest:rock_ladder":26,"conquest:overgrown_limestone_cobble_slab":98,"conquest:thin_cloud":2,"conquest:thick_cloud":2,"minecraft:gravel":249,"conquest:dark_obsidian_rocks":15,"conquest:harebell":3,"minecraft:crimson_nylium":9,"conquest:pahoehoe":2,"conquest:limestone_vertical_corner":2,"conquest:oak_plank_wooden_crate":32,"conquest:acacia_branch_tip_2_45":1,"minecraft:magma_block":1,"conquest:cloud":2,"minecraft:cobblestone":713,"conquest:clay_pot":6,"conquest:wolf_pelt_rug":16,"conquest:heavily_overgrown_limestone_cobble":4,"conquest:polished_blackstone_slab":14,"conquest:small_stones":11,"conquest:spears":3,"minecraft:snow":54,"conquest:graywacke_rocks":4,"conquest:travertine_brick":2,"conquest:slate_rocks":28,"minecraft:andesite":29,"conquest:amphora":3,"conquest:granite_cyclopean_masonry_slab":15,"conquest:wooden_pole":3,"minecraft:sea_pickle":4,"conquest:smoke":9,"minecraft:skeleton_skull":5,"minecraft:crimson_pressure_plate":18,"conquest:waterfall":45,"conquest:spinning_wheel":3,"conquest:limestone_cobble_vertical_quarter":26,"conquest:wallpaper_with_gilded_border":9,"conquest:limestone_cobble_slab":55,"conquest:dead_bush":5,"conquest:iron_hatchet":2,"minecraft:pointed_dripstone":2,"conquest:stalactite":42,"conquest:old_tanning_rack":12,"minecraft:bone_meal":5,"conquest:terracotta_urn":4,"conquest:black_painted_frieze":9,"minecraft:cobweb":72,"conquest:loose_small_limestones":17,"conquest:red_granite_cobble":4,"conquest:muddy_limestone_fanpattern_setts":9},"minecraft:picked_up":{"minecraft:andesite":1,"minecraft:structure_block":1,"minecraft:torch":1,"minecraft:sand":1,"conquest:wallpaper_with_gilded_border":1,"minecraft:carrot":5},"minecraft:custom":{"minecraft:leave_game":14,"minecraft:time_since_death":410634,"minecraft:climb_one_cm":931,"minecraft:time_since_rest":410634,"minecraft:sprint_one_cm":31834,"minecraft:walk_one_cm":78085,"minecraft:drop":4,"minecraft:fly_one_cm":1263568,"minecraft:open_chest":3,"minecraft:crouch_one_cm":6221,"minecraft:play_time":410634,"minecraft:sneak_time":10555,"minecraft:jump":304,"minecraft:total_world_time":805376}},"DataVersion":2975}