{
    "flower": "tag:minecraft:flowers",
    "creator": "Ridanisaurus Rid & TemperedFool",
    "lore": "A suitable offering to Nature will birth the sky.",
    "loreColor": "#00AAAA",
    "maxTimeInHive": 4800,
    "hasHoneycomb": true,
    "traits": ["can_swim"],
    "baseLayerTexture": "other/sky",
    "ColorData": {
        "honeycombColor": "#73d0ff"
    },
    "CombatData": {
        "isPassive": false,
        "removeStingerOnAttack": false,
        "inflictsPoison": true,
        "attackDamage": 1
    },
    "MutationData": {"hasMutation": false},
    "CentrifugeData": {"hasCentrifugeOutput": false},
    "SpawnData": {"canSpawnInWorld": false},
    "BreedData": {"isBreedable": false},
    "TraitData": {"hasTraits": true}
}
