{
    "flower": "tag:botania:mystical_flowers",
    "creator": "Ridanisaurus Rid & TemperedFool",
    "lore": "Proper fortification of the Mana Bee will\nmake it a suitable guardian of Nature.",
    "loreColor": "#00AAAA",
    "maxTimeInHive": 4800,
    "hasHoneycomb": true,
    "traits": ["can_swim"],
    "baseLayerTexture": "other/terrastrial",
    "ColorData": {
        "honeycombColor": "#5bf23d"
    },
    "CombatData": {
        "isPassive": false,
        "removeStingerOnAttack": false,
        "inflictsPoison": true,
        "attackDamage": 1
    },
    "MutationData": {"hasMutation": false},
    "CentrifugeData": {"hasCentrifugeOutput": false},
    "SpawnData": {"canSpawnInWorld": false},
    "BreedData": {"isBreedable": false},
    "TraitData": {"hasTraits": true}
}
