{
  "type": "minecraft:tree",
  "config": {
    "ignore_vines": false,
    "minimum_size": {
      "type": "minecraft:two_layers_feature_size"
    },
    "dirt_provider": {
      "type": "minecraft:simple_state_provider",
      "state": {
        "Name": "minecraft:podzol"
      }
    },
    "trunk_provider": {
      "type": "minecraft:simple_state_provider",
      "state": {
        "Name": "minecraft:mangrove_roots"
      }
    },
    "foliage_provider": {
      "type": "minecraft:simple_state_provider",
      "state": {
        "Name": "minecraft:light"
      }
    },
    "trunk_placer": {
      "type": "minecraft:straight_trunk_placer",
      "base_height": 15,
      "height_rand_a": 4,
      "height_rand_b": 2
    },
    "foliage_placer": {
      "type": "minecraft:spruce_foliage_placer",
      "radius": 0,
      "offset": 0,
      "trunk_height": 0
    },
    "decorators": [
          {
        "type": "minecraft:trunk_vine"
      }
    ]
  }
}

