{
  "type": "minecraft:tree",
  "config": {
    "force_dirt": false,
    "minimum_size": {
      "type": "minecraft:two_layers_feature_size"
    },
    "dirt_provider": {
      "type": "minecraft:simple_state_provider",
      "state": {
        "Name": "minecraft:mycelium"
      }
    },
    "trunk_provider": {
      "type": "minecraft:simple_state_provider",
      "state": {
        "Name": "minecraft:mushroom_stem"
      }
    },
    "foliage_provider": {
      "type": "minecraft:simple_state_provider",
      "state": {
        "Name": "minecraft:brown_mushroom_block"
      }
    },
    "trunk_placer": {
      "type": "minecraft:giant_trunk_placer",
      "base_height": 22,
      "height_rand_a": 0,
      "height_rand_b": 2
    },
    "foliage_placer": {
      "type": "minecraft:blob_foliage_placer",
      "radius": 6,
      "offset": 0,
      "height": 1
    },
    "decorators": []
  }
}
