{
    "providers": [
        
        {
            "type": "bitmap",
            "file": "xylo_rpg:advancements/items_recipes/golden/helmet.png",
            "ascent": 7,
            "height": 32,
            "chars": ["\uE000"]
        },
        {
            "type": "bitmap",
            "file": "xylo_rpg:advancements/items_recipes/golden/chestplate.png",
            "ascent": 7,
            "height": 32,
            "chars": ["\uE001"]
        },
        {
            "type": "bitmap",
            "file": "xylo_rpg:advancements/items_recipes/golden/leggings.png",
            "ascent": 7,
            "height": 32,
            "chars": ["\uE002"]
        },
        {
            "type": "bitmap",
            "file": "xylo_rpg:advancements/items_recipes/golden/boots.png",
            "ascent": 7,
            "height": 32,
            "chars": ["\uE003"]
        },
        {
            "type": "bitmap",
            "file": "xylo_rpg:advancements/items_recipes/golden/sword.png",
            "ascent": 7,
            "height": 32,
            "chars": ["\uE004"]
        },
        {
            "type": "bitmap",
            "file": "xylo_rpg:advancements/items_recipes/golden/axe.png",
            "ascent": 7,
            "height": 32,
            "chars": ["\uE005"]
        },
        {
            "type": "bitmap",
            "file": "xylo_rpg:advancements/items_recipes/golden/shield.png",
            "ascent": 7,
            "height": 32,
            "chars": ["\uE006"]
        },
        {
            "type": "bitmap",
            "file": "xylo_rpg:advancements/items_recipes/golden/bow.png",
            "ascent": 7,
            "height": 32,
            "chars": ["\uE007"]
        },
        {
            "type": "bitmap",
            "file": "xylo_rpg:advancements/items_recipes/golden/crossbow.png",
            "ascent": 7,
            "height": 32,
            "chars": ["\uE008"]
        },
        {
            "type": "bitmap",
            "file": "xylo_rpg:advancements/items_recipes/golden/one_edge_sword.png",
            "ascent": 7,
            "height": 32,
            "chars": ["\uE009"]
        },
        {
            "type": "bitmap",
            "file": "xylo_rpg:advancements/items_recipes/golden/long_sword.png",
            "ascent": 7,
            "height": 32,
            "chars": ["\uE00A"]
        },
        {
            "type": "bitmap",
            "file": "xylo_rpg:advancements/items_recipes/golden/dagger.png",
            "ascent": 7,
            "height": 32,
            "chars": ["\uE00B"]
        },
        {
            "type": "bitmap",
            "file": "xylo_rpg:advancements/items_recipes/golden/spear.png",
            "ascent": 7,
            "height": 32,
            "chars": ["\uE00C"]
        },
        {
            "type": "bitmap",
            "file": "xylo_rpg:advancements/items_recipes/golden/light_sword.png",
            "ascent": 7,
            "height": 32,
            "chars": ["\uE00D"]
        }



    ]
}