{
    "providers": [
        
        {
            "type": "bitmap",
            "file": "xylo_rpg:advancements/items_recipes/iron/helmet.png",
            "ascent": 7,
            "height": 32,
            "chars": ["\uE000"]
        },
        {
            "type": "bitmap",
            "file": "xylo_rpg:advancements/items_recipes/iron/chestplate.png",
            "ascent": 7,
            "height": 32,
            "chars": ["\uE001"]
        },
        {
            "type": "bitmap",
            "file": "xylo_rpg:advancements/items_recipes/iron/leggings.png",
            "ascent": 7,
            "height": 32,
            "chars": ["\uE002"]
        },
        {
            "type": "bitmap",
            "file": "xylo_rpg:advancements/items_recipes/iron/boots.png",
            "ascent": 7,
            "height": 32,
            "chars": ["\uE003"]
        },
        {
            "type": "bitmap",
            "file": "xylo_rpg:advancements/items_recipes/iron/sword.png",
            "ascent": 7,
            "height": 32,
            "chars": ["\uE004"]
        },
        {
            "type": "bitmap",
            "file": "xylo_rpg:advancements/items_recipes/iron/axe.png",
            "ascent": 7,
            "height": 32,
            "chars": ["\uE005"]
        },
        {
            "type": "bitmap",
            "file": "xylo_rpg:advancements/items_recipes/iron/shield.png",
            "ascent": 7,
            "height": 32,
            "chars": ["\uE006"]
        },
        {
            "type": "bitmap",
            "file": "xylo_rpg:advancements/items_recipes/iron/bow.png",
            "ascent": 7,
            "height": 32,
            "chars": ["\uE007"]
        },
        {
            "type": "bitmap",
            "file": "xylo_rpg:advancements/items_recipes/iron/crossbow.png",
            "ascent": 7,
            "height": 32,
            "chars": ["\uE008"]
        },
        {
            "type": "bitmap",
            "file": "xylo_rpg:advancements/items_recipes/iron/one_edge_sword.png",
            "ascent": 7,
            "height": 32,
            "chars": ["\uE009"]
        },
        {
            "type": "bitmap",
            "file": "xylo_rpg:advancements/items_recipes/iron/long_sword.png",
            "ascent": 7,
            "height": 32,
            "chars": ["\uE00A"]
        },
        {
            "type": "bitmap",
            "file": "xylo_rpg:advancements/items_recipes/iron/dagger.png",
            "ascent": 7,
            "height": 32,
            "chars": ["\uE00B"]
        },
        {
            "type": "bitmap",
            "file": "xylo_rpg:advancements/items_recipes/iron/spear.png",
            "ascent": 7,
            "height": 32,
            "chars": ["\uE00C"]
        },
        {
            "type": "bitmap",
            "file": "xylo_rpg:advancements/items_recipes/iron/light_sword.png",
            "ascent": 7,
            "height": 32,
            "chars": ["\uE00D"]
        }



    ]
}