{
    "providers": [
        
        {
            "type": "bitmap",
            "file": "xylo_rpg:advancements/items_recipes/netherite/helmet.png",
            "ascent": 7,
            "height": 32,
            "chars": ["\uE000"]
        },
        {
            "type": "bitmap",
            "file": "xylo_rpg:advancements/items_recipes/netherite/chestplate.png",
            "ascent": 7,
            "height": 32,
            "chars": ["\uE001"]
        },
        {
            "type": "bitmap",
            "file": "xylo_rpg:advancements/items_recipes/netherite/leggings.png",
            "ascent": 7,
            "height": 32,
            "chars": ["\uE002"]
        },
        {
            "type": "bitmap",
            "file": "xylo_rpg:advancements/items_recipes/netherite/boots.png",
            "ascent": 7,
            "height": 32,
            "chars": ["\uE003"]
        },
        {
            "type": "bitmap",
            "file": "xylo_rpg:advancements/items_recipes/netherite/sword.png",
            "ascent": 7,
            "height": 32,
            "chars": ["\uE004"]
        },
        {
            "type": "bitmap",
            "file": "xylo_rpg:advancements/items_recipes/netherite/axe.png",
            "ascent": 7,
            "height": 32,
            "chars": ["\uE005"]
        },
        {
            "type": "bitmap",
            "file": "xylo_rpg:advancements/items_recipes/netherite/shield.png",
            "ascent": 7,
            "height": 32,
            "chars": ["\uE006"]
        },
        {
            "type": "bitmap",
            "file": "xylo_rpg:advancements/items_recipes/netherite/bow.png",
            "ascent": 7,
            "height": 32,
            "chars": ["\uE007"]
        },
        {
            "type": "bitmap",
            "file": "xylo_rpg:advancements/items_recipes/netherite/crossbow.png",
            "ascent": 7,
            "height": 32,
            "chars": ["\uE008"]
        },
        {
            "type": "bitmap",
            "file": "xylo_rpg:advancements/items_recipes/netherite/one_edge_sword.png",
            "ascent": 7,
            "height": 32,
            "chars": ["\uE009"]
        },
        {
            "type": "bitmap",
            "file": "xylo_rpg:advancements/items_recipes/netherite/long_sword.png",
            "ascent": 7,
            "height": 32,
            "chars": ["\uE00A"]
        },
        {
            "type": "bitmap",
            "file": "xylo_rpg:advancements/items_recipes/netherite/dagger.png",
            "ascent": 7,
            "height": 32,
            "chars": ["\uE00B"]
        },
        {
            "type": "bitmap",
            "file": "xylo_rpg:advancements/items_recipes/netherite/spear.png",
            "ascent": 7,
            "height": 32,
            "chars": ["\uE00C"]
        },
        {
            "type": "bitmap",
            "file": "xylo_rpg:advancements/items_recipes/netherite/light_sword.png",
            "ascent": 7,
            "height": 32,
            "chars": ["\uE00D"]
        }



    ]
}