{
    "providers": [
        
        {
            "type": "bitmap",
            "file": "xylo_rpg:advancements/items_recipes/stone/helmet.png",
            "ascent": 7,
            "height": 32,
            "chars": ["\uE000"]
        },
        {
            "type": "bitmap",
            "file": "xylo_rpg:advancements/items_recipes/stone/chestplate.png",
            "ascent": 7,
            "height": 32,
            "chars": ["\uE001"]
        },
        {
            "type": "bitmap",
            "file": "xylo_rpg:advancements/items_recipes/stone/leggings.png",
            "ascent": 7,
            "height": 32,
            "chars": ["\uE002"]
        },
        {
            "type": "bitmap",
            "file": "xylo_rpg:advancements/items_recipes/stone/boots.png",
            "ascent": 7,
            "height": 32,
            "chars": ["\uE003"]
        },
        {
            "type": "bitmap",
            "file": "xylo_rpg:advancements/items_recipes/stone/sword.png",
            "ascent": 7,
            "height": 32,
            "chars": ["\uE004"]
        },
        {
            "type": "bitmap",
            "file": "xylo_rpg:advancements/items_recipes/stone/axe.png",
            "ascent": 7,
            "height": 32,
            "chars": ["\uE005"]
        },
        {
            "type": "bitmap",
            "file": "xylo_rpg:advancements/items_recipes/stone/shield.png",
            "ascent": 7,
            "height": 32,
            "chars": ["\uE006"]
        },
        {
            "type": "bitmap",
            "file": "xylo_rpg:advancements/items_recipes/stone/bow.png",
            "ascent": 7,
            "height": 32,
            "chars": ["\uE007"]
        },
        {
            "type": "bitmap",
            "file": "xylo_rpg:advancements/items_recipes/stone/crossbow.png",
            "ascent": 7,
            "height": 32,
            "chars": ["\uE008"]
        },
        {
            "type": "bitmap",
            "file": "xylo_rpg:advancements/items_recipes/stone/one_edge_sword.png",
            "ascent": 7,
            "height": 32,
            "chars": ["\uE009"]
        },
        {
            "type": "bitmap",
            "file": "xylo_rpg:advancements/items_recipes/stone/long_sword.png",
            "ascent": 7,
            "height": 32,
            "chars": ["\uE00A"]
        },
        {
            "type": "bitmap",
            "file": "xylo_rpg:advancements/items_recipes/stone/dagger.png",
            "ascent": 7,
            "height": 32,
            "chars": ["\uE00B"]
        },
        {
            "type": "bitmap",
            "file": "xylo_rpg:advancements/items_recipes/stone/spear.png",
            "ascent": 7,
            "height": 32,
            "chars": ["\uE00C"]
        },
        {
            "type": "bitmap",
            "file": "xylo_rpg:advancements/items_recipes/stone/light_sword.png",
            "ascent": 7,
            "height": 32,
            "chars": ["\uE00D"]
        }



    ]
}