{
    "providers": [
        
        {
            "type": "bitmap",
            "file": "xylo_rpg:advancements/items_recipes/wooden/helmet.png",
            "ascent": 7,
            "height": 32,
            "chars": ["\uE000"]
        },
        {
            "type": "bitmap",
            "file": "xylo_rpg:advancements/items_recipes/wooden/chestplate.png",
            "ascent": 7,
            "height": 32,
            "chars": ["\uE001"]
        },
        {
            "type": "bitmap",
            "file": "xylo_rpg:advancements/items_recipes/wooden/leggings.png",
            "ascent": 7,
            "height": 32,
            "chars": ["\uE002"]
        },
        {
            "type": "bitmap",
            "file": "xylo_rpg:advancements/items_recipes/wooden/boots.png",
            "ascent": 7,
            "height": 32,
            "chars": ["\uE003"]
        },
        {
            "type": "bitmap",
            "file": "xylo_rpg:advancements/items_recipes/wooden/sword.png",
            "ascent": 7,
            "height": 32,
            "chars": ["\uE004"]
        },
        {
            "type": "bitmap",
            "file": "xylo_rpg:advancements/items_recipes/wooden/axe.png",
            "ascent": 7,
            "height": 32,
            "chars": ["\uE005"]
        },
        {
            "type": "bitmap",
            "file": "xylo_rpg:advancements/items_recipes/wooden/shield.png",
            "ascent": 7,
            "height": 32,
            "chars": ["\uE006"]
        },
        {
            "type": "bitmap",
            "file": "xylo_rpg:advancements/items_recipes/wooden/bow.png",
            "ascent": 7,
            "height": 32,
            "chars": ["\uE007"]
        },
        {
            "type": "bitmap",
            "file": "xylo_rpg:advancements/items_recipes/wooden/crossbow.png",
            "ascent": 7,
            "height": 32,
            "chars": ["\uE008"]
        },
        {
            "type": "bitmap",
            "file": "xylo_rpg:advancements/items_recipes/wooden/one_edge_sword.png",
            "ascent": 7,
            "height": 32,
            "chars": ["\uE009"]
        },
        {
            "type": "bitmap",
            "file": "xylo_rpg:advancements/items_recipes/wooden/long_sword.png",
            "ascent": 7,
            "height": 32,
            "chars": ["\uE00A"]
        },
        {
            "type": "bitmap",
            "file": "xylo_rpg:advancements/items_recipes/wooden/dagger.png",
            "ascent": 7,
            "height": 32,
            "chars": ["\uE00B"]
        },
        {
            "type": "bitmap",
            "file": "xylo_rpg:advancements/items_recipes/wooden/spear.png",
            "ascent": 7,
            "height": 32,
            "chars": ["\uE00C"]
        },
        {
            "type": "bitmap",
            "file": "xylo_rpg:advancements/items_recipes/wooden/light_sword.png",
            "ascent": 7,
            "height": 32,
            "chars": ["\uE00D"]
        }



    ]
}