{
  "parent": "wasd.machine:recipes/crafter_recipe",
  "display": {
    "icon": {
      "item": "minecraft:gold_nugget",
      "nbt": "{CustomModelData:6370219}"
    },
    "title": "重型外壳",
    "description": "在工作台中合成获得。",
    "frame": "goal",
    "show_toast": true,
    "announce_to_chat": false,
    "hidden": false
  },
  "criteria": {
    "requirement": {
      "trigger": "minecraft:inventory_changed",
      "conditions": {
        "items": [
          {
            "nbt": "{CustomModelData:6370219}",
            "items": [
              "minecraft:gold_nugget"
            ]
          }
        ]
      }
    }
  }
}
