{
  "parent": "wasd.machine:recipes/crafter_recipe",
  "display": {
    "icon": {
      "item": "minecraft:item_frame",
      "nbt": "{CustomModelData:6370116}"
    },
    "title": "堆肥桶",
    "description": "工作方式与原版的堆肥桶类似，但是能产生污泥。",
    "frame": "goal",
    "show_toast": true,
    "announce_to_chat": false,
    "hidden": false
  },
  "criteria": {
    "requirement": {
      "trigger": "minecraft:inventory_changed",
      "conditions": {
        "items": [
          {
            "nbt": "{CustomModelData:6370116}",
            "items": [
              "minecraft:item_frame"
            ]
          }
        ]
      }
    }
  }
}
