{
  "parent": "wasd.machine:recipes/crafter_recipe",
  "display": {
    "icon": {
      "item": "minecraft:item_frame",
      "nbt": "{CustomModelData:6370126}"
    },
    "title": "压缩机",
    "description": "可自动为任何2x2和3x3的合成表自动合成物品。",
    "frame": "goal",
    "show_toast": true,
    "announce_to_chat": false,
    "hidden": false
  },
  "criteria": {
    "requirement": {
      "trigger": "minecraft:inventory_changed",
      "conditions": {
        "items": [
          {
            "nbt": "{CustomModelData:6370126}",
            "items": [
              "minecraft:item_frame"
            ]
          }
        ]
      }
    }
  }
}
