{
  "parent": "wasd.machine:recipes/crafter_recipe",
  "display": {
    "icon": {
      "item": "minecraft:item_frame",
      "nbt": "{CustomModelData:6370127}"
    },
    "title": "怪物风扇",
    "description": "将生物推向风扇的正面位置。",
    "frame": "goal",
    "show_toast": true,
    "announce_to_chat": false,
    "hidden": false
  },
  "criteria": {
    "requirement": {
      "trigger": "minecraft:inventory_changed",
      "conditions": {
        "items": [
          {
            "nbt": "{CustomModelData:6370127}",
            "items": [
              "minecraft:item_frame"
            ]
          }
        ]
      }
    }
  }
}
