{
  "parent": "wasd.machine:recipes/crafter_recipe",
  "display": {
    "icon": {
      "item": "minecraft:item_frame",
      "nbt": "{CustomModelData:6370129}"
    },
    "title": "珍珠投手",
    "description": "可根据红石信号将投掷放置在投手里面的末影珍珠，只会那个传送放置珍珠投手的玩家。",
    "frame": "goal",
    "show_toast": true,
    "announce_to_chat": false,
    "hidden": false
  },
  "criteria": {
    "requirement": {
      "trigger": "minecraft:inventory_changed",
      "conditions": {
        "items": [
          {
            "nbt": "{CustomModelData:6370129}",
            "items": [
              "minecraft:item_frame"
            ]
          }
        ]
      }
    }
  }
}
