{
  "parent": "wasd.machine:recipes/crafter_recipe",
  "display": {
    "icon": {
      "item": "minecraft:item_frame",
      "nbt": "{CustomModelData:6370132}"
    },
    "title": "垃圾桶",
    "description": "垃圾桶里面的物品每10秒都会删除一次，可用来替代熔岩与仙人掌。:D",
    "frame": "goal",
    "show_toast": true,
    "announce_to_chat": false,
    "hidden": false
  },
  "criteria": {
    "requirement": {
      "trigger": "minecraft:inventory_changed",
      "conditions": {
        "items": [
          {
            "nbt": "{CustomModelData:6370132}",
            "items": [
              "minecraft:item_frame"
            ]
          }
        ]
      }
    }
  }
}
