{
  "parent": "wasd.machine:recipes/crafter_recipe",
  "display": {
    "icon": {
      "item": "minecraft:item_frame",
      "nbt": "{CustomModelData:6370134}"
    },
    "title": "基岩破坏器",
    "description": "破坏位于破坏器下方的基岩，使用末影珍珠作为燃料。",
    "frame": "goal",
    "show_toast": true,
    "announce_to_chat": false,
    "hidden": false
  },
  "criteria": {
    "requirement": {
      "trigger": "minecraft:inventory_changed",
      "conditions": {
        "items": [
          {
            "nbt": "{CustomModelData:6370134}",
            "items": [
              "minecraft:item_frame"
            ]
          }
        ]
      }
    }
  }
}
