{
  "parent": "wasd.machine:recipes/crafter_recipe",
  "display": {
    "icon": {
      "item": "minecraft:armor_stand",
      "nbt": "{CustomModelData:6370101}"
    },
    "title": "粉碎机",
    "description": "可将方块粉碎成对应粉末。\n圆石粉碎成沙砾，沙砾粉碎成沙子。",
    "frame": "goal",
    "show_toast": true,
    "announce_to_chat": false,
    "hidden": false
  },
  "criteria": {
    "requirement": {
      "trigger": "minecraft:inventory_changed",
      "conditions": {
        "items": [
          {
            "nbt": "{CustomModelData:6370101}",
            "items": [
              "minecraft:armor_stand"
            ]
          }
        ]
      }
    }
  }
}
