{
  "parent": "wasd.machine:recipes/crafter_recipe",
  "display": {
    "icon": {
      "item": "minecraft:item_frame",
      "nbt": "{CustomModelData:6370107}"
    },
    "title": "饱和器",
    "description": "将水添加到方块中，例如：沙砾 -> 砂土 -> 泥土 -> 草方块。",
    "frame": "goal",
    "show_toast": true,
    "announce_to_chat": false,
    "hidden": false
  },
  "criteria": {
    "requirement": {
      "trigger": "minecraft:inventory_changed",
      "conditions": {
        "items": [
          {
            "nbt": "{CustomModelData:6370107}",
            "items": [
              "minecraft:item_frame"
            ]
          }
        ]
      }
    }
  }
}
