{
  "parent": "wasd.machine:recipes/crafter_recipe",
  "display": {
    "icon": {
      "item": "minecraft:item_frame",
      "nbt": "{CustomModelData:6370108}"
    },
    "title": "洗矿机",
    "description": "将矿物洗成锭。",
    "frame": "goal",
    "show_toast": true,
    "announce_to_chat": false,
    "hidden": false
  },
  "criteria": {
    "requirement": {
      "trigger": "minecraft:inventory_changed",
      "conditions": {
        "items": [
          {
            "nbt": "{CustomModelData:6370108}",
            "items": [
              "minecraft:item_frame"
            ]
          }
        ]
      }
    }
  }
}
