{
  "criteria": {
    "indirect_dmg": {
      "trigger": "minecraft:entity_hurt_player",
      "conditions": {
        "damage": {
          "type": {
            "direct_entity": {
              "type": "#xylo:non_mob"
            }
          }
        }
      }
    },
    "direct_dmg": {
      "trigger": "minecraft:entity_hurt_player",
      "conditions": {
        "damage": {
          "type": {
            "direct_entity": {
              "nbt": "{Attributes:[{}]}"
            }
          }
        }
      }
    },
    "direct_dmg_2": {
      "trigger": "minecraft:entity_hurt_player",
      "conditions": {
        "damage": {
          "type": {
            "direct_entity": {
              "type": "minecraft:arrow",
              "nbt": "{Tags:[\"xtl_dual_wield\"]}"
            }
          }
        }
      }
    },
    "direct_dmg_3": {
      "trigger": "minecraft:entity_hurt_player",
      "conditions": {
        "damage": {
          "type": {
            "direct_entity": {
              "type": "minecraft:area_effect_cloud",
              "nbt": "{Tags:[\"x_apply_dmg_dir\"]}"
            }
          }
        }
      }
    }
  },
  "requirements": [
    [
      "indirect_dmg",
      "direct_dmg_2",
      "direct_dmg_3",
      "direct_dmg"
    ]
  ]
}