{
    "type": "minecraft:crafting_shaped",
    "pattern": [
        "#X#",
        "OCO",
        "#O#"
    ],
    "key": {
        "#": {
            "item": "minecraft:diamond"
        },
        "X": {
            "item": "minecraft:enchanting_table"
        },
        "O": {
            "item": "minecraft:obsidian"
        },
        "C": {
            "item": "minecraft:crafting_table"
        }
    },
    "result": {
        "item": "minecraft:item_frame",
        "data":"{display:{Name:'{\"text\":\"魔杖工作台\",\"italic\":false}'},CustomModelData:6370010,EntityTag:{Item:{id:\"minecraft:item_frame\",Count:1b,tag:{CustomModelData:6370010}},Tags:[\"wasd.wand_crafter\"],Facing:1b,Invulnerable:1b,Invisible:1b,Fixed:1b}}"
    }
}

