{
    "providers": [

        {
            "type": "bitmap",
            "file": "xylo:hud/vanilla/health_bar_poison/0.png",
            "ascent": 19,
            "height": 54,
            "chars": ["\uE000"]
        },
        {
            "type": "bitmap",
            "file": "xylo:hud/vanilla/health_bar_poison/1.png",
            "ascent": 19,
            "height": 54,
            "chars": ["\uE001"]
        },
        {
            "type": "bitmap",
            "file": "xylo:hud/vanilla/health_bar_poison/2.png",
            "ascent": 19,
            "height": 54,
            "chars": ["\uE002"]
        },
        {
            "type": "bitmap",
            "file": "xylo:hud/vanilla/health_bar_poison/3.png",
            "ascent": 19,
            "height": 54,
            "chars": ["\uE003"]
        },
        {
            "type": "bitmap",
            "file": "xylo:hud/vanilla/health_bar_poison/4.png",
            "ascent": 19,
            "height": 54,
            "chars": ["\uE004"]
        },
        {
            "type": "bitmap",
            "file": "xylo:hud/vanilla/health_bar_poison/5.png",
            "ascent": 19,
            "height": 54,
            "chars": ["\uE005"]
        },
        {
            "type": "bitmap",
            "file": "xylo:hud/vanilla/health_bar_poison/6.png",
            "ascent": 19,
            "height": 54,
            "chars": ["\uE006"]
        },
        {
            "type": "bitmap",
            "file": "xylo:hud/vanilla/health_bar_poison/7.png",
            "ascent": 19,
            "height": 54,
            "chars": ["\uE007"]
        },
        {
            "type": "bitmap",
            "file": "xylo:hud/vanilla/health_bar_poison/8.png",
            "ascent": 19,
            "height": 54,
            "chars": ["\uE008"]
        },
        {
            "type": "bitmap",
            "file": "xylo:hud/vanilla/health_bar_poison/9.png",
            "ascent": 19,
            "height": 54,
            "chars": ["\uE009"]
        },
        {
            "type": "bitmap",
            "file": "xylo:hud/vanilla/health_bar_poison/10.png",
            "ascent": 19,
            "height": 54,
            "chars": ["\uE00A"]
        },
        {
            "type": "bitmap",
            "file": "xylo:hud/vanilla/health_bar_poison/11.png",
            "ascent": 19,
            "height": 54,
            "chars": ["\uE00B"]
        },
        {
            "type": "bitmap",
            "file": "xylo:hud/vanilla/health_bar_poison/12.png",
            "ascent": 19,
            "height": 54,
            "chars": ["\uE00C"]
        },
        {
            "type": "bitmap",
            "file": "xylo:hud/vanilla/health_bar_poison/13.png",
            "ascent": 19,
            "height": 54,
            "chars": ["\uE00D"]
        },
        {
            "type": "bitmap",
            "file": "xylo:hud/vanilla/health_bar_poison/14.png",
            "ascent": 19,
            "height": 54,
            "chars": ["\uE00E"]
        },
        {
            "type": "bitmap",
            "file": "xylo:hud/vanilla/health_bar_poison/15.png",
            "ascent": 19,
            "height": 54,
            "chars": ["\uE00F"]
        },
        {
            "type": "bitmap",
            "file": "xylo:hud/vanilla/health_bar_poison/16.png",
            "ascent": 19,
            "height": 54,
            "chars": ["\uE010"]
        },
        {
            "type": "bitmap",
            "file": "xylo:hud/vanilla/health_bar_poison/17.png",
            "ascent": 19,
            "height": 54,
            "chars": ["\uE011"]
        },
        {
            "type": "bitmap",
            "file": "xylo:hud/vanilla/health_bar_poison/18.png",
            "ascent": 19,
            "height": 54,
            "chars": ["\uE012"]
        },
        {
            "type": "bitmap",
            "file": "xylo:hud/vanilla/health_bar_poison/19.png",
            "ascent": 19,
            "height": 54,
            "chars": ["\uE013"]
        },
        {
            "type": "bitmap",
            "file": "xylo:hud/vanilla/health_bar_poison/20.png",
            "ascent": 19,
            "height": 54,
            "chars": ["\uE014"]
        }

    ]
}