[
  {
    "function": "minecraft:set_nbt",
    "tag": "{xylo:{is_gui:1b},xylo_rpg:{gui:{is_gui:1b,id:\"atk_dmg\"}},CustomModelData:12341012}"
  },
  {
    "function": "minecraft:set_name",
    "entity": "this",
    "name": [
      {
        "text": "攻击伤害 ",
        "color": "aqua",
        "italic": false
      },
      {
        "score": {
          "name": "@s",
          "objective": "xrpg_atk_dmg"
        },
        "color": "gold",
        "italic": false
      },
      {
        "text": "/100",
        "color": "gold",
        "italic": false
      }
    ]
  },
  {
    "function": "minecraft:set_lore",
    "entity": "this",
    "lore": [
      [
        {
          "text": "[总共: ",
          "color": "dark_gray",
          "italic": false
        },
        {
          "score": {
            "name": "@s",
            "objective": "xrpg_atk_dmgT"
          },
          "color": "dark_gray",
          "italic": false
        },
        {
          "text": "/100]",
          "color": "dark_gray",
          "italic": false
        }
      ],
      [
        {
          "text": "基础伤害: +",
          "color": "dark_gray",
          "italic": false
        },
        {
          "score": {
            "name": "#xrpg_atk_dmg",
            "objective": "xrpg_op"
          },
          "color": "dark_gray",
          "italic": false
        },
        {
          "text": "%",
          "color": "dark_gray",
          "italic": false
        }
      ],
      [
        {
          "text": "",
          "color": "white",
          "italic": false
        }
      ],
      [
        {
          "text": "增加基础攻击伤害",
          "color": "dark_purple",
          "italic": false
        }
      ],
      [
        {
          "text": "",
          "color": "light_gray",
          "italic": false
        }
      ],
      [
        {
          "text": "点击升级",
          "color": "gray",
          "italic": false
        }
      ],
      [
        {
          "text": "[1 技能点]",
          "color": "dark_aqua",
          "italic": false
        }
      ]
    ],
    "replace": true
  }
]