[
  {
    "function": "minecraft:set_nbt",
    "tag": "{xylo:{is_gui:1b},xylo_rpg:{gui:{is_gui:1b,id:\"energy_reg\"}},CustomModelData:12341021}"
  },
  {
    "function": "minecraft:set_name",
    "entity": "this",
    "name": [
      {
        "text": "能量再生 ",
        "color": "aqua",
        "italic": false
      },
      {
        "score": {
          "name": "@s",
          "objective": "xrpg_energy_reg"
        },
        "color": "gold",
        "italic": false
      },
      {
        "text": "/100",
        "color": "gold",
        "italic": false
      }
    ]
  },
  {
    "function": "minecraft:set_lore",
    "entity": "this",
    "lore": [
      [
        {
          "text": "[总共: ",
          "color": "dark_gray",
          "italic": false
        },
        {
          "score": {
            "name": "@s",
            "objective": "xrpg_energy_regT"
          },
          "color": "dark_gray",
          "italic": false
        },
        {
          "text": "/100]",
          "color": "dark_gray",
          "italic": false
        }
      ],
      [
        {
          "text": "再生: ",
          "color": "dark_gray",
          "italic": false
        },
        {
          "score": {
            "name": "#xrpg_energy_reg",
            "objective": "xrpg_op"
          },
          "color": "dark_gray",
          "italic": false
        },
        {
          "text": "/25",
          "color": "dark_gray",
          "italic": false
        }
      ],
      [
        {
          "text": "",
          "color": "white",
          "italic": false
        }
      ],
      [
        {
          "text": "增加能量再生",
          "color": "dark_purple",
          "italic": false
        }
      ],
      [
        {
          "text": "[为了再生能量，",
          "color": "#7700C1",
          "italic": false
        }
      ],
      [
        {
          "text": "必须拥有18点或者更多的饥饿值",
          "color": "#7700C1",
          "italic": false
        }
      ],
      [
        {
          "text": "（9根鸡腿）]",
          "color": "#7700C1",
          "italic": false
        }
      ],
      [
        {
          "text": "",
          "color": "light_gray",
          "italic": false
        }
      ],
      [
        {
          "text": "点击升级",
          "color": "gray",
          "italic": false
        }
      ],
      [
        {
          "text": "[1 技能点]",
          "color": "dark_aqua",
          "italic": false
        }
      ]
    ],
    "replace": true
  }
]