[
  {
    "function": "minecraft:set_nbt",
    "tag": "{xylo:{is_gui:1b},xylo_rpg:{gui:{is_gui:1b,id:\"exp_converter\"}},CustomModelData:12341045}"
  },
  {
    "function": "minecraft:set_name",
    "entity": "this",
    "name": [
      {
        "text": "经验转换 ",
        "color": "aqua",
        "italic": false
      },
      {
        "score": {
          "name": "@s",
          "objective": "xrpg_exp_converter"
        },
        "color": "gold",
        "italic": false
      },
      {
        "text": "/50",
        "color": "gold",
        "italic": false
      }
    ]
  },
  {
    "function": "minecraft:set_lore",
    "entity": "this",
    "lore": [
      [
        {
          "text": "[总共: ",
          "color": "dark_gray",
          "italic": false
        },
        {
          "score": {
            "name": "@s",
            "objective": "xrpg_exp_converterT"
          },
          "color": "dark_gray",
          "italic": false
        },
        {
          "text": "/50]",
          "color": "dark_gray",
          "italic": false
        }
      ],
      [
        {
          "text": "转换率: ",
          "color": "dark_gray",
          "italic": false
        },
        {
          "score": {
            "name": "#xrpg_exp_converter",
            "objective": "xrpg_op"
          },
          "color": "dark_gray",
          "italic": false
        },
        {
          "text": "/",
          "color": "dark_gray",
          "italic": false
        },
        {
          "score": {
            "name": "#xrpg_exp_converter2",
            "objective": "xrpg_op"
          },
          "color": "dark_gray",
          "italic": false
        }
      ],
      [
        {
          "text": "",
          "color": "white",
          "italic": false
        }
      ],
      [
        {
          "text": "将RPG的经验值转化为原版的经验值。",
          "color": "dark_purple",
          "italic": false
        }
      ],
      [
        {
          "text": "",
          "color": "light_gray",
          "italic": false
        }
      ],
      [
        {
          "text": "点击升级",
          "color": "gray",
          "italic": false
        }
      ],
      [
        {
          "text": "[1 技能点]",
          "color": "dark_aqua",
          "italic": false
        }
      ]
    ],
    "replace": true
  }
]