[
  {
    "function": "minecraft:set_nbt",
    "tag": "{xylo:{is_gui:1b},xylo_rpg:{gui:{is_gui:1b,id:\"handling\"}},CustomModelData:12341013}"
  },
  {
    "function": "minecraft:set_name",
    "entity": "this",
    "name": [
      {
        "text": "冷却 ",
        "color": "aqua",
        "italic": false
      },
      {
        "score": {
          "name": "@s",
          "objective": "xrpg_handling"
        },
        "color": "gold",
        "italic": false
      },
      {
        "text": "/50",
        "color": "gold",
        "italic": false
      }
    ]
  },
  {
    "function": "minecraft:set_lore",
    "entity": "this",
    "lore": [
      [
        {
          "text": "[总共: ",
          "color": "dark_gray",
          "italic": false
        },
        {
          "score": {
            "name": "@s",
            "objective": "xrpg_handlingT"
          },
          "color": "dark_gray",
          "italic": false
        },
        {
          "text": "/50]",
          "color": "dark_gray",
          "italic": false
        }
      ],
      [
        {
          "text": "减少冷却时间: ",
          "color": "dark_gray",
          "italic": false
        },
        {
          "score": {
            "name": "@s",
            "objective": "xrpg_handlingT"
          },
          "color": "dark_gray",
          "italic": false
        },
        {
          "text": "/50",
          "color": "dark_gray",
          "italic": false
        }
      ],
      [
        {
          "text": "",
          "color": "white",
          "italic": false
        }
      ],
      [
        {
          "text": "增加",
          "color": "dark_purple",
          "italic": false
        }
      ],
      [
        {
          "text": "武器和盔甲等级:",
          "color": "dark_purple",
          "italic": false
        }
      ],
      [
        {
          "text": "- lvl 5: 石头/链锁",
          "color": "dark_purple",
          "italic": false
        }
      ],
      [
        {
          "text": "- lvl 10: 金",
          "color": "dark_purple",
          "italic": false
        }
      ],
      [
        {
          "text": "- lvl 15: 铁",
          "color": "dark_purple",
          "italic": false
        }
      ],
      [
        {
          "text": "- lvl 20: 钻石",
          "color": "dark_purple",
          "italic": false
        }
      ],
      [
        {
          "text": "- lvl 25: 下界合金",
          "color": "dark_purple",
          "italic": false
        }
      ],
      [
        {
          "text": "减少能力冷却时间",
          "color": "dark_purple",
          "italic": false
        }
      ],
      [
        {
          "text": "每一个技能点减少1%",
          "color": "dark_purple",
          "italic": false
        }
      ],
      [
        {
          "text": "",
          "color": "light_gray",
          "italic": false
        }
      ],
      [
        {
          "text": "点击升级",
          "color": "gray",
          "italic": false
        }
      ],
      [
        {
          "text": "[1 技能点]",
          "color": "dark_aqua",
          "italic": false
        }
      ]
    ],
    "replace": true
  }
]