[
  {
    "function": "minecraft:set_nbt",
    "tag": "{xylo:{is_gui:1b},xylo_rpg:{gui:{is_gui:1b,id:\"health\"}},CustomModelData:12341016}"
  },
  {
    "function": "minecraft:set_name",
    "entity": "this",
    "name": [
      {
        "text": "生命 ",
        "color": "aqua",
        "italic": false
      },
      {
        "score": {
          "name": "@s",
          "objective": "xrpg_health"
        },
        "color": "gold",
        "italic": false
      },
      {
        "text": "/100",
        "color": "gold",
        "italic": false
      }
    ]
  },
  {
    "function": "minecraft:set_lore",
    "entity": "this",
    "lore": [
      [
        {
          "text": "[总共: ",
          "color": "dark_gray",
          "italic": false
        },
        {
          "score": {
            "name": "@s",
            "objective": "xrpg_healthT"
          },
          "color": "dark_gray",
          "italic": false
        },
        {
          "text": "/100]",
          "color": "dark_gray",
          "italic": false
        }
      ],
      [
        {
          "text": "生命 ",
          "color": "dark_gray",
          "italic": false
        },
        {
          "score": {
            "name": "#xrpg_health",
            "objective": "xrpg_op"
          },
          "color": "dark_gray",
          "italic": false
        },
        {
          "text": "/500",
          "color": "dark_gray",
          "italic": false
        }
      ],
      [
        {
          "text": "再生: ",
          "color": "dark_gray",
          "italic": false
        },
        {
          "score": {
            "name": "#xrpg_healht_reg",
            "objective": "xrpg_op"
          },
          "color": "dark_gray",
          "italic": false
        },
        {
          "text": "/10",
          "color": "dark_gray",
          "italic": false
        }
      ],
      [
        {
          "text": "",
          "color": "white",
          "italic": false
        }
      ],
      [
        {
          "text": "增加最大生命值和生命恢复速度",
          "color": "dark_purple",
          "italic": false
        }
      ],
      [
        {
          "text": "",
          "color": "light_gray",
          "italic": false
        }
      ],
      [
        {
          "text": "点击升级",
          "color": "gray",
          "italic": false
        }
      ],
      [
        {
          "text": "[1 技能点]",
          "color": "dark_aqua",
          "italic": false
        }
      ]
    ],
    "replace": true
  }
]