[
  {
    "function": "minecraft:set_nbt",
    "tag": "{xylo:{is_gui:1b},xylo_rpg:{gui:{is_gui:1b,id:\"mobility\"}},CustomModelData:12341015}"
  },
  {
    "function": "minecraft:set_name",
    "entity": "this",
    "name": [
      {
        "text": "敏捷 ",
        "color": "aqua",
        "italic": false
      },
      {
        "score": {
          "name": "@s",
          "objective": "xrpg_mobility"
        },
        "color": "gold",
        "italic": false
      },
      {
        "text": "/100",
        "color": "gold",
        "italic": false
      }
    ]
  },
  {
    "function": "minecraft:set_lore",
    "entity": "this",
    "lore": [
      [
        {
          "text": "[总共: ",
          "color": "dark_gray",
          "italic": false
        },
        {
          "score": {
            "name": "@s",
            "objective": "xrpg_mobilityT"
          },
          "color": "dark_gray",
          "italic": false
        },
        {
          "text": "/100]",
          "color": "dark_gray",
          "italic": false
        }
      ],
      [
        {
          "text": "速度增益: ",
          "color": "dark_gray",
          "italic": false
        },
        {
          "score": {
            "name": "#xrpg_mobility",
            "objective": "xrpg_op"
          },
          "color": "dark_gray",
          "italic": false
        },
        {
          "text": "/100",
          "color": "dark_gray",
          "italic": false
        }
      ],
      [
        {
          "text": "跳跃提升: ",
          "color": "dark_gray",
          "italic": false
        },
        {
          "score": {
            "name": "#xrpg_jump_boost",
            "objective": "xrpg_op"
          },
          "color": "dark_gray",
          "italic": false
        },
        {
          "text": "/3",
          "color": "dark_gray",
          "italic": false
        }
      ],
      [
        {
          "text": "",
          "color": "white",
          "italic": false
        }
      ],
      [
        {
          "text": "增加基础敏捷",
          "color": "dark_purple",
          "italic": false
        }
      ],
      [
        {
          "text": "",
          "color": "light_gray",
          "italic": false
        }
      ],
      [
        {
          "text": "点击升级",
          "color": "gray",
          "italic": false
        }
      ],
      [
        {
          "text": "[1 技能点]",
          "color": "dark_aqua",
          "italic": false
        }
      ]
    ],
    "replace": true
  }
]