[
  {
    "function": "minecraft:set_nbt",
    "tag": "{xylo:{is_gui:1b},xylo_rpg:{gui:{is_gui:1b,id:\"transm\"}},CustomModelData:12341025}"
  },
  {
    "function": "minecraft:set_name",
    "entity": "this",
    "name": [
      {
        "text": "体力转换 ",
        "color": "aqua",
        "italic": false
      },
      {
        "text": "1/1",
        "color": "gold",
        "italic": false
      }
    ]
  },
  {
    "function": "minecraft:set_lore",
    "entity": "this",
    "lore": [
      [
        {
          "text": "将体力转为超量保护罩",
          "color": "dark_purple",
          "italic": false
        }
      ],
      [
        {
          "text": "",
          "color": "light_gray",
          "italic": false
        }
      ],
      [
        {
          "text": "点击更改模式",
          "color": "gray",
          "italic": false
        }
      ],
      [
        {
          "text": "[0 技能点]",
          "color": "dark_aqua",
          "italic": false
        }
      ]
    ],
    "replace": true
  }
]