[
  {
    "function": "minecraft:set_nbt",
    "tag": "{xylo:{is_gui:1b},xylo_rpg:{gui:{is_gui:1b,id:\"transm_eff\"}},CustomModelData:12341023}"
  },
  {
    "function": "minecraft:set_name",
    "entity": "this",
    "name": [
      {
        "text": "效果转换 ",
        "color": "aqua",
        "italic": false
      },
      {
        "score": {
          "name": "@s",
          "objective": "xrpg_transm_eff"
        },
        "color": "gold",
        "italic": false
      },
      {
        "text": "/50",
        "color": "gold",
        "italic": false
      }
    ]
  },
  {
    "function": "minecraft:set_lore",
    "entity": "this",
    "lore": [
      [
        {
          "text": "[总共: ",
          "color": "dark_gray",
          "italic": false
        },
        {
          "score": {
            "name": "@s",
            "objective": "xrpg_transm_effT"
          },
          "color": "dark_gray",
          "italic": false
        },
        {
          "text": "/50]",
          "color": "dark_gray",
          "italic": false
        }
      ],
      [
        {
          "text": "降低费用: ",
          "color": "dark_gray",
          "italic": false
        },
        {
          "score": {
            "name": "@s",
            "objective": "xrpg_m_transm_eff"
          },
          "color": "dark_gray",
          "italic": false
        },
        {
          "text": "/50",
          "color": "dark_gray",
          "italic": false
        }
      ],
      [
        {
          "text": "",
          "color": "white",
          "italic": false
        }
      ],
      [
        {
          "text": "每1点技能点都会降低",
          "color": "dark_purple",
          "italic": false
        }
      ],
      [
        {
          "text": "1%的转换费用。",
          "color": "dark_purple",
          "italic": false
        }
      ],
      [
        {
          "text": "",
          "color": "light_gray",
          "italic": false
        }
      ],
      [
        {
          "text": "点击升级",
          "color": "gray",
          "italic": false
        }
      ],
      [
        {
          "text": "[1 技能点]",
          "color": "dark_aqua",
          "italic": false
        }
      ]
    ],
    "replace": true
  }
]