[
  {
    "function": "minecraft:set_nbt",
    "tag": "{xylo:{is_gui:1b},xylo_rpg:{gui:{is_gui:1b,id:\"transm\"}},CustomModelData:12341044}"
  },
  {
    "function": "minecraft:set_name",
    "entity": "this",
    "name": [
      {
        "text": "嬗变 ",
        "color": "aqua",
        "italic": false
      },
      {
        "text": "1/1",
        "color": "gold",
        "italic": false
      }
    ]
  },
  {
    "function": "minecraft:set_lore",
    "entity": "this",
    "lore": [
      [
        {
          "text": "转换:",
          "color": "dark_purple",
          "italic": false
        }
      ],
      [
        {
          "text": "- 体力转为能量",
          "color": "dark_purple",
          "italic": false
        }
      ],
      [
        {
          "text": "- 存储能量以备不时之需",
          "color": "dark_purple",
          "italic": false
        }
      ],
      [
        {
          "text": "- 能量转为体力",
          "color": "dark_purple",
          "italic": false
        }
      ],
      [
        {
          "text": "- 能量转为超量保护",
          "color": "dark_purple",
          "italic": false
        }
      ],
      [
        {
          "text": "",
          "color": "light_gray",
          "italic": false
        }
      ],
      [
        {
          "text": "点击选择模式",
          "color": "gray",
          "italic": false
        }
      ],
      [
        {
          "text": "[0 技能点]",
          "color": "dark_aqua",
          "italic": false
        }
      ]
    ],
    "replace": true
  }
]