[
  {
  "function": "minecraft:set_nbt",
  "tag": "{xylo_echest:{interface:1,pos:7}}",
  "conditions": [
    {
      "condition": "minecraft:value_check",
      "value": {
        "type": "minecraft:score",
        "target": {
          "type": "minecraft:fixed",
          "name": "#xs_submode"
        },
        "score": "xs_op",
        "scale": 1
      },
      "range": 0
    }
  ]
},
{
  "function": "minecraft:set_lore",
  "entity": "this",
  "lore": [
    [
      [
        {
            "text": "状态: ",
            "color": "white",
            "italic": false
          },
          {
            "nbt": "players[0].echest.mode[{mode:3}].page[0].items[{Slot:7b}].tag.xylo_echest.active",
            "storage": "xylo_data:data",
            "color": "white"
          }
      ]
    ]
  ]
}
]