{
  "pools": [
    {
      "rolls": 1,
      "entries": [
        {
          "type": "minecraft:item",
          "name": "minecraft:map",
          "functions": [
            {
              "function": "minecraft:exploration_map",
              "destination": "divine_dimension:satyr_village",
              "decoration": "mansion",
              "search_radius":100,
              "zoom": 3,
              "skip_existing_chunks": false
            },
            {
              "function": "minecraft:set_name",
              "name": {
                "text": "萨提尔村地图",
                "italic": false,
                "color": "dark_green"
              }
            }
          ]
        }
      ]
    }
  ]
}
