{
  "display": {
    "icon": {
      "item": "minecraft:brick",
      "nbt": "{CustomModelData:6370029}"
    },
    "title": "营地交易员",
    "description": "添加了一个更好的营地交易员，每天都会随机地产生交易。",
    "frame": "challenge",
    "show_toast": false,
    "announce_to_chat": false,
    "hidden": false,
    "background": "minecraft:textures/block/gray_concrete_powder.png"
  },
  "criteria": {
    "requirement": {
      "trigger": "minecraft:tick"
    }
  }
}
