{
  "parent": "wasd.trader:recipes/root",
  "display": {
    "icon": {
      "item": "minecraft:emerald",
      "nbt": "{CustomModelData:6370002}"
    },
    "title": "非合成钻石硬币",
    "description": "放在右上角。",
    "frame": "goal",
    "show_toast": true,
    "announce_to_chat": false,
    "hidden": false
  },
  "criteria": {
    "requirement": {
      "trigger": "minecraft:inventory_changed",
      "conditions": {
        "items": [
          {
            "nbt": "{CustomModelData:6370002}",
            "items": [
              "minecraft:emerald"
            ]
          }
        ]
      }
    }
  }
}
