{
  "type": "divine_dimension:ethera",
  "generator": {
    "type": "minecraft:noise",
    "seed": 0,
    "settings": "divine_dimension:ethera",
    "biome_source": {
      "type": "minecraft:multi_noise",
      "biomes": [
        {
          "biome": "divine_dimension:ethera/hinnom",
          "parameters": {
            "temperature": [
              0.3,
              1
            ],
            "humidity": [
              -0.2,
              0.2
            ],
            "continentalness": 0,
            "erosion": 0,
            "weirdness": 0,
            "depth": 0,
            "offset": 0
          }
        },
        {
          "biome": "divine_dimension:ethera/sapphire_oasis",
          "parameters": {
            "temperature": [
              0,
              0.6
            ],
            "humidity": [
              -0.3,
              -0.1
            ],
            "continentalness": 0,
            "erosion": 0,
            "weirdness": 0,
            "depth": 0,
            "offset": 0
          }
        },
        {
          "biome": "divine_dimension:ethera/dominium",
          "parameters": {
            "temperature": [
              0,
              0.6
            ],
            "humidity": [
              0.1,
              0.3
            ],
            "continentalness": 0,
            "erosion": 0,
            "weirdness": 0,
            "depth": 0,
            "offset": 0
          }
        },
        {
          "biome": "divine_dimension:ethera/farwoods",
          "parameters": {
            "temperature": [
              -0.6,
              0
            ],
            "humidity": [
              0.1,
              0.3
            ],
            "continentalness": 0,
            "erosion": 0,
            "weirdness": 0,
            "depth": 0,
            "offset": 0
          }
        },
        {
          "biome": "divine_dimension:ethera/skyvale",
          "parameters": {
            "temperature": [
              -0.6,
              0
            ],
            "humidity": [
              -0.3,
              -0.1
            ],
            "continentalness": 0,
            "erosion": 0,
            "weirdness": 0,
            "depth": 0,
            "offset": 0
          }
        },
        {
          "biome": "divine_dimension:ethera/frosted_plains",
          "parameters": {
            "temperature": [
              -1,
              -0.3
            ],
            "humidity": [
              -0.2,
              0.2
            ],
            "continentalness": 0,
            "erosion": 0,
            "weirdness": 0,
            "depth": 0,
            "offset": 0
          }
        },
        {
          "biome": "divine_dimension:ethera/wind_zone",
          "parameters": {
            "temperature": [
              -1,
              1
            ],
            "humidity": [
              -0.3,
              0.3
            ],
            "continentalness": 0,
            "erosion": 0,
            "weirdness": 0,
            "depth": 0.45,
            "offset": 0
          }
        }
      ]
    }
  }
}
