{
  "type": "divine_dimension:the_astral",
  "generator": {
    "type": "minecraft:noise",
    "seed": -1464245863,
    "settings": "divine_dimension:the_astral",
    "biome_source": {
      "type": "minecraft:multi_noise",
      "biomes": [
        {
          "biome": "divine_dimension:the_astral/plains",
          "parameters": {
            "temperature": 0,
            "humidity": 0,
            "continentalness": 0,
            "erosion": 0,
            "weirdness": 0,
            "depth": 0,
            "offset": 0
          }
        }     
      ]
    }
  }
}
