{
    "parent": "minecraft:adventure/root",
    "display": {
        "title": {
            "text": "成功的旅行"
        },
        "description": {
            "text": "进入神圣维度。",
            "color": "green"
        },
        "icon": {
            "item": "minecraft:stone"
        },
        "frame": "task",
        "show_toast": true,
        "announce_to_chat": true,
        "hidden": false
    },
    "criteria": {
        "divine_dimension:fae1": {
            "trigger": "minecraft:location",
            "conditions": {
                "player": {
                    "location": {
                        "dimension": "divine_dimension:ethera"
                    }
                }
            }
        }
    },
    "requirements": [
        [
            "divine_dimension:fae1"
        ]
    ]
}
