{
  "criteria": {
    "requirement": {
      "trigger": "minecraft:using_item",
      "conditions": {
        "player": [
          {
            "condition": "minecraft:entity_properties",
            "entity": "this",
            "predicate": {
              "location": {
                "light": {
                  "light": {
                    "min": 0,
                    "max": 9
                  }
                }
              }
            }
          }
        ],
        "item": {
          "items": [
            "minecraft:shield"
          ],
          "nbt": "{display:{Name:'[{\"text\":\"镜盾\",\"italic\":false,\"color\":\"gold\"}]'}}"
        }
      }
    }
  },
  "rewards": {
    "function": "divine_dimension:items/beam/sun_fail"
  }
}
