{
    "__comment": "Made with TheDestruc7i0n's advancements generator: https://advancements.thedestruc7i0n.ca",
    "display": {
        "title": {
            "text": "欢迎来到神圣维度！"
        },
        "description": {
            "text": "感谢你下载神圣维度数据包！"
        },
        "icon": {
            "item": "minecraft:grass_block"
        },
        "frame": "task",
        "show_toast": true,
        "announce_to_chat": true,
        "hidden": false,
        "background": "minecraft:textures/gui/advancements/backgrounds/adventure.png"
    },
    "criteria": {
        "start": {
            "trigger": "minecraft:tick"
        }
    },
    "rewards": {
        "experience": 5,
        "function": "divine_dimension:player/new_player_commands"
    }
}
