{
  "criteria": {
    "requirement": {
      "trigger": "minecraft:tick",
      "conditions": {
        "player": [
          {
            "condition": "minecraft:alternative",
            "terms": [
              {
                "condition": "minecraft:reference",
                "name": "divine_dimension:weapons/spell_m"
              },
              {
                "condition": "minecraft:reference",
                "name": "divine_dimension:weapons/spell_o"
              }
            ]
          }
        ]
      }
    }
  },
  "rewards": {
    "function": "divine_dimension:items/equipment/spells"
  }
}
