{
  "criteria": {
    "requirement": {
      "trigger": "minecraft:tick",
      "conditions": {
        "player": [
          {
            "condition": "minecraft:entity_properties",
            "entity": "this",
            "predicate": {
              "flags": {
                "is_sprinting": true
              },
              "equipment": {
                "feet": {
                  "items": [
                    "minecraft:leather_boots"
                  ],
                  "nbt": "{display:{Name:'[{\"text\":\"风行者\",\"italic\":false,\"color\":\"gold\"}]'}}"
                }
              }
            }
          }
        ]
      }
    }
  },
  "rewards": {
    "function": "divine_dimension:items/relics/wind_stride"
  }
}
