{
    "monsters_pack.entity.crow.ambient":{
        "subtitle": "Crow caws",
        "sounds":[
            "ambient/crow"
        ]
    },
    "monsters_pack.entity.crow.hurt":{
        "subtitle": "Crow hurts",
        "sounds":[
            "hurt/crow"
        ]
    },
    "monsters_pack.entity.crow.death":{
        "subtitle": "Crow dies",
        "sounds":[
            "death/crow"
        ]
    },
    "monsters_pack.entity.troll.ambient":{
        "subtitle": "Troll gruffs",
        "sounds":[
            "ambient/troll"
        ]
    },
    "monsters_pack.entity.troll.hurt":{
        "subtitle": "Troll hurts",
        "sounds":[
            "hurt/troll"
        ]
    },
        "monsters_pack.entity.troll.death":{
        "subtitle": "Troll dies",
        "sounds":[
            "death/troll"
        ]
    },
    "monsters_pack.entity.werewolf.ambient":{
        "subtitle": "Werewolf growls",
        "sounds":[
            "ambient/werewolf"
        ]
    },
    "monsters_pack.entity.werewolf.death":{
        "subtitle": "Werewolf dies",
        "sounds":[
            "death/werewolf"
        ]
    },
    "monsters_pack.entity.wraith.ambient":{
        "subtitle": "Wraith moans",
        "sounds":[
            "ambient/wraith"
        ]
    },
    "monsters_pack.entity.wraith.hurt":{
        "subtitle": "Wraith hurts",
        "sounds":[
            "hurt/wraith"
        ]
    },
    "monsters_pack.entity.wraith.death":{
        "subtitle": "Wraith dies",
        "sounds":[
            "death/wraith"
        ]
    },
    "monsters_pack.entity.wraith.special":{
        "subtitle": "Wraith chants",
        "sounds":[
            "special/wraith"
        ]
    },
    "monsters_pack.entity.pixie.ambient":{
        "subtitle": "Pixie sings",
        "sounds":[
            "ambient/pixie"
        ]
    },
    "monsters_pack.entity.pixie.hurt":{
        "subtitle": "Pixie hurts",
        "sounds":[
            "hurt/pixie"
        ]
    },
    "monsters_pack.entity.pixie.death":{
        "subtitle": "Pixie dies",
        "sounds":[
            "death/pixie"
        ]
    },
    "monsters_pack.entity.leech.hurt":{
        "subtitle": "Leech hurts",
        "sounds":[
            "hurt/leech"
        ]
    },
    "monsters_pack.entity.leech.death":{
        "subtitle": "Leech dies",
        "sounds":[
            "death/leech"
        ]
    },
    "monsters_pack.entity.player.war_horn":{
        "subtitle": "War horn sounds",
        "sounds":[
            "player/war_horn"
        ]
    },
    "monsters_pack.entity.player.silver_amulet":{
        "subtitle": "Amulet thunks",
        "sounds":[
            "player/silver_amulet"
        ]
    },
    "monsters_pack.entity.fiend.ambient":{
        "subtitle": "Fiend growls",
        "sounds":[
            "ambient/fiend"
        ]
    },
    "monsters_pack.entity.fiend.hurt":{
        "subtitle": "Fiend hurts",
        "sounds":[
            "hurt/fiend"
        ]
    },
    "monsters_pack.entity.fiend.death":{
        "subtitle": "Fiend dies",
        "sounds":[
            "death/fiend"
        ]
    },
    "monsters_pack.entity.fiend.special":{
        "subtitle": "Fiend roars",
        "sounds":[
            "special/fiend"
        ]
    },
    "monsters_pack.entity.gargoyle.death":{
        "subtitle": "Gargoyle dies",
        "sounds":[
            "death/gargoyle"
        ]
    },
    "monsters_pack.entity.gargoyle.special":{
        "subtitle": "Statue awakens",
        "sounds":[
            "special/gargoyle"
        ]
    },
        "monsters_pack.entity.goblin.ambient":{
        "subtitle": "Goblin burps",
        "sounds":[
            "ambient/goblin"
        ]
    },

        "monsters_pack.entity.goblin.hurt":{
        "subtitle": "Goblin hurts",
        "sounds":[
            "hurt/goblin"
        ]
    },
        "monsters_pack.entity.goblin.death":{
        "subtitle": "Goblin dies",
        "sounds":[
            "death/goblin"
        ]
    },
                "monsters_pack.entity.wyvern.ambient":{
        "subtitle": "Wyvern roars",
        "sounds":[
            "ambient/wyvern"
        ]
    },
            "monsters_pack.entity.wyvern.hurt":{
        "subtitle": "Wyvern hurts",
        "sounds":[
            "hurt/wyvern"
        ]
    },
        "monsters_pack.entity.wyvern.death":{
        "subtitle": "Wyvern dies",
        "sounds":[
            "death/wyvern"
        ]
    },
        "monsters_pack.entity.wyvern.special":{
        "subtitle": "Wyvern bites",
        "sounds":[
            "special/wyvern"
        ]
    },
        "monsters_pack.entity.player.magic_sword":{
        "subtitle": "Powerup",
        "sounds":[
            "player/magic_sword"
        ]
    },
    "monsters_pack.entity.bruxa.hurt":{
        "subtitle": "Bruxa hurts",
        "sounds":[
            "hurt/bruxa"
        ]
    },
    "monsters_pack.entity.bruxa.death":{
        "subtitle": "Bruxa dies",
        "sounds":[
            "death/bruxa"
        ]
    },
    "monsters_pack.entity.bruxa.special":{
        "subtitle": "Bruxa whispers",
        "sounds":[
            "special/bruxa"
        ]
    },
    "monsters_pack.entity.elder_vampire.ambient":{
        "subtitle": "Elder vampire transforms",
        "sounds":[
            "ambient/elder_vampire"
        ]
    },
    "monsters_pack.entity.elder_vampire.hurt":{
        "subtitle": "Elder vampire hurts",
        "sounds":[
            "hurt/elder_vampire"
        ]
    },
    "monsters_pack.entity.elder_vampire.death":{
        "subtitle": "Elder vampire dies",
        "sounds":[
            "death/elder_vampire"
        ]
    },
    "monsters_pack.entity.elder_vampire.special":{
        "subtitle": "Elder vampire summoning",
        "sounds":[
            "special/elder_vampire"
        ]
    },
    "monsters_pack.entity.siren.ambient":{
        "subtitle": "Siren sings",
        "sounds":[
            "ambient/siren"
        ]
    },
    "monsters_pack.entity.siren.hurt":{
        "subtitle": "Siren hurts",
        "sounds":[
            "hurt/siren"
        ]
    },
    "monsters_pack.entity.siren.death":{
        "subtitle": "Siren dies",
        "sounds":[
            "death/siren"
        ]
    },
    "monsters_pack.entity.chimera.ambient":{
        "subtitle": "Chimera Roars",
        "sounds":[
            "ambient/chimera"
        ]
    },
    "monsters_pack.entity.chimera.hurt":{
        "subtitle": "Chimera hurts",
        "sounds":[
            "hurt/chimera"
        ]
    },
    "monsters_pack.entity.chimera.death":{
        "subtitle": "Chimera dies",
        "sounds":[
            "death/chimera"
        ]
    },
    "monsters_pack.entity.chimera.special":{
        "subtitle": "Chimera breathing fire",
        "sounds":[
            "special/chimera"
        ]
    }
}