{
  "spawners": {
    "water_ambient": [
      
    ],
    "ambient": [
      {
        "type": "minecraft:bat",
        "weight": 10,
        "minCount": 8,
        "maxCount": 8
      }
    ],
    "misc": [],
    "water_creature": [{
        "type": "minecraft:squid",
        "weight": 1,
        "minCount": 0,
        "maxCount": 1
      }
      
    ],
    "creature": [
      {
        "type": "minecraft:pig",
        "weight": 5,
        "minCount": 4,
        "maxCount": 4
      },
      {
        "type": "minecraft:frog",
        "weight": 5,
        "minCount": 4,
        "maxCount": 4
      },
      {
        "type": "minecraft:chicken",
        "weight": 10,
        "minCount": 4,
        "maxCount": 4
      },
      {
        "type": "minecraft:hoglin",
        "weight": 50,
        "minCount": 4,
        "maxCount": 4
      },
      {
        "type": "minecraft:parrot",
        "weight": 10,
        "minCount": 4,
        "maxCount": 4
      },
      {
        "type": "minecraft:ocelot",
        "weight": 2,
        "minCount": 4,
        "maxCount": 4
      },
      {
        "type": "minecraft:rabbit",
        "weight": 10,
        "minCount": 1,
        "maxCount": 3
      },
      {
        "type": "minecraft:creeper",
        "weight": 10,
        "minCount": 1,
        "maxCount": 3
      },
      {
        "type": "minecraft:zombie_horse",
        "weight": 10,
        "minCount": 1,
        "maxCount": 3
      }
    ],
    "monster": [
      {
        "type": "minecraft:cave_spider",
        "weight": 5,
        "minCount": 4,
        "maxCount": 4
      },
      {
        "type": "minecraft:slime",
        "weight": 1,
        "minCount": 4,
        "maxCount": 4
      },
      
      {
        "type": "minecraft:creeper",
        "weight": 5,
        "minCount": 1,
        "maxCount": 1
      }
    ]
  },
  "spawn_costs": {},
  "carvers": {
    "air": []
  },
  "features": [
    [
      "minecraft:rooted_azalea_tree"
      
    ],
    [
      "bracken:panacea/lake",
      "bracken:panacea/bones"
    ],
    [
      
    ],
    [
      "bracken:panacea/bogwater3"
    ],
    [
      "bracken:panacea/slime_blobs",
      "minecraft:patch_tall_grass_2"
    ],
    [
 

      "minecraft:patch_grass_jungle"
    ],
    [

      "minecraft:cave_vines"
    ],
    [
      "minecraft:glow_lichen",
      "minecraft:patch_dead_bush",
      "minecraft:patch_waterlily",
      "bracken:panacea/swamp_tree",
      "minecraft:seagrass_swamp"
    ],
    [
      "minecraft:patch_large_fern",

      "minecraft:patch_grass_jungle",
      "minecraft:vines"
    ],
    [
      "minecraft:patch_sugar_cane",
      "minecraft:spring_water",

      "minecraft:kelp_warm"
    ],
    [
      "minecraft:freeze_top_layer"
    ]
  ],
  "temperature": 0.95,
  "downfall": 0.1,
  "effects": {
    "mood_sound": {
      "sound": "minecraft:ambient.cave",
      "tick_delay": 6000,
      "block_search_extent": 8,
      "offset": 2
    },
    "fog_color": 14280587,
    "water_color": 4796935,
    "water_fog_color": 4788231,
    "grass_color": 4796935,
    "sky_color": 11919559,
    "foliage_color": 4351774,
    "particle": {
      "options": {
        "type": "minecraft:sneeze"
      },
      "probability": 0.0001428
    },
    "additions_sound": {
      "sound": "minecraft:entity.parrot.ambient",
      "tick_chance": 0.0002
    },
    "music": {
      "sound": "minecraft:music.creative",
      "min_delay": 12000,
      "max_delay": 24000,
      "replace_current_music": false
    }
  },
  "precipitation": "rain"
}
