{
  "parent": "wasd.crossbow:recipes/patron/patreon",
  "display": {
    "icon": {
      "item": "minecraft:crossbow",
      "nbt": "{CustomModelData:6370120}"
    },
    "title": "随机弩",
    "description": "给予目标一个随机的药水效果，可能是正面也有可能是负面。",
    "frame": "goal",
    "show_toast": true,
    "announce_to_chat": false,
    "hidden": false
  },
  "criteria": {
    "requirement": {
      "trigger": "minecraft:inventory_changed",
      "conditions": {
        "items": [
          {
            "nbt": "{CustomModelData:6370120}",
            "items": [
              "minecraft:crossbow"
            ]
          }
        ]
      }
    }
  }
}
