{
  "spawners": {
    "water_ambient": [],
    "ambient": [],
    "misc": [],
    "water_creature": [],
    "creature": [],
    "monster": []
  },
  "spawn_costs": {},
  "carvers": {
    "air": []
  },
  "features": [
    [
      "minecraft:fossil_upper",
      "minecraft:fossil_lower"
    ],
    [],
    [
      "minecraft:basalt_pillar"
    ],
    [],
    [],
    [],
    [],
    [],
    [],
    [
      "minecraft:spring_water"
    ],
    [
      "minecraft:freeze_top_layer"
    ]
  ],
  "temperature": 0.95,
  "downfall": 0.1,
  "effects": {
    "fog_color": 15227970,
    "water_color": 16146734,
    "water_fog_color": 11414808,
    "grass_color": 13882581,
    "sky_color": 7943472,
    "foliage_colour": 13882581,
    "particle": {
      "options": {
        "type": "minecraft:white_ash"
      },
      "probability": 0.118093334
    },
    "mood_sound": {
      "sound": "minecraft:entity.zombie_villager.converted",
      "tick_delay": 1000,
      "block_search_extent": 8,
      "offset": 2
    },
    "additions_sound": {
      "sound": "minecraft:ambient.soul_sand_valley.loop",
      "tick_chance": 0.05
    },
    "music": {
      "sound": "minecraft:music.nether.soul_sand_valley",
      "min_delay": 12000,
      "max_delay": 24000,
      "replace_current_music": false
    }
  },
  "precipitation": "none"
}
