{
    "name": "合成辅助",
    "icon": "minecraft:crafting_table",
    "category": "patchouli:tweaks",
    "pages": [
        {
            "type": "text",
            "text": "你可能已经注意到了在打开工作台时在工作台内多个一些额外的按钮。$(#ffa500)$(l)Crafting Tweaks$(reset)提供了一些简单且方便的合成辅助按钮：$(l)顶部按钮$(reset)会旋转网格内的合成配方，$(l)中间按钮$(reset)会将网格内的物品平均分配，$(l)底部按钮$(reset)取消网格内的合成并将物品返回到背包中。"
        },
        {
            "type": "text",
            "text": "不仅如此，通过按潜行键还可以将一组物品平均分配到整个网格中，右键点击右侧的输出栏则能一次性合成一组物品，还有一个快捷键能控制将物品通过3x3或者2x2的合成方式批量压缩成对应的块。"
        }
    ]
}