{
  "pools": [
    {
      "rolls": 1,
      "entries": [
        {
          "type": "minecraft:item",
          "name": "minecraft:map",
          "functions": [
            {
              "function": "minecraft:exploration_map",
              "destination": "xylo_rpg:pointer/market",
              "decoration": "target_x",
              "zoom": 5,
              "search_radius": 400,
              "skip_existing_chunks": true
            },
            {
              "function": "minecraft:set_name",
              "name": {
                "text": "市场地图",
                "color": "#77ccff",
                "bold": false,
                "italic": false,
                "underlined": false
              }
            },
            {
              "function": "minecraft:set_lore",
              "lore": [
                {
                  "text": "Xylo的RPG",
                  "color": "#115060",
                  "italic": true
                }
              ]
            },
            {
              "function": "minecraft:set_nbt",
              "tag": "{xylo:{id:\"xylo_rpg:market_map\"}}"
            }
          ]
        }
      ]
    }
  ]
}
