{
  "pools": [
    {
      "rolls": 1,
      "entries": [
        {
          "type": "minecraft:item",
          "name": "minecraft:barrel",
          "functions": [
            {
              "function": "minecraft:set_count",
              "count": 1
            },
            {
              "function": "minecraft:set_nbt",
              "tag": "{display:{Name:'{\"bold\":true,\"italic\":false,\"color\":\"gray\",\"text\":\"技能台\"}'},CustomModelData:12341029}"
            }
          ],
          "conditions": [
            {
              "condition": "minecraft:alternative",
              "terms": [
                {
                  "condition": "minecraft:entity_properties",
                  "entity": "this",
                  "predicate": {
                    "nbt": "{ArmorItems:[{id:\"minecraft:paper\",tag:{xylo_crafting:{grid_out:{0:{id:\"minecraft:crafting_table\"},1:{id:\"minecraft:wooden_axe\"},2:{id:\"minecraft:air\"},3:{id:\"minecraft:air\"},4:{id:\"minecraft:air\"},5:{id:\"minecraft:air\"},6:{id:\"minecraft:air\"},7:{id:\"minecraft:air\"},8:{id:\"minecraft:air\"}}}}}]}"
                  }
                },
                {
                  "condition": "minecraft:entity_properties",
                  "entity": "this",
                  "predicate": {
                    "nbt": "{ArmorItems:[{id:\"minecraft:paper\",tag:{xylo_crafting:{grid_out:{0:{id:\"minecraft:crafting_table\"},1:{tag:{xylo:{id:\"xylo_rpg:wooden_axe\"}}},2:{id:\"minecraft:air\"},3:{id:\"minecraft:air\"},4:{id:\"minecraft:air\"},5:{id:\"minecraft:air\"},6:{id:\"minecraft:air\"},7:{id:\"minecraft:air\"},8:{id:\"minecraft:air\"}}}}}]}"
                  }
                }
              ]
            }
          ]
        },
        {
          "type": "minecraft:loot_table",
          "name": "xylo_rpg:market_map",
          "conditions": [
            {
              "condition": "minecraft:alternative",
              "terms": [
                {
                  "condition": "minecraft:entity_properties",
                  "entity": "this",
                  "predicate": {
                    "nbt": "{ArmorItems:[{id:\"minecraft:paper\",tag:{xylo_crafting:{grid_out:{0:{id:\"minecraft:air\"},1:{id:\"minecraft:emerald\"},2:{id:\"minecraft:air\"},3:{id:\"minecraft:emerald\"},4:{id:\"minecraft:map\"},5:{id:\"minecraft:emerald\"},6:{id:\"minecraft:air\"},7:{id:\"minecraft:emerald\"},8:{id:\"minecraft:air\"}}}}}]}"
                  }
                },
                {
                  "condition": "minecraft:entity_properties",
                  "entity": "this",
                  "predicate": {
                    "nbt": "{ArmorItems:[{id:\"minecraft:paper\",tag:{xylo_crafting:{grid_out:{0:{id:\"minecraft:air\"},1:{id:\"minecraft:emerald\"},2:{id:\"minecraft:air\"},3:{id:\"minecraft:emerald\"},4:{id:\"minecraft:filled_map\"},5:{id:\"minecraft:emerald\"},6:{id:\"minecraft:air\"},7:{id:\"minecraft:emerald\"},8:{id:\"minecraft:air\"}}}}}]}"
                  }
                }
              ]
            }
          ]
        }
      ]
    }
  ]
}
