{
    "pools": [
        {
            "rolls": 10,
            "entries": [
                {
                    "type": "item",
                    "weight": 25,
                    "name": "minecraft:bone",
                    "functions": [
                        {
                            "function": "set_count",
                            "count": {
                                "min": 1,
                                "max": 2
                            }
                        }
                    ]
                },
                {
                    "type": "item",
                    "weight": 20,
                    "name": "minecraft:rotten_flesh",
                    "functions": [
                        {
                            "function": "set_count",
                            "count": {
                                "min": 1,
                                "max": 2
                            }
                        }
                    ]
                },
                {
                    "type": "item",
                    "weight": 10,
                    "name": "minecraft:leather",
                    "functions": [
                        {
                            "function": "set_count",
                            "count": {
                                "min": 1,
                                "max": 2
                            }
                        }
                    ]
                },
                {
                    "type": "item",
                    "weight": 15,
                    "name": "minecraft:string",
                    "functions": [
                        {
                            "function": "set_count",
                            "count": {
                                "min": 1,
                                "max": 2
                            }
                        }
                    ]
                },
                {
                    "type": "item",
                    "weight": 15,
                    "name": "minecraft:gold_nugget",
                    "functions": [
                        {
                            "function": "set_count",
                            "count": {
                                "min": 3,
                                "max": 5
                            }
                        }
                    ]
                },
                {
                    "type": "item",
                    "weight": 10,
                    "name": "minecraft:rabbit_hide",
                    "functions": [
                        {
                            "function": "set_nbt",
                            "tag": "{display:{Name:'{\"text\":\"Silver Nugget\",\"italic\":false}'},CustomModelData:9997,silver_nugget:1b}"
                        },
                        {
                            "function": "set_count",
                            "count": {
                                "min": 3,
                                "max": 5
                            }
                        }
                    ]
                },
                {
                    "type": "item",
                    "weight": 2,
                    "name": "minecraft:skeleton_skull",
                    "functions": [
                        {
                            "function": "set_count",
                            "count": 1
                        }
                    ]
                },
                {
                    "type": "loot_table",
                    "weight": 3,
                    "name": "monsters_pack:items/gear"
                }
            ]
        }
    ]
}