{
    "pools": [
        {
            "rolls": 10,
            "entries": [
                {
                    "type": "item",
                    "weight": 30,
                    "name": "minecraft:emerald",
                    "functions": [
                        {
                            "function": "set_count",
                            "count": {
                                "min": 1,
                                "max": 3
                            }
                        }
                    ]
                },
                {
                    "type": "item",
                    "weight": 20,
                    "name": "minecraft:diamond",
                    "functions": [
                        {
                            "function": "set_count",
                            "count": {
                                "min": 1,
                                "max": 3
                            }
                        }
                    ]
                },
                {
                    "type": "loot_table",
                    "weight": 30,
                    "name": "minecraft:entities/witch"
                },
                {
                    "type": "loot_table",
                    "weight": 20,
                    "name": "monsters_pack:items/elven_gear"
                }
            ]
        }
    ]
}