[
  {
    "condition": "minecraft:reference",
    "name": "xylo_tools:vanilla/carrot_on_a_stick/used_oh"
  },
  {
    "condition": "minecraft:inverted",
    "term": {
      "condition": "minecraft:entity_properties",
      "entity": "this",
      "predicate": {
        "equipment": {
          "mainhand": {
            "items": [
              "minecraft:warped_fungus_on_a_stick"
            ]
          }
        }
      }
    }
  },
  {
    "condition": "minecraft:entity_properties",
    "entity": "this",
    "predicate": {
      "equipment": {
        "offhand": {
          "items": [
            "minecraft:carrot_on_a_stick"
          ],
          "nbt": "{xylo_tools:{type:\"weapon\",subtype:\"range\",category:\"throwable\"}}"
        }
      }
    }
  }
]
