{
    "custom.entity.drifter.ambient":{
        "subtitle": "Drifter growls",
        "sounds":[
            "drifter/ambient"
        ]
    },
    "custom.entity.drifter.hurt":{
        "subtitle": "Drifter hurt",
        "sounds":[
            "drifter/hurt"
        ]
    },
    "custom.entity.drifter.death":{
        "subtitle": "Drifter dies",
        "sounds":[
            "drifter/death"
        ]
    },
    "custom.entity.stalker.ambient":{
        "subtitle": "Stalker clicks",
        "sounds":[
            "stalker/ambient"
        ]
    },
    "custom.entity.stalker.hurt":{
        "subtitle": "Stalker hurt",
        "sounds":[
            "stalker/hurt"
        ]
    },
    "custom.entity.stalker.death":{
        "subtitle": "Stalker dies",
        "sounds":[
            "stalker/death"
        ]
    },
    "custom.entity.ivis.ambient":{
        "subtitle": "Ivis grumbles",
        "sounds":[
            "ivis/ambient"
        ]
    },
    "custom.entity.ivis.hurt":{
        "subtitle": "Ivis hurt",
        "sounds":[
            "ivis/hurt"
        ]
    },
    "custom.entity.doomcap.ambient":{
        "subtitle": "Doomcap roars",
        "sounds":[
            "doomcap/ambient"
        ]
    },
    "custom.entity.doomcap.hurt":{
        "subtitle": "Doomcap hurt",
        "sounds":[
            "doomcap/hurt"
        ]
    },
    "custom.entity.phoenix.ambient":{
        "subtitle": "Phoenix cries",
        "sounds":[
            "phoenix/ambient"
        ]
    },
    "custom.entity.phoenix.hurt":{
        "subtitle": "Phoenix hurt",
        "sounds":[
            "phoenix/hurt"
        ]
    },
    "custom.entity.phoenix.death":{
        "subtitle": "Phoenix dies",
        "sounds":[
            "phoenix/death"
        ]
    },
    "custom.entity.phoenix.fire_breath":{
        "subtitle": "Phoenix breathing fire",
        "sounds":[
            "phoenix/fire_breath"
        ]
    },
    "custom.entity.crystal_golem.hurt":{
        "subtitle": "Crystal golem hurt",
        "sounds":[
            "crystal_golem/hurt"
        ]
    },
    "custom.entity.crystal_golem.death":{
        "subtitle": "Crystal golem dies",
        "sounds":[
            "crystal_golem/death"
        ]
    },
    "custom.entity.embershell.ambient":{
        "subtitle": "Embershell growls",
        "sounds":[
            "embershell/ambient"
        ]
    },
    "custom.entity.embershell.hurt":{
        "subtitle": "Embershell hurt",
        "sounds":[
            "embershell/hurt"
        ]
    },
    "custom.entity.embershell.eruption":{
        "subtitle": "Embershell erupts",
        "sounds":[
            "embershell/eruption"
        ]
    },
    "custom.entity.poltergeist.ambient":{
        "subtitle": "Poltergeist sounds",
        "sounds":[
            "poltergeist/ambient"
        ]
    },
    "custom.entity.poltergeist.hurt":{
        "subtitle": "Poltergeist hurt",
        "sounds":[
            "poltergeist/hurt"
        ]
    },
    "custom.entity.poltergeist.freeze":{
        "subtitle": "Poltergeist freezes",
        "sounds":[
            "poltergeist/freeze"
        ]
    },
    "custom.entity.colossus.ambient":{
        "subtitle": "Colossus trumpets",
        "sounds":[
            "colossus/ambient"
        ]
    },
    "custom.entity.colossus.hurt":{
        "subtitle": "Colossus hurt",
        "sounds":[
            "colossus/hurt"
        ]
    },
    "custom.entity.colossus.step":{
        "subtitle": "Colossus steps",
        "sounds":[
            "colossus/step"
        ]
    },
    "custom.entity.colossus.crack_ice":{
        "subtitle": "Frozen remains thaw",
        "sounds":[
            "colossus/crack_ice"
        ]
    },
    "custom.entity.colossus.rush":{
        "subtitle": "Colossus rushes",
        "sounds":[
            "colossus/rush"
        ]
    },
    "custom.entity.satyr_warchief.hurt":{
        "subtitle": "Satyr warchief hurts",
        "sounds":[
            "satyr_warchief/hurt"
        ]
    },
    "custom.entity.satyr_warchief.death":{
        "subtitle": "Satyr warchief dies",
        "sounds":[
            "satyr_warchief/death"
        ]
    },
    "custom.entity.satyr_warchief.charge":{
        "subtitle": "Satyr warchief prepares to charge",
        "sounds":[
            "satyr_warchief/charge"
        ]
    },
    "custom.entity.satyr_warchief.drum_loop":{
        "subtitle": "Satyr tribal drums",
        "sounds":[
            "satyr_warchief/drum_loop"
        ]
    },
    "custom.entity.mimic.hurt":{
        "subtitle": "Mimic hurts",
        "sounds":[
            "mimic/hurt"
        ]
    },
    "custom.entity.orbiter.ambient":{
        "subtitle": "Orbiter sounds",
        "sounds":[
            "orbiter/ambient"
        ]
    },
    "custom.entity.orbiter.hurt":{
        "subtitle": "Orbiter hurt",
        "sounds":[
            "orbiter/hurt1",
            "orbiter/hurt2",
            "orbiter/hurt3"
        ]
    },
    "custom.entity.orbiter.loop":{
        "subtitle": "Space rumbling",
        "sounds":[
            "orbiter/loop"
        ]
    },
    "custom.entity.orbiter.shoot":{
        "subtitle": "Orbiter shoots",
        "sounds":[
            "orbiter/shoot"
        ]
    },
    "custom.entity.orbiter.asteroid":{
        "subtitle": "Asteroid falling down",
        "sounds":[
            "orbiter/asteroid"
        ]
    },
    "custom.entity.orbiter.laser":{
        "subtitle": "Orbiter fires laser",
        "sounds":[
            "orbiter/laser"
        ]
    },
    "custom.item.mourning_star":{
        "subtitle": "Mourning star charging",
        "sounds":[
            "items/mourning_star"
        ]
    },
    "custom.item.skill_upgrade":{
        "subtitle": "Player upgrades skill",
        "sounds":[
            "items/skill_upgrade"
        ]
    },
    "custom.item.buckler":{
        "subtitle": "Player parries an attack",
        "sounds":[
            "items/buckler"
        ]
    },
		"custom.item.obsidian_pedestal":{
        "subtitle": "Pedestal charges up",
        "sounds":[
            "items/obsidian_pedestal"
        ]
    },
		"custom.item.pendant_of_revival":{
        "subtitle": "You will regret that",
        "sounds":[
            "items/pendant_of_revival"
        ]
    },
    "custom.entity.mechaknight.ambient":{
        "subtitle": "Mechaknight clinks",
        "sounds":[
            "mechaknight/ambient"
        ]
    },
    "custom.entity.mechaknight.hurt":{
        "subtitle": "Mechaknight hurt",
        "sounds":[
            "mechaknight/hurt"
        ]
    }
}