{
  "type": "minecraft:generic",
  "pools": [
    {
      "rolls": 1,
      "entries": [
        {
          "type": "minecraft:item",
          "name": "minecraft:carrot_on_a_stick",
          "functions": [
            {
              "function": "minecraft:set_count",
              "count": 1
            },
            {
              "function": "minecraft:set_nbt",
              "tag": "{HideFlags:4,CustomModelData:12340200,Unbreakable:1b,xylo_warps:{warp_save:1},display:{Name:'{\"text\":\"传送卷轴\",\"italic\":false}'}}"
            }
          ],
          "conditions": [
            {
              "condition": "minecraft:alternative",
              "terms": [
                {
                  "condition": "minecraft:entity_properties",
                  "entity": "this",
                  "predicate": {
                    "nbt": "{ArmorItems:[{id:\"minecraft:paper\",tag:{xylo_crafting:{grid_out:{0:{id:\"minecraft:map\"},1:{id:\"minecraft:ender_pearl\"},2:{id:\"minecraft:air\"},3:{id:\"minecraft:air\"},4:{id:\"minecraft:air\"},5:{id:\"minecraft:air\"},6:{id:\"minecraft:air\"},7:{id:\"minecraft:air\"},8:{id:\"minecraft:air\"}}}}}]}"
                  }
                },
                {
                  "condition": "minecraft:entity_properties",
                  "entity": "this",
                  "predicate": {
                    "nbt": "{ArmorItems:[{id:\"minecraft:paper\",tag:{xylo_crafting:{grid_out:{0:{id:\"minecraft:ender_pearl\"},1:{id:\"minecraft:map\"},2:{id:\"minecraft:air\"},3:{id:\"minecraft:air\"},4:{id:\"minecraft:air\"},5:{id:\"minecraft:air\"},6:{id:\"minecraft:air\"},7:{id:\"minecraft:air\"},8:{id:\"minecraft:air\"}}}}}]}"
                  }
                },
                {
                  "condition": "minecraft:entity_properties",
                  "entity": "this",
                  "predicate": {
                    "nbt": "{ArmorItems:[{id:\"minecraft:paper\",tag:{xylo_crafting:{grid_out:{0:{id:\"minecraft:map\"},1:{id:\"minecraft:air\"},2:{id:\"minecraft:air\"},3:{id:\"minecraft:ender_pearl\"},4:{id:\"minecraft:air\"},5:{id:\"minecraft:air\"},6:{id:\"minecraft:air\"},7:{id:\"minecraft:air\"},8:{id:\"minecraft:air\"}}}}}]}"
                  }
                },
                {
                  "condition": "minecraft:entity_properties",
                  "entity": "this",
                  "predicate": {
                    "nbt": "{ArmorItems:[{id:\"minecraft:paper\",tag:{xylo_crafting:{grid_out:{0:{id:\"minecraft:ender_pearl\"},1:{id:\"minecraft:air\"},2:{id:\"minecraft:air\"},3:{id:\"minecraft:map\"},4:{id:\"minecraft:air\"},5:{id:\"minecraft:air\"},6:{id:\"minecraft:air\"},7:{id:\"minecraft:air\"},8:{id:\"minecraft:air\"}}}}}]}"
                  }
                }
              ]
            }
          ]
        },
        {
          "type": "minecraft:item",
          "name": "minecraft:carrot_on_a_stick",
          "functions": [
            {
              "function": "minecraft:set_count",
              "count": 1
            },
            {
              "function": "minecraft:set_nbt",
              "tag": "{HideFlags:4,CustomModelData:12340202,Unbreakable:1b,xylo_warps:{death_point:1,coord:0},display:{Name:'{\"text\":\"坟墓卷轴\",\"italic\":false}'}}"
            }
          ],
          "conditions": [
            {
              "condition": "minecraft:entity_properties",
              "entity": "this",
              "predicate": {
                "nbt": "{ArmorItems:[{id:\"minecraft:paper\",tag:{xylo_crafting:{grid_out:{0:{id:\"minecraft:paper\"},1:{id:\"minecraft:rotten_flesh\"},2:{id:\"minecraft:air\"},3:{id:\"minecraft:bone\"},4:{id:\"minecraft:air\"},5:{id:\"minecraft:air\"},6:{id:\"minecraft:air\"},7:{id:\"minecraft:air\"},8:{id:\"minecraft:air\"}}}}}]}"
              }
            }
          ]
        },
        {
          "type": "minecraft:item",
          "name": "minecraft:carrot_on_a_stick",
          "functions": [
            {
              "function": "minecraft:set_count",
              "count": 1
            },
            {
              "function": "minecraft:set_nbt",
              "tag": "{HideFlags:4,CustomModelData:12340203,Unbreakable:1b,xylo_warps:{spawn_point:1,coord:0},display:{Name:'{\"text\":\"召回卷轴\",\"italic\":false}'}}"
            }
          ],
          "conditions": [
            {
              "condition": "minecraft:entity_properties",
              "entity": "this",
              "predicate": {
                "nbt": "{ArmorItems:[{id:\"minecraft:paper\",tag:{xylo_crafting:{grid_out:{0:{id:\"minecraft:paper\"},1:{id:\"minecraft:feather\"},2:{id:\"minecraft:air\"},3:{id:\"minecraft:feather\"},4:{id:\"minecraft:air\"},5:{id:\"minecraft:air\"},6:{id:\"minecraft:air\"},7:{id:\"minecraft:air\"},8:{id:\"minecraft:air\"}}}}}]}"
              }
            }
          ]
        }
      ]
    }
  ]
}
