{
  "pools": [
    {
      "rolls": 1,
      "entries": [
        {
          "type": "minecraft:item",
          "name": "minecraft:shield",
          "functions": [
            {
              "function": "minecraft:set_nbt",
              "tag": "{display:{Name:'[{\"text\":\"圆盾\",\"italic\":false,\"color\":\"gold\"}]',Lore:['[{\"text\":\"一把小但圆的盾牌，\",\"italic\":false,\"color\":\"white\"}]','[{\"text\":\"可增加使用者在防御后的反击能力。\",\"italic\":false,\"color\":\"white\"},{\"text\":\"\",\"italic\":false,\"color\":\"dark_purple\"}]','[{\"text\":\"\",\"italic\":false,\"color\":\"dark_purple\"}]','[{\"text\":\"允许使用者在格挡后进行反击。\",\"italic\":false,\"color\":\"gray\"}]','[{\"text\":\"BQ:yuandun\",\"color\":\"white\",\"italic\":false}]']},Enchantments:[{id:mending,lvl:1},{id:unbreaking,lvl:3}],HideFlags:63,eth:{buckler:1b}}"
            }
          ]
        }
      ]
    }
  ]
}
