{
  "pools": [
    {
      "rolls": 1,
      "entries": [
        {
          "type": "minecraft:item",
          "name": "minecraft:golden_helmet",
          "functions": [
            {
              "function": "minecraft:set_nbt",
              "tag": "{AttributeModifiers:[{AttributeName:\"generic.armor\",Amount:-6,Slot:head,Name:\"generic.armor\",UUID:[I;-12251,87718,184426,-175436]},{AttributeName:\"generic.attack_damage\",Amount:0.25,Slot:head,Operation:1,Name:\"generic.attack_damage\",UUID:[I;-12251,87818,184426,-175636]}],display:{Name:'[{\"text\":\"荆棘之冠\",\"italic\":false,\"color\":\"gold\"}]',Lore:['[{\"text\":\"使用远林中的荆棘丛中编织而来的，\",\"italic\":false,\"color\":\"white\"}]','[{\"text\":\"这个看起来并不是很舒适的王冠将会降低使用者的护甲来提升攻击力。\",\"italic\":false,\"color\":\"white\"}]','[{\"text\":\"\",\"italic\":false,\"color\":\"white\"},{\"text\":\"\",\"italic\":false,\"color\":\"dark_purple\"}]','[{\"text\":\"\",\"italic\":false,\"color\":\"dark_purple\"}]','[{\"text\":\"戴在头上时：\",\"italic\":false,\"color\":\"gray\"},{\"text\":\"\",\"italic\":false,\"color\":\"dark_purple\"}]','[{\"text\":\" -6 护甲值\",\"italic\":false,\"color\":\"red\"},{\"text\":\"\",\"italic\":false,\"color\":\"dark_purple\"}]','[{\"text\":\" +25% 基础攻击伤害\",\"italic\":false,\"color\":\"blue\"}]','[{\"text\":\" BQ:jingjizhiguan\",\"color\":\"white\",\"italic\":false}]']},Enchantments:[{id:mending,lvl:1},{id:unbreaking,lvl:3}],HideFlags:63,eth:{crown_of_thorns:1b}}"
            }
          ]
        }
      ]
    }
  ]
}
