{
  "pools": [
    {
      "rolls": 1,
      "entries": [
        {
          "type": "minecraft:item",
          "name": "minecraft:netherite_sword",
          "functions": [
            {
              "function": "minecraft:set_nbt",
              "tag": "{AttributeModifiers:[{AttributeName:\"generic.attack_damage\",Amount:9,Slot:mainhand,Name:\"generic.attack_damage\",UUID:[I;-12254,19758,111118,-39516]},{AttributeName:\"generic.attack_damage\",Amount:-2,Slot:mainhand,Name:\"generic.attack_damage\",UUID:[I;-12254,19858,111118,-39716]}],display:{Name:'[{\"text\":\"被诅咒的弯刀\",\"italic\":false,\"color\":\"gold\"}]',Lore:['[{\"text\":\"奇怪的是，\",\"italic\":false,\"color\":\"white\"}]','[{\"text\":\"这把弯刀在马背上挥舞的时候会发出力量的光芒，\",\"italic\":false,\"color\":\"white\"}]','[{\"text\":\"也许它本来就是一把军刀？\",\"italic\":false,\"color\":\"white\"},{\"text\":\"\",\"italic\":false,\"color\":\"dark_purple\"}]','[{\"text\":\"\",\"italic\":false,\"color\":\"dark_purple\"}]','[{\"text\":\"在主手时：\",\"italic\":false,\"color\":\"gray\"},{\"text\":\"\",\"italic\":false,\"color\":\"dark_purple\"}]','[{\"text\":\" 10 攻击伤害\",\"italic\":false,\"color\":\"dark_green\"}]','[{\"text\":\" 2 攻击速度\",\"italic\":false,\"color\":\"dark_green\"}]']},HideFlags:103,CustomModelData:5552,eth:{item:13b,cursed_cutlass:1b}}"
            }
          ]
        }
      ]
    }
  ]
}
