{
  "pools": [
    {
      "rolls": 1,
      "entries": [
        {
          "type": "minecraft:item",
          "name": "minecraft:crossbow",
          "functions": [
            {
              "function": "minecraft:set_nbt",
              "tag": "{Unbreakable:1,RepairCost:999999,CustomModelData:5555,display:{Name:'[{\"text\":\"龙之球\",\"italic\":false,\"color\":\"dark_red\"}]',Lore:['[{\"text\":\"最后，你已经掌握了\",\"italic\":false,\"color\":\"white\"}]','[{\"text\":\"神圣之力\",\"italic\":false,\"color\":\"gold\"},{\"text\":\"的精华。\",\"color\":\"white\"},{\"text\":\"现在请看：\",\"color\":\"white\"}]','[{\"text\":\"漫长旅程中的天体石。\",\"italic\":false,\"color\":\"white\"},{\"text\":\"\",\"italic\":false,\"color\":\"dark_purple\"}]','[{\"text\":\"\",\"italic\":false,\"color\":\"dark_purple\"}]','[{\"text\":\"神圣之力:\",\"italic\":false,\"color\":\"gray\"}]','[{\"text\":\"龙之舞\",\"italic\":false,\"color\":\"light_purple\"}]']},HideFlags:127,eth:{spells:1b,dragon:1b},Charged:1b}"
            }
          ]
        }
      ]
    }
  ]
}
