{
  "pools": [
    {
      "rolls": 1,
      "entries": [
        {
          "type": "minecraft:item",
          "name": "minecraft:netherite_axe",
          "functions": [
            {
              "function": "minecraft:set_nbt",
              "tag": "{Unbreakable:1,RepairCost:9999,CustomModelData:5554,AttributeModifiers:[{AttributeName:\"generic.attack_damage\",Amount:30,Slot:mainhand,Name:\"generic.attack_damage\",UUID:[I;-12251,86418,184426,-172836]},{AttributeName:\"generic.attack_speed\",Amount:-3.5,Slot:mainhand,Name:\"generic.attack_speed\",UUID:[I;-12251,86518,184426,-173036]}],display:{Name:'[{\"text\":\"神圣分裂者\",\"italic\":false,\"color\":\"dark_red\"}]',Lore:['[{\"text\":\"原始神力的巅峰，\",\"italic\":false,\"color\":\"white\"}]','[{\"text\":\"你的力量之路授予你一把斧头，\",\"italic\":false,\"color\":\"white\"}]','[{\"text\":\"可以击倒最强大的敌人。\",\"italic\":false,\"color\":\"white\"},{\"text\":\"\",\"italic\":false,\"color\":\"dark_purple\"}]','[{\"text\":\"\",\"italic\":false,\"color\":\"dark_purple\"}]','[{\"text\":\"在主手时：\",\"italic\":false,\"color\":\"gray\"},{\"text\":\"\",\"italic\":false,\"color\":\"dark_purple\"}]','[{\"text\":\" 30 攻击伤害\",\"italic\":false,\"color\":\"dark_green\"}]','[{\"text\":\" 0.5 攻击速度\",\"italic\":false,\"color\":\"dark_green\"}]']},HideFlags:103}"
            }
          ]
        }
      ]
    }
  ]
}
