{
  "pools": [
    {
      "rolls": 1,
      "entries": [
        {
          "type": "minecraft:item",
          "name": "minecraft:bow",
          "functions": [
            {
              "function": "minecraft:set_nbt",
              "tag": "{Unbreakable:1,RepairCost:9999,CustomModelData:5550,display:{Name:'[{\"text\":\"光明之弓\",\"italic\":false,\"color\":\"dark_red\"}]',Lore:['[{\"text\":\"作为完成神圣力量考验的象征，\",\"italic\":true,\"color\":\"white\"}]','[{\"text\":\"你已获得来自天国的\",\"italic\":true,\"color\":\"white\"}]','[{\"text\":\"光明之弓。\",\"italic\":true,\"color\":\"white\"},{\"text\":\"\",\"italic\":false,\"color\":\"dark_purple\"}]','[{\"text\":\"\",\"italic\":false,\"color\":\"dark_purple\"}]','[{\"text\":\"神圣之力:\",\"italic\":false,\"color\":\"gray\"}]','[{\"text\":\"荧光箭\",\"italic\":false,\"color\":\"yellow\"}]']},Enchantments:[{id:infinity,lvl:1},{id:power,lvl:4},{id:punch,lvl:2}],HideFlags:127}"
            }
          ]
        }
      ]
    }
  ]
}
