{
    "pools": [
        {
            "rolls": 1,
            "entries": [
                {
                    "type": "minecraft:item",
                    "name": "shield",
                    "functions": [
                        {
                            "function": "minecraft:set_nbt",
                            "tag": "{AttributeModifiers:[{AttributeName:\"generic.armor_toughness\",Amount:2,Slot:offhand,Name:\"generic.armor_toughness\",UUID:[I;-122314,44578,163445,-89156]}],display:{Name:'[{\"text\":\"镜盾\",\"italic\":false,\"color\":\"gold\"}]',Lore:['[{\"text\":\"这个神一般的盾牌的本质，\",\"italic\":false,\"color\":\"white\"}]','[{\"text\":\"使其在防御时，\",\"italic\":false,\"color\":\"white\"}]','[{\"text\":\"可聚焦来自环境的灼热光束。\",\"italic\":false,\"color\":\"white\"},{\"text\":\"\",\"italic\":false,\"color\":\"dark_purple\"}]','[{\"text\":\"\",\"italic\":false,\"color\":\"dark_purple\"}]','[{\"text\":\"在副手时：\",\"italic\":false,\"color\":\"gray\"},{\"text\":\"\",\"italic\":false,\"color\":\"dark_purple\"}]','[{\"text\":\"+2 盔甲韧性\",\"italic\":false,\"color\":\"blue\"},{\"text\":\"\",\"italic\":false,\"color\":\"dark_purple\"}]','[{\"text\":\"\",\"italic\":false,\"color\":\"dark_purple\"}]','[{\"text\":\"挡住光线时:\",\"italic\":false,\"color\":\"gray\"},{\"text\":\"\",\"italic\":false,\"color\":\"dark_purple\"}]','[{\"text\":\"太阳光 I\",\"italic\":false,\"color\":\"yellow\"}]','[{\"text\":\"BQ:jingdun\",\"color\":\"white\",\"italic\":false}]']},HideFlags:2}"
                        }
                    ]
                }
            ]
        }
    ]
}