{
  "pools": [
    {
      "rolls": 1,
      "entries": [
        {
          "type": "minecraft:item",
          "name": "minecraft:iron_sword",
          "functions": [
            {
              "function": "minecraft:set_nbt",
              "tag": "{CustomModelData:5552,AttributeModifiers:[{AttributeName:\"generic.attack_damage\",Amount:13,Slot:mainhand,Name:\"generic.attack_damage\",UUID:[I;-12254,36758,111118,-73516]},{AttributeName:\"generic.attack_speed\",Amount:-3.2,Slot:mainhand,Name:\"generic.attack_speed\",UUID:[I;-12254,36858,111118,-73716]}],display:{Name:'[{\"text\":\"悼念之星\",\"italic\":false,\"color\":\"gold\"}]',Lore:['[{\"text\":\"一把嗜血的长矛，\",\"italic\":false,\"color\":\"white\"}]','[{\"text\":\"每次连续攻击时都会有更块的攻击速度。。\",\"italic\":false,\"color\":\"white\"},{\"text\":\"\",\"italic\":false,\"color\":\"dark_purple\"}]','[{\"text\":\"\",\"italic\":false,\"color\":\"dark_purple\"}]','[{\"text\":\"在主手时：\",\"italic\":false,\"color\":\"gray\"},{\"text\":\"\",\"italic\":false,\"color\":\"dark_purple\"}]','[{\"text\":\" 14 攻击伤害\",\"italic\":false,\"color\":\"dark_green\"}]','[{\"text\":\" 0.8 攻击速度\",\"italic\":false,\"color\":\"dark_green\"}]']},HideFlags:2,eth:{tick_item:4b,mourning_star:1b}}"
            }
          ]
        }
      ]
    }
  ]
}
