{
  "pools": [
    {
      "rolls": 1,
      "entries": [
        {
          "type": "minecraft:item",
          "name": "minecraft:crossbow",
          "functions": [
            {
              "function": "minecraft:set_nbt",
              "tag": "{Unbreakable:1,CustomModelData:5554,display:{Name:'[{\"text\":\"亡灵书\",\"italic\":false,\"color\":\"gold\"}]',Lore:['[{\"text\":\"一本保存完好的奇特的巨著，\",\"italic\":false,\"color\":\"white\"}]','[{\"text\":\"包含古代知识和死亡的咒语...\",\"italic\":false,\"color\":\"white\"}]','[{\"text\":\"哦，看这里，\",\"italic\":false,\"color\":\"white\"}]','[{\"text\":\"有个东西可以让死去的东西回到那永恒的地方，\\'ll just\",\"italic\":false,\"color\":\"white\"}]','[{\"text\":\"我们使用这个吧。\",\"italic\":false,\"color\":\"white\"},{\"text\":\"\",\"italic\":false,\"color\":\"dark_purple\"}]','[{\"text\":\"\",\"italic\":false,\"color\":\"dark_purple\"}]','[{\"text\":\"神圣之力:\",\"italic\":false,\"color\":\"gold\"},{\"text\":\"\",\"italic\":false,\"color\":\"dark_purple\"}]','[{\"text\":\" 永恒的安息\",\"italic\":false,\"color\":\"dark_purple\"}]']},Enchantments:[{id:quick_charge,lvl:6}],HideFlags:127,eth:{spells:1b,necronomicon:1b},Charged:1b}"
            }
          ]
        }
      ]
    }
  ]
}
