{
  "pools": [
    {
      "rolls": 1,
      "entries": [
        {
          "type": "minecraft:item",
          "name": "minecraft:stone_sword",
          "functions": [
            {
              "function": "minecraft:set_nbt",
              "tag": "{CustomModelData:5551,AttributeModifiers:[{AttributeName:\"generic.attack_damage\",Amount:6,Slot:mainhand,Name:\"generic.attack_damage\",UUID:[I;-12254,56158,111118,-112316]},{AttributeName:\"generic.attack_speed\",Amount:-2.4,Slot:mainhand,Name:\"generic.attack_speed\",UUID:[I;-12254,56258,111118,-112516]}],display:{Name:'[{\"text\":\"玛瑙剑\",\"italic\":false,\"color\":\"gold\"}]',Lore:['[{\"text\":\"每次攻击都会储存一些力量，\",\"italic\":false,\"color\":\"white\"}]','[{\"text\":\"力量越低，造成的伤害越高。\",\"italic\":false,\"color\":\"white\"},{\"text\":\"\",\"italic\":false,\"color\":\"dark_purple\"}]','[{\"text\":\"\",\"italic\":false,\"color\":\"dark_purple\"}]','[{\"text\":\"在主手时：\",\"italic\":false,\"color\":\"gray\"},{\"text\":\"\",\"italic\":false,\"color\":\"dark_purple\"}]','[{\"text\":\" 7 攻击伤害\",\"italic\":false,\"color\":\"dark_green\"}]','[{\"text\":\" 1.6 攻击速度\",\"italic\":false,\"color\":\"dark_green\"}]']},HideFlags:2,eth:{item:11b,onyx_sword:1b}}"
            }
          ]
        }
      ]
    }
  ]
}
