{
  "pools": [
    {
      "rolls": 1,
      "entries": [
        {
          "type": "minecraft:item",
          "name": "minecraft:bow",
          "functions": [
            {
              "function": "minecraft:set_nbt",
              "tag": "{display:{Name:'[{\"text\":\"幻影弓\",\"italic\":false,\"color\":\"gold\"}]',Lore:['[{\"text\":\"一把为很久以前的战争制作的弓，\",\"italic\":false,\"color\":\"white\"}]','[{\"text\":\"它的肢体呼应着\",\"italic\":false,\"color\":\"white\"}]','[{\"text\":\"在战斗中倒下士兵的血。\",\"italic\":false,\"color\":\"white\"},{\"text\":\"\",\"italic\":false,\"color\":\"dark_purple\"}]','[{\"text\":\"\",\"italic\":false,\"color\":\"dark_purple\"}]','[{\"text\":\"神圣属性:\",\"italic\":false,\"color\":\"gray\"},{\"text\":\"\",\"italic\":false,\"color\":\"dark_purple\"}]','[{\"text\":\"幽灵之箭\",\"italic\":false,\"color\":\"light_purple\"}]','[{\"text\":\"BQ:huanyinggong\",\"color\":\"white\",\"italic\":false}]']},eth:{tick_item:5b,phantom_bow:1b}}"
            }
          ]
        }
      ]
    }
  ]
}
