{
  "pools": [
    {
      "rolls": 1,
      "entries": [
        {
          "type": "minecraft:item",
          "name": "minecraft:netherite_shovel",
          "functions": [
            {
              "function": "minecraft:set_name",
              "name": {
                "text": "波利德高脚鞋",
                "color": "dark_red",
                "italic": false
              }
            },
            {
              "function": "minecraft:set_nbt",
              "tag": "{Unbreakable:1,RepairCost:99999,CustomModelData:5552,AttributeModifiers:[{AttributeName:\"generic.attack_damage\",Amount:4,Slot:mainhand,Operation:1,Name:\"generic.attack_damage\",UUID:[I;-122427,10466,1303,-20932]},{AttributeName:\"generic.attack_speed\",Amount:1,Slot:offhand,Name:\"generic.attack_speed\",UUID:[I;-122427,10566,1303,-21132]}],display:{Lore:['[{\"text\":\"作为完成任务的标志，\",\"color\":\"white\"}]','[{\"text\":\"你已被授予一套这种强大的拳击护手。\",\"italic\":true,\"color\":\"white\"}]','[{\"text\":\"神圣的力量穿过它们，\",\"italic\":true,\"color\":\"white\"}]','[{\"text\":\"强大的力量足以击穿铬...\",\"italic\":true,\"color\":\"white\"},{\"text\":\"\",\"italic\":false,\"color\":\"dark_purple\"}]','[{\"text\":\"\",\"italic\":false,\"color\":\"dark_purple\"}]','[{\"text\":\"在主手时：\",\"italic\":false,\"color\":\"gray\"}]','[{\"text\":\"+300% 攻击伤害\",\"italic\":false,\"color\":\"blue\"},{\"text\":\"\",\"italic\":false,\"color\":\"dark_purple\"}]','[{\"text\":\"\",\"italic\":false,\"color\":\"dark_purple\"}]','[{\"text\":\"在副手时：\",\"italic\":false,\"color\":\"gray\"},{\"text\":\"\",\"italic\":false,\"color\":\"dark_purple\"}]','[{\"text\":\"+1 攻击速度\",\"italic\":false,\"color\":\"blue\"}]']},Enchantments:[{id:vanishing_curse,lvl:1},{id:knockback,lvl:1}],HideFlags:123}"
            }
          ]
        }
      ]
    }
  ]
}
