{
    "pools": [
        {
            "rolls": 1,
            "entries": [
                {
                    "type": "minecraft:item",
                    "name": "netherite_axe",
                    "functions": [
                        {
                            "function": "minecraft:set_nbt",
                            "tag": "{Unbreakable:1,RepairCost:99999,CustomModelData:5551,AttributeModifiers:[{AttributeName:\"generic.attack_damage\",Amount:15,Slot:mainhand,Name:\"generic.attack_damage\",UUID:[I;-122320,66292,184759,-132584]},{AttributeName:\"generic.attack_speed\",Amount:-3,Slot:mainhand,Name:\"generic.attack_speed\",UUID:[I;-122320,66392,184759,-132784]}],display:{Name:'[{\"text\":\"滚动风暴\",\"italic\":false,\"color\":\"gold\"}]',Lore:['[{\"text\":\"注意来自天堂的愤怒，\",\"color\":\"white\"}]','[{\"text\":\"因为风暴之神的力量\",\"italic\":true,\"color\":\"white\"}]','[{\"text\":\"困在这把传奇之锤中。\",\"italic\":true,\"color\":\"white\"},{\"text\":\"\",\"italic\":false,\"color\":\"dark_purple\"}]','[{\"text\":\"\",\"italic\":false,\"color\":\"dark_purple\"}]','[{\"text\":\"在主手时：\",\"italic\":false,\"color\":\"gray\"},{\"text\":\"\",\"italic\":false,\"color\":\"dark_purple\"}]','[{\"text\":\" 16 攻击伤害\",\"italic\":false,\"color\":\"dark_green\"}]','[{\"text\":\" 1 攻击速度\",\"italic\":false,\"color\":\"dark_green\"},{\"text\":\"\",\"italic\":false,\"color\":\"dark_purple\"}]','[{\"text\":\"\",\"italic\":false,\"color\":\"dark_purple\"}]','[{\"text\":\"神圣之力:\",\"italic\":false,\"color\":\"gray\"},{\"text\":\"\",\"italic\":false,\"color\":\"dark_purple\"}]','[{\"text\":\"雷霆之怒\",\"italic\":false,\"color\":\"dark_purple\"}]']},HideFlags:127}"
                        }
                    ]
                }
            ]
        }
    ]
}
