{
    "pools": [
        {
            "rolls": 1,
            "entries": [
                {
                    "type": "minecraft:item",
                    "name": "leather_boots",
                    "functions": [
                        {
                            "function": "minecraft:set_nbt",
                            "tag": "{display:{Name:'{\"text\":\"天空跑者\",\"color\":\"gold\",\"italic\":false}',Lore:['{\"text\":\"浩瀚的天空是我航行的大海，\",\"color\":\"white\",\"italic\":true}','{\"text\":\"不要害怕，向前冲刺，\",\"color\":\"white\",\"italic\":true}','[{\"text\":\"在虚空中自由地奔跑！\",\"color\":\"white\",\"italic\":true}]','{\"text\":\" \"}','[{\"text\":\"在穿戴后疾跑：\",\"color\":\"gray\",\"italic\":false}]','[{\"text\":\"空中漫步\",\"color\":\"aqua\",\"italic\":false}]','[{\"text\":\"BQ:tiankongpaozhe\",\"color\":\"white\",\"italic\":false}]']},HideFlags:71,RepairCost:9999,Unbreakable:1b,Enchantments:[{id:\"minecraft:feather_falling\",lvl:4s},{id:\"minecraft:depth_strider\",lvl:2s},{id:\"minecraft:soul_speed\",lvl:3s}],AttributeModifiers:[{AttributeName:\"generic.armor\",Name:\"generic.armor\",Amount:0,Operation:0,UUID:[I;-743086115,-2121776001,-1723769779,-995470236],Slot:\"feet\"}]}"
                        }
                    ]
                }
            ]
        }
    ]
}