{
    "pools": [
        {
            "rolls": 1,
            "entries": [
                {
                    "type": "minecraft:item",
                    "name": "shield",
                    "functions": [
                        {
                            "function": "minecraft:set_nbt",
                            "tag": "{AttributeModifiers:[{AttributeName:\"generic.armor_toughness\",Amount:4,Slot:offhand,Name:\"generic.armor_toughness\",UUID:[I;-122314,63278,163445,-126556]}],display:{Name:'[{\"text\":\"遮阳伞\",\"italic\":false,\"color\":\"gold\"}]',Lore:['[{\"text\":\"这面盾牌闪耀着神圣的力量，\",\"italic\":false,\"color\":\"white\"}]','[{\"text\":\"据说能够照射出一束集中的太阳光，\",\"italic\":false,\"color\":\"white\"}]','[{\"text\":\"可以使你的敌人\",\"italic\":false,\"color\":\"white\"}]','[{\"text\":\"瞬间蒸发！\",\"italic\":false,\"color\":\"white\"},{\"text\":\"\",\"italic\":false,\"color\":\"dark_purple\"}]','[{\"text\":\"\",\"italic\":false,\"color\":\"dark_purple\"}]','[{\"text\":\"在副手时：\",\"italic\":false,\"color\":\"gray\"},{\"text\":\"\",\"italic\":false,\"color\":\"dark_purple\"}]','[{\"text\":\"+4 盔甲韧性\",\"italic\":false,\"color\":\"blue\"},{\"text\":\"\",\"italic\":false,\"color\":\"dark_purple\"}]','[{\"text\":\"\",\"italic\":false,\"color\":\"dark_purple\"}]','[{\"text\":\"格挡时：\",\"italic\":false,\"color\":\"gray\"},{\"text\":\"\",\"italic\":false,\"color\":\"dark_purple\"}]','[{\"text\":\"太阳光 II\",\"italic\":false,\"color\":\"yellow\"}]','[{\"text\":\"BQ:zheyangsan\",\"color\":\"white\",\"italic\":false}]']},HideFlags:2}"
                        }
                    ]
                }
            ]
        }
    ]
}