{
  "pools": [
    {
      "rolls": 1,
      "entries": [
        {
          "type": "minecraft:item",
          "name": "minecraft:iron_axe",
          "functions": [
            {
              "function": "minecraft:set_nbt",
              "tag": "{AttributeModifiers:[{AttributeName:\"generic.attack_damage\",Amount:19,Slot:mainhand,Name:\"generic.attack_damage\",UUID:[I;-12254,102358,111118,-204716]},{AttributeName:\"generic.attack_speed\",Amount:-3,Slot:mainhand,Name:\"generic.attack_speed\",UUID:[I;-12254,102458,111118,-204916]}],display:{Name:'[{\"text\":\"复仇之锤\",\"italic\":false,\"color\":\"gold\"}]',Lore:['[{\"text\":\"当你受到伤害后，\",\"italic\":false,\"color\":\"white\"}]','[{\"text\":\"一股愤怒的力量从这把锤子里涌现出来。\",\"italic\":false,\"color\":\"white\"}]','[{\"text\":\"但只有一个办法可以释放它的怒火。\",\"italic\":true,\"color\":\"white\"},{\"text\":\"\",\"italic\":false,\"color\":\"dark_purple\"}]','[{\"text\":\"\",\"italic\":false,\"color\":\"dark_purple\"}]','[{\"text\":\"在主手时：\",\"italic\":false,\"color\":\"gray\"},{\"text\":\"\",\"italic\":false,\"color\":\"dark_purple\"}]','[{\"text\":\" 20 攻击伤害\",\"italic\":false,\"color\":\"dark_green\"}]','[{\"text\":\" 1 攻击速度\",\"italic\":false,\"color\":\"dark_green\"}]']},HideFlags:3,RepairCost:1000,CustomModelData:5551,eth:{item:10b,vengeful_hammer:1b},Enchantments:[{id:\"minecraft:mending\",lvl:1}]}"
            }
          ]
        }
      ]
    }
  ]
}
