{
  "pools": [
    {
      "rolls": 1,
      "entries": [
        {
          "type": "minecraft:item",
          "name": "minecraft:crossbow",
          "functions": [
            {
              "function": "minecraft:set_nbt",
              "tag": "{display:{Name:'[{\"text\":\"旋风\",\"italic\":false,\"color\":\"gold\"}]',Lore:['[{\"text\":\"一些疯狂的工匠决定制作一把能\",\"italic\":false,\"color\":\"white\"}]','[{\"text\":\"自动发射的连发弩，\",\"italic\":false,\"color\":\"white\"}]','[{\"text\":\"这是一件很酷的事。\",\"italic\":false,\"color\":\"white\"}]','[{\"text\":\"唯一的问题是\\\\\"完整的\\\\\"箭牌夹\",\"italic\":false,\"color\":\"white\"}]','[{\"text\":\"，需要拿着一种特定的箭矢才能使用。\",\"italic\":false,\"color\":\"white\"},{\"text\":\"\",\"italic\":false,\"color\":\"dark_purple\"}]','[{\"text\":\"\",\"italic\":false,\"color\":\"dark_purple\"}]','[{\"text\":\"按住[右键]后将箭牌夹放置与副手后，\",\"italic\":false,\"color\":\"gray\"}]','[{\"text\":\"将会自动发射箭矢。\",\"italic\":false,\"color\":\"gray\"}]','[{\"text\":\"BQ:xuanfeng\",\"color\":\"white\",\"italic\":false}]']},eth:{tick_item:3b,whirlwind:1b},Charged:0b}"
            }
          ]
        }
      ]
    }
  ]
}
