{
    "pools": [
        {
            "rolls": 1,
            "entries": [
                {
                    "type": "minecraft:item",
                    "name": "leather_boots",
                    "functions": [
                        {
                            "function": "minecraft:set_nbt",
                            "tag": "{Unbreakable:1,RepairCost:9999,AttributeModifiers:[{AttributeName:\"generic.armor\",Amount:0,Slot:feet,Name:\"generic.armor\",UUID:[I;-12245,31578,193059,-63156]}],display:{Name:'[{\"text\":\"风行者\",\"italic\":false,\"color\":\"gold\"}]',Lore:['[{\"text\":\"一双有翅膀的靴子，\",\"italic\":false,\"color\":\"white\"}]','[{\"text\":\"被赋予了风的力量，这双靴子主要是根据行走距离而自动升级，\",\"italic\":false,\"color\":\"white\"}]','[{\"text\":\"使用者可以在穿戴是不会影响正常行走，\",\"italic\":false,\"color\":\"white\"}]','[{\"text\":\"升级后的靴子拥有\",\"italic\":false,\"color\":\"white\"}]','[{\"text\":\"更快和更高的冲刺速度与跳跃距离。\",\"italic\":false,\"color\":\"white\"},{\"text\":\"\",\"italic\":false,\"color\":\"dark_purple\"}]','[{\"text\":\"\",\"italic\":false,\"color\":\"dark_purple\"}]','[{\"text\":\"在穿戴后疾跑：\",\"italic\":false,\"color\":\"gray\"},{\"text\":\"\",\"italic\":false,\"color\":\"dark_purple\"}]','[{\"text\":\"风之步\",\"italic\":false,\"color\":\"green\"}]','[{\"text\":\"BQ:fengxingzhe\",\"color\":\"white\",\"italic\":false}]']},Enchantments:[{id:\"depth_strider\",lvl:2},{id:\"feather_falling\",lvl:2},{id:\"soul_speed\",lvl:3}],HideFlags:127}"
                        }
                    ]
                }
            ]
        }
    ]
}