{
  "spawners": {
    "water_ambient": [],
    "ambient": [],
    "misc": [],
    "water_creature": [],
    "creature": [
      {
        "type": "minecraft:vex",
        "weight": 1,
        "minCount": 1,
        "maxCount": 1
      },
      {
        "type": "minecraft:polar_bear",
        "weight": 1,
        "minCount": 4,
        "maxCount": 4
      },
      {
        "type": "minecraft:wolf",
        "weight": 1,
        "minCount": 4,
        "maxCount": 4
      }
    ],
    "monster": []
  },
  "spawn_costs": {},
  "carvers": {
    "air": []
  },
  "features": [
    [],
    [
      "bracken:glacium/lake"
    ],
    [
      "minecraft:iceberg_packed",
      "minecraft:iceberg_blue"
    ],
    [
      "minecraft:monster_room",
      "minecraft:monster_room_deep"
    ],
    [],
    [],
    [],
    [
      "bracken:glacium/shards"
    ],
    [],
    [],
    [
      "minecraft:freeze_top_layer"
    ]
  ],
  "temperature": 0,
  "downfall": 0.1,
  "effects": {
    "mood_sound": {
      "sound": "minecraft:ambient.cave",
      "tick_delay": 6000,
      "block_search_extent": 8,
      "offset": 2
    },
    "sky_color": 0,
    "fog_color": 5924999,
    "water_color": 4014691,
    "water_fog_color": 7897757,
    "grass_color": 5074010,
    "foliage_colour": 5074010,
    "particle": {
      "options": {
        "type": "minecraft:underwater"
      },
      "probability": 0.0918093334
    },
    "additions_sound": {
      "sound": "minecraft:ambient.underwater.loop.additions.rare",
      "tick_chance": 0.02
    },
    "music": {
      "sound": "bracken:glacium",
      "min_delay": 12000,
      "max_delay": 24000,
      "replace_current_music": false
    },
    "ambient_sound": "minecraft:ambient.nether_wastes.additions"
  },
  "precipitation": "snow"
}
