[
  {
    "function": "minecraft:set_nbt",
    "tag": "{display:{Name:'{\"text\":\"被诅咒的弯刀\",\"color\":\"gold\",\"italic\":false}',Lore:['[{\"text\":\"奇怪的是，\",\"italic\":false,\"color\":\"white\"}]','[{\"text\":\"这把弯刀在马背上挥舞的时候会发出力量的光芒，\",\"italic\":false,\"color\":\"white\"}]','[{\"text\":\"也许它本来就是一把军刀？\",\"italic\":false,\"color\":\"white\"},{\"text\":\"\",\"italic\":false,\"color\":\"dark_purple\"}]','[{\"text\":\"\",\"italic\":false,\"color\":\"dark_purple\"}]','[{\"text\":\"在主手时：\",\"italic\":false,\"color\":\"gray\"},{\"text\":\"\",\"italic\":false,\"color\":\"dark_purple\"}]','[{\"text\":\" 25 攻击伤害\",\"italic\":false,\"color\":\"dark_green\"}]','[{\"text\":\" 2 攻击速度\",\"italic\":false,\"color\":\"dark_green\"}]']},HideFlags:2,CustomModelData:5553,eth:{item:13b,cursed_cutlass:1b},AttributeModifiers:[{AttributeName:\"generic.attack_speed\",Name:\"generic.attack_speed\",Amount:-2,Operation:0,UUID:[I;167705940,1006259184,-1641821168,1963084330],Slot:\"mainhand\"},{AttributeName:\"generic.attack_damage\",Name:\"generic.attack_damage\",Amount:24,Operation:0,UUID:[I;1810519139,-1240055483,-1096619333,-125769755],Slot:\"mainhand\"}]}"
  }
]
