{
    "providers": [

        {
            "type": "bitmap",
            "file": "xylo:hud/attributes/energy_bar/0.png",
            "ascent": 196,
            "height": 256,
            "chars": ["\uE000"]
        },
        {
            "type": "bitmap",
            "file": "xylo:hud/attributes/energy_bar/1.png",
            "ascent": 196,
            "height": 256,
            "chars": ["\uE001"]
        },
        {
            "type": "bitmap",
            "file": "xylo:hud/attributes/energy_bar/2.png",
            "ascent": 196,
            "height": 256,
            "chars": ["\uE002"]
        },
        {
            "type": "bitmap",
            "file": "xylo:hud/attributes/energy_bar/3.png",
            "ascent": 196,
            "height": 256,
            "chars": ["\uE003"]
        },
        {
            "type": "bitmap",
            "file": "xylo:hud/attributes/energy_bar/4.png",
            "ascent": 196,
            "height": 256,
            "chars": ["\uE004"]
        },
        {
            "type": "bitmap",
            "file": "xylo:hud/attributes/energy_bar/5.png",
            "ascent": 196,
            "height": 256,
            "chars": ["\uE005"]
        },
        {
            "type": "bitmap",
            "file": "xylo:hud/attributes/energy_bar/6.png",
            "ascent": 196,
            "height": 256,
            "chars": ["\uE006"]
        },
        {
            "type": "bitmap",
            "file": "xylo:hud/attributes/energy_bar/7.png",
            "ascent": 196,
            "height": 256,
            "chars": ["\uE007"]
        },
        {
            "type": "bitmap",
            "file": "xylo:hud/attributes/energy_bar/8.png",
            "ascent": 196,
            "height": 256,
            "chars": ["\uE008"]
        },
        {
            "type": "bitmap",
            "file": "xylo:hud/attributes/energy_bar/9.png",
            "ascent": 196,
            "height": 256,
            "chars": ["\uE009"]
        },
        {
            "type": "bitmap",
            "file": "xylo:hud/attributes/energy_bar/10.png",
            "ascent": 196,
            "height": 256,
            "chars": ["\uE00A"]
        },
        {
            "type": "bitmap",
            "file": "xylo:hud/attributes/energy_bar/11.png",
            "ascent": 196,
            "height": 256,
            "chars": ["\uE00B"]
        }

    ]
}