{
    "providers": [

        {
            "type": "bitmap",
            "file": "xylo:hud/attributes/energy_bar_deact/0.png",
            "ascent": 196,
            "height": 256,
            "chars": ["\uE000"]
        },
        {
            "type": "bitmap",
            "file": "xylo:hud/attributes/energy_bar_deact/1.png",
            "ascent": 196,
            "height": 256,
            "chars": ["\uE001"]
        },
        {
            "type": "bitmap",
            "file": "xylo:hud/attributes/energy_bar_deact/2.png",
            "ascent": 196,
            "height": 256,
            "chars": ["\uE002"]
        },
        {
            "type": "bitmap",
            "file": "xylo:hud/attributes/energy_bar_deact/3.png",
            "ascent": 196,
            "height": 256,
            "chars": ["\uE003"]
        },
        {
            "type": "bitmap",
            "file": "xylo:hud/attributes/energy_bar_deact/4.png",
            "ascent": 196,
            "height": 256,
            "chars": ["\uE004"]
        },
        {
            "type": "bitmap",
            "file": "xylo:hud/attributes/energy_bar_deact/5.png",
            "ascent": 196,
            "height": 256,
            "chars": ["\uE005"]
        },
        {
            "type": "bitmap",
            "file": "xylo:hud/attributes/energy_bar_deact/6.png",
            "ascent": 196,
            "height": 256,
            "chars": ["\uE006"]
        },
        {
            "type": "bitmap",
            "file": "xylo:hud/attributes/energy_bar_deact/7.png",
            "ascent": 196,
            "height": 256,
            "chars": ["\uE007"]
        },
        {
            "type": "bitmap",
            "file": "xylo:hud/attributes/energy_bar_deact/8.png",
            "ascent": 196,
            "height": 256,
            "chars": ["\uE008"]
        },
        {
            "type": "bitmap",
            "file": "xylo:hud/attributes/energy_bar_deact/9.png",
            "ascent": 196,
            "height": 256,
            "chars": ["\uE009"]
        },
        {
            "type": "bitmap",
            "file": "xylo:hud/attributes/energy_bar_deact/10.png",
            "ascent": 196,
            "height": 256,
            "chars": ["\uE00A"]
        },
        {
            "type": "bitmap",
            "file": "xylo:hud/attributes/energy_bar_deact/11.png",
            "ascent": 196,
            "height": 256,
            "chars": ["\uE00B"]
        }

    ]
}