{
    "type": "minecraft:crafting_shaped",
    "pattern": [
        "###",
        "WCS",
        "###"
    ],
    "key": {
        "#": {
            "item": "minecraft:cobblestone"
        },
        "S": {
            "item": "minecraft:stone_axe"
        },
        "W": {
            "item": "minecraft:wooden_axe"
        },
        "C": {
            "item": "minecraft:crafting_table"
        }
    },
    "result": {
        "item": "minecraft:item_frame",
        "data":"{display:{Name:'{\"text\":\"斧工作台\",\"italic\":false}'},CustomModelData:6370009,EntityTag:{Item:{id:\"minecraft:item_frame\",Count:1b,tag:{CustomModelData:6370009}},Tags:[\"wasd.axe_crafter\"],Facing:1b,Invulnerable:1b,Invisible:1b,Fixed:1b}}"
    }
}