{
    "type": "minecraft:crafting_shaped",
    "pattern": [
        "#T#",
        "#C#",
        "#E#"
    ],
    "key": {
        "#": {
            "tag": "minecraft:planks"
        },
        "T": {
            "item": "minecraft:totem_of_undying"
        },
        "C": {
            "item": "minecraft:crafting_table"
        },
        "E": {
            "item": "minecraft:emerald_block"
        }
    },
    "result": {
        "item": "minecraft:item_frame",
        "data":"{display:{Name:'{\"text\":\"Totem Crafter\",\"italic\":false}'},CustomModelData:6370007,EntityTag:{Item:{id:\"minecraft:item_frame\",Count:1b,tag:{CustomModelData:6370007}},Tags:[\"wasd.totem_crafter\"],Facing:1b,Invulnerable:1b,Invisible:1b,Fixed:1b}}"
    }
}