{
  "display": {
    "icon": {
      "item": "minecraft:end_portal_frame"
    },
    "title": "月光景观",
    "description": "人们对于月光这种领域所了解少之又少。在没有飞行器的前提下，这是一个令人不安的荒地。生命曾尝试在这里生根发芽，但是最后缺失败了，不知是因为环境问题还是领域的问题？",
    "frame": "goal",
    "show_toast": true,
    "announce_to_chat": true,
    "hidden": true
  },
  "parent": "divine_dimension:ethera/dungeon5",
  "criteria": {
    "requirement": {
      "trigger": "minecraft:location",
      "conditions": {
        "player": {
          "location": {
            "dimension": "divine_dimension:the_astral"
          }
        }
      }
    }
  },
  "rewards": {}
}
