{
  "display": {
    "icon": {
      "item": "minecraft:jigsaw",
      "nbt": "{CustomModelData:55512}"
    },
    "title": "浴火重生",
    "description": "击杀凤凰（Phoenix），可在幸诺姆巨树上找到。",
    "frame": "challenge",
    "show_toast": true,
    "announce_to_chat": true,
    "hidden": false
  },
  "parent": "divine_dimension:ethera/dungeon2",
  "criteria": {
    "requirement": {
      "trigger": "minecraft:impossible"
    }
  },
  "rewards": {
    "function": "divine_dimension:player/progression/hp_up"
  }
}
