{
  "display": {
    "icon": {
      "item": "minecraft:bone",
      "nbt": "{display:{Name:'{\"text\":\"Fossil\",\"color\":\"light_purple\",\"italic\":false}'},CustomModelData:5551,fossil:1b}"
    },
    "title": "冰冻的化石",
    "description": "击杀巨像（Colossus），可在结霜平原找到。",
    "frame": "challenge",
    "show_toast": true,
    "announce_to_chat": true,
    "hidden": false
  },
  "parent": "divine_dimension:ethera/dungeon3",
  "criteria": {
    "requirement": {
      "trigger": "minecraft:impossible"
    }
  },
  "rewards": {
    "function": "divine_dimension:player/progression/hp_up"
  }
}
