{
  "display": {
    "icon": {
      "item": "minecraft:cooked_mutton",
      "nbt": "{display:{Name:'{\"text\":\"荧光蘑菇\",\"italic\":false}'},CustomModelData:5551,eth:{item:1b,glowing_mushroom:1b}}"
    },
    "title": "厄运与忧郁",
    "description": "击杀厄运帽（Doomcap），厄运帽可在法尔森林中的迷宫中找到。",
    "frame": "challenge",
    "show_toast": true,
    "announce_to_chat": true,
    "hidden": false
  },
  "parent": "divine_dimension:ethera/dungeon1",
  "criteria": {
    "requirement": {
      "trigger": "minecraft:impossible"
    }
  },
  "rewards": {
    "function": "divine_dimension:player/progression/hp_up"
  }
}
