{
  "display": {
    "icon": {
      "item": "minecraft:ender_eye"
    },
    "title": "天空之眼",
    "description": "打败轨道飞行器，星际仲裁者和天堂的罪魁祸首。",
    "frame": "challenge",
    "show_toast": true,
    "announce_to_chat": true,
    "hidden": true
  },
  "parent": "divine_dimension:ethera/astral",
  "criteria": {
    "requirement": {
      "trigger": "minecraft:impossible"
    }
  },
  "rewards": {
    "function": "divine_dimension:player/progression/hp_up"
  }
}
