{
  "display": {
    "icon": {
      "item": "minecraft:pufferfish",
      "nbt": "{display:{Name:'{\"text\":\"Satyr Heart\",\"color\":\"yellow\",\"italic\":false}'},CustomModelData:5551,satyr_heart:1b}"
    },
    "title": "异族之主",
    "description": "击杀萨提尔酋长（Satyr Warchief），可在多米克找到。",
    "frame": "challenge",
    "show_toast": true,
    "announce_to_chat": true,
    "hidden": false
  },
  "parent": "divine_dimension:ethera/dungeon4",
  "criteria": {
    "requirement": {
      "trigger": "minecraft:impossible"
    }
  },
  "rewards": {
    "function": "divine_dimension:player/progression/hp_up"
  }
}
