{
  "display": {
    "icon": {
      "item": "minecraft:jigsaw",
      "nbt": "{display:{Name:'{\"text\":\"Essence\",\"color\":\"yellow\",\"italic\":false}'},CustomModelData:5552,essence:1b}"
    },
    "title": "神圣精华",
    "description": "在原版工作台中使用金锭与其相结合，获得神圣工作台然后打开它。",
    "show_toast": true,
    "announce_to_chat": true,
    "hidden": false
  },
  "parent": "divine_dimension:ethera/root",
  "criteria": {
    "requirement": {
      "trigger": "minecraft:item_used_on_block",
      "conditions": {
        "location": {
          "block": {
            "blocks": [
              "minecraft:barrel"
            ],
            "nbt": "{CustomName:'{\"text\":\"神圣工作台\"}',Items:[{Slot:18b,id:\"minecraft:knowledge_book\"}]}"
          }
        }
      }
    }
  },
  "rewards": {}
}
