{
  "display": {
    "icon": {
      "item": "minecraft:blaze_powder"
    },
    "title": "燃烧树枝",
    "description": "在欣嫩谷寻找到一颗巨树，里面充满了熔岩，据说是一只传说火鸟的家。",
    "frame": "goal",
    "show_toast": true,
    "announce_to_chat": true,
    "hidden": false
  },
  "parent": "divine_dimension:ethera/boss1",
  "criteria": {
    "requirement": {
      "trigger": "minecraft:location",
      "conditions": {
        "player": {
          "location": {
            "structure": "divine_dimension:phoenixtree"
          }
        }
      }
    }
  },
  "rewards": {}
}
