{
  "display": {
    "icon": {
      "item": "minecraft:carrot_on_a_stick",
      "nbt": "{display:{Name:'{\"text\":\"迷宫钥匙\",\"color\":\"yellow\",\"italic\":false}'},CustomModelData:5554,eth:{item:9b,labyrinth_key:1b}}"
    },
    "title": "迷失森林",
    "description": "在远林寻找到一个迷宫，然后打开迷宫的门。不建议使用真菌孢子。",
    "frame": "goal",
    "show_toast": true,
    "announce_to_chat": true,
    "hidden": false
  },
  "parent": "divine_dimension:ethera/crafter",
  "criteria": {
    "requirement": {
      "trigger": "minecraft:impossible"
    }
  },
  "rewards": {}
}
