{
  "display": {
    "icon": {
      "item": "minecraft:crying_obsidian"
    },
    "title": "黑暗天空",
    "description": "在黑暗的天谷中有一座不详和的塔。进来看看吧，看看将要迎接什么。",
    "frame": "goal",
    "show_toast": true,
    "announce_to_chat": true,
    "hidden": false
  },
  "parent": "divine_dimension:ethera/boss4",
  "criteria": {
    "requirement": {
      "trigger": "minecraft:location",
      "conditions": {
        "player": {
          "location": {
            "structure": "divine_dimension:ritualtower"
          }
        }
      }
    }
  },
  "rewards": {}
}
