{
  "display": {
    "icon": {
      "item": "minecraft:jigsaw",
      "nbt": "{CustomModelData:55518,eth:{satyr_banner:1b}}"
    },
    "title": "蹄铁营",
    "description": "小心谨慎地进入多米克的萨提尔村，小心，这里的村民非常不友善。",
    "frame": "goal",
    "show_toast": true,
    "announce_to_chat": true,
    "hidden": false
  },
  "parent": "divine_dimension:ethera/boss3",
  "criteria": {
    "requirement": {
      "trigger": "minecraft:location",
      "conditions": {
        "player": {
          "location": {
            "structure": "divine_dimension:satyrvillage"
          }
        }
      }
    }
  },
  "rewards": {}
}
