{
  "display": {
    "icon": {
      "item": "minecraft:netherite_sword",
      "nbt": "{CustomModelData:5554}"
    },
    "title": "以太剑",
    "description": "据说只有这把剑能封住克罗诺斯的邪恶力量...",
    "frame": "challenge",
    "show_toast": true,
    "announce_to_chat": true,
    "hidden": true
  },
  "parent": "divine_dimension:ethera/boss2",
  "criteria": {
    "requirement": {
      "trigger": "minecraft:inventory_changed",
      "conditions": {
        "items": [
          {
            "items": [
              "minecraft:netherite_sword"
            ],
            "nbt": "{eth:{spin_attack:1b}}"
          }
        ]
      }
    }
  }
}
