{
  "display": {
    "icon": {
      "item": "minecraft:netherite_sword",
      "nbt": "{CustomModelData:5555}"
    },
    "title": "驱除邪恶",
    "description": "最后，你终于唤醒了以太剑的真正力量，现在是时候准备与克罗诺斯的最后一战了。",
    "frame": "challenge",
    "show_toast": true,
    "announce_to_chat": true,
    "hidden": true
  },
  "parent": "divine_dimension:ethera/boss5",
  "criteria": {
    "requirement": {
      "trigger": "minecraft:inventory_changed",
      "conditions": {
        "items": [
          {
            "items": [
              "minecraft:netherite_sword"
            ],
            "nbt": "{eth:{ether:1b}}"
          }
        ]
      }
    }
  },
  "rewards": {}
}
