{
  "display": {
    "icon": {
      "item": "minecraft:iron_axe"
    },
    "title": "神圣之力 3",
    "description": "累计造成1000000点伤害，获得神圣之力。",
    "frame": "goal",
    "show_toast": true,
    "announce_to_chat": true,
    "hidden": false
  },
  "parent": "divine_dimension:ethera/power2",
  "criteria": {
    "requirement": {
      "trigger": "minecraft:tick",
      "conditions": {
        "player": [
          {
            "condition": "minecraft:entity_scores",
            "entity": "this",
            "scores": {
              "eth.powerXP": {
                "min": 1000000
              }
            }
          },
          {
            "condition": "minecraft:entity_properties",
            "entity": "this",
            "predicate": {
              "type_specific": {
                "type": "player",
                "advancements": {
                  "divine_dimension:ethera/root": true
                }
              }
            }
          }
        ]
      }
    }
  },
  "rewards": {
    "function": "divine_dimension:player/progression/power_up"
  }
}
