{
  "display": {
    "icon": {
      "item": "minecraft:elytra",
      "nbt": "{display:{Name:'{\"text\":\"凤凰之翼\",\"color\":\"light_purple\",\"italic\":false}',Lore:['{\"text\":\"按住[Shift]键提升高度。\",\"color\":\"gray\",\"italic\":false}','{\"text\":\"BQ:fenghuangzhiyi\",\"color\":\"white\",\"italic\":false}']},HideFlags:2,eth:{phoenix_wings:1b}}"
    },
    "title": "神圣维度",
    "description": "首次进入神圣维度。",
    "background": "minecraft:textures/entity/end_portal.png",
    "show_toast": true,
    "announce_to_chat": true,
    "hidden": false
  },
  "criteria": {
    "requirement": {
      "trigger": "minecraft:location",
      "conditions": {
        "player": {
          "location": {
            "dimension": "divine_dimension:ethera"
          }
        }
      }
    }
  },
  "rewards": {
    "function": "divine_dimension:player/ethera"
  }
}
