{
  "display": {
    "icon": {
      "item": "minecraft:wooden_sword"
    },
    "title": "神圣敏捷 1",
    "description": "累计击杀2000名敌人，获得更高的攻速。",
    "frame": "goal",
    "show_toast": true,
    "announce_to_chat": true,
    "hidden": false
  },
  "parent": "divine_dimension:ethera/crafter",
  "criteria": {
    "requirement": {
      "trigger": "minecraft:tick",
      "conditions": {
        "player": [
          {
            "condition": "minecraft:entity_scores",
            "entity": "this",
            "scores": {
              "eth.speedXP": {
                "min": 2000
              }
            }
          },
          {
            "condition": "minecraft:entity_properties",
            "entity": "this",
            "predicate": {
              "type_specific": {
                "type": "player",
                "advancements": {
                  "divine_dimension:ethera/root": true
                }
              }
            }
          }
        ]
      }
    }
  },
  "rewards": {
    "function": "divine_dimension:player/progression/speed_up"
  }
}
