{
  "display": {
    "icon": {
      "item": "minecraft:experience_bottle"
    },
    "title": "神圣耐力 2",
    "description": "获得100000点用于神圣之力的经验。",
    "frame": "goal",
    "show_toast": true,
    "announce_to_chat": true,
    "hidden": false
  },
  "parent": "divine_dimension:ethera/stamina1",
  "criteria": {
    "requirement": {
      "trigger": "minecraft:tick",
      "conditions": {
        "player": [
          {
            "condition": "minecraft:entity_scores",
            "entity": "this",
            "scores": {
              "eth.divineXP": {
                "min": 100000
              }
            }
          },
          {
            "condition": "minecraft:entity_properties",
            "entity": "this",
            "predicate": {
              "type_specific": {
                "type": "player",
                "advancements": {
                  "divine_dimension:ethera/root": true
                }
              }
            }
          }
        ]
      }
    }
  },
  "rewards": {
    "function": "divine_dimension:player/progression/stamina_up"
  }
}
