{
    "providers": [

        {
            "type": "bitmap",
            "file": "xylo:hud/chars/empty.png",
            "ascent": 70,
            "height": 84,
            "chars": ["\uE000"]
        },
        {
            "type": "bitmap",
            "file": "xylo:hud/chars/plus_health.png",
            "ascent": 70,
            "height": 84,
            "chars": ["\uE001"]
        },
        {
            "type": "bitmap",
            "file": "xylo:hud/chars/plus_absorption.png",
            "ascent": 70,
            "height": 84,
            "chars": ["\uE002"]
        },
        {
            "type": "bitmap",
            "file": "xylo:hud/chars/slash.png",
            "ascent": 70,
            "height": 84,
            "chars": ["\uE003"]
        }

    ]
}