{
    "providers": [

        {
            "type": "bitmap",
            "file": "xylo:hud/numbers/0.png",
            "ascent": 70,
            "height": 84,
            "chars": ["\uE000"]
        },
        {
            "type": "bitmap",
            "file": "xylo:hud/numbers/1.png",
            "ascent": 70,
            "height": 84,
            "chars": ["\uE001"]
        },
        {
            "type": "bitmap",
            "file": "xylo:hud/numbers/2.png",
            "ascent": 70,
            "height": 84,
            "chars": ["\uE002"]
        },
        {
            "type": "bitmap",
            "file": "xylo:hud/numbers/3.png",
            "ascent": 70,
            "height": 84,
            "chars": ["\uE003"]
        },
        {
            "type": "bitmap",
            "file": "xylo:hud/numbers/4.png",
            "ascent": 70,
            "height": 84,
            "chars": ["\uE004"]
        },
        {
            "type": "bitmap",
            "file": "xylo:hud/numbers/5.png",
            "ascent": 70,
            "height": 84,
            "chars": ["\uE005"]
        },
        {
            "type": "bitmap",
            "file": "xylo:hud/numbers/6.png",
            "ascent": 70,
            "height": 84,
            "chars": ["\uE006"]
        },
        {
            "type": "bitmap",
            "file": "xylo:hud/numbers/7.png",
            "ascent": 70,
            "height": 84,
            "chars": ["\uE007"]
        },
        {
            "type": "bitmap",
            "file": "xylo:hud/numbers/8.png",
            "ascent": 70,
            "height": 84,
            "chars": ["\uE008"]
        },
        {
            "type": "bitmap",
            "file": "xylo:hud/numbers/9.png",
            "ascent": 70,
            "height": 84,
            "chars": ["\uE009"]
        }

    ]
}