[
  {
    "condition": "minecraft:value_check",
    "value": {
      "type": "minecraft:score",
      "target": "this",
      "score": "xtl_cbow_arrow"
    },
    "range": 1
  },
  {
    "condition": "minecraft:inverted",
    "term": {
      "condition": "minecraft:entity_properties",
      "entity": "this",
      "predicate": {
        "equipment": {
          "mainhand": {
            "items": [
              "minecraft:crossbow"
            ]
          }
        }
      }
    }
  },
  {
    "condition": "minecraft:entity_properties",
    "entity": "this",
    "predicate": {
      "equipment": {
        "offhand": {
          "nbt": "{xylo_tools:{type:\"weapon\",subtype:\"range\",category:\"crossbow\"}}"
        }
      }
    }
  },
  {
    "condition": "minecraft:inverted",
    "term": {
      "condition": "minecraft:reference",
      "name": "xylo_tools:weapon/melee/two_handed/holding_oh"
    }
  }
]
