{
    "flower": "tag:minecraft:flowers",
    "creator": "Ridanisaurus Rid & TemperedFool",
    "lore": "当你热爱大自然时，\n大自然会送你一只被灵气包裹的蜜蜂来作为回报。",
    "loreColor": "#00AAAA",
    "maxTimeInHive": 4800,
    "hasHoneycomb": true,
    "traits": ["can_swim"],
    "baseLayerTexture": "other/infused",
    "ColorData": {
        "honeycombColor": "#1bb373"
    },
    "CombatData": {
        "isPassive": false,
        "removeStingerOnAttack": false,
        "inflictsPoison": true,
        "attackDamage": 1
    },
    "MutationData": {"hasMutation": false},
    "CentrifugeData": {"hasCentrifugeOutput": false},
    "SpawnData": {"canSpawnInWorld": false},
    "BreedData": {"isBreedable": false},
    "TraitData": {"hasTraits": true}
}
