{
    "name": "认领和同盟",
    "icon": "enigmatica:textures/friends.png",
    "category": "patchouli:ftbchunks",
    "sortnum": 4,
    "pages": [
        {
            "type": "text",
            "text": "点击背包栏的左上角的“FTB区块”→“认领区块”选项，你就可以进入认领区块模式，你可以为你的团队认领一定数量的区块，对着指定区块按下鼠标左键（或者长按左键）即可认领第一个区块。"
        },
        {
            "type": "text",
            "text": "$(l)具有彩色边框的区块就代表该区块已被认领$(reset)，这就意味着只有你和你队伍里的队友（可在背包栏左上角的“我的团队”中调整盟友）才可以在认领的区块内破坏方块，$(l)不经你的允许别人是无法在你认领的区块内破坏方块、打开容器或者做其他的事。$(reset)"
        },
        {
            "type": "text",
            "text": "这对敌对生物也是有效的，比如说苦力怕将无法在认领的区块内破坏方块，一些模组也是需要使用互动权限的，例如模块化路由器或者通用机械模组之类需要放置方块的时候，模组就会使用假玩家的形式来将玩家假加入到盟友中来获取权限，如果想取消对一个区块的认领，只需右键指定区块即可。"
        },
        {
            "type": "text",
            "text": "$(l)如果你按住潜行键然后点击你已认领区块的话，你就能让该区块为强制加载，$(reset)（详细请见$(l:ftbchunks/ftbchunks_chunkloading)这一章节$(reset)），和以前一样，按住潜行键和左键能强制加载而按住潜行键和右键能取消该区块的强制加载。"

        }
    ]
}