{
  "type": "minecraft:random_selector",
  "config": {
    "features": [
      {
        "chance": 0.05,
        "feature": {
          "feature": {
            "type": "minecraft:simple_block",
            "config": {
              "to_place": {
                "type": "minecraft:simple_state_provider",
                "state": {
                  "Name": "minecraft:wither_rose"
                }
              }
            }
          },
          "placement": [
            {
              "type": "minecraft:block_predicate_filter",
              "predicate": {
                "type": "minecraft:all_of",
                "predicates": [
                  {
                    "type": "minecraft:matching_blocks",
                    "offset": [
                      0,
                      -1,
                      0
                    ],
                    "blocks": [
                      "minecraft:grass_block"
                    ]
                  },
                  {
                    "type": "minecraft:matching_blocks",
                    "blocks": [
                      "minecraft:air"
                    ]
                  },
                  {
                    "type": "minecraft:matching_blocks",
                    "offset": [
                      0,
                      1,
                      0
                    ],
                    "blocks": [
                      "minecraft:air"
                    ]
                  }
                ]
              }
            }
          ]
        }
      },
      
     
      
      {
        "chance": 0.1,
        "feature": {
          "feature": {
            "type": "minecraft:simple_block",
            "config": {
              "to_place": {
                "type": "minecraft:simple_state_provider",
                "state": {
                 
                  "Name": "minecraft:cobweb"
                }
              }
            }
          },
          "placement": [
            {
              "type": "minecraft:block_predicate_filter",
              "predicate": {
                "type": "minecraft:all_of",
                "predicates": [
                  {
                    "type": "minecraft:matching_blocks",
                    "offset": [
                      0,
                      -1,
                      0
                    ],
                    "blocks": [
                      "minecraft:grass_block"
                    ]
                  },
                  {
                    "type": "minecraft:matching_blocks",
                    "blocks": [
                      "minecraft:air"
                    ]
                  },
                  {
                    "type": "minecraft:matching_blocks",
                    "offset": [
                      0,
                      1,
                      0
                    ],
                    "blocks": [
                      "minecraft:air"
                    ]
                  }
                ]
              }
            }
          ]
        }
      },
      
      
      {
        "chance": 0.3,
        "feature": {
          "feature": {
            "type": "minecraft:simple_block",
            "config": {
              "to_place": {
                "type": "minecraft:simple_state_provider",
                "state": {
                  
                  "Name": "minecraft:mangrove_roots"
                }
              }
            }
          },
          "placement": [
            {
              "type": "minecraft:block_predicate_filter",
              "predicate": {
                "type": "minecraft:all_of",
                "predicates": [
                  {
                    "type": "minecraft:matching_blocks",
                    "offset": [
                      0,
                      -1,
                      0
                    ],
                    "blocks": [
                      "minecraft:grass_block"
                    ]
                  },
                  {
                    "type": "minecraft:matching_blocks",
                    "blocks": [
                      "minecraft:air"
                    ]
                  },
                  {
                    "type": "minecraft:matching_blocks",
                    "offset": [
                      0,
                      1,
                      0
                    ],
                    "blocks": [
                      "minecraft:air"
                    ]
                  }
                ]
              }
            }
          ]
        }
      }
    ],
    "default": {
      "feature": {
        "type": "minecraft:simple_block",
        "config": {
          "to_place": {
            "type": "minecraft:simple_state_provider",
            "state": {
              "Properties": {
                "waterlogged": "false"
              },
              "Name": "minecraft:dead_bush"
            }
          }
        }
      },
      "placement": [
        {
          "type": "minecraft:block_predicate_filter",
          "predicate": {
            "type": "minecraft:all_of",
            "predicates": [
              {
                "type": "minecraft:matching_blocks",
                "offset": [
                  0,
                  -1,
                  0
                ],
                "blocks": [
                  "minecraft:grass_block"
                ]
              },
              {
                "type": "minecraft:matching_blocks",
                "blocks": [
                  "minecraft:air"
                ]
              }
            ]
          }
        }
      ]
    }
  }
}

