{
  "type": "minecraft:waterlogged_vegetation_patch",
  "config": {
    "surface": "floor",
    "depth": 1,
    "vertical_range": 2,
    "extra_bottom_block_chance": 1,
    "extra_edge_column_chance": 1,
    "vegetation_chance": 1.0,
    "xz_radius": 1,
    "replaceable": "#minecraft:grass_block",
    "ground_state": {
      "type": "minecraft:simple_state_provider",
      "state": {
        "Name": "minecraft:grass_block",
        "Properties": {
          "snowy": "false"
        }
      }
    },
    "vegetation_feature": {
      "placement": [],
      "feature": {
        "type": "minecraft:random_selector",
        "config": {
          "features": [],
          "default": {
            "feature": {
              "type": "minecraft:block_column",
              "config": {
                "direction": "up",
                "allowed_placement": {
                  "type": "minecraft:true"
                },
                "prioritize_tip": false,
                "layers": [
                  {
                    "height": 1,
                    "provider": {
                      "type": "minecraft:simple_state_provider",
                      "state": {
                        "Name": "minecraft:dirt_path"
                      }
                    }
                  }
                ]
              }
            },
            "placement": []
          }
        }
      }
    }
  }
}