{
  "pools": [
    {
      "rolls": {
        "min": 0,
        "max": 1
      },
      "entries": [
        {"type": "minecraft:item", "weight": 1, "name": "minecraft:cobblestone","functions": [{"function": "minecraft:set_count","count": {"min": 1,"max": 6}}]},
        {"type": "minecraft:item", "weight": 1, "name": "minecraft:oak_sapling","functions": [{"function": "minecraft:set_count","count": {"min": 1,"max": 6}}]},
        {"type": "minecraft:item", "weight": 1, "name": "minecraft:cobweb","functions": [{"function": "minecraft:set_count","count": {"min": 1,"max": 6}}]},
        {"type": "minecraft:item", "weight": 1, "name": "minecraft:sea_pickle","functions": [{"function": "minecraft:set_count","count": {"min": 1,"max": 6}}]},
        {"type": "minecraft:item", "weight": 1, "name": "minecraft:beef","functions": [{"function": "minecraft:set_count","count": {"min": 1,"max": 6}}]},
        {"type": "minecraft:item", "weight": 1, "name": "minecraft:dead_bush","functions": [{"function": "minecraft:set_count","count": {"min": 1,"max": 6}}]},
        {"type": "minecraft:item", "weight": 1, "name": "minecraft:dandelion","functions": [{"function": "minecraft:set_count","count": {"min": 1,"max": 6}}]},
        {"type": "minecraft:item", "weight": 1, "name": "minecraft:charcoal","functions": [{"function": "minecraft:set_count","count": {"min": 1,"max": 6}}]},
        {"type": "minecraft:item", "weight": 1, "name": "minecraft:bowl","functions": [{"function": "minecraft:set_count","count": {"min": 1,"max": 6}}]},
        {"type": "minecraft:item", "weight": 1, "name": "minecraft:wheat_seeds","functions": [{"function": "minecraft:set_count","count": {"min": 1,"max": 6}}]},
        {"type": "minecraft:item", "weight": 1, "name": "minecraft:stick","functions": [{"function": "minecraft:set_count","count": {"min": 1,"max": 6}}]},
        {"type": "minecraft:item", "weight": 1, "name": "minecraft:cooked_porkchop","functions": [{"function": "minecraft:set_count","count": {"min": 1,"max": 6}}]},
        {"type": "minecraft:item", "weight": 1, "name": "minecraft:flint","functions": [{"function": "minecraft:set_count","count": {"min": 1,"max": 6}}]},
        {"type": "minecraft:item", "weight": 1, "name": "minecraft:clay_ball","functions": [{"function": "minecraft:set_count","count": {"min": 1,"max": 6}}]},
        {"type": "minecraft:item", "weight": 1, "name": "minecraft:paper","functions": [{"function": "minecraft:set_count","count": {"min": 1,"max": 6}}]},
        {"type": "minecraft:item", "weight": 1, "name": "minecraft:egg","functions": [{"function": "minecraft:set_count","count": {"min": 1,"max": 6}}]},
        {"type": "minecraft:item", "weight": 1, "name": "minecraft:cake","functions": [{"function": "minecraft:set_count","count": {"min": 1,"max": 1}}]},
        {"type": "minecraft:item", "weight": 1, "name": "minecraft:rotten_flesh","functions": [{"function": "minecraft:set_count","count": {"min": 1,"max": 6}}]},
        {"type": "minecraft:item", "weight": 1, "name": "minecraft:cookie","functions": [{"function": "minecraft:set_count","count": {"min": 1,"max": 6}}]},
        {"type": "minecraft:item", "weight": 1, "name": "minecraft:iron_nugget","functions": [{"function": "minecraft:set_count","count": {"min": 1,"max": 8}}]},
        {"type": "minecraft:item", "weight": 1, "name": "minecraft:dried_kelp","functions": [{"function": "minecraft:set_count","count": {"min": 1,"max": 6}}]},
        {"type": "minecraft:item", "weight": 1, "name": "minecraft:spider_eye","functions": [{"function": "minecraft:set_count","count": {"min": 1,"max": 6}}]},
        {"type": "minecraft:item", "weight": 1, "name": "minecraft:poisonous_potato","functions": [{"function": "minecraft:set_count","count": {"min": 1,"max": 16}}]},
        {"type": "minecraft:item", "weight": 1, "name": "minecraft:nautilus_shell","functions": [{"function": "minecraft:set_count","count": {"min": 1,"max": 6}}]},
        {"type": "minecraft:item", "weight": 1, "name": "minecraft:honeycomb","functions": [{"function": "minecraft:set_count","count": {"min": 1,"max": 6}}]},
        {"type": "minecraft:item", "weight": 1, "name": "minecraft:emerald","functions": [{"function": "minecraft:set_count","count": {"min": 1,"max": 6}}]},
        {"type": "minecraft:item", "weight": 1, "name": "minecraft:coal","functions": [{"function": "minecraft:set_count","count": {"min": 1,"max": 6}}]},
        {"type": "minecraft:item", "weight": 1, "name": "minecraft:raw_copper","functions": [{"function": "minecraft:set_count","count": {"min": 1,"max": 6}}]},
        {"type": "minecraft:item", "weight": 1, "name": "minecraft:amethyst_cluster","functions": [{"function": "minecraft:set_count","count": {"min": 1,"max": 6}}]}
      ]
    }
  ]
}
