{
  "pools": [
    {
      "rolls": 1,
      "entries": [
        {"type": "minecraft:item", "weight": 1, "name": "minecraft:enchanted_golden_apple","functions": [{"function": "minecraft:set_count","count": {"min": 1,"max": 1}}]},
        {"type": "minecraft:item", "weight": 1, "name": "minecraft:diamond_ore","functions": [{"function": "minecraft:set_count","count": {"min": 6,"max": 12}}]},
        {"type": "minecraft:item", "weight": 1, "name": "minecraft:emerald_ore","functions": [{"function": "minecraft:set_count","count": {"min": 5,"max": 10}}]},
        {"type": "minecraft:item", "weight": 1, "name": "minecraft:netherite_ingot","functions": [{"function": "minecraft:set_count","count": {"min": 1,"max": 1}}]},
        {"type": "minecraft:item", "weight": 1, "name": "minecraft:nether_star","functions": [{"function": "minecraft:set_count","count": {"min": 1,"max": 1}}]},
        {"type": "minecraft:item", "weight": 1, "name": "minecraft:beacon","functions": [{"function": "minecraft:set_count","count": {"min": 1,"max": 1}}]},
        {"type": "minecraft:item", "weight": 1, "name": "minecraft:elytra","functions": [{"function": "minecraft:set_count","count": {"min": 1,"max": 1}}]},
        {"type": "minecraft:item", "weight": 1, "name": "minecraft:dragon_head","functions": [{"function": "minecraft:set_count","count": {"min": 1,"max": 1}}]},
        {"type": "minecraft:item", "weight": 1, "name": "minecraft:wither_skeleton_skull","functions": [{"function": "minecraft:set_count","count": {"min": 1,"max": 1}}]},
        {"type": "minecraft:item", "weight": 1, "name": "minecraft:shulker_shell","functions": [{"function": "minecraft:set_count","count": {"min": 4,"max": 6}}]},
        {"type": "minecraft:item", "weight": 1, "name": "minecraft:totem_of_undying","functions": [{"function": "minecraft:set_count","count": {"min": 1,"max": 1}}]},
        {"type": "minecraft:item", "weight": 1, "name": "minecraft:trident","functions": [{"function": "minecraft:set_count","count": {"min": 1,"max": 1}}]},
        {"type": "minecraft:item", "weight": 1, "name": "minecraft:heart_of_the_sea","functions": [{"function": "minecraft:set_count","count": {"min": 1,"max": 1}}]},
        {"type": "minecraft:item", "weight": 1, "name": "minecraft:dragon_breath","functions": [{"function": "minecraft:set_count","count": {"min": 8,"max": 16}}]},
        {"type": "minecraft:item", "weight": 1, "name": "minecraft:experience_bottle","functions": [{"function": "minecraft:set_count","count": {"min": 32,"max": 48}}]},
        {"type": "minecraft:item", "weight": 1, "name": "minecraft:golden_carrot","functions": [{"function": "minecraft:set_count","count": {"min": 48,"max": 64}}]}
      ]
    }
  ]
}
