{
  "pools": [
    {
      "rolls": 1,
      "entries": [
        {"type": "minecraft:item", "weight": 1, "name": "minecraft:gold_ingot","functions": [{"function": "minecraft:set_count","count": {"min": 6,"max": 12}}]},
        {"type": "minecraft:item", "weight": 1, "name": "minecraft:iron_ingot","functions": [{"function": "minecraft:set_count","count": {"min": 6,"max": 16}}]},
        {"type": "minecraft:item", "weight": 1, "name": "minecraft:diamond_ore","functions": [{"function": "minecraft:set_count","count": {"min": 2,"max": 5}}]},
        {"type": "minecraft:item", "weight": 1, "name": "minecraft:diamond","functions": [{"function": "minecraft:set_count","count": {"min": 3,"max": 8}}]},
        {"type": "minecraft:item", "weight": 1, "name": "minecraft:emerald","functions": [{"function": "minecraft:set_count","count": {"min": 3,"max": 16}}]},
        {"type": "minecraft:item", "weight": 1, "name": "minecraft:emerald_ore","functions": [{"function": "minecraft:set_count","count": {"min": 2,"max": 3}}]},
        {"type": "minecraft:item", "weight": 1, "name": "minecraft:gold_ore","functions": [{"function": "minecraft:set_count","count": {"min": 1,"max": 1}}]},
        {"type": "minecraft:item", "weight": 1, "name": "minecraft:torch","functions": [{"function": "minecraft:set_count","count": {"min": 32,"max": 64}}]},
        {"type": "minecraft:item", "weight": 1, "name": "minecraft:packed_ice","functions": [{"function": "minecraft:set_count","count": {"min": 16,"max": 48}}]},
        {"type": "minecraft:item", "weight": 1, "name": "minecraft:sea_lantern","functions": [{"function": "minecraft:set_count","count": {"min": 16,"max": 32}}]},
        {"type": "minecraft:item", "weight": 1, "name": "minecraft:shulker_shell","functions": [{"function": "minecraft:set_count","count": {"min": 2,"max": 4}}]},
        {"type": "minecraft:item", "weight": 1, "name": "minecraft:amethyst_shard","functions": [{"function": "minecraft:set_count","count": {"min": 32,"max": 64}}]},
        {"type": "minecraft:item", "weight": 1, "name": "minecraft:golden_apple","functions": [{"function": "minecraft:set_count","count": {"min": 2,"max": 4}}]},
        {"type": "minecraft:item", "weight": 1, "name": "minecraft:ender_pearl","functions": [{"function": "minecraft:set_count","count": {"min": 8,"max": 16}}]},
        {"type": "minecraft:item", "weight": 1, "name": "minecraft:blaze_rod","functions": [{"function": "minecraft:set_count","count": {"min": 6,"max": 16}}]},
        {"type": "minecraft:item", "weight": 1, "name": "minecraft:golden_carrot","functions": [{"function": "minecraft:set_count","count": {"min": 32,"max": 64}}]},
        {"type": "minecraft:item", "weight": 1, "name": "minecraft:baked_potato","functions": [{"function": "minecraft:set_count","count": {"min": 64,"max": 128}}]},
        {"type": "minecraft:item", "weight": 1, "name": "minecraft:end_crystal","functions": [{"function": "minecraft:set_count","count": {"min": 2,"max": 8}}]}
      ]
    }
  ]
}
