{
  "pools": [
    {
      "rolls": 1,
      "entries": [
        {"type": "minecraft:item", "weight": 1, "name": "minecraft:iron_nugget","functions": [{"function": "minecraft:set_count","count": {"min": 32,"max": 64}}]},
        {"type": "minecraft:item", "weight": 1, "name": "minecraft:gold_nugget","functions": [{"function": "minecraft:set_count","count": {"min": 32,"max": 64}}]},
        {"type": "minecraft:item", "weight": 1, "name": "minecraft:stone","functions": [{"function": "minecraft:set_count","count": {"min": 48,"max": 64}}]},
        {"type": "minecraft:item", "weight": 1, "name": "minecraft:gold_ore","functions": [{"function": "minecraft:set_count","count": {"min": 3,"max": 6}}]},
        {"type": "minecraft:item", "weight": 1, "name": "minecraft:iron_ore","functions": [{"function": "minecraft:set_count","count": {"min": 3,"max": 6}}]},
        {"type": "minecraft:item", "weight": 1, "name": "minecraft:diamond_ore","functions": [{"function": "minecraft:set_count","count": {"min": 1,"max": 1}}]},
        {"type": "minecraft:item", "weight": 1, "name": "minecraft:emerald_ore","functions": [{"function": "minecraft:set_count","count": {"min": 1,"max": 1}}]},
        {"type": "minecraft:item", "weight": 1, "name": "minecraft:torch","functions": [{"function": "minecraft:set_count","count": {"min": 32,"max": 48}}]},
        {"type": "minecraft:item", "weight": 1, "name": "minecraft:oak_log","functions": [{"function": "minecraft:set_count","count": {"min": 32,"max": 64}}]},
        {"type": "minecraft:item", "weight": 1, "name": "minecraft:obsidian","functions": [{"function": "minecraft:set_count","count": {"min": 8,"max": 16}}]},
        {"type": "minecraft:item", "weight": 1, "name": "minecraft:chest","functions": [{"function": "minecraft:set_count","count": {"min": 6,"max": 12}}]},
        {"type": "minecraft:item", "weight": 1, "name": "minecraft:packed_ice","functions": [{"function": "minecraft:set_count","count": {"min": 6,"max": 12}}]},
        {"type": "minecraft:item", "weight": 1, "name": "minecraft:redstone","functions": [{"function": "minecraft:set_count","count": {"min": 8,"max": 16}}]},
        {"type": "minecraft:item", "weight": 1, "name": "minecraft:tnt","functions": [{"function": "minecraft:set_count","count": {"min": 2,"max": 5}}]},
        {"type": "minecraft:item", "weight": 1, "name": "minecraft:golden_apple","functions": [{"function": "minecraft:set_count","count": {"min": 1,"max": 1}}]},
        {"type": "minecraft:item", "weight": 1, "name": "minecraft:ender_eye","functions": [{"function": "minecraft:set_count","count": {"min": 1,"max": 3}}]},
        {"type": "minecraft:item", "weight": 1, "name": "minecraft:potato","functions": [{"function": "minecraft:set_count","count": {"min": 1,"max": 1}}]},
        {"type": "minecraft:item", "weight": 1, "name": "minecraft:cooked_beef","functions": [{"function": "minecraft:set_count","count": {"min": 8,"max": 16}}]},
        {"type": "minecraft:item", "weight": 1, "name": "minecraft:name_tag","functions": [{"function": "minecraft:set_count","count": {"min": 2,"max": 4}}]},
        {"type": "minecraft:item", "weight": 1, "name": "minecraft:dragon_breath","functions": [{"function": "minecraft:set_count","count": {"min": 3,"max": 6}}]},
        {"type": "minecraft:item", "weight": 1, "name": "minecraft:tnt","functions": [{"function": "minecraft:set_count","count": {"min": 4,"max": 8}}]},
        {"type": "minecraft:item", "weight": 1, "name": "minecraft:golden_carrot","functions": [{"function": "minecraft:set_count","count": {"min": 2,"max": 6}}]}
      ]
    }
  ]
}
