{
    "pools": [
        {
            "rolls": 1,
            "entries": [
                {
                    "type": "item",
                    "weight": 10,
                    "name": "minecraft:arrow",
                    "functions": [
                        {
                            "function": "set_count",
                            "count": {
                                "min": 5,
                                "max": 10
                            }
                        }
                    ]
                },
                {
                    "type": "item",
                    "weight": 1,
                    "name": "minecraft:tipped_arrow",
                    "functions": [
                        {
                            "function": "set_count",
                            "count": {
                                "min": 2,
                                "max": 5
                            }
                        },
                        {
                            "function": "set_nbt",
                            "tag": "{Potion:\"minecraft:long_slowness\"}"
                        }
                    ]
                },
                {
                    "type": "item",
                    "weight": 1,
                    "name": "minecraft:tipped_arrow",
                    "functions": [
                        {
                            "function": "set_count",
                            "count": {
                                "min": 2,
                                "max": 5
                            }
                        },
                        {
                            "function": "set_nbt",
                            "tag": "{Potion:\"minecraft:long_poison\"}"
                        }
                    ]
                },
                {
                    "type": "item",
                    "weight": 1,
                    "name": "minecraft:tipped_arrow",
                    "functions": [
                        {
                            "function": "set_count",
                            "count": {
                                "min": 2,
                                "max": 5
                            }
                        },
                        {
                            "function": "set_nbt",
                            "tag": "{Potion:\"minecraft:strong_harming\"}"
                        }
                    ]
                },
                {
                    "type": "item",
                    "weight": 1,
                    "name": "minecraft:tipped_arrow",
                    "functions": [
                        {
                            "function": "set_count",
                            "count": {
                                "min": 2,
                                "max": 5
                            }
                        },
                        {
                            "function": "set_nbt",
                            "tag": "{Potion:\"minecraft:strong_healing\"}"
                        }
                    ]
                },
                {
                    "type": "item",
                    "weight": 1,
                    "name": "minecraft:tipped_arrow",
                    "functions": [
                        {
                            "function": "set_count",
                            "count": {
                                "min": 2,
                                "max": 5
                            }
                        },
                        {
                            "function": "set_nbt",
                            "tag": "{Potion:\"minecraft:long_weakness\"}"
                        }
                    ]
                }
            ]
        }
    ]
}