{
    "pools": [
        {
            "rolls": {
                "min": 2,
                "max": 3
            },
            "entries": [
                {
                    "type": "item",
                    "weight": 1,
                    "name": "minecraft:carrot"
                },
                {
                    "type": "item",
                    "weight": 1,
                    "name": "minecraft:potato"
                },
                {
                    "type": "item",
                    "weight": 1,
                    "name": "minecraft:beetroot"
                }
            ]
        }
    ]
}