{
    "pools": [
        {
            "rolls": 1,
            "entries": [
                {
                    "type": "loot_table",
                    "weight": 1,
                    "name": "divine_dimension:items/maps/ice_cave"
                },
                {
                    "type": "loot_table",
                    "weight": 1,
                    "name": "divine_dimension:items/maps/labyrinth"
                },
                {
                    "type": "loot_table",
                    "weight": 1,
                    "name": "divine_dimension:items/maps/phoenix_tree"
                },
                {
                    "type": "loot_table",
                    "weight": 1,
                    "name": "divine_dimension:items/maps/ritual_tower"
                },
                {
                    "type": "loot_table",
                    "weight": 1,
                    "name": "divine_dimension:items/maps/satyr_village"
                }
            ]
        }
    ]
}