{
    "pools": [
      {
        "rolls": {
          "min": 3,
          "max": 5
        },
        "entries": [
            {
                "type": "minecraft:item",
                "weight": 5,
                "name": "minecraft:iron_ingot",
                "functions": [
                  {
                    "function": "minecraft:set_count",
                    "count": {
                      "min": 3,
                      "max": 5
                    }
                  }
                ]
              },
          {
            "type": "minecraft:item",
            "weight": 5,
            "name": "minecraft:gold_ingot",
            "functions": [
              {
                "function": "minecraft:set_count",
                "count": {
                  "min": 1,
                  "max": 3
                }
              }
            ]
          },
          {
            "type": "minecraft:item",
            "weight": 3,
            "name": "minecraft:emerald",
            "functions": [
              {
                "function": "minecraft:set_count",
                "count": {
                  "min": 1,
                  "max": 2
                }
              }
            ]
          },
          {
            "type": "minecraft:item",
            "weight": 2,
            "name": "minecraft:diamond",
            "functions": [
              {
                "function": "minecraft:set_count",
                "count": {
                  "min": 1,
                  "max": 2
                }
              }
            ]
          },
          {
            "type": "minecraft:loot_table",
            "weight": 1,
            "name": "divine_dimension:items/materials/chromium_chunk",
            "functions": [
              {
                "function": "minecraft:set_count",
                "count": {
                  "min": 1,
                  "max": 2
                }
              }
            ]
          }
        ]
      }
    ]
  }
  