{
    "name": "叮！",
    "icon": "minecraft:note_block",
    "category": "patchouli:tweaks",
    "sortnum": 4,
    "pages": [
        {
            "type": "text",
            "text": "这个功能十分简单，你可能已经注意到了整合包加载时间比较久，坐在那里等待加载会很让人生气，你可以$(l)增加游戏音量$(reset)，然后将游戏放到后台等待加载，当加载完成后你会听到一声\"ding\"，这个时候你就能回去继续去游玩整合包了！"
        }
    ]
}