{
    "name": "书签",
    "icon": "minecraft:book",
    "category": "patchouli:jei",
    "sortnum": 3,
    "pages": [
        {
            "type": "text",
            "text": "$(l)JEI书签$(reset)是个强大的工具，你可以将它理解为待办清单，或者仅仅是为了跟踪你正在做的事。通过将鼠标悬停在需要添加的物品上并且按下$(l)$(k:jei.bookmark)$(reset)键，你就能将该物品添加到左侧的书签栏中。"
        },
        {
            "type": "text",
            "text": "$(l)务必检查一下物品栏左侧！$(reset)你的物品现在被添加到书签栏中，它会一直显示，直到你按$(l)$(k:jei.bookmark)$(reset)键，该物品就会从书签栏中删除，使用书签来设置一些较长流程的合成表，会时刻提醒自己下一步应该做什么！"
        }
    ]
}