{
  "parent": "wasd.helmet:recipes/crafter_recipe",
  "display": {
    "icon": {
      "item": "minecraft:leather_helmet",
      "nbt": "{CustomModelData:6370009}"
    },
    "title": "治愈头盔",
    "description": "每秒都会移除穿戴者的所有药水效果，不管是正面还是负面。",
    "frame": "goal",
    "show_toast": true,
    "announce_to_chat": false,
    "hidden": false
  },
  "criteria": {
    "requirement": {
      "trigger": "minecraft:inventory_changed",
      "conditions": {
        "items": [
          {
            "nbt": "{CustomModelData:6370009}",
            "items": [
              "minecraft:leather_helmet"
            ]
          }
        ]
      }
    }
  }
}
