{
  "parent": "wasd.helmet:recipes/crafter_recipe",
  "display": {
    "icon": {
      "item": "minecraft:leather_helmet",
      "nbt": "{CustomModelData:6370010}"
    },
    "title": "磁性盔",
    "description": "将附近的掉落物吸到穿戴者附近。",
    "frame": "goal",
    "show_toast": true,
    "announce_to_chat": false,
    "hidden": false
  },
  "criteria": {
    "requirement": {
      "trigger": "minecraft:inventory_changed",
      "conditions": {
        "items": [
          {
            "nbt": "{CustomModelData:6370010}",
            "items": [
              "minecraft:leather_helmet"
            ]
          }
        ]
      }
    }
  }
}
