{
  "parent": "wasd.redstone:recipes/crafter_recipe",
  "display": {
    "icon": {
      "item": "minecraft:carrot_on_a_stick",
      "nbt": "{CustomModelData:6370100}"
    },
    "title": "手持式红石发射器",
    "description": "右键点击可将红石信号连接到一个接收网络中。",
    "frame": "goal",
    "show_toast": true,
    "announce_to_chat": false,
    "hidden": false
  },
  "criteria": {
    "requirement": {
      "trigger": "minecraft:inventory_changed",
      "conditions": {
        "items": [
          {
            "nbt": "{CustomModelData:6370100}",
            "items": [
              "minecraft:carrot_on_a_stick"
            ]
          }
        ]
      }
    }
  }
}
