{
  "parent": "wasd.redstone:recipes/crafter_recipe",
  "display": {
    "icon": {
      "item": "minecraft:item_frame",
      "nbt": "{CustomModelData:6370504}"
    },
    "title": "被动生物侦测器",
    "description": "当附近6格半径范围内存在被动生物时，产出15格强度的红石信号。",
    "frame": "goal",
    "show_toast": true,
    "announce_to_chat": false,
    "hidden": false
  },
  "criteria": {
    "requirement": {
      "trigger": "minecraft:inventory_changed",
      "conditions": {
        "items": [
          {
            "nbt": "{CustomModelData:6370504}",
            "items": [
              "minecraft:item_frame"
            ]
          }
        ]
      }
    }
  }
}
