{
  "parent": "wasd.redstone:recipes/crafter_recipe",
  "display": {
    "icon": {
      "item": "minecraft:item_frame",
      "nbt": "{CustomModelData:6370506}"
    },
    "title": "物品收集器",
    "description": "当附近7格半径内存在掉落物时，可将掉落物吸入收集器中。",
    "frame": "goal",
    "show_toast": true,
    "announce_to_chat": false,
    "hidden": false
  },
  "criteria": {
    "requirement": {
      "trigger": "minecraft:inventory_changed",
      "conditions": {
        "items": [
          {
            "nbt": "{CustomModelData:6370506}",
            "items": [
              "minecraft:item_frame"
            ]
          }
        ]
      }
    }
  }
}
