{
  "parent": "wasd.redstone:recipes/crafter_recipe",
  "display": {
    "icon": {
      "item": "minecraft:item_frame",
      "nbt": "{CustomModelData:6370501}"
    },
    "title": "红石接收器",
    "description": "以无线的方式接收由“红石发射器”发出的红石信号，将“红石发射器”丢到“红石接收器”或者将“红石接收器”丢到“红石发射器”的上方即可绑定对应频道。",
    "frame": "goal",
    "show_toast": true,
    "announce_to_chat": false,
    "hidden": false
  },
  "criteria": {
    "requirement": {
      "trigger": "minecraft:inventory_changed",
      "conditions": {
        "items": [
          {
            "nbt": "{CustomModelData:6370501}",
            "items": [
              "minecraft:item_frame"
            ]
          }
        ]
      }
    }
  }
}
