{
  "parent": "wasd.redstone:recipes/crafter_recipe",
  "display": {
    "icon": {
      "item": "minecraft:item_frame",
      "nbt": "{CustomModelData:6370507}"
    },
    "title": "红石钟",
    "description": "在红石钟上输出一到红石脉冲，可在1秒和30秒之前进行设置。",
    "frame": "goal",
    "show_toast": true,
    "announce_to_chat": false,
    "hidden": false
  },
  "criteria": {
    "requirement": {
      "trigger": "minecraft:inventory_changed",
      "conditions": {
        "items": [
          {
            "nbt": "{CustomModelData:6370507}",
            "items": [
              "minecraft:item_frame"
            ]
          }
        ]
      }
    }
  }
}
