{
    "pools": [
        {
            "rolls": {
                "min": 12,
                "max": 16
            },
            "entries": [
                {
                    "type": "loot_table",
                    "weight": 10,
                    "name": "divine_dimension:groups/loot/treasure"
                },
                {
                    "type": "loot_table",
                    "weight": 3,
                    "name": "divine_dimension:groups/gear/ice_cave"
                },
                {
                    "type": "loot_table",
                    "weight": 2,
                    "name": "divine_dimension:groups/loot/arrows"
                }
            ]
        },
        {
            "rolls": {
                "min": 1,
                "max": 2
            },
            "entries": [
                {
                    "type": "loot_table",
                    "weight": 1,
                    "name": "divine_dimension:groups/relics/tier2"
                },
                {
                    "type": "loot_table",
                    "weight": 2,
                    "name": "divine_dimension:groups/loot/rare_items"
                }
            ]
        }
    ]
}