{
    "criteria": {
        "oldbirch": {
            "trigger": "minecraft:location",
            "conditions": {
                "biome": "minecraft:old_growth_birch_forest",
                "position": {
                    "x": {
                        "min": -30000000,
                        "max": 30000000
                    },
                    "y": {
                        "min": -30000000,
                        "max": 30000000
                    },
                    "z": {
                        "min": -30000000,
                        "max": 30000000
                    }
                }
            }
        },
        "birch": {
            "trigger": "minecraft:location",
            "conditions": {
                "biome": "minecraft:birch_forest",
                "position": {
                    "x": {
                        "min": -30000000,
                        "max": 30000000
                    },
                    "y": {
                        "min": -30000000,
                        "max": 30000000
                    },
                    "z": {
                        "min": -30000000,
                        "max": 30000000
                    }
                }
            }
        }
    },
    "requirements": [
        [
            "oldbirch",
            "birch"
        ]
    ],
    "rewards": {
        "function": "monsters_pack:biomes/in_birch_forest"
    }
}