{
    "criteria": {
        "darkforest": {
            "trigger": "minecraft:location",
            "conditions": {
                "biome": "minecraft:dark_forest",
                "position": {
                    "x": {
                        "min": -30000000,
                        "max": 30000000
                    },
                    "y": {
                        "min": -30000000,
                        "max": 30000000
                    },
                    "z": {
                        "min": -30000000,
                        "max": 30000000
                    }
                }
            }
        }
    },
    "requirements": [
        [
            "darkforest"
        ]
    ],
    "rewards": {
        "function": "monsters_pack:biomes/in_dark_forest"
    }
}