{
    "__comment": "Made with TheDestruc7i0n's advancements generator: https://advancements.thedestruc7i0n.ca",
    "criteria": {
        "pine": {
            "trigger": "minecraft:location",
            "conditions": {
                "biome": "minecraft:old_growth_pine_taiga",
                "position": {
                    "x": {
                        "min": -30000000,
                        "max": 30000000
                    },
                    "y": {
                        "min": -30000000,
                        "max": 30000000
                    },
                    "z": {
                        "min": -30000000,
                        "max": 30000000
                    }
                }
            }
        },
        "spruce": {
            "trigger": "minecraft:location",
            "conditions": {
                "biome": "minecraft:old_growth_spruce_taiga",
                "position": {
                    "x": {
                        "min": -30000000,
                        "max": 30000000
                    },
                    "y": {
                        "min": -30000000,
                        "max": 30000000
                    },
                    "z": {
                        "min": -30000000,
                        "max": 30000000
                    }
                }
            }
        }
    },
    "requirements": [
        [
            "pine",
            "spruce"
        ]
    ],
    "rewards": {
        "function": "monsters_pack:biomes/in_forest"
    }
}