{
    "criteria": {
        "savannah": {
            "trigger": "minecraft:location",
            "conditions": {
                "biome": "minecraft:savannah",
                "position": {
                    "x": {
                        "min": -30000000,
                        "max": 30000000
                    },
                    "y": {
                        "min": -30000000,
                        "max": 30000000
                    },
                    "z": {
                        "min": -30000000,
                        "max": 30000000
                    }
                }
            }
        },
        "plateau": {
            "trigger": "minecraft:location",
            "conditions": {
                "biome": "minecraft:savanna_plateau",
                "position": {
                    "x": {
                        "min": -30000000,
                        "max": 30000000
                    },
                    "y": {
                        "min": -30000000,
                        "max": 30000000
                    },
                    "z": {
                        "min": -30000000,
                        "max": 30000000
                    }
                }
            }
        },
        "windswept": {
            "trigger": "minecraft:location",
            "conditions": {
                "biome": "minecraft:windswept_savannah",
                "position": {
                    "x": {
                        "min": -30000000,
                        "max": 30000000
                    },
                    "y": {
                        "min": -30000000,
                        "max": 30000000
                    },
                    "z": {
                        "min": -30000000,
                        "max": 30000000
                    }
                }
            }
        }
    },
    "requirements": [
        [
            "savannah",
            "plateau",
            "windswept"
        ]
    ],
    "rewards": {
        "function": "monsters_pack:biomes/in_savannah"
    }
}