[
  {
    "condition": "minecraft:reference",
    "name": "xylo:dmg_dealt_direct_vanilla"
  },
  {
    "condition": "minecraft:entity_properties",
    "entity": "this",
    "predicate": {
      "equipment": {
        "mainhand": {
          "nbt": "{xylo_tools:{type:\"weapon\",subtype:\"melee\",category:\"dual_wield\"}}"
        }
      }
    }
  },
  {
    "condition": "minecraft:inverted",
    "term": {
      "condition": "minecraft:entity_properties",
      "entity": "this",
      "predicate": {
        "equipment": {
          "mainhand": {
            "nbt": "{xylo_tools:{subcategory:\"vanilla\"}}"
          }
        }
      }
    }
  }
]