{
  "parent": "wasd.boots:recipes/crafter_recipe",
  "display": {
    "icon": {
      "item": "minecraft:leather_boots",
      "nbt": "{CustomModelData:6370010,display:{color:7697781}}"
    },
    "title": "铁砧靴",
    "description": "从高处踩踏怪物时可对怪物造成伤害，高度越高伤害越高。",
    "frame": "goal",
    "show_toast": true,
    "announce_to_chat": false,
    "hidden": false
  },
  "criteria": {
    "requirement": {
      "trigger": "minecraft:inventory_changed",
      "conditions": {
        "items": [
          {
            "nbt": "{CustomModelData:6370010}",
            "items": [
              "minecraft:leather_boots"
            ]
          }
        ]
      }
    }
  }
}
