{
  "parent": "wasd.boots:recipes/crafter_recipe",
  "display": {
    "icon": {
      "item": "minecraft:leather_boots",
      "nbt": "{CustomModelData:6370012,display:{color:9718312}}"
    },
    "title": "唱片靴",
    "description": "当穿戴者在疾跑时，随机播放音符。",
    "frame": "goal",
    "show_toast": true,
    "announce_to_chat": false,
    "hidden": false
  },
  "criteria": {
    "requirement": {
      "trigger": "minecraft:inventory_changed",
      "conditions": {
        "items": [
          {
            "nbt": "{CustomModelData:6370012}",
            "items": [
              "minecraft:leather_boots"
            ]
          }
        ]
      }
    }
  }
}
