{
    "type": "minecraft:crafting_shaped",
    "pattern": [
        " $#",
        "$B#",
        " $#"
    ],
    "key": {
        "#": {
            "item": "minecraft:feather"
        },
        "$": {
            "item": "minecraft:gold_ingot"
        },
        "B": {
            "item": "minecraft:bow"
        }
    },
    "result": {
        "item": "minecraft:bow",
        "data": "{display:{Name:'{\"text\":\"天使之弓\",\"italic\":false}',Lore:['{\"text\":\"射击时可获得漂浮效果。\",\"color\":\"blue\",\"italic\":false}']},CustomModelData:6370114,wasd_bow:1b}"
    }
}