{
    "type": "minecraft:crafting_shaped",
    "pattern": [
        " ##",
        "$B#",
        " ##"
    ],
    "key": {
        "#": {
            "item": "minecraft:diamond"
        },
        "$": {
            "item": "minecraft:diamond_block"
        },
        "B": {
            "item": "minecraft:bow"
        }
    },
    "result": {
        "item": "minecraft:bow",
        "data": "{display:{Name:'{\"text\":\"破甲之弓\",\"italic\":false}',Lore:['{\"text\":\"对穿有装备的敌人可造成额外伤害。\",\"color\":\"blue\",\"italic\":false}']},CustomModelData:6370121,wasd_bow:1b}"
    }
}