{
    "type": "minecraft:crafting_shaped",
    "pattern": [
        " $#",
        "$B#",
        " $#"
    ],
    "key": {
        "#": {
            "item": "minecraft:honeycomb"
        },
        "$": {
            "item": "minecraft:bee_nest"
        },
        "B": {
            "item": "minecraft:bow"
        }
    },
    "result": {
        "item": "minecraft:bow",
        "data": "{display:{Name:'{\"text\":\"蜜蜂之弓\",\"italic\":false}',Lore:['{\"text\":\"射出的是蜜蜂而不是箭矢。\",\"color\":\"blue\",\"italic\":false}']},CustomModelData:6370122,wasd_bow:1b}"
    }
}