{
    "type": "minecraft:crafting_shaped",
    "pattern": [
        " $#",
        "$B#",
        " $#"
    ],
    "key": {
        "#": {
            "item": "minecraft:lime_bed"
        },
        "$": {
            "item": "minecraft:slime_block"
        },
        "B": {
            "item": "minecraft:bow"
        }
    },
    "result": {
        "item": "minecraft:bow",
        "data": "{display:{Name:'{\"text\":\"弹跳弓\",\"italic\":false}',Lore:['{\"text\":\"箭矢可在方块上反弹五次。\",\"color\":\"blue\",\"italic\":false}']},CustomModelData:6370130,wasd_bow:1b}"
    }
}