{
    "type": "minecraft:crafting_shaped",
    "pattern": [
        " $#",
        "AB#",
        " $#"
    ],
    "key": {
        "#": {
            "item": "minecraft:glass"
        },
        "$": {
            "item": "minecraft:shulker_box"
        },
        "A": {
            "item": "minecraft:beacon"
        },
        "B": {
            "item": "minecraft:bow"
        }
    },
    "result": {
        "item": "minecraft:bow",
        "data": "{display:{Name:'{\"text\":\"造桥弓\",\"italic\":false}',Lore:['{\"text\":\"放置一座可行走的桥。\",\"color\":\"blue\",\"italic\":false}']},CustomModelData:6370123,wasd_bow:1b}"
    }
}