{
    "type": "minecraft:crafting_shaped",
    "pattern": [
        " $#",
        "$B#",
        " $#"
    ],
    "key": {
        "#": {
            "item": "minecraft:cobblestone"
        },
        "$": {
            "tag": "minecraft:planks"
        },
        "B": {
            "item": "minecraft:bow"
        }
    },
    "result": {
        "item": "minecraft:bow",
        "data": "{display:{Name:'{\"text\":\"建筑弓\\'s Bow\",\"italic\":false}',Lore:['{\"text\":\"在箭矢的接触点，\",\"color\":\"blue\",\"italic\":false}','{\"text\":\"放置位于副手的方块。\",\"color\":\"blue\",\"italic\":false}']},CustomModelData:6370124,wasd_bow:1b}"
    }
}