{
    "type": "minecraft:crafting_shaped",
    "pattern": [
        " $#",
        "$B#",
        " $#"
    ],
    "key": {
        "#": {
            "item": "minecraft:chorus_fruit"
        },
        "$": {
            "item": "minecraft:popped_chorus_fruit"
        },
        "B": {
            "item": "minecraft:bow"
        }
    },
    "result": {
        "item": "minecraft:bow",
        "data": "{display:{Name:'{\"text\":\"唱片之弓\",\"italic\":false}',Lore:['{\"text\":\"使目标随机传送。\",\"color\":\"blue\",\"italic\":false}']},CustomModelData:6370112,wasd_bow:1b}"
    }
}