{
    "type": "minecraft:crafting_shaped",
    "pattern": [
        " $#",
        "$B#",
        " $#"
    ],
    "key": {
        "#": {
            "item": "minecraft:iron_ingot"
        },
        "$": {
            "item": "minecraft:diamond"
        },
        "B": {
            "item": "minecraft:bow"
        }
    },
    "result": {
        "item": "minecraft:bow",
        "data": "{display:{Name:'{\"text\":\"暴击之弓\",\"italic\":false}',Lore:['{\"text\":\"初始伤害低，\",\"color\":\"blue\",\"italic\":false}','{\"text\":\"但是有概率造成大量伤害。\",\"color\":\"blue\",\"italic\":false}']},CustomModelData:6370107,wasd_bow:1b}"
    }
}