{
    "type": "minecraft:crafting_shaped",
    "pattern": [
        " $#",
        "$B#",
        " $#"
    ],
    "key": {
        "#": {
            "item": "minecraft:emerald"
        },
        "$": {
            "item": "minecraft:emerald_block"
        },
        "B": {
            "item": "minecraft:bow"
        }
    },
    "result": {
        "item": "minecraft:bow",
        "data": "{display:{Name:'{\"text\":\"绿宝石弓\",\"italic\":false}',Lore:['{\"text\":\"可对袭击者造成额外伤害。\",\"color\":\"blue\",\"italic\":false}']},CustomModelData:6370117,wasd_bow:1b}"
    }
}