{
    "type": "minecraft:crafting_shaped",
    "pattern": [
        " $#",
        "$B#",
        " $#"
    ],
    "key": {
        "#": {
            "item": "minecraft:firework"
        },
        "$": {
            "item": "minecraft:firework_star"
        },
        "B": {
            "item": "minecraft:bow"
        }
    },
    "result": {
        "item": "minecraft:bow",
        "data": "{display:{Name:'{\"text\":\"烟花之弓\",\"italic\":false}',Lore:['{\"text\":\"在箭矢接触点\",\"color\":\"blue\",\"italic\":false}','{\"text\":\"随机生成烟花。\",\"color\":\"blue\",\"italic\":false}']},CustomModelData:6370105,wasd_bow:1b}"
    }
}