{
    "type": "minecraft:crafting_shaped",
    "pattern": [
        " $#",
        "$B#",
        " $#"
    ],
    "key": {
        "#": {
            "item": "minecraft:glowstone_dust"
        },
        "$": {
            "item": "minecraft:glowstone"
        },
        "B": {
            "item": "minecraft:bow"
        }
    },
    "result": {
        "item": "minecraft:bow",
        "data": "{display:{Name:'{\"text\":\"荧石弓\",\"italic\":false}',Lore:['{\"text\":\"命中时可以让目标获得发光效果。\",\"color\":\"blue\",\"italic\":false}']},CustomModelData:6370115,wasd_bow:1b}"
    }
}