{
    "type": "minecraft:crafting_shaped",
    "pattern": [
        " $#",
        "$B#",
        " $#"
    ],
    "key": {
        "#": {
            "item": "minecraft:honey_bottle"
        },
        "$": {
            "item": "minecraft:honey_block"
        },
        "B": {
            "item": "minecraft:bow"
        }
    },
    "result": {
        "item": "minecraft:bow",
        "data": "{display:{Name:'{\"text\":\"蝴蝶之弓\",\"italic\":false}',Lore:['{\"text\":\"得到了蜜蜂的力量，能够降低目标的移速。\",\"color\":\"blue\",\"italic\":false}']},CustomModelData:6370103,wasd_bow:1b}"
    }
}