{
    "type": "minecraft:crafting_shaped",
    "pattern": [
        " $#",
        "$B#",
        " $#"
    ],
    "key": {
        "#": {
            "item": "minecraft:ice"
        },
        "$": {
            "item": "minecraft:blue_ice"
        },
        "B": {
            "item": "minecraft:bow"
        }
    },
    "result": {
        "item": "minecraft:bow",
        "data": "{display:{Name:'{\"text\":\"寒冰之弓\",\"italic\":false}',Lore:['{\"text\":\"在短时间内将目标冻结在原地。\",\"color\":\"blue\",\"italic\":false}']},CustomModelData:6370101,wasd_bow:1b}"
    }
}