{
    "type": "minecraft:crafting_shaped",
    "pattern": [
        " $#",
        "AB#",
        " $#"
    ],
    "key": {
        "#": {
            "item": "minecraft:redstone"
        },
        "$": {
            "item": "minecraft:redstone_block"
        },
        "A": {
            "item": "minecraft:nether_star"
        },
        "B": {
            "item": "minecraft:bow"
        }
    },
    "result": {
        "item": "minecraft:bow",
        "data": "{display:{Name:'{\"text\":\"雷鸣之弓\",\"italic\":false}',Lore:['{\"text\":\"在箭矢接触点召唤一道闪电。\",\"color\":\"blue\",\"italic\":false}']},CustomModelData:6370102,wasd_bow:1b}"
    }
}