{
    "type": "minecraft:crafting_shaped",
    "pattern": [
        " $#",
        "$B#",
        " $#"
    ],
    "key": {
        "#": {
            "item": "minecraft:redstone"
        },
        "$": {
            "item": "minecraft:redstone_block"
        },
        "B": {
            "item": "minecraft:bow"
        }
    },
    "result": {
        "item": "minecraft:bow",
        "data": "{display:{Name:'{\"text\":\"远距弓\",\"italic\":false}',Lore:['{\"text\":\"充能完毕后，箭矢可以飞的更远。\",\"color\":\"blue\",\"italic\":false}']},CustomModelData:6370127,wasd_bow:1b}"
    }
}