{
    "type": "minecraft:crafting_shaped",
    "pattern": [
        " $#",
        "$B#",
        " $#"
    ],
    "key": {
        "#": {
            "item": "minecraft:feather"
        },
        "$": {
            "item": "minecraft:phantom_membrane"
        },
        "B": {
            "item": "minecraft:bow"
        }
    },
    "result": {
        "item": "minecraft:bow",
        "data": "{display:{Name:'{\"text\":\"无重力弓\",\"italic\":false}',Lore:['{\"text\":\"箭矢的飞行将不会受到重力影响。\",\"color\":\"blue\",\"italic\":false}']},CustomModelData:6370113,wasd_bow:1b}"
    }
}