{
    "type": "minecraft:crafting_shaped",
    "pattern": [
        " $#",
        "$B#",
        " $#"
    ],
    "key": {
        "#": {
            "item": "minecraft:prismarine_shard"
        },
        "$": {
            "item": "minecraft:prismarine_bricks"
        },
        "B": {
            "item": "minecraft:bow"
        }
    },
    "result": {
        "item": "minecraft:bow",
        "data": "{display:{Name:'{\"text\":\"海晶之弓\",\"italic\":false}',Lore:['{\"text\":\"目标位于水中时可造成额外伤害。\",\"color\":\"blue\",\"italic\":false}','{\"text\":\"目标不位于水中时则无加成。\",\"color\":\"blue\",\"italic\":false}']},CustomModelData:6370110,wasd_bow:1b}"
    }
}