{
    "type": "minecraft:crafting_shaped",
    "pattern": [
        " $#",
        "$B#",
        " $#"
    ],
    "key": {
        "#": {
            "item": "minecraft:quartz"
        },
        "$": {
            "item": "minecraft:quartz_block"
        },
        "B": {
            "item": "minecraft:bow"
        }
    },
    "result": {
        "item": "minecraft:bow",
        "data": "{display:{Name:'{\"text\":\"石英弓\",\"italic\":false}',Lore:['{\"text\":\"位于下界时能够获得额外的伤害加成，\",\"color\":\"blue\",\"italic\":false}','{\"text\":\"但是在主世界时没有该加成。\",\"color\":\"blue\",\"italic\":false}']},CustomModelData:6370109,wasd_bow:1b}"
    }
}