{
    "type": "minecraft:crafting_shaped",
    "pattern": [
        " $#",
        "$B#",
        " $#"
    ],
    "key": {
        "#": {
            "item": "minecraft:black_dye"
        },
        "$": {
            "item": "minecraft:diamond",
            "data": "{display:{Name:'[{\"text\":\"R\",\"color\":\"red\",\"italic\":false},{\"text\":\"a\",\"color\":\"gold\"},{\"text\":\"i\",\"color\":\"yellow\"},{\"text\":\"n\",\"color\":\"dark_green\"},{\"text\":\"b\",\"color\":\"dark_aqua\"},{\"text\":\"o\",\"color\":\"dark_blue\"},{\"text\":\"w\",\"color\":\"dark_purple\"},{\"text\":\" Dye\",\"italic\":true},{\"text\":\"mond\",\"italic\":false}]'},CustomModelData:6370003,wasd.diamond:1b,wasd_diamond:3b,HideFlags:1,Enchantments:[{id:\"minecraft:quick_charge\",lvl:1s}]}"
        },
        "B": {
            "item": "minecraft:bow"
        }
    },
    "result": {
        "item": "minecraft:bow",
        "data": "{display:{Name:'{\"text\":\"雨弓\",\"italic\":false}',Lore:['{\"text\":\"命中目标时有概率随机使其掉落一些染料。\",\"color\":\"blue\",\"italic\":false}']},CustomModelData:6370108,wasd_bow:1b}"
    }
}