{
    "type": "minecraft:crafting_shaped",
    "pattern": [
        " 1 ",
        "2B3",
        " 4 "
    ],
    "key": {
        "1": {
            "potion": "minecraft:strong_healing"
        },
        "2": {
            "potion": "minecraft:strong_harming"
        },
        "3": {
            "potion": "minecraft:strong_poison"
        },
        "4": {
            "potion": "minecraft:strong_regeneration"
        },
        "B": {
            "item": "minecraft:bow"
        }
    },
    "result": {
        "item": "minecraft:bow",
        "data": "{display:{Name:'{\"text\":\"随机弓\",\"italic\":false}',Lore:['{\"text\":\"给予目标一个随机的药水效果。\",\"color\":\"blue\",\"italic\":false}']},CustomModelData:6370120,wasd_bow:1b}"
    }
}