{
    "type": "minecraft:crafting_shaped",
    "pattern": [
        " $#",
        "AB#",
        " $#"
    ],
    "key": {
        "#": {
            "item": "minecraft:netherite_scrap"
        },
        "$": {
            "item": "minecraft:diamond"
        },
        "A": {
            "item": "minecraft:nether_star"
        },
        "B": {
            "item": "minecraft:bow"
        }
    },
    "result": {
        "item": "minecraft:bow",
        "data": "{display:{Name:'{\"text\":\"流星弓\",\"italic\":false}',Lore:['{\"text\":\"从天上召唤能爆炸的星星落下。\",\"color\":\"blue\",\"italic\":false}']},CustomModelData:6370125,wasd_bow:1b}"
    }
}