{
    "type": "minecraft:crafting_shaped",
    "pattern": [
        " $#",
        "$B#",
        " $#"
    ],
    "key": {
        "#": {
            "item": "minecraft:gold_nugget"
        },
        "$": {
            "item": "minecraft:gold_ingot"
        },
        "B": {
            "item": "minecraft:bow"
        }
    },
    "result": {
        "item": "minecraft:bow",
        "data": "{display:{Name:'{\"text\":\"近战弓\",\"italic\":false}',Lore:['{\"text\":\"箭矢飞得越远，\",\"color\":\"blue\",\"italic\":false}','{\"text\":\"造成的伤害越低。\",\"color\":\"blue\",\"italic\":false}']},CustomModelData:6370119,wasd_bow:1b}"
    }
}