{
    "type": "minecraft:crafting_shaped",
    "pattern": [
        " $#",
        "$B#",
        " $#"
    ],
    "key": {
        "#": {
            "item": "minecraft:shulker_shell"
        },
        "$": {
            "item": "minecraft:shulker_box"
        },
        "B": {
            "item": "minecraft:bow"
        }
    },
    "result": {
        "item": "minecraft:bow",
        "data": "{display:{Name:'{\"text\":\"潜影之弓\",\"italic\":false}',Lore:['{\"text\":\"命中目标时给予目标漂浮效果。\",\"color\":\"blue\",\"italic\":false}']},CustomModelData:6370111,wasd_bow:1b}"
    }
}