{
    "type": "minecraft:crafting_shaped",
    "pattern": [
        " $#",
        "$B#",
        " $#"
    ],
    "key": {
        "#": {
            "item": "minecraft:slime_ball"
        },
        "$": {
            "item": "minecraft:slime_block"
        },
        "B": {
            "item": "minecraft:bow"
        }
    },
    "result": {
        "item": "minecraft:bow",
        "data": "{display:{Name:'{\"text\":\"粘液弓\",\"italic\":false}',Lore:['{\"text\":\"使目标弹到空中。\",\"color\":\"blue\",\"italic\":false}']},CustomModelData:6370104,wasd_bow:1b}"
    }
}