{
    "type": "minecraft:crafting_shaped",
    "pattern": [
        " $#",
        "$B#",
        " $#"
    ],
    "key": {
        "#": {
            "item": "minecraft:lapis_lazuli"
        },
        "$": {
            "item": "minecraft:lapis_block"
        },
        "B": {
            "item": "minecraft:bow"
        }
    },
    "result": {
        "item": "minecraft:bow",
        "data": "{display:{Name:'{\"text\":\"近战弓\",\"italic\":false}',Lore:['{\"text\":\"范围小但是伤害高。\",\"color\":\"blue\",\"italic\":false}']},CustomModelData:6370128,wasd_bow:1b}"
    }
}