{
    "type": "minecraft:crafting_shaped",
    "pattern": [
        " $#",
        "$B#",
        " $#"
    ],
    "key": {
        "#": {
            "item": "minecraft:iron_nugget"
        },
        "$": {
            "item": "minecraft:iron_ingot"
        },
        "B": {
            "item": "minecraft:bow"
        }
    },
    "result": {
        "item": "minecraft:bow",
        "data": "{display:{Name:'{\"text\":\"狙击弓\",\"italic\":false}',Lore:['{\"text\":\"箭矢飞得越远，造成的伤害越高。\",\"color\":\"blue\",\"italic\":false}']},CustomModelData:6370118,wasd_bow:1b}"
    }
}