{
    "type": "minecraft:crafting_shaped",
    "pattern": [
        " $#",
        "$B#",
        " $#"
    ],
    "key": {
        "#": {
            "item": "minecraft:black_dye"
        },
        "$": {
            "item": "minecraft:ink_sac"
        },
        "B": {
            "item": "minecraft:bow"
        }
    },
    "result": {
        "item": "minecraft:bow",
        "data": "{display:{Name:'{\"text\":\"鱿鱼弓\",\"italic\":false}',Lore:['{\"text\":\"墨水爆炸。\",\"color\":\"blue\",\"italic\":false}']},CustomModelData:6370126,wasd_bow:1b}"
    }
}