{
    "type": "minecraft:crafting_shaped",
    "pattern": [
        " $#",
        "$B#",
        " $#"
    ],
    "key": {
        "#": {
            "item": "minecraft:gunpowder"
        },
        "$": {
            "item": "minecraft:tnt"
        },
        "B": {
            "item": "minecraft:bow"
        }
    },
    "result": {
        "item": "minecraft:bow",
        "data": "{display:{Name:'{\"text\":\"TNT之弓\",\"italic\":false}',Lore:['{\"text\":\"在箭矢接触点引起小范围的爆炸。\",\"color\":\"blue\",\"italic\":false}']},CustomModelData:6370106,wasd_bow:1b}"
    }
}