{
    "type": "minecraft:crafting_shaped",
    "pattern": [
        " $#",
        "$B#",
        " $#"
    ],
    "key": {
        "#": {
            "item": "minecraft:coal"
        },
        "$": {
            "item": "minecraft:wither_skeleton_skull"
        },
        "B": {
            "item": "minecraft:bow"
        }
    },
    "result": {
        "item": "minecraft:bow",
        "data": "{display:{Name:'{\"text\":\"凋灵之弓\",\"italic\":false}',Lore:['{\"text\":\"可使目标获得凋零效果。\",\"color\":\"blue\",\"italic\":false}']},CustomModelData:6370116,wasd_bow:1b}"
    }
}