{
    "name": "那么，它们有什么区别？",
    "icon": "enigmatica:textures/power3.png",
    "category": "patchouli:fe",
    "sortnum": 1,
    "pages": [
        {
            "type": "text",
            "text": "我们在上一个章节把RF和FE作为同义词，虽然这没有什么错误，但或许你想知道它们之间真正的区别。因为目前官方的计量单位是Forge Energy，所以$(l)理论来说所有的机器都支持FE来作为驱动能源$(reset)。"
        },
        {
            "type": "text",
            "text": "虽然可以用FE来作为驱动能源但是有一些机器仍然会以RF显示，因为在FE发明之前，RF仍然被大多数模组作者优先作为显示的对象，$(l)RF和FE之间除了显示不同，其余功能都一样$(reset)。"
        }
    ]
}
