{
  "criteria": {
    "requirement": {
      "trigger": "minecraft:tick",
      "conditions": {
        "player": [
          {
            "condition": "minecraft:inverted",
            "term": {
              "condition": "minecraft:entity_scores",
              "entity": "this",
              "scores": {
                "xdelta.internal.id": {
                  "min": 1
                }
              }
            }
          }
        ]
      }
    }
  },
  "rewards": {
    "function": "xdelta:internal/technical/initialize_player"
  }
}
