{
    "flower": "ALL",
    "lore": "二级蜜蜂：\n金属蜜蜂有一个庞大的突变体系，\n以自然生成的蜜蜂为基础开始突变吧。",
    "loreColor": "#00AAAA",
    "maxTimeInHive": 3600,
    "sizeModifier": 1,
    "hasHoneycomb": true,
    "traits": ["sedimentary", "can_swim"],
    "baseLayerTexture": "ores/uranium/uranium_bee",
    "ColorData": {
        "honeycombColor": "#333c2f",
        "isBeeColored": false,
        "isRainbowBee": false,
        "isGlowing": false,
        "isEnchanted": false,
        "modelType": "ORE"
    },
    "CombatData": {
        "isPassive": false,
        "removeStingerOnAttack": false,
        "inflictsPoison": true,
        "attackDamage": 1
    },
    "MutationData": {
        "hasMutation": true,
        "mutationCount": 4,
        "mutations": [
            {
                "type": "BLOCK",
                "inputID": "create:diorite_cobblestone",
                "outputs": [{ "outputID": "emendatusenigmatica:uranium_diorite_ore", "weight": 10 }]
            }
        ]
    },
    "CentrifugeData": {
        "hasCentrifugeOutput": true,

        "mainOutput": "emendatusenigmatica:uranium_chunk",
        "mainOutputWeight": 0.5,
        "mainOutputCount": 1,

        "secondaryOutput": "powah:uraninite",
        "secondaryOutputWeight": 0.01,
        "secondaryOutputCount": 1,

        "bottleOutput": "minecraft:honey_bottle",
        "bottleOutputWeight": 0.25,
        "bottleOutputCount": 1,

        "mainInputCount": 1
    },
    "SpawnData": {
        "canSpawnInWorld": false
    },
    "BreedData": {
        "isBreedable": true,
        "parent1": "obsidian",
        "parent2": "silver",
        "feedItem": "tag:forge:storage_blocks/uranium",
        "feedAmount": 1,
        "childGrowthDelay": -24000,
        "breedDelay": 6000
    },
    "TraitData": {
        "hasTraits": true
    }
}
