{
	"credit": "Made with Blockbench",
	"texture_size": [64, 64],
	"textures": {
		"0": "./shield"
	},
	"elements": [
		{
			"name": "Cube",
			"from": [7, 8, 5],
			"to": [9, 14, 11],
			"faces": {
				"north": {"uv": [10, 1.5, 10.5, 3], "texture": "#0"},
				"east": {"uv": [8.5, 1.5, 10, 3], "texture": "#0"},
				"south": {"uv": [8, 1.5, 8.5, 3], "texture": "#0"},
				"west": {"uv": [6.5, 1.5, 8, 3], "texture": "#0"},
				"up": {"uv": [8, 0, 8.5, 1.5], "texture": "#0"},
				"down": {"uv": [8.5, 0, 9, 1.5], "texture": "#0"}
			}
		},
		{
			"name": "Cube",
			"from": [6, 3, 11],
			"to": [10, 4, 12],
			"faces": {
				"north": {"uv": [1.5, 4.25, 2.5, 4.5], "texture": "#0"},
				"east": {"uv": [1.25, 4.25, 1.5, 4.5], "texture": "#0"},
				"south": {"uv": [0.25, 4.25, 1.25, 4.5], "texture": "#0"},
				"west": {"uv": [0, 4.25, 0.25, 4.5], "texture": "#0"},
				"up": {"uv": [0.25, 4, 1.25, 4.25], "texture": "#0"},
				"down": {"uv": [1.25, 4, 2.25, 4.25], "texture": "#0"}
			}
		},
		{
			"name": "Cube",
			"from": [4, 17, 11],
			"to": [12, 18, 12],
			"faces": {
				"north": {"uv": [2.25, 4.5, 4.25, 4.75], "texture": "#0"},
				"east": {"uv": [2.25, 4.75, 2.5, 5], "texture": "#0"},
				"south": {"uv": [0.25, 4.75, 2.25, 5], "texture": "#0"},
				"west": {"uv": [0, 4.75, 0.25, 5], "texture": "#0"},
				"up": {"uv": [0.25, 4.5, 2.25, 4.75], "texture": "#0"},
				"down": {"uv": [3.25, 0, 6.25, 0.25], "texture": "#0"}
			}
		},
		{
			"name": "Cube",
			"from": [4, 4, 11],
			"to": [12, 5, 12],
			"faces": {
				"north": {"uv": [2.5, 3.75, 4.5, 4], "texture": "#0"},
				"east": {"uv": [2.25, 3.75, 2.5, 4], "texture": "#0"},
				"south": {"uv": [0.25, 3.75, 2.25, 4], "texture": "#0"},
				"west": {"uv": [0, 3.75, 0.25, 4], "texture": "#0"},
				"up": {"uv": [0.25, 3.5, 2.25, 3.75], "texture": "#0"},
				"down": {"uv": [2.25, 3.75, 4.25, 3.5], "texture": "#0"}
			}
		},
		{
			"name": "Cube",
			"from": [3, 5, 11],
			"to": [13, 7, 12],
			"faces": {
				"north": {"uv": [3, 3, 5.5, 3.5], "texture": "#0"},
				"east": {"uv": [2.75, 3, 3, 3.5], "texture": "#0"},
				"south": {"uv": [0.25, 3, 2.75, 3.5], "texture": "#0"},
				"west": {"uv": [0, 3, 0.25, 3.5], "texture": "#0"},
				"up": {"uv": [0.25, 2.75, 2.75, 3], "texture": "#0"},
				"down": {"uv": [2.75, 2.75, 5.25, 3], "texture": "#0"}
			}
		},
		{
			"name": "Cube",
			"from": [2, 7, 11],
			"to": [14, 17, 12],
			"faces": {
				"north": {"uv": [3.5, 0.25, 6.5, 2.75], "texture": "#0"},
				"east": {"uv": [3.25, 0.25, 3.5, 2.75], "texture": "#0"},
				"south": {"uv": [0.25, 0.25, 3.25, 2.75], "texture": "#0"},
				"west": {"uv": [0, 0.25, 0.25, 2.75], "texture": "#0"},
				"up": {"uv": [0.25, 0, 3.25, 0.25], "texture": "#0"},
				"down": {"uv": [3.25, 0, 6.25, 0.25], "texture": "#0"}
			}
		}
	],
	"gui_light": "front",
	"display": {
		"thirdperson_righthand": {
			"rotation": [0, 90, 0],
			"translation": [0, -5, 4]
		},
		"thirdperson_lefthand": {
			"rotation": [0, 90, 0],
			"translation": [0, -5, 4]
		},
		"firstperson_righthand": {
			"rotation": [0, 180, 5],
			"translation": [-1, -13, 2],
			"scale": [1.25, 1.25, 1.25]
		},
		"firstperson_lefthand": {
			"rotation": [0, 180, 5],
			"translation": [-1, -15, 2],
			"scale": [1.25, 1.25, 1.25]
		},
		"ground": {
			"translation": [0, 4, 0],
			"scale": [0.25, 0.25, 0.25]
		},
		"gui": {
			"rotation": [15, -25, -5],
			"translation": [0, -1, 0],
			"scale": [0.65, 0.65, 0.65]
		},
		"fixed": {
			"rotation": [0, 180, 0],
			"scale": [0.5, 0.5, 0.5]
		}
	},
	"groups": [
		{
			"name": "group",
			"origin": [0, 0, 0],
			"color": 0,
			"children": [0, 1, 2, 3, 4, 5]
		}
	]
}