{
  "pools": [
    {
      "rolls": 1,
      "entries": [
        {
          "type": "minecraft:item",
          "name": "minecraft:barrel",
          "functions": [
            {
              "function": "minecraft:set_count",
              "count": 1
            },
            {
              "function": "minecraft:set_nbt",
              "tag": "{display:{Name:'{\"bold\":true,\"italic\":false,\"color\":\"gray\",\"text\":\"Forge\"}'},CustomModelData:12340002}"
            }
          ],
          "conditions": [
            {
              "condition": "minecraft:entity_properties",
              "entity": "this",
              "predicate": {
                "nbt": "{ArmorItems:[{id:\"minecraft:paper\",tag:{xylo_crafting:{grid_out:{0:{id:\"minecraft:stone\"},1:{id:\"minecraft:anvil\"},2:{id:\"minecraft:stone\"},3:{id:\"minecraft:stone\"},4:{id:\"minecraft:lava_bucket\"},5:{id:\"minecraft:stone\"},6:{id:\"minecraft:stone\"},7:{id:\"minecraft:blast_furnace\"},8:{id:\"minecraft:stone\"}}}}}]}"
              }
            }
          ]
        },
        {
          "type": "minecraft:item",
          "name": "minecraft:string",
          "functions": [
            {
              "function": "minecraft:set_count",
              "count": 4
            }
          ],
          "conditions": [
            {
              "condition": "minecraft:entity_properties",
              "entity": "this",
              "predicate": {
                "nbt": "{ArmorItems:[{id:\"minecraft:paper\",tag:{xylo_crafting:{grid_out:{0:{id:\"minecraft:white_wool\"},1:{id:\"minecraft:air\"},2:{id:\"minecraft:air\"},3:{id:\"minecraft:air\"},4:{id:\"minecraft:air\"},5:{id:\"minecraft:air\"},6:{id:\"minecraft:air\"},7:{id:\"minecraft:air\"},8:{id:\"minecraft:air\"}}}}}]}"
              }
            }
          ]
        }
      ]
    }
  ]
}
