{
  "pools": [
    {
      "rolls": 1,
      "entries": [
        {
          "type": "minecraft:item",
          "name": "minecraft:crafting_table",
          "conditions": [
            {
              "condition": "minecraft:inverted",
              "term": {
                "condition": "minecraft:alternative",
                "terms": [
                  {
                    "condition": "minecraft:inverted",
                    "term": {
                      "condition": "minecraft:entity_properties",
                      "entity": "this",
                      "predicate": {
                        "nbt": "{ArmorItems:[{id:\"minecraft:paper\",tag:{xylo_crafting:{grid_out:{2:{id:\"minecraft:air\"},5:{id:\"minecraft:air\"},6:{id:\"minecraft:air\"},7:{id:\"minecraft:air\"},8:{id:\"minecraft:air\"}}}}}]}"
                      }
                    }
                  },
                  {
                    "condition": "minecraft:inverted",
                    "term": {
                      "condition": "minecraft:reference",
                      "name": "xylo_crafting:planks/0"
                    }
                  },
                  {
                    "condition": "minecraft:inverted",
                    "term": {
                      "condition": "minecraft:reference",
                      "name": "xylo_crafting:planks/1"
                    }
                  },
                  {
                    "condition": "minecraft:inverted",
                    "term": {
                      "condition": "minecraft:reference",
                      "name": "xylo_crafting:planks/3"
                    }
                  },
                  {
                    "condition": "minecraft:inverted",
                    "term": {
                      "condition": "minecraft:reference",
                      "name": "xylo_crafting:planks/4"
                    }
                  }
                ]
              }
            }
          ]
        },
        {
          "type": "minecraft:item",
          "name": "minecraft:stick",
          "functions": [
            {
              "function": "minecraft:set_count",
              "count": 4
            }
          ],
          "conditions": [
            {
              "condition": "minecraft:inverted",
              "term": {
                "condition": "minecraft:alternative",
                "terms": [
                  {
                    "condition": "minecraft:inverted",
                    "term": {
                      "condition": "minecraft:entity_properties",
                      "entity": "this",
                      "predicate": {
                        "nbt": "{ArmorItems:[{id:\"minecraft:paper\",tag:{xylo_crafting:{grid_out:{1:{id:\"minecraft:air\"},2:{id:\"minecraft:air\"},4:{id:\"minecraft:air\"},5:{id:\"minecraft:air\"},6:{id:\"minecraft:air\"},7:{id:\"minecraft:air\"},8:{id:\"minecraft:air\"}}}}}]}"
                      }
                    }
                  },
                  {
                    "condition": "minecraft:inverted",
                    "term": {
                      "condition": "minecraft:reference",
                      "name": "xylo_crafting:planks/0"
                    }
                  },
                  {
                    "condition": "minecraft:inverted",
                    "term": {
                      "condition": "minecraft:reference",
                      "name": "xylo_crafting:planks/3"
                    }
                  }
                ]
              }
            }
          ]
        },
        {
          "type": "minecraft:item",
          "name": "minecraft:oak_planks",
          "functions": [
            {
              "function": "minecraft:set_count",
              "count": 4
            }
          ],
          "conditions": [
            {
              "condition": "minecraft:alternative",
              "terms": [
                {
                  "condition": "minecraft:entity_properties",
                  "entity": "this",
                  "predicate": {
                    "nbt": "{ArmorItems:[{id:\"minecraft:paper\",tag:{xylo_crafting:{grid_out:{0:{id:\"minecraft:oak_log\"},1:{id:\"minecraft:air\"},2:{id:\"minecraft:air\"},3:{id:\"minecraft:air\"},4:{id:\"minecraft:air\"},5:{id:\"minecraft:air\"},6:{id:\"minecraft:air\"},7:{id:\"minecraft:air\"},8:{id:\"minecraft:air\"}}}}}]}"
                  }
                },
                {
                  "condition": "minecraft:entity_properties",
                  "entity": "this",
                  "predicate": {
                    "nbt": "{ArmorItems:[{id:\"minecraft:paper\",tag:{xylo_crafting:{grid_out:{0:{id:\"minecraft:stripped_oak_log\"},1:{id:\"minecraft:air\"},2:{id:\"minecraft:air\"},3:{id:\"minecraft:air\"},4:{id:\"minecraft:air\"},5:{id:\"minecraft:air\"},6:{id:\"minecraft:air\"},7:{id:\"minecraft:air\"},8:{id:\"minecraft:air\"}}}}}]}"
                  }
                },
                {
                  "condition": "minecraft:entity_properties",
                  "entity": "this",
                  "predicate": {
                    "nbt": "{ArmorItems:[{id:\"minecraft:paper\",tag:{xylo_crafting:{grid_out:{0:{id:\"minecraft:oak_wood\"},1:{id:\"minecraft:air\"},2:{id:\"minecraft:air\"},3:{id:\"minecraft:air\"},4:{id:\"minecraft:air\"},5:{id:\"minecraft:air\"},6:{id:\"minecraft:air\"},7:{id:\"minecraft:air\"},8:{id:\"minecraft:air\"}}}}}]}"
                  }
                },
                {
                  "condition": "minecraft:entity_properties",
                  "entity": "this",
                  "predicate": {
                    "nbt": "{ArmorItems:[{id:\"minecraft:paper\",tag:{xylo_crafting:{grid_out:{0:{id:\"minecraft:stripped_oak_wood\"},1:{id:\"minecraft:air\"},2:{id:\"minecraft:air\"},3:{id:\"minecraft:air\"},4:{id:\"minecraft:air\"},5:{id:\"minecraft:air\"},6:{id:\"minecraft:air\"},7:{id:\"minecraft:air\"},8:{id:\"minecraft:air\"}}}}}]}"
                  }
                }
              ]
            }
          ]
        },
        {
          "type": "minecraft:item",
          "name": "minecraft:spruce_planks",
          "functions": [
            {
              "function": "minecraft:set_count",
              "count": 4
            }
          ],
          "conditions": [
            {
              "condition": "minecraft:alternative",
              "terms": [
                {
                  "condition": "minecraft:entity_properties",
                  "entity": "this",
                  "predicate": {
                    "nbt": "{ArmorItems:[{id:\"minecraft:paper\",tag:{xylo_crafting:{grid_out:{0:{id:\"minecraft:spruce_log\"},1:{id:\"minecraft:air\"},2:{id:\"minecraft:air\"},3:{id:\"minecraft:air\"},4:{id:\"minecraft:air\"},5:{id:\"minecraft:air\"},6:{id:\"minecraft:air\"},7:{id:\"minecraft:air\"},8:{id:\"minecraft:air\"}}}}}]}"
                  }
                },
                {
                  "condition": "minecraft:entity_properties",
                  "entity": "this",
                  "predicate": {
                    "nbt": "{ArmorItems:[{id:\"minecraft:paper\",tag:{xylo_crafting:{grid_out:{0:{id:\"minecraft:stripped_spruce_log\"},1:{id:\"minecraft:air\"},2:{id:\"minecraft:air\"},3:{id:\"minecraft:air\"},4:{id:\"minecraft:air\"},5:{id:\"minecraft:air\"},6:{id:\"minecraft:air\"},7:{id:\"minecraft:air\"},8:{id:\"minecraft:air\"}}}}}]}"
                  }
                },
                {
                  "condition": "minecraft:entity_properties",
                  "entity": "this",
                  "predicate": {
                    "nbt": "{ArmorItems:[{id:\"minecraft:paper\",tag:{xylo_crafting:{grid_out:{0:{id:\"minecraft:spruce_wood\"},1:{id:\"minecraft:air\"},2:{id:\"minecraft:air\"},3:{id:\"minecraft:air\"},4:{id:\"minecraft:air\"},5:{id:\"minecraft:air\"},6:{id:\"minecraft:air\"},7:{id:\"minecraft:air\"},8:{id:\"minecraft:air\"}}}}}]}"
                  }
                },
                {
                  "condition": "minecraft:entity_properties",
                  "entity": "this",
                  "predicate": {
                    "nbt": "{ArmorItems:[{id:\"minecraft:paper\",tag:{xylo_crafting:{grid_out:{0:{id:\"minecraft:stripped_spruce_wood\"},1:{id:\"minecraft:air\"},2:{id:\"minecraft:air\"},3:{id:\"minecraft:air\"},4:{id:\"minecraft:air\"},5:{id:\"minecraft:air\"},6:{id:\"minecraft:air\"},7:{id:\"minecraft:air\"},8:{id:\"minecraft:air\"}}}}}]}"
                  }
                }
              ]
            }
          ]
        },
        {
          "type": "minecraft:item",
          "name": "minecraft:birch_planks",
          "functions": [
            {
              "function": "minecraft:set_count",
              "count": 4
            }
          ],
          "conditions": [
            {
              "condition": "minecraft:alternative",
              "terms": [
                {
                  "condition": "minecraft:entity_properties",
                  "entity": "this",
                  "predicate": {
                    "nbt": "{ArmorItems:[{id:\"minecraft:paper\",tag:{xylo_crafting:{grid_out:{0:{id:\"minecraft:birch_log\"},1:{id:\"minecraft:air\"},2:{id:\"minecraft:air\"},3:{id:\"minecraft:air\"},4:{id:\"minecraft:air\"},5:{id:\"minecraft:air\"},6:{id:\"minecraft:air\"},7:{id:\"minecraft:air\"},8:{id:\"minecraft:air\"}}}}}]}"
                  }
                },
                {
                  "condition": "minecraft:entity_properties",
                  "entity": "this",
                  "predicate": {
                    "nbt": "{ArmorItems:[{id:\"minecraft:paper\",tag:{xylo_crafting:{grid_out:{0:{id:\"minecraft:stripped_birch_log\"},1:{id:\"minecraft:air\"},2:{id:\"minecraft:air\"},3:{id:\"minecraft:air\"},4:{id:\"minecraft:air\"},5:{id:\"minecraft:air\"},6:{id:\"minecraft:air\"},7:{id:\"minecraft:air\"},8:{id:\"minecraft:air\"}}}}}]}"
                  }
                },
                {
                  "condition": "minecraft:entity_properties",
                  "entity": "this",
                  "predicate": {
                    "nbt": "{ArmorItems:[{id:\"minecraft:paper\",tag:{xylo_crafting:{grid_out:{0:{id:\"minecraft:birch_wood\"},1:{id:\"minecraft:air\"},2:{id:\"minecraft:air\"},3:{id:\"minecraft:air\"},4:{id:\"minecraft:air\"},5:{id:\"minecraft:air\"},6:{id:\"minecraft:air\"},7:{id:\"minecraft:air\"},8:{id:\"minecraft:air\"}}}}}]}"
                  }
                },
                {
                  "condition": "minecraft:entity_properties",
                  "entity": "this",
                  "predicate": {
                    "nbt": "{ArmorItems:[{id:\"minecraft:paper\",tag:{xylo_crafting:{grid_out:{0:{id:\"minecraft:stripped_birch_wood\"},1:{id:\"minecraft:air\"},2:{id:\"minecraft:air\"},3:{id:\"minecraft:air\"},4:{id:\"minecraft:air\"},5:{id:\"minecraft:air\"},6:{id:\"minecraft:air\"},7:{id:\"minecraft:air\"},8:{id:\"minecraft:air\"}}}}}]}"
                  }
                }
              ]
            }
          ]
        },
        {
          "type": "minecraft:item",
          "name": "minecraft:jungle_planks",
          "functions": [
            {
              "function": "minecraft:set_count",
              "count": 4
            }
          ],
          "conditions": [
            {
              "condition": "minecraft:alternative",
              "terms": [
                {
                  "condition": "minecraft:entity_properties",
                  "entity": "this",
                  "predicate": {
                    "nbt": "{ArmorItems:[{id:\"minecraft:paper\",tag:{xylo_crafting:{grid_out:{0:{id:\"minecraft:jungle_log\"},1:{id:\"minecraft:air\"},2:{id:\"minecraft:air\"},3:{id:\"minecraft:air\"},4:{id:\"minecraft:air\"},5:{id:\"minecraft:air\"},6:{id:\"minecraft:air\"},7:{id:\"minecraft:air\"},8:{id:\"minecraft:air\"}}}}}]}"
                  }
                },
                {
                  "condition": "minecraft:entity_properties",
                  "entity": "this",
                  "predicate": {
                    "nbt": "{ArmorItems:[{id:\"minecraft:paper\",tag:{xylo_crafting:{grid_out:{0:{id:\"minecraft:stripped_jungle_log\"},1:{id:\"minecraft:air\"},2:{id:\"minecraft:air\"},3:{id:\"minecraft:air\"},4:{id:\"minecraft:air\"},5:{id:\"minecraft:air\"},6:{id:\"minecraft:air\"},7:{id:\"minecraft:air\"},8:{id:\"minecraft:air\"}}}}}]}"
                  }
                },
                {
                  "condition": "minecraft:entity_properties",
                  "entity": "this",
                  "predicate": {
                    "nbt": "{ArmorItems:[{id:\"minecraft:paper\",tag:{xylo_crafting:{grid_out:{0:{id:\"minecraft:jungle_wood\"},1:{id:\"minecraft:air\"},2:{id:\"minecraft:air\"},3:{id:\"minecraft:air\"},4:{id:\"minecraft:air\"},5:{id:\"minecraft:air\"},6:{id:\"minecraft:air\"},7:{id:\"minecraft:air\"},8:{id:\"minecraft:air\"}}}}}]}"
                  }
                },
                {
                  "condition": "minecraft:entity_properties",
                  "entity": "this",
                  "predicate": {
                    "nbt": "{ArmorItems:[{id:\"minecraft:paper\",tag:{xylo_crafting:{grid_out:{0:{id:\"minecraft:stripped_jungle_wood\"},1:{id:\"minecraft:air\"},2:{id:\"minecraft:air\"},3:{id:\"minecraft:air\"},4:{id:\"minecraft:air\"},5:{id:\"minecraft:air\"},6:{id:\"minecraft:air\"},7:{id:\"minecraft:air\"},8:{id:\"minecraft:air\"}}}}}]}"
                  }
                }
              ]
            }
          ]
        },
        {
          "type": "minecraft:item",
          "name": "minecraft:acacia_planks",
          "functions": [
            {
              "function": "minecraft:set_count",
              "count": 4
            }
          ],
          "conditions": [
            {
              "condition": "minecraft:alternative",
              "terms": [
                {
                  "condition": "minecraft:entity_properties",
                  "entity": "this",
                  "predicate": {
                    "nbt": "{ArmorItems:[{id:\"minecraft:paper\",tag:{xylo_crafting:{grid_out:{0:{id:\"minecraft:acacia_log\"},1:{id:\"minecraft:air\"},2:{id:\"minecraft:air\"},3:{id:\"minecraft:air\"},4:{id:\"minecraft:air\"},5:{id:\"minecraft:air\"},6:{id:\"minecraft:air\"},7:{id:\"minecraft:air\"},8:{id:\"minecraft:air\"}}}}}]}"
                  }
                },
                {
                  "condition": "minecraft:entity_properties",
                  "entity": "this",
                  "predicate": {
                    "nbt": "{ArmorItems:[{id:\"minecraft:paper\",tag:{xylo_crafting:{grid_out:{0:{id:\"minecraft:stripped_acacia_log\"},1:{id:\"minecraft:air\"},2:{id:\"minecraft:air\"},3:{id:\"minecraft:air\"},4:{id:\"minecraft:air\"},5:{id:\"minecraft:air\"},6:{id:\"minecraft:air\"},7:{id:\"minecraft:air\"},8:{id:\"minecraft:air\"}}}}}]}"
                  }
                },
                {
                  "condition": "minecraft:entity_properties",
                  "entity": "this",
                  "predicate": {
                    "nbt": "{ArmorItems:[{id:\"minecraft:paper\",tag:{xylo_crafting:{grid_out:{0:{id:\"minecraft:acacia_wood\"},1:{id:\"minecraft:air\"},2:{id:\"minecraft:air\"},3:{id:\"minecraft:air\"},4:{id:\"minecraft:air\"},5:{id:\"minecraft:air\"},6:{id:\"minecraft:air\"},7:{id:\"minecraft:air\"},8:{id:\"minecraft:air\"}}}}}]}"
                  }
                },
                {
                  "condition": "minecraft:entity_properties",
                  "entity": "this",
                  "predicate": {
                    "nbt": "{ArmorItems:[{id:\"minecraft:paper\",tag:{xylo_crafting:{grid_out:{0:{id:\"minecraft:stripped_acacia_wood\"},1:{id:\"minecraft:air\"},2:{id:\"minecraft:air\"},3:{id:\"minecraft:air\"},4:{id:\"minecraft:air\"},5:{id:\"minecraft:air\"},6:{id:\"minecraft:air\"},7:{id:\"minecraft:air\"},8:{id:\"minecraft:air\"}}}}}]}"
                  }
                }
              ]
            }
          ]
        },
        {
          "type": "minecraft:item",
          "name": "minecraft:dark_oak_planks",
          "functions": [
            {
              "function": "minecraft:set_count",
              "count": 4
            }
          ],
          "conditions": [
            {
              "condition": "minecraft:alternative",
              "terms": [
                {
                  "condition": "minecraft:entity_properties",
                  "entity": "this",
                  "predicate": {
                    "nbt": "{ArmorItems:[{id:\"minecraft:paper\",tag:{xylo_crafting:{grid_out:{0:{id:\"minecraft:dark_oak_log\"},1:{id:\"minecraft:air\"},2:{id:\"minecraft:air\"},3:{id:\"minecraft:air\"},4:{id:\"minecraft:air\"},5:{id:\"minecraft:air\"},6:{id:\"minecraft:air\"},7:{id:\"minecraft:air\"},8:{id:\"minecraft:air\"}}}}}]}"
                  }
                },
                {
                  "condition": "minecraft:entity_properties",
                  "entity": "this",
                  "predicate": {
                    "nbt": "{ArmorItems:[{id:\"minecraft:paper\",tag:{xylo_crafting:{grid_out:{0:{id:\"minecraft:stripped_dark_oak_log\"},1:{id:\"minecraft:air\"},2:{id:\"minecraft:air\"},3:{id:\"minecraft:air\"},4:{id:\"minecraft:air\"},5:{id:\"minecraft:air\"},6:{id:\"minecraft:air\"},7:{id:\"minecraft:air\"},8:{id:\"minecraft:air\"}}}}}]}"
                  }
                },
                {
                  "condition": "minecraft:entity_properties",
                  "entity": "this",
                  "predicate": {
                    "nbt": "{ArmorItems:[{id:\"minecraft:paper\",tag:{xylo_crafting:{grid_out:{0:{id:\"minecraft:dark_oak_wood\"},1:{id:\"minecraft:air\"},2:{id:\"minecraft:air\"},3:{id:\"minecraft:air\"},4:{id:\"minecraft:air\"},5:{id:\"minecraft:air\"},6:{id:\"minecraft:air\"},7:{id:\"minecraft:air\"},8:{id:\"minecraft:air\"}}}}}]}"
                  }
                },
                {
                  "condition": "minecraft:entity_properties",
                  "entity": "this",
                  "predicate": {
                    "nbt": "{ArmorItems:[{id:\"minecraft:paper\",tag:{xylo_crafting:{grid_out:{0:{id:\"minecraft:stripped_dark_oak_wood\"},1:{id:\"minecraft:air\"},2:{id:\"minecraft:air\"},3:{id:\"minecraft:air\"},4:{id:\"minecraft:air\"},5:{id:\"minecraft:air\"},6:{id:\"minecraft:air\"},7:{id:\"minecraft:air\"},8:{id:\"minecraft:air\"}}}}}]}"
                  }
                }
              ]
            }
          ]
        },
        {
          "type": "minecraft:item",
          "name": "minecraft:crimson_planks",
          "functions": [
            {
              "function": "minecraft:set_count",
              "count": 4
            }
          ],
          "conditions": [
            {
              "condition": "minecraft:alternative",
              "terms": [
                {
                  "condition": "minecraft:entity_properties",
                  "entity": "this",
                  "predicate": {
                    "nbt": "{ArmorItems:[{id:\"minecraft:paper\",tag:{xylo_crafting:{grid_out:{0:{id:\"minecraft:crimson_stem\"},1:{id:\"minecraft:air\"},2:{id:\"minecraft:air\"},3:{id:\"minecraft:air\"},4:{id:\"minecraft:air\"},5:{id:\"minecraft:air\"},6:{id:\"minecraft:air\"},7:{id:\"minecraft:air\"},8:{id:\"minecraft:air\"}}}}}]}"
                  }
                },
                {
                  "condition": "minecraft:entity_properties",
                  "entity": "this",
                  "predicate": {
                    "nbt": "{ArmorItems:[{id:\"minecraft:paper\",tag:{xylo_crafting:{grid_out:{0:{id:\"minecraft:stripped_crimson_stem\"},1:{id:\"minecraft:air\"},2:{id:\"minecraft:air\"},3:{id:\"minecraft:air\"},4:{id:\"minecraft:air\"},5:{id:\"minecraft:air\"},6:{id:\"minecraft:air\"},7:{id:\"minecraft:air\"},8:{id:\"minecraft:air\"}}}}}]}"
                  }
                },
                {
                  "condition": "minecraft:entity_properties",
                  "entity": "this",
                  "predicate": {
                    "nbt": "{ArmorItems:[{id:\"minecraft:paper\",tag:{xylo_crafting:{grid_out:{0:{id:\"minecraft:crimson_hyphae\"},1:{id:\"minecraft:air\"},2:{id:\"minecraft:air\"},3:{id:\"minecraft:air\"},4:{id:\"minecraft:air\"},5:{id:\"minecraft:air\"},6:{id:\"minecraft:air\"},7:{id:\"minecraft:air\"},8:{id:\"minecraft:air\"}}}}}]}"
                  }
                },
                {
                  "condition": "minecraft:entity_properties",
                  "entity": "this",
                  "predicate": {
                    "nbt": "{ArmorItems:[{id:\"minecraft:paper\",tag:{xylo_crafting:{grid_out:{0:{id:\"minecraft:stripped_crimson_hyphae\"},1:{id:\"minecraft:air\"},2:{id:\"minecraft:air\"},3:{id:\"minecraft:air\"},4:{id:\"minecraft:air\"},5:{id:\"minecraft:air\"},6:{id:\"minecraft:air\"},7:{id:\"minecraft:air\"},8:{id:\"minecraft:air\"}}}}}]}"
                  }
                }
              ]
            }
          ]
        },
        {
          "type": "minecraft:item",
          "name": "minecraft:warped_planks",
          "functions": [
            {
              "function": "minecraft:set_count",
              "count": 4
            }
          ],
          "conditions": [
            {
              "condition": "minecraft:alternative",
              "terms": [
                {
                  "condition": "minecraft:entity_properties",
                  "entity": "this",
                  "predicate": {
                    "nbt": "{ArmorItems:[{id:\"minecraft:paper\",tag:{xylo_crafting:{grid_out:{0:{id:\"minecraft:warped_stem\"},1:{id:\"minecraft:air\"},2:{id:\"minecraft:air\"},3:{id:\"minecraft:air\"},4:{id:\"minecraft:air\"},5:{id:\"minecraft:air\"},6:{id:\"minecraft:air\"},7:{id:\"minecraft:air\"},8:{id:\"minecraft:air\"}}}}}]}"
                  }
                },
                {
                  "condition": "minecraft:entity_properties",
                  "entity": "this",
                  "predicate": {
                    "nbt": "{ArmorItems:[{id:\"minecraft:paper\",tag:{xylo_crafting:{grid_out:{0:{id:\"minecraft:stripped_warped_stem\"},1:{id:\"minecraft:air\"},2:{id:\"minecraft:air\"},3:{id:\"minecraft:air\"},4:{id:\"minecraft:air\"},5:{id:\"minecraft:air\"},6:{id:\"minecraft:air\"},7:{id:\"minecraft:air\"},8:{id:\"minecraft:air\"}}}}}]}"
                  }
                },
                {
                  "condition": "minecraft:entity_properties",
                  "entity": "this",
                  "predicate": {
                    "nbt": "{ArmorItems:[{id:\"minecraft:paper\",tag:{xylo_crafting:{grid_out:{0:{id:\"minecraft:warped_hyphae\"},1:{id:\"minecraft:air\"},2:{id:\"minecraft:air\"},3:{id:\"minecraft:air\"},4:{id:\"minecraft:air\"},5:{id:\"minecraft:air\"},6:{id:\"minecraft:air\"},7:{id:\"minecraft:air\"},8:{id:\"minecraft:air\"}}}}}]}"
                  }
                },
                {
                  "condition": "minecraft:entity_properties",
                  "entity": "this",
                  "predicate": {
                    "nbt": "{ArmorItems:[{id:\"minecraft:paper\",tag:{xylo_crafting:{grid_out:{0:{id:\"minecraft:stripped_warped_hyphae\"},1:{id:\"minecraft:air\"},2:{id:\"minecraft:air\"},3:{id:\"minecraft:air\"},4:{id:\"minecraft:air\"},5:{id:\"minecraft:air\"},6:{id:\"minecraft:air\"},7:{id:\"minecraft:air\"},8:{id:\"minecraft:air\"}}}}}]}"
                  }
                }
              ]
            }
          ]
        },
        {
          "type": "minecraft:item",
          "name": "minecraft:map",
          "conditions": [
            {
              "condition": "minecraft:entity_properties",
              "entity": "this",
              "predicate": {
                "nbt": "{ArmorItems:[{id:\"minecraft:paper\",tag:{xylo_crafting:{grid_out:{0:{id:\"minecraft:paper\"},1:{id:\"minecraft:paper\"},2:{id:\"minecraft:paper\"},3:{id:\"minecraft:paper\"},4:{id:\"minecraft:compass\"},5:{id:\"minecraft:paper\"},6:{id:\"minecraft:paper\"},7:{id:\"minecraft:paper\"},8:{id:\"minecraft:paper\"}}}}}]}"
              }
            }
          ]
        },
        {
          "type": "minecraft:item",
          "name": "minecraft:compass",
          "conditions": [
            {
              "condition": "minecraft:entity_properties",
              "entity": "this",
              "predicate": {
                "nbt": "{ArmorItems:[{id:\"minecraft:paper\",tag:{xylo_crafting:{grid_out:{0:{id:\"minecraft:air\"},1:{id:\"minecraft:iron_ingot\"},2:{id:\"minecraft:air\"},3:{id:\"minecraft:iron_ingot\"},4:{id:\"minecraft:redstone\"},5:{id:\"minecraft:iron_ingot\"},6:{id:\"minecraft:air\"},7:{id:\"minecraft:iron_ingot\"},8:{id:\"minecraft:air\"}}}}}]}"
              }
            }
          ]
        }
      ]
    }
  ]
}
