{
	"credit": "Made by Philipp Opheys / pro_pixel_ from BuildmodeOne",
	"textures": {
		"0": "block/cyan_stained_glass",
		"2": "block/copper_block",
		"3": "buildmodeone:item/3d_editor/models/bottles/zafiro_anejo",
		"particle": "block/cyan_stained_glass"
	},
	"elements": [
		{
			"name": "hexadecagon",
			"from": [7.4, 11, 7.88065],
			"to": [8.6, 11.35, 8.11935],
			"rotation": {"angle": -45, "axis": "y", "origin": [8, 11.5, 8]},
			"faces": {
				"north": {"uv": [0, 0, 1, 1], "texture": "#2"},
				"east": {"uv": [0, 0, 1, 1], "texture": "#2"},
				"south": {"uv": [0, 0, 1, 1], "texture": "#2"},
				"west": {"uv": [0, 0, 1, 1], "texture": "#2"},
				"up": {"uv": [0, 0, 1, 1], "rotation": 90, "texture": "#2"},
				"down": {"uv": [0, 0, 1, 1], "rotation": 270, "texture": "#2"}
			}
		},
		{
			"name": "hexadecagon",
			"from": [7.4, 11, 7.88065],
			"to": [8.6, 11.35, 8.11935],
			"rotation": {"angle": -22.5, "axis": "y", "origin": [8, 11.5, 8]},
			"faces": {
				"north": {"uv": [0, 0, 1, 1], "texture": "#2"},
				"east": {"uv": [0, 0, 1, 1], "texture": "#2"},
				"south": {"uv": [0, 0, 1, 1], "texture": "#2"},
				"west": {"uv": [0, 0, 1, 1], "texture": "#2"},
				"up": {"uv": [0, 0, 1, 1], "rotation": 90, "texture": "#2"},
				"down": {"uv": [0, 0, 1, 1], "rotation": 270, "texture": "#2"}
			}
		},
		{
			"name": "hexadecagon",
			"from": [7.4, 11, 7.88065],
			"to": [8.6, 11.35, 8.11935],
			"rotation": {"angle": 0, "axis": "y", "origin": [8, 11.5, 8]},
			"faces": {
				"north": {"uv": [0, 0, 1, 1], "texture": "#2"},
				"east": {"uv": [0, 0, 1, 1], "texture": "#2"},
				"south": {"uv": [0, 0, 1, 1], "texture": "#2"},
				"west": {"uv": [0, 0, 1, 1], "texture": "#2"},
				"up": {"uv": [0, 0, 1, 1], "rotation": 90, "texture": "#2"},
				"down": {"uv": [0, 0, 1, 1], "rotation": 270, "texture": "#2"}
			}
		},
		{
			"name": "hexadecagon",
			"from": [7.4, 11, 7.88065],
			"to": [8.6, 11.35, 8.11935],
			"rotation": {"angle": 22.5, "axis": "y", "origin": [8, 11.5, 8]},
			"faces": {
				"north": {"uv": [0, 0, 1, 1], "texture": "#2"},
				"east": {"uv": [0, 0, 1, 1], "texture": "#2"},
				"south": {"uv": [0, 0, 1, 1], "texture": "#2"},
				"west": {"uv": [0, 0, 1, 1], "texture": "#2"},
				"up": {"uv": [0, 0, 1, 1], "rotation": 90, "texture": "#2"},
				"down": {"uv": [0, 0, 1, 1], "rotation": 270, "texture": "#2"}
			}
		},
		{
			"name": "hexadecagon",
			"from": [7.4, 11, 7.88065],
			"to": [8.6, 11.35, 8.11935],
			"rotation": {"angle": 45, "axis": "y", "origin": [8, 11.5, 8]},
			"faces": {
				"north": {"uv": [0, 0, 1, 1], "texture": "#2"},
				"east": {"uv": [0, 0, 1, 1], "texture": "#2"},
				"south": {"uv": [0, 0, 1, 1], "texture": "#2"},
				"west": {"uv": [0, 0, 1, 1], "texture": "#2"},
				"up": {"uv": [0, 0, 1, 1], "rotation": 90, "texture": "#2"},
				"down": {"uv": [0, 0, 1, 1], "rotation": 270, "texture": "#2"}
			}
		},
		{
			"name": "hexadecagon",
			"from": [7.88065, 11, 7.4],
			"to": [8.11935, 11.35, 8.6],
			"rotation": {"angle": -22.5, "axis": "y", "origin": [8, 11.5, 8]},
			"faces": {
				"north": {"uv": [0, 0, 1, 1], "texture": "#2"},
				"east": {"uv": [0, 0, 1, 1], "texture": "#2"},
				"south": {"uv": [0, 0, 1, 1], "texture": "#2"},
				"west": {"uv": [0, 0, 1, 1], "texture": "#2"},
				"up": {"uv": [0, 0, 1, 1], "rotation": 90, "texture": "#2"},
				"down": {"uv": [0, 0, 1, 1], "rotation": 270, "texture": "#2"}
			}
		},
		{
			"name": "hexadecagon",
			"from": [7.88065, 11, 7.4],
			"to": [8.11935, 11.35, 8.6],
			"rotation": {"angle": 0, "axis": "y", "origin": [8, 11.5, 8]},
			"faces": {
				"north": {"uv": [0, 0, 1, 1], "texture": "#2"},
				"east": {"uv": [0, 0, 1, 1], "texture": "#2"},
				"south": {"uv": [0, 0, 1, 1], "texture": "#2"},
				"west": {"uv": [0, 0, 1, 1], "texture": "#2"},
				"up": {"uv": [0, 0, 1, 1], "rotation": 90, "texture": "#2"},
				"down": {"uv": [0, 0, 1, 1], "rotation": 270, "texture": "#2"}
			}
		},
		{
			"name": "hexadecagon",
			"from": [7.88065, 11, 7.4],
			"to": [8.11935, 11.35, 8.6],
			"rotation": {"angle": 22.5, "axis": "y", "origin": [8, 11.5, 8]},
			"faces": {
				"north": {"uv": [0, 0, 1, 1], "texture": "#2"},
				"east": {"uv": [0, 0, 1, 1], "texture": "#2"},
				"south": {"uv": [0, 0, 1, 1], "texture": "#2"},
				"west": {"uv": [0, 0, 1, 1], "texture": "#2"},
				"up": {"uv": [0, 0, 1, 1], "rotation": 90, "texture": "#2"},
				"down": {"uv": [0, 0, 1, 1], "rotation": 270, "texture": "#2"}
			}
		},
		{
			"name": "hexadecagon",
			"from": [7.65, 10.6, 7.93038],
			"to": [8.35, 11, 8.06962],
			"rotation": {"angle": -45, "axis": "y", "origin": [8, 10.5, 8]},
			"faces": {
				"north": {"uv": [0, 0, 1, 1], "texture": "#2"},
				"east": {"uv": [0, 0, 1, 1], "texture": "#2"},
				"south": {"uv": [0, 0, 1, 1], "texture": "#2"},
				"west": {"uv": [0, 0, 1, 1], "texture": "#2"},
				"up": {"uv": [0, 0, 1, 1], "rotation": 90, "texture": "#2"},
				"down": {"uv": [0, 0, 1, 1], "rotation": 270, "texture": "#2"}
			}
		},
		{
			"name": "hexadecagon",
			"from": [7.65, 10.6, 7.93038],
			"to": [8.35, 11, 8.06962],
			"rotation": {"angle": -22.5, "axis": "y", "origin": [8, 10.5, 8]},
			"faces": {
				"north": {"uv": [0, 0, 1, 1], "texture": "#2"},
				"east": {"uv": [0, 0, 1, 1], "texture": "#2"},
				"south": {"uv": [0, 0, 1, 1], "texture": "#2"},
				"west": {"uv": [0, 0, 1, 1], "texture": "#2"},
				"up": {"uv": [0, 0, 1, 1], "rotation": 90, "texture": "#2"},
				"down": {"uv": [0, 0, 1, 1], "rotation": 270, "texture": "#2"}
			}
		},
		{
			"name": "hexadecagon",
			"from": [7.65, 10.6, 7.93038],
			"to": [8.35, 11, 8.06962],
			"rotation": {"angle": 0, "axis": "y", "origin": [8, 10.5, 8]},
			"faces": {
				"north": {"uv": [0, 0, 1, 1], "texture": "#2"},
				"east": {"uv": [0, 0, 1, 1], "texture": "#2"},
				"south": {"uv": [0, 0, 1, 1], "texture": "#2"},
				"west": {"uv": [0, 0, 1, 1], "texture": "#2"},
				"up": {"uv": [0, 0, 1, 1], "rotation": 90, "texture": "#2"},
				"down": {"uv": [0, 0, 1, 1], "rotation": 270, "texture": "#2"}
			}
		},
		{
			"name": "hexadecagon",
			"from": [7.65, 10.6, 7.93038],
			"to": [8.35, 11, 8.06962],
			"rotation": {"angle": 22.5, "axis": "y", "origin": [8, 10.5, 8]},
			"faces": {
				"north": {"uv": [0, 0, 1, 1], "texture": "#2"},
				"east": {"uv": [0, 0, 1, 1], "texture": "#2"},
				"south": {"uv": [0, 0, 1, 1], "texture": "#2"},
				"west": {"uv": [0, 0, 1, 1], "texture": "#2"},
				"up": {"uv": [0, 0, 1, 1], "rotation": 90, "texture": "#2"},
				"down": {"uv": [0, 0, 1, 1], "rotation": 270, "texture": "#2"}
			}
		},
		{
			"name": "hexadecagon",
			"from": [7.65, 10.6, 7.93038],
			"to": [8.35, 11, 8.06962],
			"rotation": {"angle": 45, "axis": "y", "origin": [8, 10.5, 8]},
			"faces": {
				"north": {"uv": [0, 0, 1, 1], "texture": "#2"},
				"east": {"uv": [0, 0, 1, 1], "texture": "#2"},
				"south": {"uv": [0, 0, 1, 1], "texture": "#2"},
				"west": {"uv": [0, 0, 1, 1], "texture": "#2"},
				"up": {"uv": [0, 0, 1, 1], "rotation": 90, "texture": "#2"},
				"down": {"uv": [0, 0, 1, 1], "rotation": 270, "texture": "#2"}
			}
		},
		{
			"name": "hexadecagon",
			"from": [7.93038, 10.6, 7.65],
			"to": [8.06962, 11, 8.35],
			"rotation": {"angle": -22.5, "axis": "y", "origin": [8, 10.5, 8]},
			"faces": {
				"north": {"uv": [0, 0, 1, 1], "texture": "#2"},
				"east": {"uv": [0, 0, 1, 1], "texture": "#2"},
				"south": {"uv": [0, 0, 1, 1], "texture": "#2"},
				"west": {"uv": [0, 0, 1, 1], "texture": "#2"},
				"up": {"uv": [0, 0, 1, 1], "rotation": 90, "texture": "#2"},
				"down": {"uv": [0, 0, 1, 1], "rotation": 270, "texture": "#2"}
			}
		},
		{
			"name": "hexadecagon",
			"from": [7.93038, 10.6, 7.65],
			"to": [8.06962, 11, 8.35],
			"rotation": {"angle": 0, "axis": "y", "origin": [8, 10.5, 8]},
			"faces": {
				"north": {"uv": [0, 0, 1, 1], "texture": "#2"},
				"east": {"uv": [0, 0, 1, 1], "texture": "#2"},
				"south": {"uv": [0, 0, 1, 1], "texture": "#2"},
				"west": {"uv": [0, 0, 1, 1], "texture": "#2"},
				"up": {"uv": [0, 0, 1, 1], "rotation": 90, "texture": "#2"},
				"down": {"uv": [0, 0, 1, 1], "rotation": 270, "texture": "#2"}
			}
		},
		{
			"name": "hexadecagon",
			"from": [7.93038, 10.6, 7.65],
			"to": [8.06962, 11, 8.35],
			"rotation": {"angle": 22.5, "axis": "y", "origin": [8, 10.5, 8]},
			"faces": {
				"north": {"uv": [0, 0, 1, 1], "texture": "#2"},
				"east": {"uv": [0, 0, 1, 1], "texture": "#2"},
				"south": {"uv": [0, 0, 1, 1], "texture": "#2"},
				"west": {"uv": [0, 0, 1, 1], "texture": "#2"},
				"up": {"uv": [0, 0, 1, 1], "rotation": 90, "texture": "#2"},
				"down": {"uv": [0, 0, 1, 1], "rotation": 270, "texture": "#2"}
			}
		},
		{
			"name": "hexadecagon",
			"from": [7.8, 11.35, 7.88065],
			"to": [7.9, 12.45, 8.11935],
			"rotation": {"angle": 22.5, "axis": "z", "origin": [7.95, 11.525, 8]},
			"faces": {
				"north": {"uv": [1, 0, 0, 1], "texture": "#2"},
				"east": {"uv": [1, 0, 0, 1], "texture": "#2"},
				"south": {"uv": [1, 0, 0, 1], "texture": "#2"},
				"west": {"uv": [1, 0, 0, 1], "texture": "#2"},
				"up": {"uv": [1, 0, 0, 1], "rotation": 90, "texture": "#2"},
				"down": {"uv": [1, 0, 0, 1], "rotation": 270, "texture": "#2"}
			}
		},
		{
			"name": "hexadecagon",
			"from": [7.7, 11.75, 7.88065],
			"to": [7.8, 12.45, 8.11935],
			"rotation": {"angle": 0, "axis": "x", "origin": [7.95, 11.525, 8]},
			"faces": {
				"north": {"uv": [1, 0, 0, 1], "texture": "#2"},
				"east": {"uv": [1, 0, 0, 1], "texture": "#2"},
				"south": {"uv": [1, 0, 0, 1], "texture": "#2"},
				"west": {"uv": [1, 0, 0, 1], "texture": "#2"},
				"up": {"uv": [1, 0, 0, 1], "rotation": 90, "texture": "#2"},
				"down": {"uv": [1, 0, 0, 1], "rotation": 270, "texture": "#2"}
			}
		},
		{
			"name": "hexadecagon",
			"from": [7.6, 11.85, 7.88065],
			"to": [7.7, 12.3, 8.11935],
			"rotation": {"angle": 22.5, "axis": "z", "origin": [7.95, 11.525, 8]},
			"faces": {
				"north": {"uv": [1, 0, 0, 1], "texture": "#2"},
				"east": {"uv": [1, 0, 0, 1], "texture": "#2"},
				"south": {"uv": [1, 0, 0, 1], "texture": "#2"},
				"west": {"uv": [1, 0, 0, 1], "texture": "#2"},
				"up": {"uv": [1, 0, 0, 1], "rotation": 90, "texture": "#2"},
				"down": {"uv": [1, 0, 0, 1], "rotation": 270, "texture": "#2"}
			}
		},
		{
			"name": "hexadecagon",
			"from": [7.33478, 11.1779, 7.88065],
			"to": [7.43478, 11.7279, 8.11935],
			"rotation": {"angle": 45, "axis": "z", "origin": [7.48478, 11.6029, 8]},
			"faces": {
				"north": {"uv": [1, 0, 0, 1], "texture": "#2"},
				"east": {"uv": [1, 0, 0, 1], "texture": "#2"},
				"south": {"uv": [1, 0, 0, 1], "texture": "#2"},
				"west": {"uv": [1, 0, 0, 1], "texture": "#2"},
				"up": {"uv": [1, 0, 0, 1], "rotation": 90, "texture": "#2"},
				"down": {"uv": [1, 0, 0, 1], "rotation": 270, "texture": "#2"}
			}
		},
		{
			"name": "hexadecagon",
			"from": [7.53478, 11.0779, 7.88065],
			"to": [7.63478, 11.9779, 8.11935],
			"rotation": {"angle": 45, "axis": "z", "origin": [7.48478, 11.6029, 8]},
			"faces": {
				"north": {"uv": [1, 0, 0, 1], "texture": "#2"},
				"east": {"uv": [1, 0, 0, 1], "texture": "#2"},
				"south": {"uv": [1, 0, 0, 1], "texture": "#2"},
				"west": {"uv": [1, 0, 0, 1], "texture": "#2"},
				"up": {"uv": [1, 0, 0, 1], "rotation": 90, "texture": "#2"},
				"down": {"uv": [1, 0, 0, 1], "rotation": 270, "texture": "#2"}
			}
		},
		{
			"name": "hexadecagon",
			"from": [7.808, 11.216, 8.22143],
			"to": [7.904, 12.272, 8.35457],
			"rotation": {"angle": 22.5, "axis": "z", "origin": [7.952, 11.384, 8.24]},
			"faces": {
				"north": {"uv": [1, 0, 0, 1], "texture": "#2"},
				"east": {"uv": [1, 0, 0, 1], "texture": "#2"},
				"south": {"uv": [1, 0, 0, 1], "texture": "#2"},
				"west": {"uv": [1, 0, 0, 1], "texture": "#2"},
				"up": {"uv": [1, 0, 0, 1], "rotation": 90, "texture": "#2"},
				"down": {"uv": [1, 0, 0, 1], "rotation": 270, "texture": "#2"}
			}
		},
		{
			"name": "hexadecagon",
			"from": [7.712, 11.6, 8.22143],
			"to": [7.808, 12.272, 8.35457],
			"rotation": {"angle": 0, "axis": "x", "origin": [7.952, 11.384, 8.24]},
			"faces": {
				"north": {"uv": [1, 0, 0, 1], "texture": "#2"},
				"east": {"uv": [1, 0, 0, 1], "texture": "#2"},
				"south": {"uv": [1, 0, 0, 1], "texture": "#2"},
				"west": {"uv": [1, 0, 0, 1], "texture": "#2"},
				"up": {"uv": [1, 0, 0, 1], "rotation": 90, "texture": "#2"},
				"down": {"uv": [1, 0, 0, 1], "rotation": 270, "texture": "#2"}
			}
		},
		{
			"name": "hexadecagon",
			"from": [7.616, 11.696, 8.22143],
			"to": [7.712, 12.128, 8.35457],
			"rotation": {"angle": 22.5, "axis": "z", "origin": [7.952, 11.384, 8.24]},
			"faces": {
				"north": {"uv": [1, 0, 0, 1], "texture": "#2"},
				"east": {"uv": [1, 0, 0, 1], "texture": "#2"},
				"south": {"uv": [1, 0, 0, 1], "texture": "#2"},
				"west": {"uv": [1, 0, 0, 1], "texture": "#2"},
				"up": {"uv": [1, 0, 0, 1], "rotation": 90, "texture": "#2"},
				"down": {"uv": [1, 0, 0, 1], "rotation": 270, "texture": "#2"}
			}
		},
		{
			"name": "hexadecagon",
			"from": [7.55339, 10.95478, 8.22143],
			"to": [7.64939, 11.81878, 8.35457],
			"rotation": {"angle": 45, "axis": "z", "origin": [7.50539, 11.45878, 8.24]},
			"faces": {
				"north": {"uv": [1, 0, 0, 1], "texture": "#2"},
				"east": {"uv": [1, 0, 0, 1], "texture": "#2"},
				"south": {"uv": [1, 0, 0, 1], "texture": "#2"},
				"west": {"uv": [1, 0, 0, 1], "texture": "#2"},
				"up": {"uv": [1, 0, 0, 1], "rotation": 90, "texture": "#2"},
				"down": {"uv": [1, 0, 0, 1], "rotation": 270, "texture": "#2"}
			}
		},
		{
			"name": "hexadecagon",
			"from": [7.808, 11.216, 7.64543],
			"to": [7.904, 12.272, 7.77857],
			"rotation": {"angle": 22.5, "axis": "z", "origin": [7.952, 11.384, 7.76]},
			"faces": {
				"north": {"uv": [0, 0, 1, 1], "texture": "#2"},
				"east": {"uv": [0, 0, 1, 1], "texture": "#2"},
				"south": {"uv": [0, 0, 1, 1], "texture": "#2"},
				"west": {"uv": [0, 0, 1, 1], "texture": "#2"},
				"up": {"uv": [0, 0, 1, 1], "rotation": 90, "texture": "#2"},
				"down": {"uv": [0, 0, 1, 1], "rotation": 270, "texture": "#2"}
			}
		},
		{
			"name": "hexadecagon",
			"from": [7.712, 11.6, 7.64543],
			"to": [7.808, 12.272, 7.77857],
			"rotation": {"angle": 0, "axis": "x", "origin": [7.952, 11.384, 7.76]},
			"faces": {
				"north": {"uv": [0, 0, 1, 1], "texture": "#2"},
				"east": {"uv": [0, 0, 1, 1], "texture": "#2"},
				"south": {"uv": [0, 0, 1, 1], "texture": "#2"},
				"west": {"uv": [0, 0, 1, 1], "texture": "#2"},
				"up": {"uv": [0, 0, 1, 1], "rotation": 90, "texture": "#2"},
				"down": {"uv": [0, 0, 1, 1], "rotation": 270, "texture": "#2"}
			}
		},
		{
			"name": "hexadecagon",
			"from": [7.616, 11.696, 7.64543],
			"to": [7.712, 12.128, 7.77857],
			"rotation": {"angle": 22.5, "axis": "z", "origin": [7.952, 11.384, 7.76]},
			"faces": {
				"north": {"uv": [0, 0, 1, 1], "texture": "#2"},
				"east": {"uv": [0, 0, 1, 1], "texture": "#2"},
				"south": {"uv": [0, 0, 1, 1], "texture": "#2"},
				"west": {"uv": [0, 0, 1, 1], "texture": "#2"},
				"up": {"uv": [0, 0, 1, 1], "rotation": 90, "texture": "#2"},
				"down": {"uv": [0, 0, 1, 1], "rotation": 270, "texture": "#2"}
			}
		},
		{
			"name": "hexadecagon",
			"from": [7.55339, 10.95478, 7.64543],
			"to": [7.64939, 11.81878, 7.77857],
			"rotation": {"angle": 45, "axis": "z", "origin": [7.50539, 11.45878, 7.76]},
			"faces": {
				"north": {"uv": [0, 0, 1, 1], "texture": "#2"},
				"east": {"uv": [0, 0, 1, 1], "texture": "#2"},
				"south": {"uv": [0, 0, 1, 1], "texture": "#2"},
				"west": {"uv": [0, 0, 1, 1], "texture": "#2"},
				"up": {"uv": [0, 0, 1, 1], "rotation": 90, "texture": "#2"},
				"down": {"uv": [0, 0, 1, 1], "rotation": 270, "texture": "#2"}
			}
		},
		{
			"name": "hexadecagon",
			"from": [8.1, 11.35, 7.88065],
			"to": [8.2, 12.45, 8.11935],
			"rotation": {"angle": -22.5, "axis": "z", "origin": [8.05, 11.525, 8]},
			"faces": {
				"north": {"uv": [1, 0, 0, 1], "texture": "#2"},
				"east": {"uv": [1, 0, 0, 1], "texture": "#2"},
				"south": {"uv": [1, 0, 0, 1], "texture": "#2"},
				"west": {"uv": [1, 0, 0, 1], "texture": "#2"},
				"up": {"uv": [0, 1, 1, 0], "rotation": 90, "texture": "#2"},
				"down": {"uv": [0, 1, 1, 0], "rotation": 270, "texture": "#2"}
			}
		},
		{
			"name": "hexadecagon",
			"from": [8.2, 11.75, 7.88065],
			"to": [8.3, 12.45, 8.11935],
			"rotation": {"angle": 0, "axis": "x", "origin": [8.05, 11.525, 8]},
			"faces": {
				"north": {"uv": [1, 0, 0, 1], "texture": "#2"},
				"east": {"uv": [1, 0, 0, 1], "texture": "#2"},
				"south": {"uv": [1, 0, 0, 1], "texture": "#2"},
				"west": {"uv": [1, 0, 0, 1], "texture": "#2"},
				"up": {"uv": [0, 1, 1, 0], "rotation": 90, "texture": "#2"},
				"down": {"uv": [0, 1, 1, 0], "rotation": 270, "texture": "#2"}
			}
		},
		{
			"name": "hexadecagon",
			"from": [7.95, 11.35, 7.88065],
			"to": [8.05, 12.55, 8.11935],
			"rotation": {"angle": 0, "axis": "x", "origin": [8.05, 11.525, 8]},
			"faces": {
				"north": {"uv": [1, 0, 0, 1], "texture": "#2"},
				"east": {"uv": [1, 0, 0, 1], "texture": "#2"},
				"south": {"uv": [1, 0, 0, 1], "texture": "#2"},
				"west": {"uv": [1, 0, 0, 1], "texture": "#2"},
				"up": {"uv": [0, 1, 1, 0], "rotation": 90, "texture": "#2"},
				"down": {"uv": [0, 1, 1, 0], "rotation": 270, "texture": "#2"}
			}
		},
		{
			"name": "hexadecagon",
			"from": [8.3, 11.85, 7.88065],
			"to": [8.4, 12.3, 8.11935],
			"rotation": {"angle": -22.5, "axis": "z", "origin": [8.05, 11.525, 8]},
			"faces": {
				"north": {"uv": [1, 0, 0, 1], "texture": "#2"},
				"east": {"uv": [1, 0, 0, 1], "texture": "#2"},
				"south": {"uv": [1, 0, 0, 1], "texture": "#2"},
				"west": {"uv": [1, 0, 0, 1], "texture": "#2"},
				"up": {"uv": [0, 1, 1, 0], "rotation": 90, "texture": "#2"},
				"down": {"uv": [0, 1, 1, 0], "rotation": 270, "texture": "#2"}
			}
		},
		{
			"name": "hexadecagon",
			"from": [8.56522, 11.1779, 7.88065],
			"to": [8.66522, 11.7279, 8.11935],
			"rotation": {"angle": -45, "axis": "z", "origin": [8.51522, 11.6029, 8]},
			"faces": {
				"north": {"uv": [1, 0, 0, 1], "texture": "#2"},
				"east": {"uv": [1, 0, 0, 1], "texture": "#2"},
				"south": {"uv": [1, 0, 0, 1], "texture": "#2"},
				"west": {"uv": [1, 0, 0, 1], "texture": "#2"},
				"up": {"uv": [0, 1, 1, 0], "rotation": 90, "texture": "#2"},
				"down": {"uv": [0, 1, 1, 0], "rotation": 270, "texture": "#2"}
			}
		},
		{
			"name": "hexadecagon",
			"from": [8.36522, 11.0779, 7.88065],
			"to": [8.46522, 11.9779, 8.11935],
			"rotation": {"angle": -45, "axis": "z", "origin": [8.51522, 11.6029, 8]},
			"faces": {
				"north": {"uv": [1, 0, 0, 1], "texture": "#2"},
				"east": {"uv": [1, 0, 0, 1], "texture": "#2"},
				"south": {"uv": [1, 0, 0, 1], "texture": "#2"},
				"west": {"uv": [1, 0, 0, 1], "texture": "#2"},
				"up": {"uv": [0, 1, 1, 0], "rotation": 90, "texture": "#2"},
				"down": {"uv": [0, 1, 1, 0], "rotation": 270, "texture": "#2"}
			}
		},
		{
			"name": "hexadecagon",
			"from": [8.096, 11.216, 8.22143],
			"to": [8.192, 12.272, 8.35457],
			"rotation": {"angle": -22.5, "axis": "z", "origin": [8.048, 11.384, 8.24]},
			"faces": {
				"north": {"uv": [1, 0, 0, 1], "texture": "#2"},
				"east": {"uv": [1, 0, 0, 1], "texture": "#2"},
				"south": {"uv": [1, 0, 0, 1], "texture": "#2"},
				"west": {"uv": [1, 0, 0, 1], "texture": "#2"},
				"up": {"uv": [0, 1, 1, 0], "rotation": 90, "texture": "#2"},
				"down": {"uv": [0, 1, 1, 0], "rotation": 270, "texture": "#2"}
			}
		},
		{
			"name": "hexadecagon",
			"from": [8.192, 11.6, 8.22143],
			"to": [8.288, 12.272, 8.35457],
			"rotation": {"angle": 0, "axis": "x", "origin": [8.048, 11.384, 8.24]},
			"faces": {
				"north": {"uv": [1, 0, 0, 1], "texture": "#2"},
				"east": {"uv": [1, 0, 0, 1], "texture": "#2"},
				"south": {"uv": [1, 0, 0, 1], "texture": "#2"},
				"west": {"uv": [1, 0, 0, 1], "texture": "#2"},
				"up": {"uv": [0, 1, 1, 0], "rotation": 90, "texture": "#2"},
				"down": {"uv": [0, 1, 1, 0], "rotation": 270, "texture": "#2"}
			}
		},
		{
			"name": "hexadecagon",
			"from": [7.952, 11.216, 8.22143],
			"to": [8.048, 12.368, 8.35457],
			"rotation": {"angle": 0, "axis": "x", "origin": [8.048, 11.384, 8.24]},
			"faces": {
				"north": {"uv": [1, 0, 0, 1], "texture": "#2"},
				"east": {"uv": [1, 0, 0, 1], "texture": "#2"},
				"south": {"uv": [1, 0, 0, 1], "texture": "#2"},
				"west": {"uv": [1, 0, 0, 1], "texture": "#2"},
				"up": {"uv": [0, 1, 1, 0], "rotation": 90, "texture": "#2"},
				"down": {"uv": [0, 1, 1, 0], "rotation": 270, "texture": "#2"}
			}
		},
		{
			"name": "hexadecagon",
			"from": [7.952, 11.216, 8.22143],
			"to": [8.048, 12.268, 8.35457],
			"rotation": {"angle": 22.5, "axis": "x", "origin": [8.048, 11.384, 8.24]},
			"faces": {
				"north": {"uv": [1, 0, 0, 1], "texture": "#2"},
				"east": {"uv": [1, 0, 0, 1], "texture": "#2"},
				"south": {"uv": [1, 0, 0, 1], "texture": "#2"},
				"west": {"uv": [1, 0, 0, 1], "texture": "#2"},
				"up": {"uv": [0, 1, 1, 0], "rotation": 90, "texture": "#2"},
				"down": {"uv": [0, 1, 1, 0], "rotation": 270, "texture": "#2"}
			}
		},
		{
			"name": "hexadecagon",
			"from": [7.952, 11.216, 8.47143],
			"to": [8.048, 11.868, 8.60457],
			"rotation": {"angle": 22.5, "axis": "x", "origin": [8.048, 11.384, 8.24]},
			"faces": {
				"north": {"uv": [1, 0, 0, 1], "texture": "#2"},
				"east": {"uv": [1, 0, 0, 1], "texture": "#2"},
				"south": {"uv": [1, 0, 0, 1], "texture": "#2"},
				"west": {"uv": [1, 0, 0, 1], "texture": "#2"},
				"up": {"uv": [0, 1, 1, 0], "rotation": 90, "texture": "#2"},
				"down": {"uv": [0, 1, 1, 0], "rotation": 270, "texture": "#2"}
			}
		},
		{
			"name": "hexadecagon",
			"from": [8.202, 11.216, 8.22143],
			"to": [8.298, 12.118, 8.35457],
			"rotation": {"angle": 22.5, "axis": "x", "origin": [8.048, 11.384, 8.24]},
			"faces": {
				"north": {"uv": [1, 0, 0, 1], "texture": "#2"},
				"east": {"uv": [1, 0, 0, 1], "texture": "#2"},
				"south": {"uv": [1, 0, 0, 1], "texture": "#2"},
				"west": {"uv": [1, 0, 0, 1], "texture": "#2"},
				"up": {"uv": [0, 1, 1, 0], "rotation": 90, "texture": "#2"},
				"down": {"uv": [0, 1, 1, 0], "rotation": 270, "texture": "#2"}
			}
		},
		{
			"name": "hexadecagon",
			"from": [7.702, 11.216, 8.22143],
			"to": [7.798, 12.118, 8.35457],
			"rotation": {"angle": 22.5, "axis": "x", "origin": [8.048, 11.384, 8.24]},
			"faces": {
				"north": {"uv": [1, 0, 0, 1], "texture": "#2"},
				"east": {"uv": [1, 0, 0, 1], "texture": "#2"},
				"south": {"uv": [1, 0, 0, 1], "texture": "#2"},
				"west": {"uv": [1, 0, 0, 1], "texture": "#2"},
				"up": {"uv": [0, 1, 1, 0], "rotation": 90, "texture": "#2"},
				"down": {"uv": [0, 1, 1, 0], "rotation": 270, "texture": "#2"}
			}
		},
		{
			"name": "hexadecagon",
			"from": [8.202, 11.216, 7.64543],
			"to": [8.298, 12.118, 7.77857],
			"rotation": {"angle": -22.5, "axis": "x", "origin": [8.048, 11.384, 7.76]},
			"faces": {
				"north": {"uv": [0, 0, 1, 1], "texture": "#2"},
				"east": {"uv": [0, 0, 1, 1], "texture": "#2"},
				"south": {"uv": [0, 0, 1, 1], "texture": "#2"},
				"west": {"uv": [0, 0, 1, 1], "texture": "#2"},
				"up": {"uv": [1, 1, 0, 0], "rotation": 90, "texture": "#2"},
				"down": {"uv": [1, 1, 0, 0], "rotation": 270, "texture": "#2"}
			}
		},
		{
			"name": "hexadecagon",
			"from": [7.952, 11.216, 7.39543],
			"to": [8.048, 11.868, 7.52857],
			"rotation": {"angle": -22.5, "axis": "x", "origin": [8.048, 11.384, 7.76]},
			"faces": {
				"north": {"uv": [0, 0, 1, 1], "texture": "#2"},
				"east": {"uv": [0, 0, 1, 1], "texture": "#2"},
				"south": {"uv": [0, 0, 1, 1], "texture": "#2"},
				"west": {"uv": [0, 0, 1, 1], "texture": "#2"},
				"up": {"uv": [1, 1, 0, 0], "rotation": 90, "texture": "#2"},
				"down": {"uv": [1, 1, 0, 0], "rotation": 270, "texture": "#2"}
			}
		},
		{
			"name": "hexadecagon",
			"from": [7.702, 11.216, 7.64543],
			"to": [7.798, 12.118, 7.77857],
			"rotation": {"angle": -22.5, "axis": "x", "origin": [8.048, 11.384, 7.76]},
			"faces": {
				"north": {"uv": [0, 0, 1, 1], "texture": "#2"},
				"east": {"uv": [0, 0, 1, 1], "texture": "#2"},
				"south": {"uv": [0, 0, 1, 1], "texture": "#2"},
				"west": {"uv": [0, 0, 1, 1], "texture": "#2"},
				"up": {"uv": [1, 1, 0, 0], "rotation": 90, "texture": "#2"},
				"down": {"uv": [1, 1, 0, 0], "rotation": 270, "texture": "#2"}
			}
		},
		{
			"name": "hexadecagon",
			"from": [8.288, 11.696, 8.22143],
			"to": [8.384, 12.128, 8.35457],
			"rotation": {"angle": -22.5, "axis": "z", "origin": [8.048, 11.384, 8.24]},
			"faces": {
				"north": {"uv": [1, 0, 0, 1], "texture": "#2"},
				"east": {"uv": [1, 0, 0, 1], "texture": "#2"},
				"south": {"uv": [1, 0, 0, 1], "texture": "#2"},
				"west": {"uv": [1, 0, 0, 1], "texture": "#2"},
				"up": {"uv": [0, 1, 1, 0], "rotation": 90, "texture": "#2"},
				"down": {"uv": [0, 1, 1, 0], "rotation": 270, "texture": "#2"}
			}
		},
		{
			"name": "hexadecagon",
			"from": [8.35061, 10.95478, 8.22143],
			"to": [8.44661, 11.81878, 8.35457],
			"rotation": {"angle": -45, "axis": "z", "origin": [8.49461, 11.45878, 8.24]},
			"faces": {
				"north": {"uv": [1, 0, 0, 1], "texture": "#2"},
				"east": {"uv": [1, 0, 0, 1], "texture": "#2"},
				"south": {"uv": [1, 0, 0, 1], "texture": "#2"},
				"west": {"uv": [1, 0, 0, 1], "texture": "#2"},
				"up": {"uv": [0, 1, 1, 0], "rotation": 90, "texture": "#2"},
				"down": {"uv": [0, 1, 1, 0], "rotation": 270, "texture": "#2"}
			}
		},
		{
			"name": "hexadecagon",
			"from": [8.096, 11.216, 7.64543],
			"to": [8.192, 12.272, 7.77857],
			"rotation": {"angle": -22.5, "axis": "z", "origin": [8.048, 11.384, 7.76]},
			"faces": {
				"north": {"uv": [0, 0, 1, 1], "texture": "#2"},
				"east": {"uv": [0, 0, 1, 1], "texture": "#2"},
				"south": {"uv": [0, 0, 1, 1], "texture": "#2"},
				"west": {"uv": [0, 0, 1, 1], "texture": "#2"},
				"up": {"uv": [1, 1, 0, 0], "rotation": 90, "texture": "#2"},
				"down": {"uv": [1, 1, 0, 0], "rotation": 270, "texture": "#2"}
			}
		},
		{
			"name": "hexadecagon",
			"from": [8.192, 11.6, 7.64543],
			"to": [8.288, 12.272, 7.77857],
			"rotation": {"angle": 0, "axis": "x", "origin": [8.048, 11.384, 7.76]},
			"faces": {
				"north": {"uv": [0, 0, 1, 1], "texture": "#2"},
				"east": {"uv": [0, 0, 1, 1], "texture": "#2"},
				"south": {"uv": [0, 0, 1, 1], "texture": "#2"},
				"west": {"uv": [0, 0, 1, 1], "texture": "#2"},
				"up": {"uv": [1, 1, 0, 0], "rotation": 90, "texture": "#2"},
				"down": {"uv": [1, 1, 0, 0], "rotation": 270, "texture": "#2"}
			}
		},
		{
			"name": "hexadecagon",
			"from": [7.952, 11.216, 7.64543],
			"to": [8.048, 12.368, 7.77857],
			"rotation": {"angle": 0, "axis": "x", "origin": [8.048, 11.384, 7.76]},
			"faces": {
				"north": {"uv": [0, 0, 1, 1], "texture": "#2"},
				"east": {"uv": [0, 0, 1, 1], "texture": "#2"},
				"south": {"uv": [0, 0, 1, 1], "texture": "#2"},
				"west": {"uv": [0, 0, 1, 1], "texture": "#2"},
				"up": {"uv": [1, 1, 0, 0], "rotation": 90, "texture": "#2"},
				"down": {"uv": [1, 1, 0, 0], "rotation": 270, "texture": "#2"}
			}
		},
		{
			"name": "hexadecagon",
			"from": [7.952, 11.216, 7.64543],
			"to": [8.048, 12.268, 7.77857],
			"rotation": {"angle": -22.5, "axis": "x", "origin": [8.048, 11.384, 7.76]},
			"faces": {
				"north": {"uv": [0, 0, 1, 1], "texture": "#2"},
				"east": {"uv": [0, 0, 1, 1], "texture": "#2"},
				"south": {"uv": [0, 0, 1, 1], "texture": "#2"},
				"west": {"uv": [0, 0, 1, 1], "texture": "#2"},
				"up": {"uv": [1, 1, 0, 0], "rotation": 90, "texture": "#2"},
				"down": {"uv": [1, 1, 0, 0], "rotation": 270, "texture": "#2"}
			}
		},
		{
			"name": "hexadecagon",
			"from": [8.288, 11.696, 7.64543],
			"to": [8.384, 12.128, 7.77857],
			"rotation": {"angle": -22.5, "axis": "z", "origin": [8.048, 11.384, 7.76]},
			"faces": {
				"north": {"uv": [0, 0, 1, 1], "texture": "#2"},
				"east": {"uv": [0, 0, 1, 1], "texture": "#2"},
				"south": {"uv": [0, 0, 1, 1], "texture": "#2"},
				"west": {"uv": [0, 0, 1, 1], "texture": "#2"},
				"up": {"uv": [1, 1, 0, 0], "rotation": 90, "texture": "#2"},
				"down": {"uv": [1, 1, 0, 0], "rotation": 270, "texture": "#2"}
			}
		},
		{
			"name": "hexadecagon",
			"from": [8.35061, 10.95478, 7.64543],
			"to": [8.44661, 11.81878, 7.77857],
			"rotation": {"angle": -45, "axis": "z", "origin": [8.49461, 11.45878, 7.76]},
			"faces": {
				"north": {"uv": [0, 0, 1, 1], "texture": "#2"},
				"east": {"uv": [0, 0, 1, 1], "texture": "#2"},
				"south": {"uv": [0, 0, 1, 1], "texture": "#2"},
				"west": {"uv": [0, 0, 1, 1], "texture": "#2"},
				"up": {"uv": [1, 1, 0, 0], "rotation": 90, "texture": "#2"},
				"down": {"uv": [1, 1, 0, 0], "rotation": 270, "texture": "#2"}
			}
		},
		{
			"name": "hexadecagon",
			"from": [8.30245, 0.5, 5.75],
			"to": [9.19755, 3.5, 7.55],
			"rotation": {"angle": -45, "axis": "y", "origin": [8.75, 2, 8]},
			"faces": {
				"north": {"uv": [0, 0, 1, 1], "texture": "#0"},
				"south": {"uv": [0, 0, 1, 1], "texture": "#0"},
				"up": {"uv": [0, 0, 1, 1], "texture": "#0"},
				"down": {"uv": [0, 0, 1, 1], "texture": "#0"}
			}
		},
		{
			"name": "hexadecagon",
			"from": [8.30245, 0.5, 5.75],
			"to": [9.19755, 3.5, 7.55],
			"rotation": {"angle": -22.5, "axis": "y", "origin": [8.75, 2, 8]},
			"faces": {
				"north": {"uv": [0, 0, 1, 1], "texture": "#0"},
				"south": {"uv": [0, 0, 1, 1], "texture": "#0"},
				"up": {"uv": [0, 0, 1, 1], "texture": "#0"},
				"down": {"uv": [0, 0, 1, 1], "texture": "#0"}
			}
		},
		{
			"name": "hexadecagon",
			"from": [6.80245, 0.5, 5.75],
			"to": [9.19755, 3.5, 7.55],
			"rotation": {"angle": 0, "axis": "y", "origin": [8, 2, 8]},
			"faces": {
				"north": {"uv": [0, 0, 1, 1], "texture": "#0"},
				"south": {"uv": [0, 0, 1, 1], "texture": "#0"},
				"up": {"uv": [0, 0, 1, 1], "texture": "#0"},
				"down": {"uv": [0, 0, 1, 1], "texture": "#0"}
			}
		},
		{
			"name": "hexadecagon",
			"from": [6.80245, 0.5, 5.75],
			"to": [7.69755, 3.5, 7.55],
			"rotation": {"angle": 22.5, "axis": "y", "origin": [7.25, 2, 8]},
			"faces": {
				"north": {"uv": [0, 0, 1, 1], "texture": "#0"},
				"south": {"uv": [0, 0, 1, 1], "texture": "#0"},
				"up": {"uv": [0, 0, 1, 1], "texture": "#0"},
				"down": {"uv": [0, 0, 1, 1], "texture": "#0"}
			}
		},
		{
			"name": "hexadecagon",
			"from": [6.80245, 0.5, 5.75],
			"to": [7.69755, 3.5, 7.55],
			"rotation": {"angle": 45, "axis": "y", "origin": [7.25, 2, 8]},
			"faces": {
				"north": {"uv": [0, 0, 1, 1], "texture": "#0"},
				"south": {"uv": [0, 0, 1, 1], "texture": "#0"},
				"up": {"uv": [0, 0, 1, 1], "texture": "#0"},
				"down": {"uv": [0, 0, 1, 1], "texture": "#0"}
			}
		},
		{
			"name": "hexadecagon",
			"from": [6.80245, 0.5, 8.45],
			"to": [7.69755, 3.5, 10.25],
			"rotation": {"angle": -45, "axis": "y", "origin": [7.25, 2, 8]},
			"faces": {
				"north": {"uv": [0, 0, 1, 1], "texture": "#0"},
				"south": {"uv": [0, 0, 1, 1], "texture": "#0"},
				"up": {"uv": [0, 0, 1, 1], "texture": "#0"},
				"down": {"uv": [0, 0, 1, 1], "texture": "#0"}
			}
		},
		{
			"name": "hexadecagon",
			"from": [6.80245, 0.5, 8.45],
			"to": [7.69755, 3.5, 10.25],
			"rotation": {"angle": -22.5, "axis": "y", "origin": [7.25, 2, 8]},
			"faces": {
				"north": {"uv": [0, 0, 1, 1], "texture": "#0"},
				"south": {"uv": [0, 0, 1, 1], "texture": "#0"},
				"up": {"uv": [0, 0, 1, 1], "texture": "#0"},
				"down": {"uv": [0, 0, 1, 1], "texture": "#0"}
			}
		},
		{
			"name": "hexadecagon",
			"from": [6.80245, 0.5, 8.45],
			"to": [9.19755, 3.5, 10.25],
			"rotation": {"angle": 0, "axis": "y", "origin": [8, 2, 8]},
			"faces": {
				"north": {"uv": [0, 0, 1, 1], "texture": "#0"},
				"south": {"uv": [0, 0, 1, 1], "texture": "#0"},
				"up": {"uv": [0, 0, 1, 1], "texture": "#0"},
				"down": {"uv": [0, 0, 1, 1], "texture": "#0"}
			}
		},
		{
			"name": "hexadecagon",
			"from": [8.30245, 0.5, 8.45],
			"to": [9.19755, 3.5, 10.25],
			"rotation": {"angle": 22.5, "axis": "y", "origin": [8.75, 2, 8]},
			"faces": {
				"north": {"uv": [0, 0, 1, 1], "texture": "#0"},
				"south": {"uv": [0, 0, 1, 1], "texture": "#0"},
				"up": {"uv": [0, 0, 1, 1], "texture": "#0"},
				"down": {"uv": [0, 0, 1, 1], "texture": "#0"}
			}
		},
		{
			"name": "hexadecagon",
			"from": [8.30245, 0.5, 8.45],
			"to": [9.19755, 3.5, 10.25],
			"rotation": {"angle": 45, "axis": "y", "origin": [8.75, 2, 8]},
			"faces": {
				"north": {"uv": [0, 0, 1, 1], "texture": "#0"},
				"south": {"uv": [0, 0, 1, 1], "texture": "#0"},
				"up": {"uv": [0, 0, 1, 1], "texture": "#0"},
				"down": {"uv": [0, 0, 1, 1], "texture": "#0"}
			}
		},
		{
			"name": "hexadecagon",
			"from": [5, 0.5, 7.55245],
			"to": [6.8, 3.5, 8.44755],
			"rotation": {"angle": -22.5, "axis": "y", "origin": [7.25, 2, 8]},
			"faces": {
				"east": {"uv": [0, 0, 1, 1], "texture": "#0"},
				"west": {"uv": [0, 0, 1, 1], "texture": "#0"},
				"up": {"uv": [0, 0, 1, 1], "texture": "#0"},
				"down": {"uv": [0, 0, 1, 1], "texture": "#0"}
			}
		},
		{
			"name": "hexadecagon",
			"from": [5, 0.5, 7.55245],
			"to": [6.8, 3.5, 8.44755],
			"rotation": {"angle": 0, "axis": "y", "origin": [7.25, 2, 8]},
			"faces": {
				"east": {"uv": [0, 0, 1, 1], "texture": "#0"},
				"west": {"uv": [0, 0, 1, 1], "texture": "#0"},
				"up": {"uv": [0, 0, 1, 1], "texture": "#0"},
				"down": {"uv": [0, 0, 1, 1], "texture": "#0"}
			}
		},
		{
			"name": "hexadecagon",
			"from": [5, 0.5, 7.55245],
			"to": [6.8, 3.5, 8.44755],
			"rotation": {"angle": 22.5, "axis": "y", "origin": [7.25, 2, 8]},
			"faces": {
				"east": {"uv": [0, 0, 1, 1], "texture": "#0"},
				"west": {"uv": [0, 0, 1, 1], "texture": "#0"},
				"up": {"uv": [0, 0, 1, 1], "texture": "#0"},
				"down": {"uv": [0, 0, 1, 1], "texture": "#0"}
			}
		},
		{
			"name": "hexadecagon",
			"from": [9.2, 0.5, 7.55245],
			"to": [11, 3.5, 8.44755],
			"rotation": {"angle": -22.5, "axis": "y", "origin": [8.75, 2, 8]},
			"faces": {
				"east": {"uv": [0, 0, 1, 1], "texture": "#0"},
				"west": {"uv": [0, 0, 1, 1], "texture": "#0"},
				"up": {"uv": [0, 0, 1, 1], "texture": "#0"},
				"down": {"uv": [0, 0, 1, 1], "texture": "#0"}
			}
		},
		{
			"name": "hexadecagon",
			"from": [9.2, 0.5, 7.55245],
			"to": [11, 3.5, 8.44755],
			"rotation": {"angle": 0, "axis": "y", "origin": [8.75, 2, 8]},
			"faces": {
				"east": {"uv": [0, 0, 1, 1], "texture": "#0"},
				"west": {"uv": [0, 0, 1, 1], "texture": "#0"},
				"up": {"uv": [0, 0, 1, 1], "texture": "#0"},
				"down": {"uv": [0, 0, 1, 1], "texture": "#0"}
			}
		},
		{
			"name": "hexadecagon",
			"from": [9.2, 0.5, 7.55245],
			"to": [11, 3.5, 8.44755],
			"rotation": {"angle": 22.5, "axis": "y", "origin": [8.75, 2, 8]},
			"faces": {
				"east": {"uv": [0, 0, 1, 1], "texture": "#0"},
				"west": {"uv": [0, 0, 1, 1], "texture": "#0"},
				"up": {"uv": [0, 0, 1, 1], "texture": "#0"},
				"down": {"uv": [0, 0, 1, 1], "texture": "#0"}
			}
		},
		{
			"name": "hexadecagon",
			"from": [8.35218, 0, 6],
			"to": [9.14782, 0.5, 7.8],
			"rotation": {"angle": -45, "axis": "y", "origin": [8.75, 0, 8]},
			"faces": {
				"north": {"uv": [0, 0, 1, 1], "texture": "#0"},
				"up": {"uv": [0, 0, 1, 1], "texture": "#0"},
				"down": {"uv": [0, 0, 1, 1], "texture": "#0", "cullface": "down"}
			}
		},
		{
			"name": "hexadecagon",
			"from": [8.35218, 0, 6],
			"to": [9.14782, 0.5, 7.8],
			"rotation": {"angle": -22.5, "axis": "y", "origin": [8.75, 0, 8]},
			"faces": {
				"north": {"uv": [0, 0, 1, 1], "texture": "#0"},
				"up": {"uv": [0, 0, 1, 1], "texture": "#0"},
				"down": {"uv": [0, 0, 1, 1], "texture": "#0", "cullface": "down"}
			}
		},
		{
			"name": "hexadecagon",
			"from": [6.85218, 0, 6],
			"to": [9.14782, 0.5, 10],
			"rotation": {"angle": 0, "axis": "y", "origin": [8, 0, 8]},
			"faces": {
				"north": {"uv": [0, 0, 1, 1], "texture": "#0"},
				"south": {"uv": [0, 0, 1, 1], "texture": "#0"},
				"up": {"uv": [0, 0, 1, 1], "texture": "#0"},
				"down": {"uv": [0, 0, 1, 1], "texture": "#0", "cullface": "down"}
			}
		},
		{
			"name": "hexadecagon",
			"from": [6.85218, 0, 6],
			"to": [7.64782, 0.5, 7.8],
			"rotation": {"angle": 22.5, "axis": "y", "origin": [7.25, 0, 8]},
			"faces": {
				"north": {"uv": [0, 0, 1, 1], "texture": "#0"},
				"up": {"uv": [0, 0, 1, 1], "texture": "#0"},
				"down": {"uv": [0, 0, 1, 1], "texture": "#0", "cullface": "down"}
			}
		},
		{
			"name": "hexadecagon",
			"from": [6.85218, 0, 6],
			"to": [7.64782, 0.5, 7.8],
			"rotation": {"angle": 45, "axis": "y", "origin": [7.25, 0, 8]},
			"faces": {
				"north": {"uv": [0, 0, 1, 1], "texture": "#0"},
				"up": {"uv": [0, 0, 1, 1], "texture": "#0"},
				"down": {"uv": [0, 0, 1, 1], "texture": "#0", "cullface": "down"}
			}
		},
		{
			"name": "hexadecagon",
			"from": [6.85218, 0, 8.2],
			"to": [7.64782, 0.5, 10],
			"rotation": {"angle": -45, "axis": "y", "origin": [7.25, 0, 8]},
			"faces": {
				"south": {"uv": [0, 0, 1, 1], "texture": "#0"},
				"up": {"uv": [0, 0, 1, 1], "texture": "#0"},
				"down": {"uv": [0, 0, 1, 1], "texture": "#0", "cullface": "down"}
			}
		},
		{
			"name": "hexadecagon",
			"from": [6.85218, 0, 8.2],
			"to": [7.64782, 0.5, 10],
			"rotation": {"angle": -22.5, "axis": "y", "origin": [7.25, 0, 8]},
			"faces": {
				"south": {"uv": [0, 0, 1, 1], "texture": "#0"},
				"up": {"uv": [0, 0, 1, 1], "texture": "#0"},
				"down": {"uv": [0, 0, 1, 1], "texture": "#0", "cullface": "down"}
			}
		},
		{
			"name": "hexadecagon",
			"from": [8.35218, 0, 8.2],
			"to": [9.14782, 0.5, 10],
			"rotation": {"angle": 22.5, "axis": "y", "origin": [8.75, 0, 8]},
			"faces": {
				"south": {"uv": [0, 0, 1, 1], "texture": "#0"},
				"up": {"uv": [0, 0, 1, 1], "texture": "#0"},
				"down": {"uv": [0, 0, 1, 1], "texture": "#0", "cullface": "down"}
			}
		},
		{
			"name": "hexadecagon",
			"from": [8.35218, 0, 8.2],
			"to": [9.14782, 0.5, 10],
			"rotation": {"angle": 45, "axis": "y", "origin": [8.75, 0, 8]},
			"faces": {
				"south": {"uv": [0, 0, 1, 1], "texture": "#0"},
				"up": {"uv": [0, 0, 1, 1], "texture": "#0"},
				"down": {"uv": [0, 0, 1, 1], "texture": "#0", "cullface": "down"}
			}
		},
		{
			"name": "hexadecagon",
			"from": [5.25, 0, 7.60218],
			"to": [7.05, 0.5, 8.39782],
			"rotation": {"angle": -22.5, "axis": "y", "origin": [7.25, 0, 8]},
			"faces": {
				"west": {"uv": [0, 0, 1, 1], "texture": "#0"},
				"up": {"uv": [0, 0, 1, 1], "texture": "#0"},
				"down": {"uv": [0, 0, 1, 1], "texture": "#0", "cullface": "down"}
			}
		},
		{
			"name": "hexadecagon",
			"from": [5.25, 0, 7.60218],
			"to": [7.05, 0.5, 8.39782],
			"rotation": {"angle": 0, "axis": "y", "origin": [7.25, 0, 8]},
			"faces": {
				"west": {"uv": [0, 0, 1, 1], "texture": "#0"},
				"up": {"uv": [0, 0, 1, 1], "texture": "#0"},
				"down": {"uv": [0, 0, 1, 1], "texture": "#0", "cullface": "down"}
			}
		},
		{
			"name": "hexadecagon",
			"from": [5.25, 0, 7.60218],
			"to": [7.05, 0.5, 8.39782],
			"rotation": {"angle": 22.5, "axis": "y", "origin": [7.25, 0, 8]},
			"faces": {
				"west": {"uv": [0, 0, 1, 1], "texture": "#0"},
				"up": {"uv": [0, 0, 1, 1], "texture": "#0"},
				"down": {"uv": [0, 0, 1, 1], "texture": "#0", "cullface": "down"}
			}
		},
		{
			"name": "hexadecagon",
			"from": [8.95, 0, 7.60218],
			"to": [10.75, 0.5, 8.39782],
			"rotation": {"angle": -22.5, "axis": "y", "origin": [8.75, 0, 8]},
			"faces": {
				"east": {"uv": [0, 0, 1, 1], "texture": "#0"},
				"up": {"uv": [0, 0, 1, 1], "texture": "#0"},
				"down": {"uv": [0, 0, 1, 1], "texture": "#0", "cullface": "down"}
			}
		},
		{
			"name": "hexadecagon",
			"from": [8.95, 0, 7.60218],
			"to": [10.75, 0.5, 8.39782],
			"rotation": {"angle": 0, "axis": "y", "origin": [8.75, 0, 8]},
			"faces": {
				"east": {"uv": [0, 0, 1, 1], "texture": "#0"},
				"up": {"uv": [0, 0, 1, 1], "texture": "#0"},
				"down": {"uv": [0, 0, 1, 1], "texture": "#0", "cullface": "down"}
			}
		},
		{
			"name": "hexadecagon",
			"from": [8.95, 0, 7.60218],
			"to": [10.75, 0.5, 8.39782],
			"rotation": {"angle": 22.5, "axis": "y", "origin": [8.75, 0, 8]},
			"faces": {
				"east": {"uv": [0, 0, 1, 1], "texture": "#0"},
				"up": {"uv": [0, 0, 1, 1], "texture": "#0"},
				"down": {"uv": [0, 0, 1, 1], "texture": "#0", "cullface": "down"}
			}
		},
		{
			"name": "hexadecagon",
			"from": [7.87071, 10.5, 7.35],
			"to": [8.12929, 11, 7.55],
			"rotation": {"angle": -45, "axis": "y", "origin": [8, 11, 8]},
			"faces": {
				"north": {"uv": [0, 0, 1, 1], "texture": "#0"},
				"south": {"uv": [0, 0, 1, 1], "texture": "#0"},
				"up": {"uv": [0, 0, 1, 1], "texture": "#0"},
				"down": {"uv": [0, 0, 1, 1], "texture": "#0"}
			}
		},
		{
			"name": "hexadecagon",
			"from": [7.87071, 10.5, 7.35],
			"to": [8.12929, 11, 7.55],
			"rotation": {"angle": -22.5, "axis": "y", "origin": [8, 11, 8]},
			"faces": {
				"north": {"uv": [0, 0, 1, 1], "texture": "#0"},
				"south": {"uv": [0, 0, 1, 1], "texture": "#0"},
				"up": {"uv": [0, 0, 1, 1], "texture": "#0"},
				"down": {"uv": [0, 0, 1, 1], "texture": "#0"}
			}
		},
		{
			"name": "hexadecagon",
			"from": [7.87071, 10.5, 7.35],
			"to": [8.12929, 11, 7.55],
			"rotation": {"angle": 0, "axis": "y", "origin": [8, 11, 8]},
			"faces": {
				"north": {"uv": [0, 0, 1, 1], "texture": "#0"},
				"south": {"uv": [0, 0, 1, 1], "texture": "#0"},
				"up": {"uv": [0, 0, 1, 1], "texture": "#0"},
				"down": {"uv": [0, 0, 1, 1], "texture": "#0"}
			}
		},
		{
			"name": "hexadecagon",
			"from": [7.87071, 10.5, 7.35],
			"to": [8.12929, 11, 7.55],
			"rotation": {"angle": 22.5, "axis": "y", "origin": [8, 11, 8]},
			"faces": {
				"north": {"uv": [0, 0, 1, 1], "texture": "#0"},
				"south": {"uv": [0, 0, 1, 1], "texture": "#0"},
				"up": {"uv": [0, 0, 1, 1], "texture": "#0"},
				"down": {"uv": [0, 0, 1, 1], "texture": "#0"}
			}
		},
		{
			"name": "hexadecagon",
			"from": [7.87071, 10.5, 7.35],
			"to": [8.12929, 11, 7.55],
			"rotation": {"angle": 45, "axis": "y", "origin": [8, 11, 8]},
			"faces": {
				"north": {"uv": [0, 0, 1, 1], "texture": "#0"},
				"south": {"uv": [0, 0, 1, 1], "texture": "#0"},
				"up": {"uv": [0, 0, 1, 1], "texture": "#0"},
				"down": {"uv": [0, 0, 1, 1], "texture": "#0"}
			}
		},
		{
			"name": "hexadecagon",
			"from": [7.87071, 10.5, 8.45],
			"to": [8.12929, 11, 8.65],
			"rotation": {"angle": -45, "axis": "y", "origin": [8, 11, 8]},
			"faces": {
				"north": {"uv": [0, 0, 1, 1], "texture": "#0"},
				"south": {"uv": [0, 0, 1, 1], "texture": "#0"},
				"up": {"uv": [0, 0, 1, 1], "texture": "#0"},
				"down": {"uv": [0, 0, 1, 1], "texture": "#0"}
			}
		},
		{
			"name": "hexadecagon",
			"from": [7.87071, 10.5, 8.45],
			"to": [8.12929, 11, 8.65],
			"rotation": {"angle": -22.5, "axis": "y", "origin": [8, 11, 8]},
			"faces": {
				"north": {"uv": [0, 0, 1, 1], "texture": "#0"},
				"south": {"uv": [0, 0, 1, 1], "texture": "#0"},
				"up": {"uv": [0, 0, 1, 1], "texture": "#0"},
				"down": {"uv": [0, 0, 1, 1], "texture": "#0"}
			}
		},
		{
			"name": "hexadecagon",
			"from": [7.87071, 10.5, 8.45],
			"to": [8.12929, 11, 8.65],
			"rotation": {"angle": 0, "axis": "y", "origin": [8, 11, 8]},
			"faces": {
				"north": {"uv": [0, 0, 1, 1], "texture": "#0"},
				"south": {"uv": [0, 0, 1, 1], "texture": "#0"},
				"up": {"uv": [0, 0, 1, 1], "texture": "#0"},
				"down": {"uv": [0, 0, 1, 1], "texture": "#0"}
			}
		},
		{
			"name": "hexadecagon",
			"from": [7.87071, 10.5, 8.45],
			"to": [8.12929, 11, 8.65],
			"rotation": {"angle": 22.5, "axis": "y", "origin": [8, 11, 8]},
			"faces": {
				"north": {"uv": [0, 0, 1, 1], "texture": "#0"},
				"south": {"uv": [0, 0, 1, 1], "texture": "#0"},
				"up": {"uv": [0, 0, 1, 1], "texture": "#0"},
				"down": {"uv": [0, 0, 1, 1], "texture": "#0"}
			}
		},
		{
			"name": "hexadecagon",
			"from": [7.87071, 10.5, 8.45],
			"to": [8.12929, 11, 8.65],
			"rotation": {"angle": 45, "axis": "y", "origin": [8, 11, 8]},
			"faces": {
				"north": {"uv": [0, 0, 1, 1], "texture": "#0"},
				"south": {"uv": [0, 0, 1, 1], "texture": "#0"},
				"up": {"uv": [0, 0, 1, 1], "texture": "#0"},
				"down": {"uv": [0, 0, 1, 1], "texture": "#0"}
			}
		},
		{
			"name": "hexadecagon",
			"from": [7.35, 10.5, 7.87071],
			"to": [7.55, 11, 8.12929],
			"rotation": {"angle": -22.5, "axis": "y", "origin": [8, 11, 8]},
			"faces": {
				"east": {"uv": [0, 0, 1, 1], "texture": "#0"},
				"west": {"uv": [0, 0, 1, 1], "texture": "#0"},
				"up": {"uv": [0, 0, 1, 1], "texture": "#0"},
				"down": {"uv": [0, 0, 1, 1], "texture": "#0"}
			}
		},
		{
			"name": "hexadecagon",
			"from": [7.35, 10.5, 7.87071],
			"to": [7.55, 11, 8.12929],
			"rotation": {"angle": 0, "axis": "y", "origin": [8, 11, 8]},
			"faces": {
				"east": {"uv": [0, 0, 1, 1], "texture": "#0"},
				"west": {"uv": [0, 0, 1, 1], "texture": "#0"},
				"up": {"uv": [0, 0, 1, 1], "texture": "#0"},
				"down": {"uv": [0, 0, 1, 1], "texture": "#0"}
			}
		},
		{
			"name": "hexadecagon",
			"from": [7.35, 10.5, 7.87071],
			"to": [7.55, 11, 8.12929],
			"rotation": {"angle": 22.5, "axis": "y", "origin": [8, 11, 8]},
			"faces": {
				"east": {"uv": [0, 0, 1, 1], "texture": "#0"},
				"west": {"uv": [0, 0, 1, 1], "texture": "#0"},
				"up": {"uv": [0, 0, 1, 1], "texture": "#0"},
				"down": {"uv": [0, 0, 1, 1], "texture": "#0"}
			}
		},
		{
			"name": "hexadecagon",
			"from": [8.45, 10.5, 7.87071],
			"to": [8.65, 11, 8.12929],
			"rotation": {"angle": -22.5, "axis": "y", "origin": [8, 11, 8]},
			"faces": {
				"east": {"uv": [0, 0, 1, 1], "texture": "#0"},
				"west": {"uv": [0, 0, 1, 1], "texture": "#0"},
				"up": {"uv": [0, 0, 1, 1], "texture": "#0"},
				"down": {"uv": [0, 0, 1, 1], "texture": "#0"}
			}
		},
		{
			"name": "hexadecagon",
			"from": [8.45, 10.5, 7.87071],
			"to": [8.65, 11, 8.12929],
			"rotation": {"angle": 0, "axis": "y", "origin": [8, 11, 8]},
			"faces": {
				"east": {"uv": [0, 0, 1, 1], "texture": "#0"},
				"west": {"uv": [0, 0, 1, 1], "texture": "#0"},
				"up": {"uv": [0, 0, 1, 1], "texture": "#0"},
				"down": {"uv": [0, 0, 1, 1], "texture": "#0"}
			}
		},
		{
			"name": "hexadecagon",
			"from": [8.45, 10.5, 7.87071],
			"to": [8.65, 11, 8.12929],
			"rotation": {"angle": 22.5, "axis": "y", "origin": [8, 11, 8]},
			"faces": {
				"east": {"uv": [0, 0, 1, 1], "texture": "#0"},
				"west": {"uv": [0, 0, 1, 1], "texture": "#0"},
				"up": {"uv": [0, 0, 1, 1], "texture": "#0"},
				"down": {"uv": [0, 0, 1, 1], "texture": "#0"}
			}
		},
		{
			"name": "hexadecagon",
			"from": [8.30109, 6.5, 7],
			"to": [8.69891, 7, 7.75],
			"rotation": {"angle": -45, "axis": "y", "origin": [8.5, 6.5, 8]},
			"faces": {
				"north": {"uv": [0, 0, 1, 1], "texture": "#0"},
				"up": {"uv": [0, 0, 1, 1], "texture": "#0"},
				"down": {"uv": [0, 0, 1, 1], "texture": "#0"}
			}
		},
		{
			"name": "hexadecagon",
			"from": [8.30109, 6.5, 7],
			"to": [8.69891, 7, 7.75],
			"rotation": {"angle": -22.5, "axis": "y", "origin": [8.5, 6.5, 8]},
			"faces": {
				"north": {"uv": [0, 0, 1, 1], "texture": "#0"},
				"up": {"uv": [0, 0, 1, 1], "texture": "#0"},
				"down": {"uv": [0, 0, 1, 1], "texture": "#0"}
			}
		},
		{
			"name": "hexadecagon",
			"from": [7.30109, 6.5, 7],
			"to": [7.69891, 7, 7.75],
			"rotation": {"angle": 22.5, "axis": "y", "origin": [7.5, 6.5, 8]},
			"faces": {
				"north": {"uv": [0, 0, 1, 1], "texture": "#0"},
				"up": {"uv": [0, 0, 1, 1], "texture": "#0"},
				"down": {"uv": [0, 0, 1, 1], "texture": "#0"}
			}
		},
		{
			"name": "hexadecagon",
			"from": [7.30109, 6.5, 7],
			"to": [7.69891, 7, 7.75],
			"rotation": {"angle": 45, "axis": "y", "origin": [7.5, 6.5, 8]},
			"faces": {
				"north": {"uv": [0, 0, 1, 1], "texture": "#0"},
				"up": {"uv": [0, 0, 1, 1], "texture": "#0"},
				"down": {"uv": [0, 0, 1, 1], "texture": "#0"}
			}
		},
		{
			"name": "hexadecagon",
			"from": [7.30109, 6.5, 8.25],
			"to": [7.69891, 7, 9],
			"rotation": {"angle": -45, "axis": "y", "origin": [7.5, 6.5, 8]},
			"faces": {
				"south": {"uv": [0, 0, 1, 1], "texture": "#0"},
				"up": {"uv": [0, 0, 1, 1], "texture": "#0"},
				"down": {"uv": [0, 0, 1, 1], "texture": "#0"}
			}
		},
		{
			"name": "hexadecagon",
			"from": [7.30109, 6.5, 8.25],
			"to": [7.69891, 7, 9],
			"rotation": {"angle": -22.5, "axis": "y", "origin": [7.5, 6.5, 8]},
			"faces": {
				"south": {"uv": [0, 0, 1, 1], "texture": "#0"},
				"up": {"uv": [0, 0, 1, 1], "texture": "#0"},
				"down": {"uv": [0, 0, 1, 1], "texture": "#0"}
			}
		},
		{
			"name": "hexadecagon",
			"from": [7.30109, 6.5, 7],
			"to": [8.69891, 7, 9],
			"rotation": {"angle": 0, "axis": "y", "origin": [8, 6.5, 8]},
			"faces": {
				"north": {"uv": [0, 0, 1, 1], "texture": "#0"},
				"south": {"uv": [0, 0, 1, 1], "texture": "#0"},
				"up": {"uv": [0, 0, 1, 1], "texture": "#0"}
			}
		},
		{
			"name": "hexadecagon",
			"from": [8.30109, 6.5, 8.25],
			"to": [8.69891, 7, 9],
			"rotation": {"angle": 22.5, "axis": "y", "origin": [8.5, 6.5, 8]},
			"faces": {
				"south": {"uv": [0, 0, 1, 1], "texture": "#0"},
				"up": {"uv": [0, 0, 1, 1], "texture": "#0"},
				"down": {"uv": [0, 0, 1, 1], "texture": "#0"}
			}
		},
		{
			"name": "hexadecagon",
			"from": [8.30109, 6.5, 8.25],
			"to": [8.69891, 7, 9],
			"rotation": {"angle": 45, "axis": "y", "origin": [8.5, 6.5, 8]},
			"faces": {
				"south": {"uv": [0, 0, 1, 1], "texture": "#0"},
				"up": {"uv": [0, 0, 1, 1], "texture": "#0"},
				"down": {"uv": [0, 0, 1, 1], "texture": "#0"}
			}
		},
		{
			"name": "hexadecagon",
			"from": [6.5, 6.5, 7.80109],
			"to": [7.25, 7, 8.19891],
			"rotation": {"angle": -22.5, "axis": "y", "origin": [7.5, 6.5, 8]},
			"faces": {
				"west": {"uv": [0, 0, 1, 1], "texture": "#0"},
				"up": {"uv": [0, 0, 1, 1], "texture": "#0"},
				"down": {"uv": [0, 0, 1, 1], "texture": "#0"}
			}
		},
		{
			"name": "hexadecagon",
			"from": [6.5, 6.5, 7.80109],
			"to": [9.5, 7, 8.19891],
			"rotation": {"angle": 0, "axis": "y", "origin": [7.5, 6.5, 8]},
			"faces": {
				"east": {"uv": [0, 0, 1, 1], "texture": "#0"},
				"west": {"uv": [0, 0, 1, 1], "texture": "#0"},
				"up": {"uv": [0, 0, 1, 1], "texture": "#0"}
			}
		},
		{
			"name": "hexadecagon",
			"from": [6.5, 6.5, 7.80109],
			"to": [7.25, 7, 8.19891],
			"rotation": {"angle": 22.5, "axis": "y", "origin": [7.5, 6.5, 8]},
			"faces": {
				"west": {"uv": [0, 0, 1, 1], "texture": "#0"},
				"up": {"uv": [0, 0, 1, 1], "texture": "#0"},
				"down": {"uv": [0, 0, 1, 1], "texture": "#0"}
			}
		},
		{
			"name": "hexadecagon",
			"from": [8.75, 6.5, 7.80109],
			"to": [9.5, 7, 8.19891],
			"rotation": {"angle": -22.5, "axis": "y", "origin": [8.5, 6.5, 8]},
			"faces": {
				"east": {"uv": [0, 0, 1, 1], "texture": "#0"},
				"up": {"uv": [0, 0, 1, 1], "texture": "#0"},
				"down": {"uv": [0, 0, 1, 1], "texture": "#0"}
			}
		},
		{
			"name": "hexadecagon",
			"from": [8.75, 6.5, 7.80109],
			"to": [9.5, 7, 8.19891],
			"rotation": {"angle": 22.5, "axis": "y", "origin": [8.5, 6.5, 8]},
			"faces": {
				"east": {"uv": [0, 0, 1, 1], "texture": "#0"},
				"up": {"uv": [0, 0, 1, 1], "texture": "#0"},
				"down": {"uv": [0, 0, 1, 1], "texture": "#0"}
			}
		},
		{
			"name": "hexadecagon",
			"from": [8.35218, 3.5, 6],
			"to": [9.14782, 4.5, 7.8],
			"rotation": {"angle": -45, "axis": "y", "origin": [8.75, 4.5, 8]},
			"faces": {
				"north": {"uv": [0, 0, 1, 1], "texture": "#0"},
				"up": {"uv": [0, 0, 1, 1], "texture": "#0"},
				"down": {"uv": [0, 0, 1, 1], "texture": "#0"}
			}
		},
		{
			"name": "hexadecagon",
			"from": [8.35218, 3.5, 6],
			"to": [9.14782, 4.5, 7.8],
			"rotation": {"angle": -22.5, "axis": "y", "origin": [8.75, 4.5, 8]},
			"faces": {
				"north": {"uv": [0, 0, 1, 1], "texture": "#0"},
				"up": {"uv": [0, 0, 1, 1], "texture": "#0"},
				"down": {"uv": [0, 0, 1, 1], "texture": "#0"}
			}
		},
		{
			"name": "hexadecagon",
			"from": [6.85218, 3.5, 6],
			"to": [9.14782, 4.5, 10],
			"rotation": {"angle": 0, "axis": "y", "origin": [8, 4.5, 8]},
			"faces": {
				"north": {"uv": [0, 0, 1, 1], "texture": "#0"},
				"south": {"uv": [0, 0, 1, 1], "texture": "#0"},
				"up": {"uv": [0, 0, 1, 1], "texture": "#0"},
				"down": {"uv": [0, 0, 1, 1], "texture": "#0"}
			}
		},
		{
			"name": "hexadecagon",
			"from": [6.85218, 3.5, 6],
			"to": [7.64782, 4.5, 7.8],
			"rotation": {"angle": 22.5, "axis": "y", "origin": [7.25, 4.5, 8]},
			"faces": {
				"north": {"uv": [0, 0, 1, 1], "texture": "#0"},
				"up": {"uv": [0, 0, 1, 1], "texture": "#0"},
				"down": {"uv": [0, 0, 1, 1], "texture": "#0"}
			}
		},
		{
			"name": "hexadecagon",
			"from": [6.85218, 3.5, 6],
			"to": [7.64782, 4.5, 7.8],
			"rotation": {"angle": 45, "axis": "y", "origin": [7.25, 4.5, 8]},
			"faces": {
				"north": {"uv": [0, 0, 1, 1], "texture": "#0"},
				"up": {"uv": [0, 0, 1, 1], "texture": "#0"},
				"down": {"uv": [0, 0, 1, 1], "texture": "#0"}
			}
		},
		{
			"name": "hexadecagon",
			"from": [6.85218, 3.5, 8.2],
			"to": [7.64782, 4.5, 10],
			"rotation": {"angle": -45, "axis": "y", "origin": [7.25, 4.5, 8]},
			"faces": {
				"south": {"uv": [0, 0, 1, 1], "texture": "#0"},
				"up": {"uv": [0, 0, 1, 1], "texture": "#0"},
				"down": {"uv": [0, 0, 1, 1], "texture": "#0"}
			}
		},
		{
			"name": "hexadecagon",
			"from": [6.85218, 3.5, 8.2],
			"to": [7.64782, 4.5, 10],
			"rotation": {"angle": -22.5, "axis": "y", "origin": [7.25, 4.5, 8]},
			"faces": {
				"south": {"uv": [0, 0, 1, 1], "texture": "#0"},
				"up": {"uv": [0, 0, 1, 1], "texture": "#0"},
				"down": {"uv": [0, 0, 1, 1], "texture": "#0"}
			}
		},
		{
			"name": "hexadecagon",
			"from": [8.35218, 3.5, 8.2],
			"to": [9.14782, 4.5, 10],
			"rotation": {"angle": 22.5, "axis": "y", "origin": [8.75, 4.5, 8]},
			"faces": {
				"south": {"uv": [0, 0, 1, 1], "texture": "#0"},
				"up": {"uv": [0, 0, 1, 1], "texture": "#0"},
				"down": {"uv": [0, 0, 1, 1], "texture": "#0"}
			}
		},
		{
			"name": "hexadecagon",
			"from": [8.35218, 3.5, 8.2],
			"to": [9.14782, 4.5, 10],
			"rotation": {"angle": 45, "axis": "y", "origin": [8.75, 4.5, 8]},
			"faces": {
				"south": {"uv": [0, 0, 1, 1], "texture": "#0"},
				"up": {"uv": [0, 0, 1, 1], "texture": "#0"},
				"down": {"uv": [0, 0, 1, 1], "texture": "#0"}
			}
		},
		{
			"name": "hexadecagon",
			"from": [5.25, 3.5, 7.60218],
			"to": [7.05, 4.5, 8.39782],
			"rotation": {"angle": -22.5, "axis": "y", "origin": [7.25, 4.5, 8]},
			"faces": {
				"west": {"uv": [0, 0, 1, 1], "texture": "#0"},
				"up": {"uv": [0, 0, 1, 1], "texture": "#0"},
				"down": {"uv": [0, 0, 1, 1], "texture": "#0"}
			}
		},
		{
			"name": "hexadecagon",
			"from": [5.25, 3.5, 7.60218],
			"to": [7.05, 4.5, 8.39782],
			"rotation": {"angle": 0, "axis": "y", "origin": [7.25, 4.5, 8]},
			"faces": {
				"west": {"uv": [0, 0, 1, 1], "texture": "#0"},
				"up": {"uv": [0, 0, 1, 1], "texture": "#0"},
				"down": {"uv": [0, 0, 1, 1], "texture": "#0"}
			}
		},
		{
			"name": "hexadecagon",
			"from": [5.25, 3.5, 7.60218],
			"to": [7.05, 4.5, 8.39782],
			"rotation": {"angle": 22.5, "axis": "y", "origin": [7.25, 4.5, 8]},
			"faces": {
				"west": {"uv": [0, 0, 1, 1], "texture": "#0"},
				"up": {"uv": [0, 0, 1, 1], "texture": "#0"},
				"down": {"uv": [0, 0, 1, 1], "texture": "#0"}
			}
		},
		{
			"name": "hexadecagon",
			"from": [8.95, 3.5, 7.60218],
			"to": [10.75, 4.5, 8.39782],
			"rotation": {"angle": -22.5, "axis": "y", "origin": [8.75, 4.5, 8]},
			"faces": {
				"east": {"uv": [0, 0, 1, 1], "texture": "#0"},
				"up": {"uv": [0, 0, 1, 1], "texture": "#0"},
				"down": {"uv": [0, 0, 1, 1], "texture": "#0"}
			}
		},
		{
			"name": "hexadecagon",
			"from": [8.95, 3.5, 7.60218],
			"to": [10.75, 4.5, 8.39782],
			"rotation": {"angle": 0, "axis": "y", "origin": [8.75, 4.5, 8]},
			"faces": {
				"east": {"uv": [0, 0, 1, 1], "texture": "#0"},
				"up": {"uv": [0, 0, 1, 1], "texture": "#0"},
				"down": {"uv": [0, 0, 1, 1], "texture": "#0"}
			}
		},
		{
			"name": "hexadecagon",
			"from": [8.95, 3.5, 7.60218],
			"to": [10.75, 4.5, 8.39782],
			"rotation": {"angle": 22.5, "axis": "y", "origin": [8.75, 4.5, 8]},
			"faces": {
				"east": {"uv": [0, 0, 1, 1], "texture": "#0"},
				"up": {"uv": [0, 0, 1, 1], "texture": "#0"},
				"down": {"uv": [0, 0, 1, 1], "texture": "#0"}
			}
		},
		{
			"name": "hexadecagon",
			"from": [8.39196, 4.5, 6.2],
			"to": [9.10804, 5.5, 7.9],
			"rotation": {"angle": -45, "axis": "y", "origin": [8.75, 5, 8]},
			"faces": {
				"north": {"uv": [0, 0, 1, 1], "texture": "#0"},
				"up": {"uv": [0, 0, 1, 1], "texture": "#0"},
				"down": {"uv": [0, 0, 1, 1], "texture": "#0"}
			}
		},
		{
			"name": "hexadecagon",
			"from": [8.39196, 4.5, 6.2],
			"to": [9.10804, 5.5, 7.9],
			"rotation": {"angle": -22.5, "axis": "y", "origin": [8.75, 5, 8]},
			"faces": {
				"north": {"uv": [0, 0, 1, 1], "texture": "#0"},
				"up": {"uv": [0, 0, 1, 1], "texture": "#0"},
				"down": {"uv": [0, 0, 1, 1], "texture": "#0"}
			}
		},
		{
			"name": "hexadecagon",
			"from": [6.89196, 4.5, 6.2],
			"to": [9.10804, 5.5, 9.8],
			"rotation": {"angle": 0, "axis": "y", "origin": [8, 5, 8]},
			"faces": {
				"north": {"uv": [0, 0, 1, 1], "texture": "#0"},
				"south": {"uv": [0, 0, 1, 1], "texture": "#0"},
				"up": {"uv": [0, 0, 1, 1], "texture": "#0"}
			}
		},
		{
			"name": "hexadecagon",
			"from": [6.89196, 4.5, 6.2],
			"to": [7.60804, 5.5, 7.9],
			"rotation": {"angle": 22.5, "axis": "y", "origin": [7.25, 5, 8]},
			"faces": {
				"north": {"uv": [0, 0, 1, 1], "texture": "#0"},
				"up": {"uv": [0, 0, 1, 1], "texture": "#0"},
				"down": {"uv": [0, 0, 1, 1], "texture": "#0"}
			}
		},
		{
			"name": "hexadecagon",
			"from": [6.89196, 4.5, 6.2],
			"to": [7.60804, 5.5, 7.9],
			"rotation": {"angle": 45, "axis": "y", "origin": [7.25, 5, 8]},
			"faces": {
				"north": {"uv": [0, 0, 1, 1], "texture": "#0"},
				"up": {"uv": [0, 0, 1, 1], "texture": "#0"},
				"down": {"uv": [0, 0, 1, 1], "texture": "#0"}
			}
		},
		{
			"name": "hexadecagon",
			"from": [6.89196, 4.5, 8.1],
			"to": [7.60804, 5.5, 9.8],
			"rotation": {"angle": -45, "axis": "y", "origin": [7.25, 5, 8]},
			"faces": {
				"south": {"uv": [0, 0, 1, 1], "texture": "#0"},
				"up": {"uv": [0, 0, 1, 1], "texture": "#0"},
				"down": {"uv": [0, 0, 1, 1], "texture": "#0"}
			}
		},
		{
			"name": "hexadecagon",
			"from": [6.89196, 4.5, 8.1],
			"to": [7.60804, 5.5, 9.8],
			"rotation": {"angle": -22.5, "axis": "y", "origin": [7.25, 5, 8]},
			"faces": {
				"south": {"uv": [0, 0, 1, 1], "texture": "#0"},
				"up": {"uv": [0, 0, 1, 1], "texture": "#0"},
				"down": {"uv": [0, 0, 1, 1], "texture": "#0"}
			}
		},
		{
			"name": "hexadecagon",
			"from": [8.39196, 4.5, 8.1],
			"to": [9.10804, 5.5, 9.8],
			"rotation": {"angle": 22.5, "axis": "y", "origin": [8.75, 5, 8]},
			"faces": {
				"south": {"uv": [0, 0, 1, 1], "texture": "#0"},
				"up": {"uv": [0, 0, 1, 1], "texture": "#0"},
				"down": {"uv": [0, 0, 1, 1], "texture": "#0"}
			}
		},
		{
			"name": "hexadecagon",
			"from": [8.39196, 4.5, 8.1],
			"to": [9.10804, 5.5, 9.8],
			"rotation": {"angle": 45, "axis": "y", "origin": [8.75, 5, 8]},
			"faces": {
				"south": {"uv": [0, 0, 1, 1], "texture": "#0"},
				"up": {"uv": [0, 0, 1, 1], "texture": "#0"},
				"down": {"uv": [0, 0, 1, 1], "texture": "#0"}
			}
		},
		{
			"name": "hexadecagon",
			"from": [5.45, 4.5, 7.64196],
			"to": [7.15, 5.5, 8.35804],
			"rotation": {"angle": -22.5, "axis": "y", "origin": [7.25, 5, 8]},
			"faces": {
				"west": {"uv": [0, 0, 1, 1], "texture": "#0"},
				"up": {"uv": [0, 0, 1, 1], "texture": "#0"},
				"down": {"uv": [0, 0, 1, 1], "texture": "#0"}
			}
		},
		{
			"name": "hexadecagon",
			"from": [5.45, 4.5, 7.64196],
			"to": [7.15, 5.5, 8.35804],
			"rotation": {"angle": 0, "axis": "y", "origin": [7.25, 5, 8]},
			"faces": {
				"west": {"uv": [0, 0, 1, 1], "texture": "#0"},
				"up": {"uv": [0, 0, 1, 1], "texture": "#0"}
			}
		},
		{
			"name": "hexadecagon",
			"from": [5.45, 4.5, 7.64196],
			"to": [7.15, 5.5, 8.35804],
			"rotation": {"angle": 22.5, "axis": "y", "origin": [7.25, 5, 8]},
			"faces": {
				"west": {"uv": [0, 0, 1, 1], "texture": "#0"},
				"up": {"uv": [0, 0, 1, 1], "texture": "#0"},
				"down": {"uv": [0, 0, 1, 1], "texture": "#0"}
			}
		},
		{
			"name": "hexadecagon",
			"from": [8.85, 4.5, 7.64196],
			"to": [10.55, 5.5, 8.35804],
			"rotation": {"angle": -22.5, "axis": "y", "origin": [8.75, 5, 8]},
			"faces": {
				"east": {"uv": [0, 0, 1, 1], "texture": "#0"},
				"up": {"uv": [0, 0, 1, 1], "texture": "#0"},
				"down": {"uv": [0, 0, 1, 1], "texture": "#0"}
			}
		},
		{
			"name": "hexadecagon",
			"from": [8.85, 4.5, 7.64196],
			"to": [10.55, 5.5, 8.35804],
			"rotation": {"angle": 0, "axis": "y", "origin": [8.75, 5, 8]},
			"faces": {
				"east": {"uv": [0, 0, 1, 1], "texture": "#0"},
				"up": {"uv": [0, 0, 1, 1], "texture": "#0"}
			}
		},
		{
			"name": "hexadecagon",
			"from": [8.85, 4.5, 7.64196],
			"to": [10.55, 5.5, 8.35804],
			"rotation": {"angle": 22.5, "axis": "y", "origin": [8.75, 5, 8]},
			"faces": {
				"east": {"uv": [0, 0, 1, 1], "texture": "#0"},
				"up": {"uv": [0, 0, 1, 1], "texture": "#0"},
				"down": {"uv": [0, 0, 1, 1], "texture": "#0"}
			}
		},
		{
			"name": "hexadecagon",
			"from": [8.48147, 5.5, 6.65],
			"to": [9.01853, 6.5, 7.95],
			"rotation": {"angle": -45, "axis": "y", "origin": [8.75, 6, 8]},
			"faces": {
				"north": {"uv": [0, 0, 1, 1], "texture": "#0"},
				"up": {"uv": [0, 0, 1, 1], "texture": "#0"},
				"down": {"uv": [0, 0, 1, 1], "texture": "#0"}
			}
		},
		{
			"name": "hexadecagon",
			"from": [8.48147, 5.5, 6.65],
			"to": [9.01853, 6.5, 7.95],
			"rotation": {"angle": -22.5, "axis": "y", "origin": [8.75, 6, 8]},
			"faces": {
				"north": {"uv": [0, 0, 1, 1], "texture": "#0"},
				"up": {"uv": [0, 0, 1, 1], "texture": "#0"},
				"down": {"uv": [0, 0, 1, 1], "texture": "#0"}
			}
		},
		{
			"name": "hexadecagon",
			"from": [6.98147, 5.5, 6.65],
			"to": [9.01853, 6.5, 9.35],
			"rotation": {"angle": 0, "axis": "y", "origin": [8, 6, 8]},
			"faces": {
				"north": {"uv": [0, 0, 1, 1], "texture": "#0"},
				"south": {"uv": [0, 0, 1, 1], "texture": "#0"},
				"up": {"uv": [0, 0, 1, 1], "texture": "#0"}
			}
		},
		{
			"name": "hexadecagon",
			"from": [6.98147, 5.5, 6.65],
			"to": [7.51853, 6.5, 7.95],
			"rotation": {"angle": 22.5, "axis": "y", "origin": [7.25, 6, 8]},
			"faces": {
				"north": {"uv": [0, 0, 1, 1], "texture": "#0"},
				"up": {"uv": [0, 0, 1, 1], "texture": "#0"},
				"down": {"uv": [0, 0, 1, 1], "texture": "#0"}
			}
		},
		{
			"name": "hexadecagon",
			"from": [6.98147, 5.5, 6.65],
			"to": [7.51853, 6.5, 7.95],
			"rotation": {"angle": 45, "axis": "y", "origin": [7.25, 6, 8]},
			"faces": {
				"north": {"uv": [0, 0, 1, 1], "texture": "#0"},
				"up": {"uv": [0, 0, 1, 1], "texture": "#0"},
				"down": {"uv": [0, 0, 1, 1], "texture": "#0"}
			}
		},
		{
			"name": "hexadecagon",
			"from": [6.98147, 5.5, 8.05],
			"to": [7.51853, 6.5, 9.35],
			"rotation": {"angle": -45, "axis": "y", "origin": [7.25, 6, 8]},
			"faces": {
				"south": {"uv": [0, 0, 1, 1], "texture": "#0"},
				"up": {"uv": [0, 0, 1, 1], "texture": "#0"},
				"down": {"uv": [0, 0, 1, 1], "texture": "#0"}
			}
		},
		{
			"name": "hexadecagon",
			"from": [6.98147, 5.5, 8.05],
			"to": [7.51853, 6.5, 9.35],
			"rotation": {"angle": -22.5, "axis": "y", "origin": [7.25, 6, 8]},
			"faces": {
				"south": {"uv": [0, 0, 1, 1], "texture": "#0"},
				"up": {"uv": [0, 0, 1, 1], "texture": "#0"},
				"down": {"uv": [0, 0, 1, 1], "texture": "#0"}
			}
		},
		{
			"name": "hexadecagon",
			"from": [8.48147, 5.5, 8.05],
			"to": [9.01853, 6.5, 9.35],
			"rotation": {"angle": 22.5, "axis": "y", "origin": [8.75, 6, 8]},
			"faces": {
				"south": {"uv": [0, 0, 1, 1], "texture": "#0"},
				"up": {"uv": [0, 0, 1, 1], "texture": "#0"},
				"down": {"uv": [0, 0, 1, 1], "texture": "#0"}
			}
		},
		{
			"name": "hexadecagon",
			"from": [8.48147, 5.5, 8.05],
			"to": [9.01853, 6.5, 9.35],
			"rotation": {"angle": 45, "axis": "y", "origin": [8.75, 6, 8]},
			"faces": {
				"south": {"uv": [0, 0, 1, 1], "texture": "#0"},
				"up": {"uv": [0, 0, 1, 1], "texture": "#0"},
				"down": {"uv": [0, 0, 1, 1], "texture": "#0"}
			}
		},
		{
			"name": "hexadecagon",
			"from": [5.9, 5.5, 7.73147],
			"to": [7.2, 6.5, 8.26853],
			"rotation": {"angle": -22.5, "axis": "y", "origin": [7.25, 6, 8]},
			"faces": {
				"west": {"uv": [0, 0, 1, 1], "texture": "#0"},
				"up": {"uv": [0, 0, 1, 1], "texture": "#0"},
				"down": {"uv": [0, 0, 1, 1], "texture": "#0"}
			}
		},
		{
			"name": "hexadecagon",
			"from": [5.9, 5.5, 7.73147],
			"to": [7.2, 6.5, 8.26853],
			"rotation": {"angle": 0, "axis": "y", "origin": [7.25, 6, 8]},
			"faces": {
				"west": {"uv": [0, 0, 1, 1], "texture": "#0"},
				"up": {"uv": [0, 0, 1, 1], "texture": "#0"}
			}
		},
		{
			"name": "hexadecagon",
			"from": [5.9, 5.5, 7.73147],
			"to": [7.2, 6.5, 8.26853],
			"rotation": {"angle": 22.5, "axis": "y", "origin": [7.25, 6, 8]},
			"faces": {
				"west": {"uv": [0, 0, 1, 1], "texture": "#0"},
				"up": {"uv": [0, 0, 1, 1], "texture": "#0"},
				"down": {"uv": [0, 0, 1, 1], "texture": "#0"}
			}
		},
		{
			"name": "hexadecagon",
			"from": [8.8, 5.5, 7.73147],
			"to": [10.1, 6.5, 8.26853],
			"rotation": {"angle": -22.5, "axis": "y", "origin": [8.75, 6, 8]},
			"faces": {
				"east": {"uv": [0, 0, 1, 1], "texture": "#0"},
				"up": {"uv": [0, 0, 1, 1], "texture": "#0"},
				"down": {"uv": [0, 0, 1, 1], "texture": "#0"}
			}
		},
		{
			"name": "hexadecagon",
			"from": [8.8, 5.5, 7.73147],
			"to": [10.1, 6.5, 8.26853],
			"rotation": {"angle": 0, "axis": "y", "origin": [8.75, 6, 8]},
			"faces": {
				"east": {"uv": [0, 0, 1, 1], "texture": "#0"},
				"up": {"uv": [0, 0, 1, 1], "texture": "#0"}
			}
		},
		{
			"name": "hexadecagon",
			"from": [8.8, 5.5, 7.73147],
			"to": [10.1, 6.5, 8.26853],
			"rotation": {"angle": 22.5, "axis": "y", "origin": [8.75, 6, 8]},
			"faces": {
				"east": {"uv": [0, 0, 1, 1], "texture": "#0"},
				"up": {"uv": [0, 0, 1, 1], "texture": "#0"},
				"down": {"uv": [0, 0, 1, 1], "texture": "#0"}
			}
		},
		{
			"name": "hexadecagon",
			"from": [7.90054, 8.75, 7.5],
			"to": [8.09946, 10.5, 8.5],
			"rotation": {"angle": -45, "axis": "y", "origin": [8, 9.25, 8]},
			"faces": {
				"north": {"uv": [0, 0, 1, 1], "texture": "#0"},
				"south": {"uv": [0, 0, 1, 1], "texture": "#0"},
				"up": {"uv": [0, 0, 1, 1], "texture": "#0"}
			}
		},
		{
			"name": "hexadecagon",
			"from": [7.90054, 8.75, 7.5],
			"to": [8.09946, 10.5, 8.5],
			"rotation": {"angle": -22.5, "axis": "y", "origin": [8, 9.25, 8]},
			"faces": {
				"north": {"uv": [0, 0, 1, 1], "texture": "#0"},
				"south": {"uv": [0, 0, 1, 1], "texture": "#0"},
				"up": {"uv": [0, 0, 1, 1], "texture": "#0"}
			}
		},
		{
			"name": "hexadecagon",
			"from": [7.90054, 8.75, 7.5],
			"to": [8.09946, 10.5, 8.5],
			"rotation": {"angle": 0, "axis": "y", "origin": [8, 9.25, 8]},
			"faces": {
				"north": {"uv": [0, 0, 1, 1], "texture": "#0"},
				"south": {"uv": [0, 0, 1, 1], "texture": "#0"},
				"up": {"uv": [0, 0, 1, 1], "texture": "#0"}
			}
		},
		{
			"name": "hexadecagon",
			"from": [7.90054, 8.75, 7.5],
			"to": [8.09946, 10.5, 8.5],
			"rotation": {"angle": 22.5, "axis": "y", "origin": [8, 9.25, 8]},
			"faces": {
				"north": {"uv": [0, 0, 1, 1], "texture": "#0"},
				"south": {"uv": [0, 0, 1, 1], "texture": "#0"},
				"up": {"uv": [0, 0, 1, 1], "texture": "#0"}
			}
		},
		{
			"name": "hexadecagon",
			"from": [7.90054, 8.75, 7.5],
			"to": [8.09946, 10.5, 8.5],
			"rotation": {"angle": 45, "axis": "y", "origin": [8, 9.25, 8]},
			"faces": {
				"north": {"uv": [0, 0, 1, 1], "texture": "#0"},
				"south": {"uv": [0, 0, 1, 1], "texture": "#0"},
				"up": {"uv": [0, 0, 1, 1], "texture": "#0"}
			}
		},
		{
			"name": "hexadecagon",
			"from": [7.5, 8.75, 7.90054],
			"to": [8.5, 10.5, 8.09946],
			"rotation": {"angle": -22.5, "axis": "y", "origin": [8, 9.25, 8]},
			"faces": {
				"east": {"uv": [0, 0, 1, 1], "texture": "#0"},
				"west": {"uv": [0, 0, 1, 1], "texture": "#0"},
				"up": {"uv": [0, 0, 1, 1], "texture": "#0"}
			}
		},
		{
			"name": "hexadecagon",
			"from": [7.5, 8.75, 7.90054],
			"to": [8.5, 10.5, 8.09946],
			"rotation": {"angle": 0, "axis": "y", "origin": [8, 9.25, 8]},
			"faces": {
				"east": {"uv": [0, 0, 1, 1], "texture": "#0"},
				"west": {"uv": [0, 0, 1, 1], "texture": "#0"},
				"up": {"uv": [0, 0, 1, 1], "texture": "#0"}
			}
		},
		{
			"name": "hexadecagon",
			"from": [7.5, 8.75, 7.90054],
			"to": [8.5, 10.5, 8.09946],
			"rotation": {"angle": 22.5, "axis": "y", "origin": [8, 9.25, 8]},
			"faces": {
				"east": {"uv": [0, 0, 1, 1], "texture": "#0"},
				"west": {"uv": [0, 0, 1, 1], "texture": "#0"},
				"up": {"uv": [0, 0, 1, 1], "texture": "#0"}
			}
		},
		{
			"name": "hexadecagon",
			"from": [7.90054, 7, 7.4],
			"to": [8.09946, 8.75, 8.6],
			"rotation": {"angle": -45, "axis": "y", "origin": [8, 7.5, 8]},
			"faces": {
				"north": {"uv": [0, 0, 1, 1], "texture": "#0"},
				"east": {"uv": [0, 0, 1, 1], "texture": "#0"},
				"south": {"uv": [0, 0, 1, 1], "texture": "#0"},
				"west": {"uv": [0, 0, 1, 1], "texture": "#0"},
				"up": {"uv": [0, 0, 1, 1], "texture": "#0"},
				"down": {"uv": [0, 0, 1, 1], "texture": "#0"}
			}
		},
		{
			"name": "hexadecagon",
			"from": [7.90054, 7, 7.5],
			"to": [8.09946, 8.75, 8.5],
			"rotation": {"angle": -22.5, "axis": "y", "origin": [8, 7.5, 8]},
			"faces": {
				"north": {"uv": [0, 0, 1, 1], "texture": "#0"},
				"south": {"uv": [0, 0, 1, 1], "texture": "#0"},
				"down": {"uv": [0, 0, 1, 1], "texture": "#0"}
			}
		},
		{
			"name": "hexadecagon",
			"from": [7.90054, 7, 7.5],
			"to": [8.09946, 8.75, 8.5],
			"rotation": {"angle": 0, "axis": "y", "origin": [8, 7.5, 8]},
			"faces": {
				"north": {"uv": [0, 0, 1, 1], "texture": "#0"},
				"south": {"uv": [0, 0, 1, 1], "texture": "#0"}
			}
		},
		{
			"name": "hexadecagon",
			"from": [7.90054, 7, 7.5],
			"to": [8.09946, 8.75, 8.5],
			"rotation": {"angle": 22.5, "axis": "y", "origin": [8, 7.5, 8]},
			"faces": {
				"north": {"uv": [0, 0, 1, 1], "texture": "#0"},
				"south": {"uv": [0, 0, 1, 1], "texture": "#0"},
				"down": {"uv": [0, 0, 1, 1], "texture": "#0"}
			}
		},
		{
			"name": "hexadecagon",
			"from": [7.90054, 7, 7.4],
			"to": [8.09946, 8.75, 8.6],
			"rotation": {"angle": 45, "axis": "y", "origin": [8, 7.5, 8]},
			"faces": {
				"north": {"uv": [0, 0, 1, 1], "texture": "#0"},
				"east": {"uv": [0, 0, 1, 1], "texture": "#0"},
				"south": {"uv": [0, 0, 1, 1], "texture": "#0"},
				"west": {"uv": [0, 0, 1, 1], "texture": "#0"},
				"up": {"uv": [0, 0, 1, 1], "texture": "#0"},
				"down": {"uv": [0, 0, 1, 1], "texture": "#0"}
			}
		},
		{
			"name": "hexadecagon",
			"from": [7.5, 7, 7.90054],
			"to": [8.5, 8.75, 8.09946],
			"rotation": {"angle": -22.5, "axis": "y", "origin": [8, 7.5, 8]},
			"faces": {
				"east": {"uv": [0, 0, 1, 1], "texture": "#0"},
				"west": {"uv": [0, 0, 1, 1], "texture": "#0"},
				"down": {"uv": [0, 0, 1, 1], "texture": "#0"}
			}
		},
		{
			"name": "hexadecagon",
			"from": [7.4, 7, 7.90054],
			"to": [8.6, 8.75, 8.09946],
			"rotation": {"angle": 0, "axis": "y", "origin": [8, 7.5, 8]},
			"faces": {
				"north": {"uv": [0, 0, 1, 1], "texture": "#0"},
				"east": {"uv": [0, 0, 1, 1], "texture": "#0"},
				"south": {"uv": [0, 0, 1, 1], "texture": "#0"},
				"west": {"uv": [0, 0, 1, 1], "texture": "#0"},
				"up": {"uv": [0, 0, 1, 1], "texture": "#0"}
			}
		},
		{
			"name": "hexadecagon",
			"from": [7.5, 7, 7.90054],
			"to": [8.5, 8.75, 8.09946],
			"rotation": {"angle": 22.5, "axis": "y", "origin": [8, 7.5, 8]},
			"faces": {
				"east": {"uv": [0, 0, 1, 1], "texture": "#0"},
				"west": {"uv": [0, 0, 1, 1], "texture": "#0"},
				"down": {"uv": [0, 0, 1, 1], "texture": "#0"}
			}
		},
		{
			"name": "logo",
			"from": [6.80245, 1.25, 10.26],
			"to": [9.19755, 2.75, 10.26],
			"rotation": {"angle": 0, "axis": "y", "origin": [8, 2, 8]},
			"faces": {
				"south": {"uv": [1.75, 3.25, 14.75, 14.25], "texture": "#3"}
			}
		},
		{
			"name": "logo",
			"from": [6.80245, 1.25, 5.74],
			"to": [9.19755, 2.75, 5.74],
			"rotation": {"angle": 0, "axis": "y", "origin": [8, 2, 8]},
			"faces": {
				"north": {"uv": [1.75, 3.25, 14.75, 14.25], "texture": "#3"}
			}
		}
	],
	"display": {
		"head": {
			"translation": [0, -14.5, 0],
			"scale": [2.3, 2.3, 2.3]
		}
	},
	"groups": [
		{
			"name": "head",
			"origin": [8, 8, 8],
			"color": 0,
			"children": [
				{
					"name": "hexadecagon",
					"origin": [8, 8, 8],
					"color": 0,
					"children": [0, 1, 2, 3, 4, 5, 6, 7]
				},
				{
					"name": "hexadecagon",
					"origin": [8, 8, 8],
					"color": 0,
					"children": [8, 9, 10, 11, 12, 13, 14, 15]
				},
				{
					"name": "deco",
					"origin": [8, 8, 8],
					"color": 0,
					"children": [16, 17, 18, 19, 20, 21, 22, 23, 24, 25, 26, 27, 28]
				},
				{
					"name": "deco",
					"origin": [8, 8, 8],
					"color": 0,
					"children": [29, 30, 31, 32, 33, 34, 35, 36, 37, 38, 39, 40, 41, 42, 43, 44, 45, 46, 47, 48, 49, 50, 51, 52]
				}
			]
		},
		{
			"name": "bottle",
			"origin": [8, 8, 8],
			"color": 0,
			"children": [
				{
					"name": "hexadecagon",
					"origin": [8, 8, 8],
					"color": 0,
					"children": [53, 54, 55, 56, 57, 58, 59, 60, 61, 62, 63, 64, 65, 66, 67, 68]
				},
				{
					"name": "hexadecagon",
					"origin": [8, 8, 8],
					"color": 0,
					"children": [69, 70, 71, 72, 73, 74, 75, 76, 77, 78, 79, 80, 81, 82, 83]
				},
				{
					"name": "hexadecagon",
					"origin": [8, 8, 8],
					"color": 0,
					"children": [84, 85, 86, 87, 88, 89, 90, 91, 92, 93, 94, 95, 96, 97, 98, 99]
				},
				{
					"name": "hexadecagon",
					"origin": [8, 8, 8],
					"color": 0,
					"children": [100, 101, 102, 103, 104, 105, 106, 107, 108, 109, 110, 111, 112, 113]
				},
				{
					"name": "hexadecagon",
					"origin": [8, 8, 8],
					"color": 0,
					"children": [114, 115, 116, 117, 118, 119, 120, 121, 122, 123, 124, 125, 126, 127, 128]
				},
				{
					"name": "hexadecagon",
					"origin": [8, 8, 8],
					"color": 0,
					"children": [129, 130, 131, 132, 133, 134, 135, 136, 137, 138, 139, 140, 141, 142, 143]
				},
				{
					"name": "hexadecagon",
					"origin": [8, 8, 8],
					"color": 0,
					"children": [144, 145, 146, 147, 148, 149, 150, 151, 152, 153, 154, 155, 156, 157, 158]
				},
				{
					"name": "hexadecagon",
					"origin": [8, 8, 8],
					"color": 0,
					"children": [159, 160, 161, 162, 163, 164, 165, 166]
				},
				{
					"name": "hexadecagon",
					"origin": [8, 8, 8],
					"color": 0,
					"children": [167, 168, 169, 170, 171, 172, 173, 174]
				},
				175,
				176
			]
		}
	]
}