[
  {
    "function": "minecraft:set_nbt",
    "tag": "{display:{Name:'{\"text\":\"存储\",\"color\":\"gold\",\"bold\":true,\"italic\":false}',Lore:['{\"text\":\"存储物品\",\"color\":\"white\",\"bold\":false,\"italic\":false}','{\"text\":\"子模式: 标准\",\"color\":\"white\",\"bold\":false,\"italic\":false}']},CustomModelData:12340100}",
    "conditions": [
      {
        "condition": "minecraft:value_check",
        "value": {
          "type": "minecraft:score",
          "target": {
            "type": "minecraft:fixed",
            "name": "#xs_submode"
          },
          "score": "xs_op"
        },
        "range": 0
      },
      {
        "condition": "minecraft:value_check",
        "value": {
          "type": "minecraft:score",
          "target": {
            "type": "minecraft:fixed",
            "name": "#xs_menu"
          },
          "score": "xs_op"
        },
        "range": 1
      },
      {
        "condition": "minecraft:value_check",
        "value": {
          "type": "minecraft:score",
          "target": {
            "type": "minecraft:fixed",
            "name": "#xs_mode"
          },
          "score": "xs_op"
        },
        "range": 1
      }
    ]
  },
  {
  "function": "minecraft:set_nbt",
  "tag": "{display:{Name:'{\"text\":\"存储\",\"color\":\"gold\",\"bold\":true,\"italic\":false}',Lore:['{\"text\":\"存储物品\",\"color\":\"white\",\"bold\":false,\"italic\":false}','{\"text\":\"子模式: 更改\",\"color\":\"white\",\"bold\":false,\"italic\":false}']},CustomModelData:12340101}",
  "conditions": [
    {
      "condition": "minecraft:value_check",
      "value": {
        "type": "minecraft:score",
        "target": {
          "type": "minecraft:fixed",
          "name": "#xs_submode"
        },
        "score": "xs_op"
      },
      "range": 1
    },
    {
      "condition": "minecraft:value_check",
      "value": {
        "type": "minecraft:score",
        "target": {
          "type": "minecraft:fixed",
          "name": "#xs_menu"
        },
        "score": "xs_op"
      },
      "range": 1
    },
    {
      "condition": "minecraft:value_check",
      "value": {
        "type": "minecraft:score",
        "target": {
          "type": "minecraft:fixed",
          "name": "#xs_mode"
        },
        "score": "xs_op"
      },
      "range": 1
    }
  ]
},
{
  "function": "minecraft:set_nbt",
  "tag": "{display:{Name:'{\"text\":\"传送\",\"color\":\"gold\",\"bold\":true,\"italic\":false}',Lore:['{\"text\":\"存储传送点\",\"color\":\"white\",\"bold\":false,\"italic\":false}','{\"text\":\"子模式: 标准\",\"color\":\"white\",\"bold\":false,\"italic\":false}']},CustomModelData:12340102}",
  "conditions": [
    {
      "condition": "minecraft:value_check",
      "value": {
        "type": "minecraft:score",
        "target": {
          "type": "minecraft:fixed",
          "name": "#xs_submode"
        },
        "score": "xs_op"
      },
      "range": 0
    },
    {
      "condition": "minecraft:value_check",
      "value": {
        "type": "minecraft:score",
        "target": {
          "type": "minecraft:fixed",
          "name": "#xs_menu"
        },
        "score": "xs_op"
      },
      "range": 1
    },
    {
      "condition": "minecraft:value_check",
      "value": {
        "type": "minecraft:score",
        "target": {
          "type": "minecraft:fixed",
          "name": "#xs_mode"
        },
        "score": "xs_op"
      },
      "range": 2
    }
  ]
},
{
  "function": "minecraft:set_nbt",
  "tag": "{display:{Name:'{\"text\":\"传送\",\"color\":\"gold\",\"bold\":true,\"italic\":false}',Lore:['{\"text\":\"存储传送点\",\"color\":\"white\",\"bold\":false,\"italic\":false}','{\"text\":\"子模式: 更改\",\"color\":\"white\",\"bold\":false,\"italic\":false}']},CustomModelData:12340103}",
  "conditions": [
    {
      "condition": "minecraft:value_check",
      "value": {
        "type": "minecraft:score",
        "target": {
          "type": "minecraft:fixed",
          "name": "#xs_submode"
        },
        "score": "xs_op"
      },
      "range": 1
    },
    {
      "condition": "minecraft:value_check",
      "value": {
        "type": "minecraft:score",
        "target": {
          "type": "minecraft:fixed",
          "name": "#xs_menu"
        },
        "score": "xs_op"
      },
      "range": 1
    },
    {
      "condition": "minecraft:value_check",
      "value": {
        "type": "minecraft:score",
        "target": {
          "type": "minecraft:fixed",
          "name": "#xs_mode"
        },
        "score": "xs_op"
      },
      "range": 2
    }
  ]
},
{
  "function": "minecraft:set_nbt",
  "tag": "{display:{Name:'{\"text\":\"饰品\",\"color\":\"gold\",\"bold\":true,\"italic\":false}',Lore:['{\"text\":\"存储饰品\",\"color\":\"white\",\"bold\":false,\"italic\":false}','{\"text\":\"子模式: 标准\",\"color\":\"white\",\"bold\":false,\"italic\":false}']},CustomModelData:12340104}",
  "conditions": [
    {
      "condition": "minecraft:value_check",
      "value": {
        "type": "minecraft:score",
        "target": {
          "type": "minecraft:fixed",
          "name": "#xs_submode"
        },
        "score": "xs_op"
      },
      "range": 0
    },
    {
      "condition": "minecraft:value_check",
      "value": {
        "type": "minecraft:score",
        "target": {
          "type": "minecraft:fixed",
          "name": "#xs_menu"
        },
        "score": "xs_op"
      },
      "range": 1
    },
    {
      "condition": "minecraft:value_check",
      "value": {
        "type": "minecraft:score",
        "target": {
          "type": "minecraft:fixed",
          "name": "#xs_mode"
        },
        "score": "xs_op"
      },
      "range": 3
    }
  ]
},
{
  "function": "minecraft:set_nbt",
  "tag": "{display:{Name:'{\"text\":\"饰品\",\"color\":\"gold\",\"bold\":true,\"italic\":false}',Lore:['{\"text\":\"存储饰品\",\"color\":\"white\",\"bold\":false,\"italic\":false}','{\"text\":\"子模式: 更改\",\"color\":\"white\",\"bold\":false,\"italic\":false}']},CustomModelData:12340105}",
  "conditions": [
    {
      "condition": "minecraft:value_check",
      "value": {
        "type": "minecraft:score",
        "target": {
          "type": "minecraft:fixed",
          "name": "#xs_submode"
        },
        "score": "xs_op"
      },
      "range": 1
    },
    {
      "condition": "minecraft:value_check",
      "value": {
        "type": "minecraft:score",
        "target": {
          "type": "minecraft:fixed",
          "name": "#xs_menu"
        },
        "score": "xs_op"
      },
      "range": 1
    },
    {
      "condition": "minecraft:value_check",
      "value": {
        "type": "minecraft:score",
        "target": {
          "type": "minecraft:fixed",
          "name": "#xs_mode"
        },
        "score": "xs_op"
      },
      "range": 3
    }
  ]
},
{
    "function": "minecraft:set_nbt",
    "tag": "{display:{Name:'{\"text\":\"返回\",\"color\":\"white\",\"bold\":true,\"italic\":false}'},CustomModelData:12340106}",
    "conditions": [
      {
        "condition": "minecraft:value_check",
        "value": {
          "type": "minecraft:score",
          "target": {
            "type": "minecraft:fixed",
            "name": "#xs_submode"
          },
          "score": "xs_op"
        },
        "range": 2
      },
      {
        "condition": "minecraft:value_check",
        "value": {
          "type": "minecraft:score",
          "target": {
            "type": "minecraft:fixed",
            "name": "#xs_menu"
          },
          "score": "xs_op"
        },
        "range": 0
      },
      {
        "condition": "minecraft:value_check",
        "value": {
          "type": "minecraft:score",
          "target": {
            "type": "minecraft:fixed",
            "name": "#xs_mode"
          },
          "score": "xs_op"
        },
        "range": 1
      }
    ]
  },


  {
  "function": "minecraft:set_lore",
  "entity": "this",
  "lore": [
    [
      [
        {
          "text": "页数: ",
          "color": "white",
          "italic": false
        },
        {
          "nbt": "players[0].echest.mode[0].page[0].page",
          "storage": "xylo_data:data",
          "color": "white"
        }
      ]
    ]
  ]
}


]