{
    "credit": "Made by Philipp Opheys / pro_pixel_ from BuildmodeOne",
    "textures": {
        "0": "buildmodeone:item/3d_editor/models/bathroom/perfume/black",
        "particle": "buildmodeone:item/3d_editor/models/bathroom/perfume/black"
    },
    "elements": [
        {
            "from": [
                6.3104,
                0,
                6.8736
            ],
            "to": [
                9.1264,
                3.3792,
                8.5632
            ],
            "rotation": {
                "angle": 0,
                "axis": "y",
                "origin": [
                    3.4944,
                    0,
                    3.4944
                ]
            },
            "faces": {
                "north": {
                    "uv": [
                        0,
                        0,
                        5,
                        6
                    ],
                    "texture": "#0"
                },
                "east": {
                    "uv": [
                        0,
                        6,
                        3,
                        12
                    ],
                    "texture": "#0"
                },
                "south": {
                    "uv": [
                        5,
                        0,
                        10,
                        6
                    ],
                    "texture": "#0"
                },
                "west": {
                    "uv": [
                        3,
                        6,
                        6,
                        12
                    ],
                    "texture": "#0"
                },
                "up": {
                    "uv": [
                        11,
                        9,
                        6,
                        6
                    ],
                    "texture": "#0"
                },
                "down": {
                    "uv": [
                        11,
                        9,
                        6,
                        12
                    ],
                    "texture": "#0"
                }
            }
        },
        {
            "from": [
                6.8736,
                3.9424,
                6.8736
            ],
            "to": [
                8.5632,
                5.0688,
                8.5632
            ],
            "rotation": {
                "angle": 0,
                "axis": "y",
                "origin": [
                    3.4944,
                    0,
                    3.4944
                ]
            },
            "faces": {
                "north": {
                    "uv": [
                        11,
                        6,
                        14,
                        8
                    ],
                    "texture": "#0"
                },
                "east": {
                    "uv": [
                        11,
                        8,
                        14,
                        10
                    ],
                    "texture": "#0"
                },
                "south": {
                    "uv": [
                        11,
                        10,
                        14,
                        12
                    ],
                    "texture": "#0"
                },
                "west": {
                    "uv": [
                        0,
                        12,
                        3,
                        14
                    ],
                    "texture": "#0"
                },
                "up": {
                    "uv": [
                        13,
                        3,
                        10,
                        0
                    ],
                    "texture": "#0"
                },
                "down": {
                    "uv": [
                        13,
                        3,
                        10,
                        6
                    ],
                    "texture": "#0"
                }
            }
        },
        {
            "from": [
                7.1552,
                3.3792,
                7.1552
            ],
            "to": [
                8.2816,
                3.9424,
                8.2816
            ],
            "rotation": {
                "angle": 0,
                "axis": "y",
                "origin": [
                    3.4944,
                    0,
                    3.4944
                ]
            },
            "faces": {
                "north": {
                    "uv": [
                        7,
                        12,
                        9,
                        13
                    ],
                    "texture": "#0"
                },
                "east": {
                    "uv": [
                        9,
                        12,
                        11,
                        13
                    ],
                    "texture": "#0"
                },
                "south": {
                    "uv": [
                        11,
                        12,
                        13,
                        13
                    ],
                    "texture": "#0"
                },
                "west": {
                    "uv": [
                        13,
                        0,
                        15,
                        1
                    ],
                    "texture": "#0"
                },
                "up": {
                    "uv": [
                        5,
                        14,
                        3,
                        12
                    ],
                    "texture": "#0"
                },
                "down": {
                    "uv": [
                        7,
                        12,
                        5,
                        14
                    ],
                    "texture": "#0"
                }
            }
        }
    ],
    "display": {
        "head": {
            "translation": [
                0,
                -14.5,
                0
            ],
            "scale": [
                2.3,
                2.3,
                2.3
            ]
        }
    }
}