{
    "display": {
        "title": {
            "text": "黑暗世界"
        },
        "description": {
            "text": "底下的世界",
            "color": "green"
        },
        "icon": {
            "item": "minecraft:deepslate"
        },
        "frame": "task",
        "show_toast": false,
        "announce_to_chat": false,
        "hidden": true,
        "background": "bracken:textures/gui/advancements/backgrounds/underdark.png"
    },
    "criteria": {
        "bracken:underdark/und2": {
            "trigger": "minecraft:location",
            "conditions": {
                "player": {
                    "location": {
                        "dimension": "bracken:the_underdark"
                    }
                }
            }
        }
    },
    "requirements": [
        [
            "bracken:underdark/und2"
        ]
    ]
}
