{
    "parent": "bracken:underdark/eroded",
    "display": {
        "title": {
            "text": "重于空气"
        },
        "description": {
            "text": "走入有毒气体的云中。",
            "color": "green"
        },
        "icon": {
            "item": "minecraft:skeleton_skull"
        },
        "frame": "task",
        "show_toast": true,
        "announce_to_chat": true,
        "hidden": false
    },
    "criteria": {
        "bracken:underdark/gas1": {
            "trigger": "minecraft:location",
            "conditions": {
                "player": [
                    {
                        "condition": "minecraft:entity_properties",
                        "entity": "this",
                        "predicate": {
                            "type": "minecraft:player",
                            "effects": {
                                "minecraft:nausea": {}
                            }
                        }
                    },
                    {
                        "condition": "minecraft:entity_properties",
                        "entity": "this",
                        "predicate": {
                            "location": {
                                "dimension": "bracken:the_underdark"
                            }
                        }
                    }
                ]
            }
        }
    },
    "requirements": [
        [
            "bracken:underdark/gas1"
        ]
    ]
}
