{
    "parent": "bracken:underdark/enter_underdark",
    "display": {
        "title": {
            "text": "沉没的地平线"
        },
        "description": {
            "text": "进入石化森林生物群系。",
            "color": "green"
        },
        "icon": {
            "item": "minecraft:basalt"
        },
        "frame": "task",
        "show_toast": true,
        "announce_to_chat": true,
        "hidden": false
    },
    "criteria": {
        "bracken:underdark/petrified_forest1": {
            "trigger": "minecraft:location",
            "conditions": {
                "player": [
                    {
                        "condition": "minecraft:entity_properties",
                        "entity": "this",
                        "predicate": {
                            "location": {
                                "biome": "bracken:the_underdark/petrified_forest"
                            }
                        }
                    }
                ]
            }
        }
    },
    "requirements": [
        [
            "bracken:underdark/petrified_forest1"
        ]
    ]
}
