{
    "parent": "bracken:underdark/fungus",
    "display": {
        "title": {
            "text": "疯狂的分裂"
        },
        "description": {
            "text": "击杀一只感染了多叶草的生物，然后注意它们是否会重新出现！",
            "color": "green"
        },
        "icon": {
            "item": "minecraft:red_mushroom_block"
        },
        "frame": "task",
        "show_toast": true,
        "announce_to_chat": true,
        "hidden": false
    },
    "criteria": {
        "bracken:underdark/fungus1": {
            "trigger": "minecraft:player_killed_entity",
            "conditions": {
                "entity": [
                    {
                        "condition": "minecraft:entity_properties",
                        "entity": "this",
                        "predicate": {
                            "type": "minecraft:husk",
                            "location": {
                                "dimension": "bracken:the_underdark"
                            }
                        }
                    }
                ]
            }
        }
    },
    "requirements": [
        [
            "bracken:underdark/fungus1"
        ]
    ]
}
