{
    "parent": "bracken:underdark/gravel",
    "display": {
        "title": {
            "text": "嘎吱！"
        },
        "description": {
            "text": "被破壳蜘蛛咬伤。",
            "color": "green"
        },
        "icon": {
            "item": "minecraft:cobweb"
        },
        "frame": "task",
        "show_toast": true,
        "announce_to_chat": true,
        "hidden": false
    },
    "criteria": {
        "bracken:underdark/shellbreaker1": {
            "trigger": "minecraft:entity_hurt_player",
            "conditions": {
                "damage": {
                    "source_entity": {
                        "type": "minecraft:spider",
                        "location": {
                            "dimension": "bracken:the_underdark"
                        }
                    }
                }
            }
        }
    },
    "requirements": [
        [
            "bracken:underdark/shellbreaker1"
        ]
    ]
}
