{
  "display": {
    "icon": {
      "item": "minecraft:compass"
    },
    "title": {
      "text": "迷路的马车"
    },
    "description": {
      "text": "在蜘蛛巢穴深处掠夺一辆被劫持的马车。"
    },
    "frame": "task",
    "show_toast": true,
    "announce_to_chat": true,
    "hidden": false
  },
  "parent": "bracken:underdark/gravel",
  "criteria": {
    "underdark_web1": {
      "trigger": "minecraft:player_generates_container_loot",
      "conditions": {
        "loot_table": "bracken:the_underdark/underdark_web1"
      }
    },
    "underdark_web2": {
      "trigger": "minecraft:player_generates_container_loot",
      "conditions": {
        "loot_table": "bracken:the_underdark/underdark_web2"
      }
    },
    "underdark_web3": {
      "trigger": "minecraft:player_generates_container_loot",
      "conditions": {
        "loot_table": "bracken:the_underdark/underdark_web3"
      }
    }
  },
  "requirements": [
    [
      "underdark_web1",
      "underdark_web2",
      "underdark_web3"
    ]
  ]
}
