{
  "parent": "wasd.axe:recipes/patron/patreon",
  "display": {
    "icon": {
      "item": "minecraft:diamond_axe",
      "nbt": "{CustomModelData:6370007}"
    },
    "title": "末影斧",
    "description": "通过破坏首个原木来将该原木位置设置为末影斧的绑定位置，绑定后的所有破坏的方块都会被传送到该坐标上。",
    "frame": "goal",
    "show_toast": true,
    "announce_to_chat": false,
    "hidden": false
  },
  "criteria": {
    "requirement": {
      "trigger": "minecraft:inventory_changed",
      "conditions": {
        "items": [
          {
            "nbt": "{CustomModelData:6370007}",
            "items": [
              "minecraft:diamond_axe"
            ]
          }
        ]
      }
    }
  }
}
