{
  "parent": "wasd.axe:recipes/patron/patreon",
  "display": {
    "icon": {
      "item": "minecraft:warped_fungus_on_a_stick",
      "nbt": "{CustomModelData:6370204}"
    },
    "title": "反向斧",
    "description": "对着原木右键可将原木分解成木板。",
    "frame": "goal",
    "show_toast": true,
    "announce_to_chat": false,
    "hidden": false
  },
  "criteria": {
    "requirement": {
      "trigger": "minecraft:inventory_changed",
      "conditions": {
        "items": [
          {
            "nbt": "{CustomModelData:6370204}",
            "items": [
              "minecraft:warped_fungus_on_a_stick"
            ]
          }
        ]
      }
    }
  }
}
