{
    "pools": [
        {
            "rolls": 1,
            "entries": [
                {
                    "type": "item",
                    "weight": 1,
                    "name": "minecraft:rabbit_hide",
                    "functions": [
                        {
                            "function": "set_count",
                            "count": {
                                "min": 1,
                                "max": 2
                            }
                        },
                        {
                            "function": "set_nbt",
                            "tag": "{display:{Name:'{\"text\":\"附魔灰烬\",\"color\":\"light_purple\",\"italic\":false}'},CustomModelData:99918,enchanted_ash:1b,Enchantments:[{}]}"
                        }
                    ]
                }
            ]
        }
    ]
}