{
    "pools": [
        {
            "rolls": 1,
            "entries": [
                {
                    "type": "item",
                    "weight": 1,
                    "name": "minecraft:torch",
                    "functions": [
                        {
                            "function": "set_count",
                            "count": {
                                "min": 1,
                                "max": 2
                            }
                        },
                        {
                            "function": "looting_enchant",
                            "count": {
                                "min": 0,
                                "max": 1
                            }
                        }
                    ]
                }
            ]
        },
        {
            "rolls": {
                "min": 0,
                "max": 1
            },
            "entries": [
                {
                    "type": "item",
                    "weight": 1,
                    "name": "minecraft:iron_pickaxe",
                    "functions": [
                        {
                            "function": "set_count",
                            "count": {
                                "min": 0,
                                "max": 1
                            }
                        },
                        {
                            "function": "set_damage",
                            "damage": {
                                "min": 0,
                                "max": 0.99
                            }
                        }
                    ]
                }
            ]
        }
    ]
}