{
    "pools": [
        {
            "rolls": 1,
            "entries": [
                {
                    "type": "item",
                    "weight": 1,
                    "name": "minecraft:rabbit_hide",
                    "functions": [
                        {
                            "function": "set_count",
                            "count": {
                                "min": 1,
                                "max": 2
                            }
                        },
                        {
                            "function": "looting_enchant",
                            "count": {
                                "min": 0,
                                "max": 1
                            }
                        },
                        {
                            "function": "set_nbt",
                            "tag": "{display:{Name:'{\"text\":\"幽灵之尘\",\"italic\":false}'},CustomModelData:9996,specter_dust:1b}"
                        }
                    ]
                }
            ]
        },
        {
            "rolls": {
                "min": 0,
                "max": 1
            },
            "entries": [
                {
                    "type": "item",
                    "weight": 1,
                    "name": "minecraft:carrot_on_a_stick",
                    "functions": [
                        {
                            "function": "set_count",
                            "count": {
                                "min": 0,
                                "max": 1
                            }
                        },
                        {
                            "function": "set_nbt",
                            "tag": "{display:{Name:'{\"text\":\"巫师护符\",\"color\":\"yellow\",\"italic\":false}'},HideFlags:4,Unbreakable:1b,CustomModelData:9994,wraith_charm:1b}"
                        }
                    ]
                }
            ]
        }
    ]
}