{
    "providers": [
        {
            "type": "bitmap",
            "file": "xylo_rpg:health_bar/air/negative.png",
            "ascent": 8,
            "height": 9,
            "chars": ["-"]
        },
        {
            "type": "bitmap",
            "file": "xylo_rpg:health_bar/air/0.png",
            "ascent": 8,
            "height": 9,
            "chars": ["0"]
        },
        {
            "type": "bitmap",
            "file": "xylo_rpg:health_bar/air/1.png",
            "ascent": 8,
            "height": 9,
            "chars": ["1"]
        },
        {
            "type": "bitmap",
            "file": "xylo_rpg:health_bar/air/2.png",
            "ascent": 8,
            "height": 9,
            "chars": ["2"]
        },
        {
            "type": "bitmap",
            "file": "xylo_rpg:health_bar/air/3.png",
            "ascent": 8,
            "height": 9,
            "chars": ["3"]
        },
        {
            "type": "bitmap",
            "file": "xylo_rpg:health_bar/air/4.png",
            "ascent": 8,
            "height": 9,
            "chars": ["4"]
        },
        {
            "type": "bitmap",
            "file": "xylo_rpg:health_bar/air/5.png",
            "ascent": 8,
            "height": 9,
            "chars": ["5"]
        },
        {
            "type": "bitmap",
            "file": "xylo_rpg:health_bar/air/6.png",
            "ascent": 8,
            "height": 9,
            "chars": ["6"]
        },
        {
            "type": "bitmap",
            "file": "xylo_rpg:health_bar/air/7.png",
            "ascent": 8,
            "height": 9,
            "chars": ["7"]
        },
        {
            "type": "bitmap",
            "file": "xylo_rpg:health_bar/air/8.png",
            "ascent": 8,
            "height": 9,
            "chars": ["8"]
        },
        {
            "type": "bitmap",
            "file": "xylo_rpg:health_bar/air/9.png",
            "ascent": 8,
            "height": 9,
            "chars": ["9"]
        }

    ]
}