{
    "providers": [
        {
            "type": "bitmap",
            "file": "xylo_rpg:health_bar/darkness/negative.png",
            "ascent": 8,
            "height": 9,
            "chars": ["-"]
        },
        {
            "type": "bitmap",
            "file": "xylo_rpg:health_bar/darkness/0.png",
            "ascent": 8,
            "height": 9,
            "chars": ["0"]
        },
        {
            "type": "bitmap",
            "file": "xylo_rpg:health_bar/darkness/1.png",
            "ascent": 8,
            "height": 9,
            "chars": ["1"]
        },
        {
            "type": "bitmap",
            "file": "xylo_rpg:health_bar/darkness/2.png",
            "ascent": 8,
            "height": 9,
            "chars": ["2"]
        },
        {
            "type": "bitmap",
            "file": "xylo_rpg:health_bar/darkness/3.png",
            "ascent": 8,
            "height": 9,
            "chars": ["3"]
        },
        {
            "type": "bitmap",
            "file": "xylo_rpg:health_bar/darkness/4.png",
            "ascent": 8,
            "height": 9,
            "chars": ["4"]
        },
        {
            "type": "bitmap",
            "file": "xylo_rpg:health_bar/darkness/5.png",
            "ascent": 8,
            "height": 9,
            "chars": ["5"]
        },
        {
            "type": "bitmap",
            "file": "xylo_rpg:health_bar/darkness/6.png",
            "ascent": 8,
            "height": 9,
            "chars": ["6"]
        },
        {
            "type": "bitmap",
            "file": "xylo_rpg:health_bar/darkness/7.png",
            "ascent": 8,
            "height": 9,
            "chars": ["7"]
        },
        {
            "type": "bitmap",
            "file": "xylo_rpg:health_bar/darkness/8.png",
            "ascent": 8,
            "height": 9,
            "chars": ["8"]
        },
        {
            "type": "bitmap",
            "file": "xylo_rpg:health_bar/darkness/9.png",
            "ascent": 8,
            "height": 9,
            "chars": ["9"]
        }

    ]
}