{
    "providers": [
        {
            "type": "bitmap",
            "file": "xylo_rpg:health_bar/fire/negative.png",
            "ascent": 8,
            "height": 9,
            "chars": ["-"]
        },
        {
            "type": "bitmap",
            "file": "xylo_rpg:health_bar/fire/0.png",
            "ascent": 8,
            "height": 9,
            "chars": ["0"]
        },
        {
            "type": "bitmap",
            "file": "xylo_rpg:health_bar/fire/1.png",
            "ascent": 8,
            "height": 9,
            "chars": ["1"]
        },
        {
            "type": "bitmap",
            "file": "xylo_rpg:health_bar/fire/2.png",
            "ascent": 8,
            "height": 9,
            "chars": ["2"]
        },
        {
            "type": "bitmap",
            "file": "xylo_rpg:health_bar/fire/3.png",
            "ascent": 8,
            "height": 9,
            "chars": ["3"]
        },
        {
            "type": "bitmap",
            "file": "xylo_rpg:health_bar/fire/4.png",
            "ascent": 8,
            "height": 9,
            "chars": ["4"]
        },
        {
            "type": "bitmap",
            "file": "xylo_rpg:health_bar/fire/5.png",
            "ascent": 8,
            "height": 9,
            "chars": ["5"]
        },
        {
            "type": "bitmap",
            "file": "xylo_rpg:health_bar/fire/6.png",
            "ascent": 8,
            "height": 9,
            "chars": ["6"]
        },
        {
            "type": "bitmap",
            "file": "xylo_rpg:health_bar/fire/7.png",
            "ascent": 8,
            "height": 9,
            "chars": ["7"]
        },
        {
            "type": "bitmap",
            "file": "xylo_rpg:health_bar/fire/8.png",
            "ascent": 8,
            "height": 9,
            "chars": ["8"]
        },
        {
            "type": "bitmap",
            "file": "xylo_rpg:health_bar/fire/9.png",
            "ascent": 8,
            "height": 9,
            "chars": ["9"]
        }

    ]
}