{
    "providers": [
        {
            "type": "bitmap",
            "file": "xylo_rpg:health_bar/level/l.png",
            "ascent": 6,
            "height": 7,
            "chars": ["l"]
        },
        {
            "type": "bitmap",
            "file": "xylo_rpg:health_bar/level/v.png",
            "ascent": 6,
            "height": 7,
            "chars": ["v"]
        },
        {
            "type": "bitmap",
            "file": "xylo_rpg:health_bar/level/0.png",
            "ascent": 6,
            "height": 7,
            "chars": ["0"]
        },
        {
            "type": "bitmap",
            "file": "xylo_rpg:health_bar/level/1.png",
            "ascent": 6,
            "height": 7,
            "chars": ["1"]
        },
        {
            "type": "bitmap",
            "file": "xylo_rpg:health_bar/level/2.png",
            "ascent": 6,
            "height": 7,
            "chars": ["2"]
        },
        {
            "type": "bitmap",
            "file": "xylo_rpg:health_bar/level/3.png",
            "ascent": 6,
            "height": 7,
            "chars": ["3"]
        },
        {
            "type": "bitmap",
            "file": "xylo_rpg:health_bar/level/4.png",
            "ascent": 6,
            "height": 7,
            "chars": ["4"]
        },
        {
            "type": "bitmap",
            "file": "xylo_rpg:health_bar/level/5.png",
            "ascent": 6,
            "height": 7,
            "chars": ["5"]
        },
        {
            "type": "bitmap",
            "file": "xylo_rpg:health_bar/level/6.png",
            "ascent": 6,
            "height": 7,
            "chars": ["6"]
        },
        {
            "type": "bitmap",
            "file": "xylo_rpg:health_bar/level/7.png",
            "ascent": 6,
            "height": 7,
            "chars": ["7"]
        },
        {
            "type": "bitmap",
            "file": "xylo_rpg:health_bar/level/8.png",
            "ascent": 6,
            "height": 7,
            "chars": ["8"]
        },
        {
            "type": "bitmap",
            "file": "xylo_rpg:health_bar/level/9.png",
            "ascent": 6,
            "height": 7,
            "chars": ["9"]
        }

    ]
}