{
    "providers": [
        {
            "type": "bitmap",
            "file": "xylo_rpg:health_bar/light/negative.png",
            "ascent": 8,
            "height": 9,
            "chars": ["-"]
        },
        {
            "type": "bitmap",
            "file": "xylo_rpg:health_bar/light/0.png",
            "ascent": 8,
            "height": 9,
            "chars": ["0"]
        },
        {
            "type": "bitmap",
            "file": "xylo_rpg:health_bar/light/1.png",
            "ascent": 8,
            "height": 9,
            "chars": ["1"]
        },
        {
            "type": "bitmap",
            "file": "xylo_rpg:health_bar/light/2.png",
            "ascent": 8,
            "height": 9,
            "chars": ["2"]
        },
        {
            "type": "bitmap",
            "file": "xylo_rpg:health_bar/light/3.png",
            "ascent": 8,
            "height": 9,
            "chars": ["3"]
        },
        {
            "type": "bitmap",
            "file": "xylo_rpg:health_bar/light/4.png",
            "ascent": 8,
            "height": 9,
            "chars": ["4"]
        },
        {
            "type": "bitmap",
            "file": "xylo_rpg:health_bar/light/5.png",
            "ascent": 8,
            "height": 9,
            "chars": ["5"]
        },
        {
            "type": "bitmap",
            "file": "xylo_rpg:health_bar/light/6.png",
            "ascent": 8,
            "height": 9,
            "chars": ["6"]
        },
        {
            "type": "bitmap",
            "file": "xylo_rpg:health_bar/light/7.png",
            "ascent": 8,
            "height": 9,
            "chars": ["7"]
        },
        {
            "type": "bitmap",
            "file": "xylo_rpg:health_bar/light/8.png",
            "ascent": 8,
            "height": 9,
            "chars": ["8"]
        },
        {
            "type": "bitmap",
            "file": "xylo_rpg:health_bar/light/9.png",
            "ascent": 8,
            "height": 9,
            "chars": ["9"]
        }

    ]
}