{
  "parent": "wasd.totems:recipes/crafter_recipe",
  "display": {
    "icon": {
      "item": "minecraft:totem_of_undying",
      "nbt": "{CustomModelData:6370002}"
    },
    "title": "廉价图腾",
    "description": "一个廉价可制作的图腾，但没有其他的功能。",
    "frame": "goal",
    "show_toast": true,
    "announce_to_chat": false,
    "hidden": false
  },
  "criteria": {
    "requirement": {
      "trigger": "minecraft:inventory_changed",
      "conditions": {
        "items": [
          {
            "nbt": "{CustomModelData:6370002}",
            "items": [
              "minecraft:totem_of_undying"
            ]
          }
        ]
      }
    }
  }
}
