{
  "parent": "wasd.totems:recipes/crafter_recipe",
  "display": {
    "icon": {
      "item": "minecraft:totem_of_undying",
      "nbt": "{CustomModelData:6370006}"
    },
    "title": "保护图腾 2",
    "description": "激活后召唤一只铁傀儡。",
    "frame": "goal",
    "show_toast": true,
    "announce_to_chat": false,
    "hidden": false
  },
  "criteria": {
    "requirement": {
      "trigger": "minecraft:inventory_changed",
      "conditions": {
        "items": [
          {
            "nbt": "{CustomModelData:6370006}",
            "items": [
              "minecraft:totem_of_undying"
            ]
          }
        ]
      }
    }
  }
}
