{
  "parent": "wasd.totems:recipes/crafter_recipe",
  "display": {
    "icon": {
      "item": "minecraft:gold_nugget",
      "nbt": "{CustomModelData:6370306}"
    },
    "title": "TNT图腾",
    "description": "使使用者免疫TNT的爆炸伤害，但也仅适用于TNT，无法免疫苦力怕的爆炸伤害。",
    "frame": "goal",
    "show_toast": true,
    "announce_to_chat": false,
    "hidden": false
  },
  "criteria": {
    "requirement": {
      "trigger": "minecraft:inventory_changed",
      "conditions": {
        "items": [
          {
            "nbt": "{CustomModelData:6370306}",
            "items": [
              "minecraft:gold_nugget"
            ]
          }
        ]
      }
    }
  }
}
