{
  "parent": "wasd.totems:recipes/crafter_recipe",
  "display": {
    "icon": {
      "item": "minecraft:gold_nugget",
      "nbt": "{CustomModelData:6370301}"
    },
    "title": "火之图腾",
    "description": "在生命值较低时获得额外的抗火效果。",
    "frame": "goal",
    "show_toast": true,
    "announce_to_chat": false,
    "hidden": false
  },
  "criteria": {
    "requirement": {
      "trigger": "minecraft:inventory_changed",
      "conditions": {
        "items": [
          {
            "nbt": "{CustomModelData:6370301}",
            "items": [
              "minecraft:gold_nugget"
            ]
          }
        ]
      }
    }
  }
}
