{
  "parent": "wasd.totems:recipes/crafter_recipe",
  "display": {
    "icon": {
      "item": "minecraft:gold_nugget",
      "nbt": "{CustomModelData:6370303}"
    },
    "title": "愤怒图腾",
    "description": "当玩家的血量较低时，获得力量和速度效果。",
    "frame": "goal",
    "show_toast": true,
    "announce_to_chat": false,
    "hidden": false
  },
  "criteria": {
    "requirement": {
      "trigger": "minecraft:inventory_changed",
      "conditions": {
        "items": [
          {
            "nbt": "{CustomModelData:6370303}",
            "items": [
              "minecraft:gold_nugget"
            ]
          }
        ]
      }
    }
  }
}
