{
  "parent": "wasd.totems:recipes/crafter_recipe",
  "display": {
    "icon": {
      "item": "minecraft:totem_of_undying",
      "nbt": "{CustomModelData:6370004}"
    },
    "title": "爆炸图腾",
    "description": "激活时触发一个爆炸，不会破坏方块。",
    "frame": "goal",
    "show_toast": true,
    "announce_to_chat": false,
    "hidden": false
  },
  "criteria": {
    "requirement": {
      "trigger": "minecraft:inventory_changed",
      "conditions": {
        "items": [
          {
            "nbt": "{CustomModelData:6370004}",
            "items": [
              "minecraft:totem_of_undying"
            ]
          }
        ]
      }
    }
  }
}
