{
  "parent": "wasd.totems:recipes/crafter_recipe",
  "display": {
    "icon": {
      "item": "minecraft:totem_of_undying",
      "nbt": "{CustomModelData:6370007}"
    },
    "title": "因果图腾",
    "description": "给予试图击杀你的生物10秒的缓慢和虚弱效果。",
    "frame": "goal",
    "show_toast": true,
    "announce_to_chat": false,
    "hidden": false
  },
  "criteria": {
    "requirement": {
      "trigger": "minecraft:inventory_changed",
      "conditions": {
        "items": [
          {
            "nbt": "{CustomModelData:6370007}",
            "items": [
              "minecraft:totem_of_undying"
            ]
          }
        ]
      }
    }
  }
}
