[
  {
    "function": "minecraft:set_nbt",
    "tag": "{xylo_tools:{type:\"weapon\",subtype:\"melee\",category:\"dual_wield\",subcategory:\"vanilla\",HideLore:1b,mode:1b,NoRestoreMh:1b},CustomModelData:12340005}"
  },
  {
    "function": "minecraft:set_name",
    "name": {
      "text": "金剑",
      "italic": false
    },
    "conditions": [
      {
        "condition": "minecraft:value_check",
        "value": {
          "type": "minecraft:score",
          "target": {
            "type": "minecraft:fixed",
            "name": "#xdw_has_name"
          },
          "score": "xdw_op"
        },
        "range": 0
      }
    ]
  },
  {
    "function": "minecraft:set_attributes",
    "modifiers": [
      {
        "attribute": "minecraft:generic.attack_damage",
        "name": "generic.attack_damage",
        "amount": 3,
        "operation": "addition",
        "id": "1234-1234-1234-1000-4",
        "slot": "mainhand"
      },
      {
        "attribute": "minecraft:generic.attack_speed",
        "name": "generic.attack_speed",
        "amount": -2.4,
        "operation": "addition",
        "id": "1234-1234-1234-1000-4",
        "slot": "mainhand"
      }
    ]
  }
]
