{
    "type": "minecraft:crafting_shaped",
    "pattern": [
        "#$#",
        "$D$",
        "#$#"
    ],
    "key": {
        "#": {
            "item": "minecraft:blaze_powder"
        },
        "$": {
            "item": "minecraft:blaze_rod"
        },

        "D": {
            "item": "minecraft:diamond"
        }
    },
    "result": {
        "item": "minecraft:diamond",
        "data":"{display:{Name:'{\"text\":\"Blazing Diamond\",\"italic\":false}'},CustomModelData:6370004,wasd.diamond:1b,wasd_diamond:4b}"
    }
}

