{
    "type": "minecraft:crafting_shaped",
    "pattern": [
        "#$#",
        "$D$",
        "#$#"
    ],
    "key": {
        "#": {
            "item": "minecraft:leather"
        },
        "$": {
            "item": "minecraft:raw_beef"
        },

        "D": {
            "item": "minecraft:diamond"
        }
    },
    "result": {
        "item": "minecraft:diamond",
        "data":"{display:{Name:'{\"text\":\"Cow Diamond\",\"italic\":false}'},CustomModelData:6370016,wasd.diamond:1b,wasd_diamond:16b}"
    }
}

