{
    "type": "minecraft:crafting_shaped",
    "pattern": [
        "#$#",
        "$D$",
        "#$#"
    ],
    "key": {
        "#": {
            "item": "minecraft:ink_sac"
        },
        "$": {
            "item": "minecraft:black_dye"
        },

        "D": {
            "item": "minecraft:diamond"
        }
    },
    "result": {
        "item": "minecraft:diamond",
        "data":"{display:{Name:'{\"text\":\"Darkness Diamond\",\"italic\":false}'},CustomModelData:6370012,wasd.diamond:1b,wasd_diamond:12b}"
    }
}

