{
    "type": "minecraft:crafting_shaped",
    "pattern": [
        " $ ",
        "$D$",
        " $ "
    ],
    "key": {
        "$": {
            "item": "minecraft:ender_pearl"
        },

        "D": {
            "item": "minecraft:diamond"
        }
    },
    "result": {
        "item": "minecraft:diamond",
        "data":"{display:{Name:'{\"text\":\"Ender Diamond\",\"italic\":false}'},CustomModelData:6370002,wasd.diamond:1b,wasd_diamond:2b,HideFlags:1,Enchantments:[{id:\"minecraft:quick_charge\",lvl:1s}]}"
    }
}

