{
    "type": "minecraft:crafting_shaped",
    "pattern": [
        "#1#",
        "$D$",
        "#2#"
    ],
    "key": {
        "#": {
            "item": "minecraft:pink_tulip"
        },
        "$": {
            "item": "minecraft:allium"
        },
        "1": {
            "item": "minecraft:peony"
        },
        "2": {
            "item": "minecraft:lilac"
        },
        "D": {
            "item": "minecraft:diamond"
        }
    },
    "result": {
        "item": "minecraft:diamond",
        "data":"{display:{Name:'{\"text\":\"Flower Diamond\",\"italic\":false}'},CustomModelData:6370019,wasd.diamond:1b,wasd_diamond:19b}"
    }
}

