{
    "type": "minecraft:crafting_shaped",
    "pattern": [
        "#$#",
        "$D$",
        "#$#"
    ],
    "key": {
        "#": {
            "item": "minecraft:glowstone_dust"
        },
        "$": {
            "item": "minecraft:sea_lantern"
        },

        "D": {
            "item": "minecraft:diamond"
        }
    },
    "result": {
        "item": "minecraft:diamond",
        "data":"{display:{Name:'{\"text\":\"Light Diamond\",\"italic\":false}'},CustomModelData:6370014,wasd.diamond:1b,wasd_diamond:14b}"
    }
}

