{
    "type": "minecraft:crafting_shaped",
    "pattern": [
        "#$#",
        "$D$",
        "#$#"
    ],
    "key": {
        "#": {
            "item": "minecraft:potato"
        },
        "$": {
            "item": "minecraft:baked_potato"
        },

        "D": {
            "item": "minecraft:diamond"
        }
    },
    "result": {
        "item": "minecraft:diamond",
        "data":"{display:{Name:'{\"text\":\"Potato Diamond\",\"italic\":false}'},CustomModelData:6370007,wasd.diamond:1b,wasd_diamond:7b}"
    }
}

