{
    "type": "minecraft:crafting_shaped",
    "pattern": [
        "123",
        "4D5",
        "678"
    ],
    "key": {
        "1": {
            "item": "minecraft:red_dye"
        },
        "2": {
            "item": "minecraft:orange_dye"
        },
        "3": {
            "item": "minecraft:yellow_dye"
        },
        "4": {
            "item": "minecraft:pink_dye"
        },
        "5": {
            "item": "minecraft:green_dye"
        },
        "6": {
            "item": "minecraft:purple_dye"
        },
        "7": {
            "item": "minecraft:blue_dye"
        },
        "8": {
            "item": "minecraft:cyan_dye"
        },

        "D": {
            "item": "minecraft:diamond"
        }
    },
    "result": {
        "item": "minecraft:diamond",
        "data":"{display:{Name:'[{\"text\":\"R\",\"color\":\"red\",\"italic\":false},{\"text\":\"a\",\"color\":\"gold\"},{\"text\":\"i\",\"color\":\"yellow\"},{\"text\":\"n\",\"color\":\"dark_green\"},{\"text\":\"b\",\"color\":\"dark_aqua\"},{\"text\":\"o\",\"color\":\"dark_blue\"},{\"text\":\"w\",\"color\":\"dark_purple\"},{\"text\":\" Dye\",\"italic\":true},{\"text\":\"mond\",\"italic\":false}]'},CustomModelData:6370003,wasd.diamond:1b,wasd_diamond:3b,HideFlags:1,Enchantments:[{id:\"minecraft:quick_charge\",lvl:1s}]}"
    }
}

