{
    "type": "minecraft:crafting_shaped",
    "pattern": [
        "#$#",
        "$D$",
        "#$#"
    ],
    "key": {
        "#": {
            "item": "minecraft:redstone"
        },
        "$": {
            "item": "minecraft:redstone_block"
        },

        "D": {
            "item": "minecraft:diamond"
        }
    },
    "result": {
        "item": "minecraft:diamond",
        "data":"{display:{Name:'{\"text\":\"Redstone Diamond\",\"italic\":false}'},CustomModelData:6370015,wasd.diamond:1b,wasd_diamond:15b}"
    }
}

