{
    "type": "minecraft:crafting_shaped",
    "pattern": [
        "#$#",
        "$D$",
        "#$#"
    ],
    "key": {
        "#": {
            "item": "minecraft:slime_ball"
        },
        "$": {
            "item": "minecraft:slime_block"
        },

        "D": {
            "item": "minecraft:diamond"
        }
    },
    "result": {
        "item": "minecraft:diamond",
        "data":"{display:{Name:'{\"text\":\"黏液钻石\",\"italic\":false}'},CustomModelData:6370009,wasd.diamond:1b,wasd_diamond:9b}"
    }
}

