{
    "type": "minecraft:crafting_shaped",
    "pattern": [
        "#1#",
        "$D$",
        "#2#"
    ],
    "key": {
        "#": {
            "item": "minecraft:emerald"
        },
        "$": {
            "tag": "minecraft:planks"
        },
        "1": {
            "tag": "minecraft:wooden_doors"
        },
        "2": {
            "tag": "minecraft:beds"
        },
        "D": {
            "item": "minecraft:diamond"
        }
    },
    "result": {
        "item": "minecraft:diamond",
        "data":"{display:{Name:'{\"text\":\"Villager Diamond\",\"italic\":false}'},CustomModelData:6370020,wasd.diamond:1b,wasd_diamond:20b}"
    }
}

