{
    "type": "minecraft:crafting_shaped",
    "pattern": [
        "#$#",
        "$D$",
        "#$#"
    ],
    "key": {
        "#": {
            "item": "minecraft:water_bottle"
        },
        "$": {
            "item": "minecraft:water_bucket"
        },

        "D": {
            "item": "minecraft:diamond"
        }
    },
    "result": {
        "item": "minecraft:diamond",
        "data":"{display:{Name:'{\"text\":\"Water Diamond\",\"italic\":false}'},CustomModelData:6370010,wasd.diamond:1b,wasd_diamond:10b}"
    }
}

