{
    "type": "minecraft:crafting_shaped",
    "pattern": [
        "GSG",
        "SCS",
        "GSG"
    ],
    "key": {
        "G": {
            "item": "minecraft:gunpowder"
        },
        "S": {
            "item": "minecraft:sand"
        },
        "C": {
            "item": "minecraft:crafting_table"
        }
    },
    "result": {
        "item": "minecraft:item_frame",
        "data":"{display:{Name:'{\"text\":\"TNT Crafter\",\"italic\":false}'},CustomModelData:6370011,EntityTag:{Item:{id:\"minecraft:item_frame\",Count:1b,tag:{CustomModelData:6370011}},Tags:[\"wasd.tnt_crafter\"],Facing:1b,Invulnerable:1b,Invisible:1b,Fixed:1b}}"
    }
}