{
    "pools": [
        {
            "rolls": 1,
            "entries": [
                {
                    "type": "minecraft:item",
                    "name": "armor_stand",
                    "functions": [
                        {
                            "function": "minecraft:set_name",
                            "name": {
                                "text": "神圣工作台",
                                "color": "white",
                                "italic": false
                            }
                        },
                        {
                            "function": "minecraft:set_nbt",
                            "tag": "{display:{Name:'{\"text\":\"伊维斯种子\",\"italic\":false}'},CustomModelData:5551,eth:{ivis_seed:1b},EntityTag:{Marker:1b,Invisible:1b,Tags:[\"eth.seedling\",\"eth.ignore\",\"eth.modified\"]}}"
                        }
                    ]
                }
            ]
        }
    ]
}