{
    "pools": [
        {
            "rolls": 1,
            "entries": [
                {
                    "type": "minecraft:item",
                    "name": "jigsaw",
                    "functions": [
                        {
                            "function": "minecraft:set_name",
                            "name": {
                                "text": "神圣工作台",
                                "color": "white",
                                "italic": false
                            }
                        },
                        {
                            "function": "minecraft:set_nbt",
                            "tag": "{display:{Name:'{\"text\":\"月光废料\",\"color\":\"dark_purple\",\"italic\":false}'},CustomModelData:5558,eth:{lunar_scrap:1b}}"
                        }
                    ]
                }
            ]
        }
    ]
}