{
    "type": "minecraft:crafting_shaped",
    "pattern": [
        "#T#",
        "#C#",
        "#R#"
    ],
    "key": {
        "#": {
            "item": "minecraft:redstone"
        },
        "T": {
            "item": "minecraft:redstone_torch"
        },
        "R": {
            "item": "minecraft:repeater"
        },
        "C": {
            "item": "minecraft:crafting_table"
        }
    },
    "result": {
        "item": "minecraft:item_frame",
        "data":"{display:{Name:'{\"text\":\"红石工作台\",\"italic\":false}'},CustomModelData:6370005,EntityTag:{Item:{id:\"minecraft:item_frame\",Count:1b,tag:{CustomModelData:6370005}},Tags:[\"wasd.redstone_crafter\"],Facing:1b,Invulnerable:1b,Invisible:1b,Fixed:1b}}"
    }
}