[
  {
    "condition": "minecraft:inverted",
    "term": {
      "condition": "minecraft:entity_scores",
      "entity": "this",
      "scores": {
        "x_id": {
          "min": {
            "type": "minecraft:score",
            "target": {
              "type": "minecraft:fixed",
              "name": "#x_id"
            },
            "score": "x_op"
          },
          "max": {
            "type": "minecraft:score",
            "target": {
              "type": "minecraft:fixed",
              "name": "#x_id"
            },
            "score": "x_op"
          }
        }
      }
    }
  },
  {
    "condition": "minecraft:alternative",
    "terms": [
      {
        "condition": "minecraft:entity_scores",
        "entity": "this",
        "scores": {
          "xfc_faction_id": {
            "min": {
              "type": "minecraft:score",
              "target": {
                "type": "minecraft:fixed",
                "name": "#xfc_faction_id"
              },
              "score": "x_op"
            },
            "max": {
              "type": "minecraft:score",
              "target": {
                "type": "minecraft:fixed",
                "name": "#xfc_faction_id"
              },
              "score": "x_op"
            }
          }
        }
      },
      {
        "condition": "minecraft:entity_scores",
        "entity": "this",
        "scores": {
          "x_tame_owner": {
            "min": {
              "type": "minecraft:score",
              "target": {
                "type": "minecraft:fixed",
                "name": "#x_id"
              },
              "score": "x_op"
            },
            "max": {
              "type": "minecraft:score",
              "target": {
                "type": "minecraft:fixed",
                "name": "#x_id"
              },
              "score": "x_op"
            }
          }
        }
      },
      {
        "condition": "minecraft:entity_properties",
        "entity": "this",
        "predicate": {
          "type": "minecraft:villager"
        }
      }
    ]
  }
]