{
  "condition": "minecraft:alternative",
  "terms": [
    {
      "condition": "minecraft:inverted",
      "term": {
        "condition": "minecraft:entity_scores",
        "entity": "this",
        "scores": {
          "x_dx": {
            "min": -2,
            "max": 2
          }
        }
      }
    },
    {
      "condition": "minecraft:inverted",
      "term": {
        "condition": "minecraft:entity_scores",
        "entity": "this",
        "scores": {
          "x_dz": {
            "min": -2,
            "max": 2
          }
        }
      }
    }
  ]
}
