{
	"pools": [
	  {
		"rolls": 1,
		"entries": [
		  {
			"type": "minecraft:item",
			"name": "minecraft:item_frame",
			"functions": [
			  {
				"function": "minecraft:set_nbt",
				"tag": "{display:{Name:'{\"text\":\"红石工作台\",\"italic\":false}'},CustomModelData:6370005,EntityTag:{Item:{id:\"minecraft:item_frame\",Count:1b,tag:{CustomModelData:6370005}},Tags:[\"wasd.redstone_crafter\"],Facing:1b,Invulnerable:1b,Invisible:1b,Fixed:1b}}"
			  }
			]
		  }
		]
	  }
	]
  }