{
    "content": {
        "item_1": {
            "type": "item",
            "content": "minecraft:coal",
            "amount": {
                "min": 1,
                "max": 3
            },
            "unitWorth": 100,
            "weightMult": 0.1
        },
        "item_2": {
            "type": "item_tag",
            "content": "minecraft:logs",
            "amount": {
                "min": 1,
                "max": 4
            },
            "unitWorth": 200,
            "weightMult": 0.2,
            "name": "这是一个可自定义名称的键"
        },
		"item_3": {
            "type": "item",
            "content": "minecraft:iron_block",
            "amount": {
                "min": 1,
                "max": 8
            },
            "unitWorth": 250,
            "forbids": [
                {
                    "type": "item",
                    "content": "minecraft:iron_ingot"
                }
            ]
        },
        "entity_1": {
            "type": "entity",
            "content": "minecraft:zombie",
            "amount": {
                "min": 1,
                "max": 5
            },
            "unitWorth": 300,
            "weightMult": 0.3
        }
    }
}
