{
	"content": {
        "item_1": {
            "type": "item",
            "content": "minecraft:quartz",
            "amount": {
                "min": 1,
                "max": 2
            },
            "unitWorth": 100
        },
        "item_2": {
            "type": "item",
            "content": "minecraft:diamond_pickaxe",
            "amount": {
                "min": 1,
                "max": 3
            },
            "unitWorth": 200,
            "nbt": "{Damage:0}"
        },
        "item_3": {
            "type": "item",
            "content": "minecraft:diamond_pickaxe",
            "amount": {
                "min": 1,
                "max": 4
            },
            "unitWorth": 300,
            "nbt": "{Damage:1551,Enchantments:[{id:\"minecraft:efficiency\",lvl:2}]}"
        },
        "item_4":{
            "type": "item",
            "content": "minecraft:diamond_pickaxe",
            "amount": {
                "min": 1,
                "max": 5
            },
            "unitWorth": 400.0,
            "nbt": "{Damage:1551,Enchantments:[{id:\"minecraft:efficiency\",lvl:2}],display:{Name:'{\"italic\":false,\"extra\":[{\"text\":\"\"},{\"bold\":true,\"color\":\"gold\",\"text\":\"LV5\"},{\"text\":\" \"},{\"bold\":true,\"color\":\"aqua\",\"text\":\"龙镐\"}],\"text\":\"\"}'}}"
        },
        "item_5": {
            "type": "item_tag",
            "content": "minecraft:wool",
            "amount": {
                "min": 1,
                "max": 8
            },
            "unitWorth": 50,
            "name": "领取后可获得随机颜色的羊毛"
        },
        "command_1": {
            "type": "command",
            "content": "/give @a minecraft:amethyst_shard",
            "unitWorth": 300,
            "name": "完成奖赏后给予所有人1颗紫水晶碎片"
        }
	}
}