{
	"credit": "Made with Blockbench",
	"texture_size": [32, 32],
	"textures": {
		"0": "xylo:custom/texture",
		"1": "xylo:custom/texture1",
		"particle": "xylo:custom/texture"
	},
	"elements": [
		{
			"from": [2, 0, 2],
			"to": [14, 0.5, 14],
			"rotation": {"angle": 0, "axis": "y", "origin": [15, 8, 15]},
			"faces": {
				"north": {"uv": [0, 0, 6, 0.25], "texture": "#missing"},
				"east": {"uv": [0, 0, 6, 0.25], "texture": "#missing"},
				"south": {"uv": [0, 0, 6, 0.25], "texture": "#missing"},
				"west": {"uv": [0, 0, 6, 0.25], "texture": "#missing"},
				"up": {"uv": [6, 0, 12, 6], "texture": "#0"},
				"down": {"uv": [0, 0, 6, 6], "texture": "#missing"}
			}
		},
		{
			"from": [2, 0, 2],
			"to": [14, 0.8, 14],
			"rotation": {"angle": 45, "axis": "y", "origin": [8, 0.25, 8]},
			"faces": {
				"north": {"uv": [0, 0, 6, 0.4], "texture": "#missing"},
				"east": {"uv": [0, 0, 6, 0.4], "texture": "#missing"},
				"south": {"uv": [0, 0, 6, 0.4], "texture": "#missing"},
				"west": {"uv": [0, 0, 6, 0.4], "texture": "#missing"},
				"up": {"uv": [6, 0, 12, 6], "rotation": 90, "texture": "#0"},
				"down": {"uv": [0, 0, 6, 6], "rotation": 270, "texture": "#missing"}
			}
		},
		{
			"from": [5, 0, 5],
			"to": [11, 1.1, 11],
			"rotation": {"angle": 0, "axis": "y", "origin": [13, 8, 16]},
			"faces": {
				"north": {"uv": [11, 0, 14, 3], "texture": "#missing"},
				"east": {"uv": [11, 0, 14, 3], "texture": "#missing"},
				"south": {"uv": [11, 0, 14, 3], "texture": "#missing"},
				"west": {"uv": [11, 0, 14, 3], "texture": "#missing"},
				"up": {"uv": [6, 9, 9, 12], "rotation": 180, "texture": "#0"},
				"down": {"uv": [11, 0, 14, 3], "texture": "#missing"}
			}
		},
		{
			"from": [7, 0, 7],
			"to": [9, 1.5, 9],
			"rotation": {"angle": 45, "axis": "y", "origin": [8, 0.6, 8]},
			"faces": {
				"north": {"uv": [0, 0, 1, 0.75], "texture": "#missing"},
				"east": {"uv": [0, 0, 1, 0.75], "texture": "#missing"},
				"south": {"uv": [0, 0, 1, 0.75], "texture": "#missing"},
				"west": {"uv": [0, 0, 1, 0.75], "texture": "#missing"},
				"up": {"uv": [15, 4, 16, 5], "texture": "#1"},
				"down": {"uv": [0, 0, 1, 1], "texture": "#missing"}
			}
		},
		{
			"from": [7, 0, 8],
			"to": [9, 1.4, 10],
			"rotation": {"angle": 45, "axis": "y", "origin": [8, 0.6, 9]},
			"faces": {
				"north": {"uv": [0, 0, 1, 0.7], "texture": "#missing"},
				"east": {"uv": [0, 0, 1, 0.7], "texture": "#missing"},
				"south": {"uv": [0, 0, 1, 0.7], "texture": "#missing"},
				"west": {"uv": [0, 0, 1, 0.7], "texture": "#missing"},
				"up": {"uv": [15, 7, 16, 8], "texture": "#1"},
				"down": {"uv": [0, 0, 1, 1], "texture": "#missing"}
			}
		},
		{
			"from": [7, 0, 6],
			"to": [9, 1.4, 8],
			"rotation": {"angle": 45, "axis": "y", "origin": [8, 0.6, 7]},
			"faces": {
				"north": {"uv": [0, 0, 1, 0.7], "texture": "#missing"},
				"east": {"uv": [0, 0, 1, 0.7], "texture": "#missing"},
				"south": {"uv": [0, 0, 1, 0.7], "texture": "#missing"},
				"west": {"uv": [0, 0, 1, 0.7], "texture": "#missing"},
				"up": {"uv": [15, 6, 16, 7], "texture": "#1"},
				"down": {"uv": [0, 0, 1, 1], "texture": "#missing"}
			}
		},
		{
			"from": [9, 0, 7],
			"to": [11, 1.3, 9],
			"rotation": {"angle": 45, "axis": "y", "origin": [10, 0.6, 8]},
			"faces": {
				"north": {"uv": [0, 0, 1, 0.65], "texture": "#missing"},
				"east": {"uv": [0, 0, 1, 0.65], "texture": "#missing"},
				"south": {"uv": [0, 0, 1, 0.65], "texture": "#missing"},
				"west": {"uv": [0, 0, 1, 0.65], "texture": "#missing"},
				"up": {"uv": [15, 9, 16, 10], "texture": "#1"},
				"down": {"uv": [0, 0, 1, 1], "texture": "#missing"}
			}
		},
		{
			"from": [5, 0, 7],
			"to": [7, 1.3, 9],
			"rotation": {"angle": 45, "axis": "y", "origin": [6, 0.6, 8]},
			"faces": {
				"north": {"uv": [0, 0, 1, 0.65], "texture": "#missing"},
				"east": {"uv": [0, 0, 1, 0.65], "texture": "#missing"},
				"south": {"uv": [0, 0, 1, 0.65], "texture": "#missing"},
				"west": {"uv": [0, 0, 1, 0.65], "texture": "#missing"},
				"up": {"uv": [15, 8, 16, 9], "texture": "#1"},
				"down": {"uv": [0, 0, 1, 1], "texture": "#missing"}
			}
		},
		{
			"from": [6.8, 0, 6.8],
			"to": [9.2, 1.2, 9.2],
			"rotation": {"angle": 45, "axis": "y", "origin": [8, 0.6, 8]},
			"faces": {
				"north": {"uv": [0, 0, 1.2, 0.6], "texture": "#missing"},
				"east": {"uv": [0, 0, 1.2, 0.6], "texture": "#missing"},
				"south": {"uv": [0, 0, 1.2, 0.6], "texture": "#missing"},
				"west": {"uv": [0, 0, 1.2, 0.6], "texture": "#missing"},
				"up": {"uv": [15, 0, 16, 1], "texture": "#1"},
				"down": {"uv": [0, 0, 1.2, 1.2], "texture": "#missing"}
			}
		}
	],
	"gui_light": "front",
	"display": {
		"gui": {
			"rotation": [90, -180, 0],
			"scale": [0.9, 0.9, 0.9]
		}
	}
}