[
  {
    "function": "minecraft:set_nbt",
    "tag": "{xylo:{is_gui:1b},xylo_rpg:{gui:{is_gui:1b,id:\"skill_points\"}},CustomModelData:12341001}"
  },
  {
    "function": "minecraft:set_name",
    "entity": "this",
    "name": [
      {
        "text": "技能点: ",
        "color": "white",
        "bold": true,
        "italic": false
      },
      {
        "score": {
          "name": "@s",
          "objective": "xrpg_skill_points"
        },
        "color": "gold",
        "italic": false
      }
    ]
  },
  {
    "function": "minecraft:set_lore",
    "entity": "this",
    "lore": [
      [
        {
          "text": "等级: ",
          "color": "white",
          "italic": false
        },
        {
          "score": {
            "name": "@s",
            "objective": "xrpg_level"
          },
          "color": "white",
          "italic": false
        }
      ],
      [
        {
          "text": "经验: ",
          "color": "white",
          "italic": false
        },
        {
          "score": {
            "name": "@s",
            "objective": "xrpg_exp"
          },
          "color": "white",
          "italic": false
        },
        {
          "text": "/",
          "color": "white",
          "italic": false
        },
        {
          "score": {
            "name": "@s",
            "objective": "xrpg_max_exp"
          },
          "color": "white",
          "italic": false
        }
      ],
      [
        {
          "text": "",
          "color": "white",
          "italic": false
        }
      ],
      [
        [
          {
            "text": "技能:",
            "italic": false,
            "color": "gray"
          }
        ]
      ],
      [
        [
          {
            "score": {
              "name": "@s",
              "objective": "xrpg_atk_dmgT"
            },
            "italic": false,
            "color": "white"
          },
          {
            "text": "\uE001",
            "font": "xylo_rpg:skills_icons",
            "italic": false,
            "color": "white"
          }
        ],
        [
          {
            "text": " ",
            "italic": false,
            "color": "white"
          },
          {
            "score": {
              "name": "@s",
              "objective": "xrpg_range_dmgT"
            },
            "italic": false,
            "color": "white"
          },
          {
            "text": "\uE002",
            "font": "xylo_rpg:skills_icons",
            "italic": false,
            "color": "white"
          }
        ],
        [
          {
            "text": " ",
            "italic": false,
            "color": "white"
          },
          {
            "score": {
              "name": "@s",
              "objective": "xrpg_magic_dmgT"
            },
            "italic": false,
            "color": "white"
          },
          {
            "text": "\uE003",
            "font": "xylo_rpg:skills_icons",
            "italic": false,
            "color": "white"
          }
        ],
        [
          {
            "text": " ",
            "italic": false,
            "color": "white"
          },
          {
            "score": {
              "name": "@s",
              "objective": "xrpg_handlingT"
            },
            "italic": false,
            "color": "white"
          },
          {
            "text": "\uE004",
            "font": "xylo_rpg:skills_icons",
            "italic": false,
            "color": "white"
          }
        ],
        [
          {
            "text": " ",
            "italic": false,
            "color": "white"
          },
          {
            "score": {
              "name": "@s",
              "objective": "xrpg_mobilityT"
            },
            "italic": false,
            "color": "white"
          },
          {
            "text": "\uE005",
            "font": "xylo_rpg:skills_icons",
            "italic": false,
            "color": "white"
          }
        ],
        [
          {
            "text": " ",
            "italic": false,
            "color": "white"
          },
          {
            "score": {
              "name": "@s",
              "objective": "xrpg_healthT"
            },
            "italic": false,
            "color": "white"
          },
          {
            "text": "\uE006",
            "font": "xylo_rpg:skills_icons",
            "italic": false,
            "color": "white"
          }
        ]
      ],
      [
        [
          {
            "score": {
              "name": "@s",
              "objective": "xrpg_stamina_capT"
            },
            "italic": false,
            "color": "white"
          },
          {
            "text": "\uE007",
            "font": "xylo_rpg:skills_icons",
            "italic": false,
            "color": "white"
          }
        ],
        [
          {
            "text": " ",
            "italic": false,
            "color": "white"
          },
          {
            "score": {
              "name": "@s",
              "objective": "xrpg_stamina_regT"
            },
            "italic": false,
            "color": "white"
          },
          {
            "text": "\uE008",
            "font": "xylo_rpg:skills_icons",
            "italic": false,
            "color": "white"
          }
        ],
        [
          {
            "text": " ",
            "italic": false,
            "color": "white"
          },
          {
            "score": {
              "name": "@s",
              "objective": "xrpg_energy_capT"
            },
            "italic": false,
            "color": "white"
          },
          {
            "text": "\uE009",
            "font": "xylo_rpg:skills_icons",
            "italic": false,
            "color": "white"
          }
        ],
        [
          {
            "text": " ",
            "italic": false,
            "color": "white"
          },
          {
            "score": {
              "name": "@s",
              "objective": "xrpg_energy_regT"
            },
            "italic": false,
            "color": "white"
          },
          {
            "text": "\uE00A",
            "font": "xylo_rpg:skills_icons",
            "italic": false,
            "color": "white"
          }
        ],
        [
          {
            "text": " ",
            "italic": false,
            "color": "white"
          },
          {
            "score": {
              "name": "@s",
              "objective": "xrpg_oshield_capT"
            },
            "italic": false,
            "color": "white"
          },
          {
            "text": "\uE00B",
            "font": "xylo_rpg:skills_icons",
            "italic": false,
            "color": "white"
          }
        ],
        [
          {
            "text": " ",
            "italic": false,
            "color": "white"
          },
          {
            "score": {
              "name": "@s",
              "objective": "xrpg_transm_effT"
            },
            "italic": false,
            "color": "white"
          },
          {
            "text": "\uE00C",
            "font": "xylo_rpg:skills_icons",
            "italic": false,
            "color": "white"
          }
        ]
      ],
      [
        [
          {
            "text": "元素攻击:",
            "italic": false,
            "color": "gray"
          }
        ]
      ],
      [
        [
          {
            "score": {
              "name": "#xrpg_el_darknessAT",
              "objective": "xrpg_op"
            },
            "italic": false,
            "color": "dark_gray"
          },
          {
            "text": "\uE001",
            "font": "xylo_rpg:elements_icons",
            "italic": false,
            "color": "dark_gray"
          }
        ],
        [
          {
            "text": " ",
            "italic": false,
            "color": "white"
          },
          {
            "score": {
              "name": "#xrpg_el_lightAT",
              "objective": "xrpg_op"
            },
            "italic": false,
            "color": "yellow"
          },
          {
            "text": "\uE002",
            "font": "xylo_rpg:elements_icons",
            "italic": false,
            "color": "yellow"
          }
        ],
        [
          {
            "text": " ",
            "italic": false,
            "color": "white"
          },
          {
            "score": {
              "name": "#xrpg_el_fireAT",
              "objective": "xrpg_op"
            },
            "italic": false,
            "color": "red"
          },
          {
            "text": "\uE003",
            "font": "xylo_rpg:elements_icons",
            "italic": false,
            "color": "red"
          }
        ],
        [
          {
            "text": " ",
            "italic": false,
            "color": "white"
          },
          {
            "score": {
              "name": "#xrpg_el_freezeAT",
              "objective": "xrpg_op"
            },
            "italic": false,
            "color": "aqua"
          },
          {
            "text": "\uE004",
            "font": "xylo_rpg:elements_icons",
            "italic": false,
            "color": "aqua"
          }
        ],
        [
          {
            "text": " ",
            "italic": false,
            "color": "white"
          },
          {
            "score": {
              "name": "#xrpg_el_shockAT",
              "objective": "xrpg_op"
            },
            "italic": false,
            "color": "blue"
          },
          {
            "text": "\uE005",
            "font": "xylo_rpg:elements_icons",
            "italic": false,
            "color": "blue"
          }
        ],
        [
          {
            "text": " ",
            "italic": false,
            "color": "white"
          },
          {
            "score": {
              "name": "#xrpg_el_airAT",
              "objective": "xrpg_op"
            },
            "italic": false,
            "color": "gray"
          },
          {
            "text": "\uE006",
            "font": "xylo_rpg:elements_icons",
            "italic": false,
            "color": "gray"
          }
        ]
      ],
      [
        [
          {
            "text": "元素防御:",
            "italic": false,
            "color": "gray"
          }
        ]
      ],
      [
        [
          {
            "score": {
              "name": "#xrpg_el_darknessDMT",
              "objective": "xrpg_op"
            },
            "italic": false,
            "color": "dark_gray"
          },
          {
            "text": "\uE001",
            "font": "xylo_rpg:elements_icons",
            "italic": false,
            "color": "dark_gray"
          }
        ],
        [
          {
            "text": " ",
            "italic": false,
            "color": "white"
          },
          {
            "score": {
              "name": "#xrpg_el_lightDMT",
              "objective": "xrpg_op"
            },
            "italic": false,
            "color": "yellow"
          },
          {
            "text": "\uE002",
            "font": "xylo_rpg:elements_icons",
            "italic": false,
            "color": "yellow"
          }
        ],
        [
          {
            "text": " ",
            "italic": false,
            "color": "white"
          },
          {
            "score": {
              "name": "#xrpg_el_fireDMT",
              "objective": "xrpg_op"
            },
            "italic": false,
            "color": "red"
          },
          {
            "text": "\uE003",
            "font": "xylo_rpg:elements_icons",
            "italic": false,
            "color": "red"
          }
        ],
        [
          {
            "text": " ",
            "italic": false,
            "color": "white"
          },
          {
            "score": {
              "name": "#xrpg_el_freezeDMT",
              "objective": "xrpg_op"
            },
            "italic": false,
            "color": "aqua"
          },
          {
            "text": "\uE004",
            "font": "xylo_rpg:elements_icons",
            "italic": false,
            "color": "aqua"
          }
        ],
        [
          {
            "text": " ",
            "italic": false,
            "color": "white"
          },
          {
            "score": {
              "name": "#xrpg_el_shockDMT",
              "objective": "xrpg_op"
            },
            "italic": false,
            "color": "blue"
          },
          {
            "text": "\uE005",
            "font": "xylo_rpg:elements_icons",
            "italic": false,
            "color": "blue"
          }
        ],
        [
          {
            "text": " ",
            "italic": false,
            "color": "white"
          },
          {
            "score": {
              "name": "#xrpg_el_airDMT",
              "objective": "xrpg_op"
            },
            "italic": false,
            "color": "gray"
          },
          {
            "text": "\uE006",
            "font": "xylo_rpg:elements_icons",
            "italic": false,
            "color": "gray"
          }
        ]
      ]
    ],
    "replace": true
  }
]