{
    "name": "世界地图",
    "icon": "minecraft:map",
    "category": "patchouli:ftbchunks",
    "sortnum": 1,
    "pages": [
        {
            "type": "text",
            "text": "世界地图是你管理地图路径点的重要界面，你可以按$(k:ftbchunks.map)键或者$(l)点击物品栏左上角的按钮$(reset)打开世界地图，在这里你可以打开选项菜单（地图左下角齿轮图标），通过$(l:ftbchunks/ftbchunks_claiming)认领区块和结交盟友$(reset)和$(l:ftbchunks/ftbchunks_waypoints)新增路径点$(reset)。"
        }
    ]
}