{
    "condition": "minecraft:alternative",
    "terms": [
      {"condition": "minecraft:location_check","predicate": {"biome": "minecraft:beach"}},
      {"condition": "minecraft:location_check","predicate": {"biome": "minecraft:desert"}},
      {"condition": "minecraft:location_check","predicate": {"biome": "minecraft:dripstone_caves"}},
      {"condition": "minecraft:location_check","predicate": {"biome": "minecraft:savanna"}},
      {"condition": "minecraft:location_check","predicate": {"biome": "minecraft:savanna_plateau"}},
      {"condition": "minecraft:location_check","predicate": {"biome": "minecraft:windswept_savanna"}},
      {"condition": "minecraft:location_check","predicate": {"biome": "minecraft:end_barrens"}},
      {"condition": "minecraft:location_check","predicate": {"biome": "minecraft:end_highlands"}},
      {"condition": "minecraft:location_check","predicate": {"biome": "minecraft:end_midlands"}},
      {"condition": "minecraft:location_check","predicate": {"biome": "minecraft:small_end_islands"}},
      {"condition": "minecraft:location_check","predicate": {"biome": "minecraft:the_end"}
      }
    ]
  }