{
  "condition": "minecraft:alternative",
  "terms": [
    {
      "condition": "minecraft:entity_properties",
      "entity": "this",
      "predicate": {
        "nbt": "{ArmorItems:[{id:\"minecraft:paper\",tag:{xylo_crafting:{grid_out:{4:{id:\"minecraft:cobblestone\"}}}}}]}"
      }
    },
    {
      "condition": "minecraft:entity_properties",
      "entity": "this",
      "predicate": {
        "nbt": "{ArmorItems:[{id:\"minecraft:paper\",tag:{xylo_crafting:{grid_out:{4:{id:\"minecraft:cobbled_deepslate\"}}}}}]}"
      }
    },
    {
      "condition": "minecraft:entity_properties",
      "entity": "this",
      "predicate": {
        "nbt": "{ArmorItems:[{id:\"minecraft:paper\",tag:{xylo_crafting:{grid_out:{4:{id:\"minecraft:blackstone\"}}}}}]}"
      }
    }
  ]
}
