[
        {
            "condition": "minecraft:location_check",
            "predicate": {
                "block": {
                    "block": "minecraft:barrel",
                    "nbt": "{Items:[{Slot:2b,id:\"minecraft:jigsaw\",tag:{eth:{shell_fragment:1b}}},{Slot:4b,id:\"minecraft:jigsaw\",tag:{eth:{shell_fragment:1b}}},{Slot:11b,id:\"minecraft:jigsaw\",tag:{eth:{shell_fragment:1b}}},{Slot:12b,id:\"minecraft:jigsaw\",tag:{eth:{shell_fragment:1b}}},{Slot:13b,id:\"minecraft:jigsaw\",tag:{eth:{shell_fragment:1b}}},{Slot:20b,id:\"minecraft:jigsaw\",tag:{eth:{shell_fragment:1b}}},{Slot:21b,id:\"minecraft:jigsaw\",tag:{eth:{shell_fragment:1b}}},{Slot:22b,id:\"minecraft:jigsaw\",tag:{eth:{shell_fragment:1b}}}]}"
                }
            }
            
        },
        {
            "condition": "minecraft:inverted",
            "term": {
              "condition": "minecraft:location_check",
              "predicate": {
                "block": {
                  "nbt": "{Items:[{Slot:3b}]}"
                }
              }
            }
          }
]