{
    "credit": "Made with Blockbench",
    "textures": {
        "1": "block/yellow_wool",
        "2": "block/stripped_spruce_log"
    },
    "elements": [
        {
            "from": [
                1,
                15,
                1.5
            ],
            "to": [
                3,
                15.5,
                14.5
            ],
            "faces": {
                "north": {
                    "uv": [
                        12.5,
                        0.5,
                        14.5,
                        1
                    ],
                    "texture": "#1"
                },
                "east": {
                    "uv": [
                        1.5,
                        0.5,
                        14.5,
                        1
                    ],
                    "texture": "#1"
                },
                "south": {
                    "uv": [
                        1.5,
                        0.5,
                        3.5,
                        1
                    ],
                    "texture": "#1"
                },
                "west": {
                    "uv": [
                        1.5,
                        0.5,
                        14.5,
                        1
                    ],
                    "texture": "#1"
                },
                "up": {
                    "uv": [
                        1.5,
                        1.5,
                        3.5,
                        14.5
                    ],
                    "texture": "#1"
                },
                "down": {
                    "uv": [
                        1.5,
                        1.5,
                        3.5,
                        14.5
                    ],
                    "texture": "#1"
                }
            }
        },
        {
            "from": [
                13,
                15,
                1.5
            ],
            "to": [
                15,
                15.5,
                14.5
            ],
            "rotation": {
                "angle": 0,
                "axis": "y",
                "origin": [
                    16,
                    0,
                    0
                ]
            },
            "faces": {
                "north": {
                    "uv": [
                        14.5,
                        0.5,
                        12.5,
                        1
                    ],
                    "texture": "#1"
                },
                "east": {
                    "uv": [
                        14.5,
                        0.5,
                        1.5,
                        1
                    ],
                    "texture": "#1"
                },
                "south": {
                    "uv": [
                        3.5,
                        0.5,
                        1.5,
                        1
                    ],
                    "texture": "#1"
                },
                "west": {
                    "uv": [
                        14.5,
                        0.5,
                        1.5,
                        1
                    ],
                    "texture": "#1"
                },
                "up": {
                    "uv": [
                        3.5,
                        1.5,
                        1.5,
                        14.5
                    ],
                    "texture": "#1"
                },
                "down": {
                    "uv": [
                        3.5,
                        1.5,
                        1.5,
                        14.5
                    ],
                    "texture": "#1"
                }
            }
        },
        {
            "from": [
                2.5,
                9.25,
                2
            ],
            "to": [
                13.5,
                10,
                13.75
            ],
            "faces": {
                "north": {
                    "uv": [
                        2.5,
                        6,
                        13.5,
                        6.75
                    ],
                    "texture": "#1"
                },
                "east": {
                    "uv": [
                        2.25,
                        6,
                        14,
                        6.75
                    ],
                    "texture": "#1"
                },
                "south": {
                    "uv": [
                        2.5,
                        6,
                        13.5,
                        6.75
                    ],
                    "texture": "#1"
                },
                "west": {
                    "uv": [
                        2,
                        6,
                        13.75,
                        6.75
                    ],
                    "texture": "#1"
                },
                "up": {
                    "uv": [
                        2.5,
                        2,
                        13.5,
                        13.75
                    ],
                    "texture": "#1"
                },
                "down": {
                    "uv": [
                        2.5,
                        2.25,
                        13.5,
                        14
                    ],
                    "texture": "#1"
                }
            }
        },
        {
            "from": [
                2.25,
                10,
                13
            ],
            "to": [
                13.75,
                15,
                14
            ],
            "faces": {
                "north": {
                    "uv": [
                        2.25,
                        1,
                        13.75,
                        6
                    ],
                    "texture": "#1"
                },
                "east": {
                    "uv": [
                        2,
                        1,
                        3,
                        6
                    ],
                    "texture": "#1"
                },
                "south": {
                    "uv": [
                        2.25,
                        1,
                        13.75,
                        6
                    ],
                    "texture": "#1"
                },
                "west": {
                    "uv": [
                        13,
                        1,
                        14,
                        6
                    ],
                    "texture": "#1"
                },
                "up": {
                    "uv": [
                        2.25,
                        13,
                        13.75,
                        14
                    ],
                    "texture": "#1"
                },
                "down": {
                    "uv": [
                        2.25,
                        2,
                        13.75,
                        3
                    ],
                    "texture": "#1"
                }
            }
        },
        {
            "from": [
                3,
                15,
                13
            ],
            "to": [
                13,
                15.5,
                14.5
            ],
            "faces": {
                "north": {
                    "uv": [
                        3.5,
                        0.5,
                        13.5,
                        1
                    ],
                    "texture": "#1"
                },
                "east": {
                    "uv": [
                        1.5,
                        0.5,
                        3,
                        1
                    ],
                    "texture": "#1"
                },
                "south": {
                    "uv": [
                        3.5,
                        0.5,
                        13.5,
                        1
                    ],
                    "texture": "#1"
                },
                "west": {
                    "uv": [
                        13,
                        0.5,
                        14.5,
                        1
                    ],
                    "texture": "#1"
                },
                "up": {
                    "uv": [
                        3.5,
                        13,
                        13.5,
                        14.5
                    ],
                    "texture": "#1"
                },
                "down": {
                    "uv": [
                        3.5,
                        1.5,
                        13.5,
                        3
                    ],
                    "texture": "#1"
                }
            }
        },
        {
            "from": [
                1.5,
                15.5,
                13
            ],
            "to": [
                14.5,
                17.75,
                14.25
            ],
            "faces": {
                "north": {
                    "uv": [
                        2,
                        0,
                        15,
                        2.25
                    ],
                    "texture": "#1"
                },
                "east": {
                    "uv": [
                        1.75,
                        0,
                        3,
                        2.25
                    ],
                    "texture": "#1"
                },
                "south": {
                    "uv": [
                        2,
                        0,
                        15,
                        2.25
                    ],
                    "texture": "#1"
                },
                "west": {
                    "uv": [
                        13,
                        0,
                        14.25,
                        2.25
                    ],
                    "texture": "#1"
                },
                "up": {
                    "uv": [
                        2,
                        13,
                        15,
                        14.25
                    ],
                    "texture": "#1"
                },
                "down": {
                    "uv": [
                        2,
                        1.75,
                        15,
                        3
                    ],
                    "texture": "#1"
                }
            }
        },
        {
            "from": [
                1,
                17.75,
                12.75
            ],
            "to": [
                15,
                18.25,
                14.5
            ],
            "faces": {
                "north": {
                    "uv": [
                        1.75,
                        0,
                        15.75,
                        0.5
                    ],
                    "texture": "#1"
                },
                "east": {
                    "uv": [
                        1.5,
                        0,
                        3.25,
                        0.5
                    ],
                    "texture": "#1"
                },
                "south": {
                    "uv": [
                        1.75,
                        0,
                        15.75,
                        0.5
                    ],
                    "texture": "#1"
                },
                "west": {
                    "uv": [
                        13,
                        0,
                        14.75,
                        0.5
                    ],
                    "texture": "#1"
                },
                "up": {
                    "uv": [
                        1.75,
                        13,
                        15.75,
                        14.75
                    ],
                    "texture": "#1"
                },
                "down": {
                    "uv": [
                        1.75,
                        1.5,
                        15.75,
                        3.25
                    ],
                    "texture": "#1"
                }
            }
        },
        {
            "from": [
                2,
                10,
                2
            ],
            "to": [
                2.75,
                13,
                13
            ],
            "faces": {
                "north": {
                    "uv": [
                        13,
                        3,
                        13.75,
                        6
                    ],
                    "texture": "#1"
                },
                "east": {
                    "uv": [
                        3,
                        3,
                        14,
                        6
                    ],
                    "texture": "#1"
                },
                "south": {
                    "uv": [
                        2.25,
                        3,
                        3,
                        6
                    ],
                    "texture": "#1"
                },
                "west": {
                    "uv": [
                        2,
                        3,
                        13,
                        6
                    ],
                    "texture": "#1"
                },
                "up": {
                    "uv": [
                        2.25,
                        2,
                        3,
                        13
                    ],
                    "texture": "#1"
                },
                "down": {
                    "uv": [
                        2.25,
                        3,
                        3,
                        14
                    ],
                    "texture": "#1"
                }
            }
        },
        {
            "from": [
                1.5,
                13,
                1.75
            ],
            "to": [
                2.75,
                15,
                13
            ],
            "faces": {
                "north": {
                    "uv": [
                        13,
                        1,
                        14.25,
                        3
                    ],
                    "texture": "#1"
                },
                "east": {
                    "uv": [
                        3,
                        1,
                        14.25,
                        3
                    ],
                    "texture": "#1"
                },
                "south": {
                    "uv": [
                        2,
                        1,
                        3.25,
                        3
                    ],
                    "texture": "#1"
                },
                "west": {
                    "uv": [
                        1.75,
                        1,
                        13,
                        3
                    ],
                    "texture": "#1"
                },
                "up": {
                    "uv": [
                        2,
                        1.75,
                        3.25,
                        13
                    ],
                    "texture": "#1"
                },
                "down": {
                    "uv": [
                        2,
                        3,
                        3.25,
                        14.25
                    ],
                    "texture": "#1"
                }
            }
        },
        {
            "from": [
                13.25,
                10,
                2
            ],
            "to": [
                14,
                13,
                13
            ],
            "rotation": {
                "angle": 0,
                "axis": "y",
                "origin": [
                    16,
                    0,
                    0
                ]
            },
            "faces": {
                "north": {
                    "uv": [
                        13.75,
                        3,
                        13,
                        6
                    ],
                    "texture": "#1"
                },
                "east": {
                    "uv": [
                        13,
                        3,
                        2,
                        6
                    ],
                    "texture": "#1"
                },
                "south": {
                    "uv": [
                        3,
                        3,
                        2.25,
                        6
                    ],
                    "texture": "#1"
                },
                "west": {
                    "uv": [
                        14,
                        3,
                        3,
                        6
                    ],
                    "texture": "#1"
                },
                "up": {
                    "uv": [
                        3,
                        2,
                        2.25,
                        13
                    ],
                    "texture": "#1"
                },
                "down": {
                    "uv": [
                        3,
                        3,
                        2.25,
                        14
                    ],
                    "texture": "#1"
                }
            }
        },
        {
            "from": [
                13.25,
                13,
                1.75
            ],
            "to": [
                14.5,
                15,
                13
            ],
            "rotation": {
                "angle": 0,
                "axis": "y",
                "origin": [
                    16,
                    0,
                    0
                ]
            },
            "faces": {
                "north": {
                    "uv": [
                        14.25,
                        1,
                        13,
                        3
                    ],
                    "texture": "#1"
                },
                "east": {
                    "uv": [
                        13,
                        1,
                        1.75,
                        3
                    ],
                    "texture": "#1"
                },
                "south": {
                    "uv": [
                        3.25,
                        1,
                        2,
                        3
                    ],
                    "texture": "#1"
                },
                "west": {
                    "uv": [
                        14.25,
                        1,
                        3,
                        3
                    ],
                    "texture": "#1"
                },
                "up": {
                    "uv": [
                        3.25,
                        1.75,
                        2,
                        13
                    ],
                    "texture": "#1"
                },
                "down": {
                    "uv": [
                        3.25,
                        3,
                        2,
                        14.25
                    ],
                    "texture": "#1"
                }
            }
        },
        {
            "from": [
                11.48185,
                1.2934,
                11.25
            ],
            "to": [
                12.48185,
                10.5434,
                12.25
            ],
            "rotation": {
                "angle": 22.5,
                "axis": "z",
                "origin": [
                    13.73185,
                    5.1684,
                    13.25
                ]
            },
            "faces": {
                "north": {
                    "uv": [
                        3.51815,
                        5.4566,
                        4.51815,
                        14.7066
                    ],
                    "texture": "#2"
                },
                "east": {
                    "uv": [
                        3.75,
                        5.4566,
                        4.75,
                        14.7066
                    ],
                    "texture": "#2"
                },
                "south": {
                    "uv": [
                        11.48185,
                        5.4566,
                        12.48185,
                        14.7066
                    ],
                    "texture": "#2"
                },
                "west": {
                    "uv": [
                        11.25,
                        5.4566,
                        12.25,
                        14.7066
                    ],
                    "texture": "#2"
                },
                "up": {
                    "uv": [
                        11.48185,
                        11.25,
                        12.48185,
                        12.25
                    ],
                    "texture": "#2"
                },
                "down": {
                    "uv": [
                        11.48185,
                        3.75,
                        12.48185,
                        4.75
                    ],
                    "texture": "#2"
                }
            }
        },
        {
            "from": [
                11.48185,
                1.2934,
                3.5
            ],
            "to": [
                12.48185,
                10.5434,
                4.5
            ],
            "rotation": {
                "angle": 22.5,
                "axis": "z",
                "origin": [
                    13.73185,
                    5.1684,
                    13.25
                ]
            },
            "faces": {
                "north": {
                    "uv": [
                        3.51815,
                        5.4566,
                        4.51815,
                        14.7066
                    ],
                    "texture": "#2"
                },
                "east": {
                    "uv": [
                        11.5,
                        5.4566,
                        12.5,
                        14.7066
                    ],
                    "texture": "#2"
                },
                "south": {
                    "uv": [
                        11.48185,
                        5.4566,
                        12.48185,
                        14.7066
                    ],
                    "texture": "#2"
                },
                "west": {
                    "uv": [
                        3.5,
                        5.4566,
                        4.5,
                        14.7066
                    ],
                    "texture": "#2"
                },
                "up": {
                    "uv": [
                        11.48185,
                        3.5,
                        12.48185,
                        4.5
                    ],
                    "texture": "#2"
                },
                "down": {
                    "uv": [
                        11.48185,
                        11.5,
                        12.48185,
                        12.5
                    ],
                    "texture": "#2"
                }
            }
        },
        {
            "from": [
                3.51815,
                1.2934,
                11.25
            ],
            "to": [
                4.51815,
                10.5434,
                12.25
            ],
            "rotation": {
                "angle": -22.5,
                "axis": "z",
                "origin": [
                    2.26815,
                    5.1684,
                    13.25
                ]
            },
            "faces": {
                "north": {
                    "uv": [
                        11.48185,
                        5.4566,
                        12.48185,
                        14.7066
                    ],
                    "texture": "#2"
                },
                "east": {
                    "uv": [
                        3.75,
                        5.4566,
                        4.75,
                        14.7066
                    ],
                    "texture": "#2"
                },
                "south": {
                    "uv": [
                        3.51815,
                        5.4566,
                        4.51815,
                        14.7066
                    ],
                    "texture": "#2"
                },
                "west": {
                    "uv": [
                        11.25,
                        5.4566,
                        12.25,
                        14.7066
                    ],
                    "texture": "#2"
                },
                "up": {
                    "uv": [
                        3.51815,
                        11.25,
                        4.51815,
                        12.25
                    ],
                    "texture": "#2"
                },
                "down": {
                    "uv": [
                        3.51815,
                        3.75,
                        4.51815,
                        4.75
                    ],
                    "texture": "#2"
                }
            }
        },
        {
            "from": [
                3.51815,
                1.2934,
                3.5
            ],
            "to": [
                4.51815,
                10.5434,
                4.5
            ],
            "rotation": {
                "angle": -22.5,
                "axis": "z",
                "origin": [
                    2.26815,
                    5.1684,
                    13.25
                ]
            },
            "faces": {
                "north": {
                    "uv": [
                        11.48185,
                        5.4566,
                        12.48185,
                        14.7066
                    ],
                    "texture": "#2"
                },
                "east": {
                    "uv": [
                        11.5,
                        5.4566,
                        12.5,
                        14.7066
                    ],
                    "texture": "#2"
                },
                "south": {
                    "uv": [
                        3.51815,
                        5.4566,
                        4.51815,
                        14.7066
                    ],
                    "texture": "#2"
                },
                "west": {
                    "uv": [
                        3.5,
                        5.4566,
                        4.5,
                        14.7066
                    ],
                    "texture": "#2"
                },
                "up": {
                    "uv": [
                        3.51815,
                        3.5,
                        4.51815,
                        4.5
                    ],
                    "texture": "#2"
                },
                "down": {
                    "uv": [
                        3.51815,
                        11.5,
                        4.51815,
                        12.5
                    ],
                    "texture": "#2"
                }
            }
        },
        {
            "from": [
                4.25,
                6,
                4
            ],
            "to": [
                5.15,
                7,
                11.75
            ],
            "rotation": {
                "angle": -22.5,
                "axis": "z",
                "origin": [
                    4.75,
                    6.5,
                    7.875
                ]
            },
            "faces": {
                "north": {
                    "uv": [
                        10.85,
                        9,
                        11.75,
                        10
                    ],
                    "texture": "#2"
                },
                "east": {
                    "uv": [
                        4.25,
                        9,
                        12,
                        10
                    ],
                    "texture": "#2"
                },
                "south": {
                    "uv": [
                        4.25,
                        9,
                        5.15,
                        10
                    ],
                    "texture": "#2"
                },
                "west": {
                    "uv": [
                        4,
                        9,
                        11.75,
                        10
                    ],
                    "texture": "#2"
                },
                "up": {
                    "uv": [
                        4.25,
                        4,
                        5.15,
                        11.75
                    ],
                    "texture": "#2"
                },
                "down": {
                    "uv": [
                        4.25,
                        4.25,
                        5.15,
                        12
                    ],
                    "texture": "#2"
                }
            }
        },
        {
            "from": [
                10.85,
                6,
                4
            ],
            "to": [
                11.75,
                7,
                11.75
            ],
            "rotation": {
                "angle": 22.5,
                "axis": "z",
                "origin": [
                    11.25,
                    6.5,
                    7.875
                ]
            },
            "faces": {
                "north": {
                    "uv": [
                        4.25,
                        9,
                        5.15,
                        10
                    ],
                    "texture": "#2"
                },
                "east": {
                    "uv": [
                        4.25,
                        9,
                        12,
                        10
                    ],
                    "texture": "#2"
                },
                "south": {
                    "uv": [
                        10.85,
                        9,
                        11.75,
                        10
                    ],
                    "texture": "#2"
                },
                "west": {
                    "uv": [
                        4,
                        9,
                        11.75,
                        10
                    ],
                    "texture": "#2"
                },
                "up": {
                    "uv": [
                        10.85,
                        4,
                        11.75,
                        11.75
                    ],
                    "texture": "#2"
                },
                "down": {
                    "uv": [
                        10.85,
                        4.25,
                        11.75,
                        12
                    ],
                    "texture": "#2"
                }
            }
        },
        {
            "from": [
                4.85,
                6,
                11.35
            ],
            "to": [
                11.5,
                7,
                12.15
            ],
            "rotation": {
                "angle": 0,
                "axis": "z",
                "origin": [
                    11.25,
                    6.5,
                    7.875
                ]
            },
            "faces": {
                "north": {
                    "uv": [
                        4.5,
                        9,
                        11.15,
                        10
                    ],
                    "texture": "#2"
                },
                "east": {
                    "uv": [
                        3.85,
                        9,
                        4.65,
                        10
                    ],
                    "texture": "#2"
                },
                "south": {
                    "uv": [
                        4.85,
                        9,
                        11.5,
                        10
                    ],
                    "texture": "#2"
                },
                "west": {
                    "uv": [
                        11.35,
                        9,
                        12.15,
                        10
                    ],
                    "texture": "#2"
                },
                "up": {
                    "uv": [
                        4.85,
                        11.35,
                        11.5,
                        12.15
                    ],
                    "texture": "#2"
                },
                "down": {
                    "uv": [
                        4.85,
                        3.85,
                        11.5,
                        4.65
                    ],
                    "texture": "#2"
                }
            }
        },
        {
            "from": [
                4.85,
                6,
                3.65
            ],
            "to": [
                11.5,
                7,
                4.45
            ],
            "rotation": {
                "angle": 0,
                "axis": "z",
                "origin": [
                    11.25,
                    6.5,
                    7.875
                ]
            },
            "faces": {
                "north": {
                    "uv": [
                        4.5,
                        9,
                        11.15,
                        10
                    ],
                    "texture": "#2"
                },
                "east": {
                    "uv": [
                        11.55,
                        9,
                        12.35,
                        10
                    ],
                    "texture": "#2"
                },
                "south": {
                    "uv": [
                        4.85,
                        9,
                        11.5,
                        10
                    ],
                    "texture": "#2"
                },
                "west": {
                    "uv": [
                        3.65,
                        9,
                        4.45,
                        10
                    ],
                    "texture": "#2"
                },
                "up": {
                    "uv": [
                        4.85,
                        3.65,
                        11.5,
                        4.45
                    ],
                    "texture": "#2"
                },
                "down": {
                    "uv": [
                        4.85,
                        11.55,
                        11.5,
                        12.35
                    ],
                    "texture": "#2"
                }
            }
        },
        {
            "from": [
                3.5,
                9,
                3
            ],
            "to": [
                12.5,
                9.25,
                12.75
            ],
            "faces": {
                "north": {
                    "uv": [
                        2.5,
                        6,
                        11.5,
                        6.25
                    ],
                    "texture": "#2"
                },
                "east": {
                    "uv": [
                        2.25,
                        6,
                        12,
                        6.25
                    ],
                    "texture": "#2"
                },
                "south": {
                    "uv": [
                        2.5,
                        6,
                        11.5,
                        6.25
                    ],
                    "texture": "#2"
                },
                "west": {
                    "uv": [
                        2,
                        6,
                        11.75,
                        6.25
                    ],
                    "texture": "#2"
                },
                "up": {
                    "uv": [
                        2.5,
                        2,
                        11.5,
                        11.75
                    ],
                    "texture": "#2"
                },
                "down": {
                    "uv": [
                        2.5,
                        2.25,
                        11.5,
                        12
                    ],
                    "texture": "#2"
                }
            }
        }
    ],
    "display": {
        "head": {
            "translation": [
                0,
                -14.5,
                0
            ],
            "scale": [
                2.3,
                2.3,
                2.3
            ]
        }
    },
    "groups": [
        {
            "name": "arm",
            "origin": [
                0,
                0,
                0
            ],
            "color": 0,
            "children": [
                0,
                1
            ]
        },
        {
            "name": "seat",
            "origin": [
                0,
                0,
                0
            ],
            "color": 0,
            "children": [
                2,
                3,
                4,
                5,
                6,
                7,
                8,
                9,
                10
            ]
        },
        {
            "name": "legs",
            "origin": [
                8,
                8,
                8
            ],
            "color": 0,
            "children": [
                11,
                12,
                13,
                14,
                15,
                16,
                17,
                18,
                19
            ]
        }
    ]
}