{
    "parent": "item/generated",
    "textures": {
        "layer0": "item/bow"
    },
    "display": {
        "thirdperson_righthand": {
            "rotation": [ -80, 260, -40 ],
            "translation": [ -1, -2, 2.5 ],
            "scale": [ 0.9, 0.9, 0.9 ]
        },
        "thirdperson_lefthand": {
            "rotation": [ -80, -280, 40 ],
            "translation": [ -1, -2, 2.5 ],
            "scale": [ 0.9, 0.9, 0.9 ]
        },
        "firstperson_righthand": {
            "rotation": [ 0, -90, 25 ],
            "translation": [ 1.13, 3.2, 1.13],
            "scale": [ 0.68, 0.68, 0.68 ]
        },
        "firstperson_lefthand": {
            "rotation": [ 0, 90, -25 ],
            "translation": [ 1.13, 3.2, 1.13],
            "scale": [ 0.68, 0.68, 0.68 ]
        }
    },
    "overrides": [

        {"predicate": {"pulling": 1}, "model": "item/bow_pulling_0"},
        {"predicate": {"pulling": 1, "pull": 0.65}, "model": "item/bow_pulling_1"},
        {"predicate": {"pulling": 1, "pull": 0.9}, "model": "item/bow_pulling_2"},


        {"predicate": {"custom_model_data":12341200}, "model": "minecraft:item/bow"},
        {"predicate": {"custom_model_data":12341200, "pulling": 1}, "model": "minecraft:item/bow_pulling_0"},
        {"predicate": {"custom_model_data":12341200, "pulling": 1, "pull": 0.65}, "model": "minecraft:item/bow_pulling_1"},
        {"predicate": {"custom_model_data":12341200, "pulling": 1, "pull": 0.9}, "model": "minecraft:item/bow_pulling_2"},
        {"predicate": {"custom_model_data":12341201}, "model": "xylo_rpg:item/weapons/bow/stone"},
        {"predicate": {"custom_model_data":12341201, "pulling": 1}, "model": "xylo_rpg:item/weapons/bow/stone_pulling_0"},
        {"predicate": {"custom_model_data":12341201, "pulling": 1, "pull": 0.65}, "model": "xylo_rpg:item/weapons/bow/stone_pulling_1"},
        {"predicate": {"custom_model_data":12341201, "pulling": 1, "pull": 0.9}, "model": "xylo_rpg:item/weapons/bow/stone_pulling_2"},
        {"predicate": {"custom_model_data":12341202}, "model": "xylo_rpg:item/weapons/bow/golden"},
        {"predicate": {"custom_model_data":12341202, "pulling": 1}, "model": "xylo_rpg:item/weapons/bow/golden_pulling_0"},
        {"predicate": {"custom_model_data":12341202, "pulling": 1, "pull": 0.65}, "model": "xylo_rpg:item/weapons/bow/golden_pulling_1"},
        {"predicate": {"custom_model_data":12341202, "pulling": 1, "pull": 0.9}, "model": "xylo_rpg:item/weapons/bow/golden_pulling_2"},
        {"predicate": {"custom_model_data":12341203}, "model": "xylo_rpg:item/weapons/bow/iron"},
        {"predicate": {"custom_model_data":12341203, "pulling": 1}, "model": "xylo_rpg:item/weapons/bow/iron_pulling_0"},
        {"predicate": {"custom_model_data":12341203, "pulling": 1, "pull": 0.65}, "model": "xylo_rpg:item/weapons/bow/iron_pulling_1"},
        {"predicate": {"custom_model_data":12341203, "pulling": 1, "pull": 0.9}, "model": "xylo_rpg:item/weapons/bow/iron_pulling_2"},
        {"predicate": {"custom_model_data":12341204}, "model": "xylo_rpg:item/weapons/bow/diamond"},
        {"predicate": {"custom_model_data":12341204, "pulling": 1}, "model": "xylo_rpg:item/weapons/bow/diamond_pulling_0"},
        {"predicate": {"custom_model_data":12341204, "pulling": 1, "pull": 0.65}, "model": "xylo_rpg:item/weapons/bow/diamond_pulling_1"},
        {"predicate": {"custom_model_data":12341204, "pulling": 1, "pull": 0.9}, "model": "xylo_rpg:item/weapons/bow/diamond_pulling_2"},
        {"predicate": {"custom_model_data":12341205}, "model": "xylo_rpg:item/weapons/bow/netherite"},
        {"predicate": {"custom_model_data":12341205, "pulling": 1}, "model": "xylo_rpg:item/weapons/bow/netherite_pulling_0"},
        {"predicate": {"custom_model_data":12341205, "pulling": 1, "pull": 0.65}, "model": "xylo_rpg:item/weapons/bow/netherite_pulling_1"},
        {"predicate": {"custom_model_data":12341205, "pulling": 1, "pull": 0.9}, "model": "xylo_rpg:item/weapons/bow/netherite_pulling_2"}
    ]
}
