{
	"parent": "item/handheld_rod",
	"textures": {
		"layer0": "item/carrot_on_a_stick"
	},
	
	"overrides": [
		{"predicate": {"custom_model_data":12340002}, "model": "xylo:item/utility/tools/swords/wooden_sword"},
		{"predicate": {"custom_model_data":12340003}, "model": "xylo:item/utility/tools/swords/stone_sword"},
		{"predicate": {"custom_model_data":12340004}, "model": "xylo:item/utility/tools/swords/iron_sword"},
		{"predicate": {"custom_model_data":12340005}, "model": "xylo:item/utility/tools/swords/golden_sword"},
		{"predicate": {"custom_model_data":12340006}, "model": "xylo:item/utility/tools/swords/diamond_sword"},
		{"predicate": {"custom_model_data":12340007}, "model": "xylo:item/utility/tools/swords/netherite_sword"},

		{"predicate": {"custom_model_data":12340200}, "model": "xylo:item/server/warps/warp_save"},
		{"predicate": {"custom_model_data":12340201}, "model": "xylo:item/server/warps/warp"},
		{"predicate": {"custom_model_data":12340202}, "model": "xylo:item/server/warps/death_point"},
		{"predicate": {"custom_model_data":12340203}, "model": "xylo:item/server/warps/spawn_point"},

		{"predicate": {"custom_model_data":12340300}, "model": "xylo:item/trinkets/trinket"},
		{"predicate": {"custom_model_data":12340301}, "model": "xylo:item/trinkets/speed_trinket"},
		{"predicate": {"custom_model_data":12340302}, "model": "xylo:item/trinkets/fire_res_trinket"},
		{"predicate": {"custom_model_data":12340303}, "model": "xylo:item/trinkets/n_vision_trinket"},
		{"predicate": {"custom_model_data":12340304}, "model": "xylo:item/trinkets/invis_trinket"},
		{"predicate": {"custom_model_data":12340305}, "model": "xylo:item/trinkets/leaping_trinket"},
		{"predicate": {"custom_model_data":12340306}, "model": "xylo:item/trinkets/w_breath_trinket"},
		{"predicate": {"custom_model_data":12340307}, "model": "xylo:item/trinkets/strength_trinket"},
		{"predicate": {"custom_model_data":12340308}, "model": "xylo:item/trinkets/regen_trinket"},
		{"predicate": {"custom_model_data":12340309}, "model": "xylo:item/trinkets/slowfall_trinket"},
		{"predicate": {"custom_model_data":12340310}, "model": "xylo:item/trinkets/inst_health"},
		{"predicate": {"custom_model_data":12340320}, "model": "xylo:item/trinkets/mount_trinket"},

		
        {"predicate": {"custom_model_data":12341200}, "model": "xylo_rpg:item/weapons/one_edge_sword/wooden"},
		{"predicate": {"custom_model_data":12341201}, "model": "xylo_rpg:item/weapons/one_edge_sword/stone"},
		{"predicate": {"custom_model_data":12341202}, "model": "xylo_rpg:item/weapons/one_edge_sword/golden"},
		{"predicate": {"custom_model_data":12341203}, "model": "xylo_rpg:item/weapons/one_edge_sword/iron"},
		{"predicate": {"custom_model_data":12341204}, "model": "xylo_rpg:item/weapons/one_edge_sword/diamond"},
		{"predicate": {"custom_model_data":12341205}, "model": "xylo_rpg:item/weapons/one_edge_sword/netherite"},
		{"predicate": {"custom_model_data":12341206}, "model": "xylo_rpg:item/weapons/spear/wooden"},
		{"predicate": {"custom_model_data":12341207}, "model": "xylo_rpg:item/weapons/spear/stone"},
		{"predicate": {"custom_model_data":12341208}, "model": "xylo_rpg:item/weapons/spear/golden"},
		{"predicate": {"custom_model_data":12341209}, "model": "xylo_rpg:item/weapons/spear/iron"},
		{"predicate": {"custom_model_data":12341210}, "model": "xylo_rpg:item/weapons/spear/diamond"},
		{"predicate": {"custom_model_data":12341211}, "model": "xylo_rpg:item/weapons/spear/netherite"}
	]
}

