{
    "parent": "item/generated",
    "textures": {
        "layer0": "item/crossbow_standby"
    },
    "display": {
        "thirdperson_righthand": {
            "rotation": [ -90, 0, -60 ],
            "translation": [ 2, 0.1, -3 ],
            "scale": [ 0.9, 0.9, 0.9 ]
        },
        "thirdperson_lefthand": {
            "rotation": [ -90, 0, 30 ],
            "translation": [ 2, 0.1, -3 ],
            "scale": [ 0.9, 0.9, 0.9 ]
        },
        "firstperson_righthand": {
            "rotation": [ -90, 0, -55 ],
            "translation": [ 1.13, 3.2, 1.13],
            "scale": [ 0.68, 0.68, 0.68 ]
        },
        "firstperson_lefthand": {
            "rotation": [ -90, 0, 35 ],
            "translation": [ 1.13, 3.2, 1.13],
            "scale": [ 0.68, 0.68, 0.68 ]
        }
    },
    "overrides": [

        {"predicate": {"pulling": 1}, "model": "item/crossbow_pulling_0"},
        {"predicate": {"pulling": 1, "pull": 0.58}, "model": "item/crossbow_pulling_1" },
        {"predicate": {"pulling": 1, "pull": 1.0}, "model": "item/crossbow_pulling_2"},
        {"predicate": {"charged": 1}, "model": "item/crossbow_arrow"},
        {"predicate": {"charged": 1, "firework": 1}, "model": "item/crossbow_firework"},


        {"predicate": {"custom_model_data":12340002}, "model": "xylo:item/utility/tools/swords/two_handed_wooden_sword"},
        {"predicate": {"custom_model_data":12340003}, "model": "xylo:item/utility/tools/swords/two_handed_stone_sword"},
        {"predicate": {"custom_model_data":12340004}, "model": "xylo:item/utility/tools/swords/two_handed_iron_sword"},
        {"predicate": {"custom_model_data":12340005}, "model": "xylo:item/utility/tools/swords/two_handed_golden_sword"},
        {"predicate": {"custom_model_data":12340006}, "model": "xylo:item/utility/tools/swords/two_handed_diamond_sword"},
        {"predicate": {"custom_model_data":12340007}, "model": "xylo:item/utility/tools/swords/two_handed_netherite_sword"},

        
        {"predicate": {"custom_model_data":12341200}, "model": "minecraft:item/crossbow"},
        {"predicate": {"custom_model_data":12341200, "pulling": 1, "pull": 0.58}, "model": "minecraft:item/crossbow_pulling_1" },
        {"predicate": {"custom_model_data":12341200, "pulling": 1, "pull": 1.0}, "model": "minecraft:item/crossbow_pulling_2"},
        {"predicate": {"custom_model_data":12341200, "charged": 1}, "model": "minecraft:item/crossbow_arrow"},
        {"predicate": {"custom_model_data":12341200, "charged": 1, "firework": 1}, "model": "minecraft:item/crossbow_firework"},
        {"predicate": {"custom_model_data":12341201}, "model": "xylo_rpg:item/weapons/crossbow/stone"},
        {"predicate": {"custom_model_data":12341201, "pulling": 1, "pull": 0.58}, "model": "xylo_rpg:item/weapons/crossbow/stone_pulling_1" },
        {"predicate": {"custom_model_data":12341201, "pulling": 1, "pull": 1.0}, "model": "xylo_rpg:item/weapons/crossbow/stone_pulling_2"},
        {"predicate": {"custom_model_data":12341201, "charged": 1}, "model": "xylo_rpg:item/weapons/crossbow/stone_arrow"},
        {"predicate": {"custom_model_data":12341201, "charged": 1, "firework": 1}, "model": "xylo_rpg:item/weapons/crossbow/stone_firework"},
        {"predicate": {"custom_model_data":12341202}, "model": "xylo_rpg:item/weapons/crossbow/golden"},
        {"predicate": {"custom_model_data":12341202, "pulling": 1, "pull": 0.58}, "model": "xylo_rpg:item/weapons/crossbow/golden_pulling_1" },
        {"predicate": {"custom_model_data":12341202, "pulling": 1, "pull": 1.0}, "model": "xylo_rpg:item/weapons/crossbow/golden_pulling_2"},
        {"predicate": {"custom_model_data":12341202, "charged": 1}, "model": "xylo_rpg:item/weapons/crossbow/golden_arrow"},
        {"predicate": {"custom_model_data":12341202, "charged": 1, "firework": 1}, "model": "xylo_rpg:item/weapons/crossbow/golden_firework"},
        {"predicate": {"custom_model_data":12341203}, "model": "xylo_rpg:item/weapons/crossbow/iron"},
        {"predicate": {"custom_model_data":12341203, "pulling": 1, "pull": 0.58}, "model": "xylo_rpg:item/weapons/crossbow/iron_pulling_1" },
        {"predicate": {"custom_model_data":12341203, "pulling": 1, "pull": 1.0}, "model": "xylo_rpg:item/weapons/crossbow/iron_pulling_2"},
        {"predicate": {"custom_model_data":12341203, "charged": 1}, "model": "xylo_rpg:item/weapons/crossbow/iron_arrow"},
        {"predicate": {"custom_model_data":12341203, "charged": 1, "firework": 1}, "model": "xylo_rpg:item/weapons/crossbow/iron_firework"},
        {"predicate": {"custom_model_data":12341204}, "model": "xylo_rpg:item/weapons/crossbow/diamond"},
        {"predicate": {"custom_model_data":12341204, "pulling": 1, "pull": 0.58}, "model": "xylo_rpg:item/weapons/crossbow/diamond_pulling_1" },
        {"predicate": {"custom_model_data":12341204, "pulling": 1, "pull": 1.0}, "model": "xylo_rpg:item/weapons/crossbow/diamond_pulling_2"},
        {"predicate": {"custom_model_data":12341204, "charged": 1}, "model": "xylo_rpg:item/weapons/crossbow/diamond_arrow"},
        {"predicate": {"custom_model_data":12341204, "charged": 1, "firework": 1}, "model": "xylo_rpg:item/weapons/crossbow/diamond_firework"},
        {"predicate": {"custom_model_data":12341205}, "model": "xylo_rpg:item/weapons/crossbow/netherite"},
        {"predicate": {"custom_model_data":12341205, "pulling": 1, "pull": 0.58}, "model": "xylo_rpg:item/weapons/crossbow/netherite_pulling_1" },
        {"predicate": {"custom_model_data":12341205, "pulling": 1, "pull": 1.0}, "model": "xylo_rpg:item/weapons/crossbow/netherite_pulling_2"},
        {"predicate": {"custom_model_data":12341205, "charged": 1}, "model": "xylo_rpg:item/weapons/crossbow/netherite_arrow"},
        {"predicate": {"custom_model_data":12341205, "charged": 1, "firework": 1}, "model": "xylo_rpg:item/weapons/crossbow/netherite_firework"},

        {"predicate": {"custom_model_data":12341206}, "model": "xylo_rpg:item/weapons/long_sword/wooden"},
        {"predicate": {"custom_model_data":12341207}, "model": "xylo_rpg:item/weapons/long_sword/stone"},
        {"predicate": {"custom_model_data":12341208}, "model": "xylo_rpg:item/weapons/long_sword/golden"},
        {"predicate": {"custom_model_data":12341209}, "model": "xylo_rpg:item/weapons/long_sword/iron"},
        {"predicate": {"custom_model_data":12341210}, "model": "xylo_rpg:item/weapons/long_sword/diamond"},
        {"predicate": {"custom_model_data":12341211}, "model": "xylo_rpg:item/weapons/long_sword/netherite"}
    ]
}
