{
  "parent": "minecraft:item/generated",
  "textures": {
    "layer0": "minecraft:item/diamond_leggings"
  },	
	"overrides": [
		{"predicate": {"custom_model_data":12341200}, "model": "minecraft:item/leather_leggings"},
		{"predicate": {"custom_model_data":12341201}, "model": "minecraft:item/chainmail_leggings"},
		{"predicate": {"custom_model_data":12341202}, "model": "minecraft:item/golden_leggings"},
		{"predicate": {"custom_model_data":12341203}, "model": "minecraft:item/iron_leggings"},
		{"predicate": {"custom_model_data":12341204}, "model": "minecraft:item/diamond_leggings"},
		{"predicate": {"custom_model_data":12341205}, "model": "minecraft:item/netherite_leggings"}
	]
}