{
  "parent": "minecraft:item/generated",
  "textures": {
    "layer0": "minecraft:item/diamond_chestplate"
  },	
	"overrides": [
		{"predicate": {"custom_model_data":12341200}, "model": "minecraft:item/leather_chestplate"},
		{"predicate": {"custom_model_data":12341201}, "model": "minecraft:item/chainmail_chestplate"},
		{"predicate": {"custom_model_data":12341202}, "model": "minecraft:item/golden_chestplate"},
		{"predicate": {"custom_model_data":12341203}, "model": "minecraft:item/iron_chestplate"},
		{"predicate": {"custom_model_data":12341204}, "model": "minecraft:item/diamond_chestplate"},
		{"predicate": {"custom_model_data":12341205}, "model": "minecraft:item/netherite_chestplate"},

		{"predicate": {"custom_model_data":12345000}, "model": "xylo:item/hats/witch_hat_0"}
	]
}