{
  "parent": "minecraft:item/handheld",
  "textures": {
    "layer0": "minecraft:item/diamond_sword"
  },	
	"overrides": [
		{"predicate": {"custom_model_data":12340006}, "model": "item/diamond_sword"},

		{"predicate": {"custom_model_data":12341200}, "model": "minecraft:item/wooden_sword"},
		{"predicate": {"custom_model_data":12341201}, "model": "minecraft:item/stone_sword"},
		{"predicate": {"custom_model_data":12341202}, "model": "minecraft:item/golden_sword"},
		{"predicate": {"custom_model_data":12341203}, "model": "minecraft:item/iron_sword"},
		{"predicate": {"custom_model_data":12341204}, "model": "minecraft:item/diamond_sword"},
		{"predicate": {"custom_model_data":12341205}, "model": "minecraft:item/netherite_sword"}
	]
}