{
  "parent": "minecraft:item/generated",
  "textures": {
    "layer0": "minecraft:item/diamond_helmet"
  },	
	"overrides": [
		{"predicate": {"custom_model_data":12341200}, "model": "minecraft:item/leather_helmet"},
		{"predicate": {"custom_model_data":12341201}, "model": "minecraft:item/chainmail_helmet"},
		{"predicate": {"custom_model_data":12341202}, "model": "minecraft:item/golden_helmet"},
		{"predicate": {"custom_model_data":12341203}, "model": "minecraft:item/iron_helmet"},
		{"predicate": {"custom_model_data":12341204}, "model": "minecraft:item/diamond_helmet"},
		{"predicate": {"custom_model_data":12341205}, "model": "minecraft:item/netherite_helmet"},

		{"predicate": {"custom_model_data":12345000}, "model": "xylo:item/hats/witch_hat_0"}
	]
}