{
	"parent": "item/handheld",
	"textures": {
		"layer0": "item/diamond_axe"
	},
	
	"overrides": [
		{"predicate": {"custom_model_data":12340404}, "model": "xylo:item/armory/battle_axe/diamond_battle_axe"},

		{"predicate": {"custom_model_data":12341200}, "model": "minecraft:item/wooden_axe"},
		{"predicate": {"custom_model_data":12341201}, "model": "minecraft:item/stone_axe"},
		{"predicate": {"custom_model_data":12341202}, "model": "minecraft:item/golden_axe"},
		{"predicate": {"custom_model_data":12341203}, "model": "minecraft:item/iron_axe"},
		{"predicate": {"custom_model_data":12341204}, "model": "minecraft:item/diamond_axe"},
		{"predicate": {"custom_model_data":12341205}, "model": "minecraft:item/netherite_axe"}
	]
}

