{
  "parent": "minecraft:item/generated",
  "textures": {
    "layer0": "minecraft:item/diamond_boots"
  },	
	"overrides": [
		{"predicate": {"custom_model_data":12341200}, "model": "minecraft:item/leather_boots"},
		{"predicate": {"custom_model_data":12341201}, "model": "minecraft:item/chainmail_boots"},
		{"predicate": {"custom_model_data":12341202}, "model": "minecraft:item/golden_boots"},
		{"predicate": {"custom_model_data":12341203}, "model": "minecraft:item/iron_boots"},
		{"predicate": {"custom_model_data":12341204}, "model": "minecraft:item/diamond_boots"},
		{"predicate": {"custom_model_data":12341205}, "model": "minecraft:item/netherite_boots"}
	]
}