{
    "parent": "item/handheld_rod",
    "textures": {
        "layer0": "item/fishing_rod"
    },
    "overrides": [
        {"predicate": {"cast": 1},"model": "item/fishing_rod_cast"},

        {"predicate": {"custom_model_data":12340002}, "model": "xylo:item/utility/tools/swords/wooden_sword"},
        {"predicate": {"custom_model_data":12340003}, "model": "xylo:item/utility/tools/swords/stone_sword"},
        {"predicate": {"custom_model_data":12340004}, "model": "xylo:item/utility/tools/swords/iron_sword"},
        {"predicate": {"custom_model_data":12340005}, "model": "xylo:item/utility/tools/swords/golden_sword"},
        {"predicate": {"custom_model_data":12340006}, "model": "xylo:item/utility/tools/swords/diamond_sword"},
        {"predicate": {"custom_model_data":12340007}, "model": "xylo:item/utility/tools/swords/netherite_sword"},

        {"predicate": {"custom_model_data":12341212}, "model": "xylo_rpg:item/weapons/light_sword/wooden"},
        {"predicate": {"custom_model_data":12341213}, "model": "xylo_rpg:item/weapons/light_sword/stone"},
        {"predicate": {"custom_model_data":12341214}, "model": "xylo_rpg:item/weapons/light_sword/golden"},
        {"predicate": {"custom_model_data":12341215}, "model": "xylo_rpg:item/weapons/light_sword/iron"},
        {"predicate": {"custom_model_data":12341216}, "model": "xylo_rpg:item/weapons/light_sword/diamond"},
        {"predicate": {"custom_model_data":12341217}, "model": "xylo_rpg:item/weapons/light_sword/netherite"}
    ]
}
