{
	"parent": "item/handheld",
	"textures": {
		"layer0": "item/iron_sword"
	},
	
	"overrides": [
		{"predicate": {"custom_model_data":12340004}, "model": "item/iron_sword"},
		
		{"predicate": {"custom_model_data":12340504}, "model": "xylo:item/armory/emerald/emerald_sword"},

        {"predicate": {"custom_model_data":12341204}, "model": "xylo_rpg:item/weapons/hunter_knife"},
        {"predicate": {"custom_model_data":12341210}, "model": "xylo_rpg:item/weapons/assassin_katana"}
	]
}

