{
	"parent": "item/handheld",
	"textures": {
		"layer0": "item/iron_axe"
	},
	
	"overrides": [
		{"predicate": {"custom_model_data":12340403}, "model": "xylo:item/armory/battle_axe/iron_battle_axe"},
		{"predicate": {"custom_model_data":12340406}, "model": "xylo:item/armory/battle_axe/emerald_battle_axe"},
		{"predicate": {"custom_model_data":12340506}, "model": "xylo:item/armory/emerald/emerald_axe"},

		{"predicate": {"custom_model_data":12340601}, "model": "xylo:item/combat/spells/infused/iron_axe/self"},
		{"predicate": {"custom_model_data":12340603}, "model": "xylo:item/combat/spells/infused/iron_axe/target"},
		{"predicate": {"custom_model_data":12340611}, "model": "xylo:item/combat/spells/infused/iron_axe/self_aoe"},
		{"predicate": {"custom_model_data":12340613}, "model": "xylo:item/combat/spells/infused/iron_axe/target_aoe"},

		{"predicate": {"custom_model_data":12340621}, "model": "xylo:item/combat/spells/infused/iron_axe/self_2"},
		{"predicate": {"custom_model_data":12340623}, "model": "xylo:item/combat/spells/infused/iron_axe/target_2"},
		{"predicate": {"custom_model_data":12340631}, "model": "xylo:item/combat/spells/infused/iron_axe/self_aoe_2"},
		{"predicate": {"custom_model_data":12340633}, "model": "xylo:item/combat/spells/infused/iron_axe/target_aoe_2"},

		{"predicate": {"custom_model_data":12340641}, "model": "xylo:item/combat/spells/infused/iron_axe/curse_self"},
		{"predicate": {"custom_model_data":12340643}, "model": "xylo:item/combat/spells/infused/iron_axe/curse_target"},
		{"predicate": {"custom_model_data":12340651}, "model": "xylo:item/combat/spells/infused/iron_axe/curse_self_aoe"},
		{"predicate": {"custom_model_data":12340653}, "model": "xylo:item/combat/spells/infused/iron_axe/curse_target_aoe"},

		{"predicate": {"custom_model_data":12340661}, "model": "xylo:item/combat/spells/infused/iron_axe/curse_self_2"},
		{"predicate": {"custom_model_data":12340663}, "model": "xylo:item/combat/spells/infused/iron_axe/curse_target_2"},
		{"predicate": {"custom_model_data":12340671}, "model": "xylo:item/combat/spells/infused/iron_axe/curse_self_aoe_2"},
		{"predicate": {"custom_model_data":12340673}, "model": "xylo:item/combat/spells/infused/iron_axe/curse_target_aoe_2"}
	]
}

