{
	"parent": "item/handheld",
	"textures": {
		"layer0": "item/netherite_sword"
	},
	
	"overrides": [
		{"predicate": {"custom_model_data":12340007}, "model": "item/netherite_sword"},
		
        {"predicate": {"custom_model_data":12340410}, "model": "xylo:item/combat/hunter/hunter_blade"},
		{"predicate": {"custom_model_data":12340514}, "model": "xylo:item/armory/obsidian/obsidian_sword"},

		{"predicate": {"custom_model_data":12341204}, "model": "xylo_rpg:item/weapons/hunter_knife"},
		{"predicate": {"custom_model_data":12341210}, "model": "xylo_rpg:item/weapons/assassin_katana"}
	]
}

