{
	"parent": "item/generated",
	"textures": {
		"layer0": "item/netherite_boots"
	},
	
	"overrides": [
		{"predicate": {"custom_model_data":12340513}, "model": "xylo:item/armory/obsidian/obsidian_boots"},
		{"predicate": {"custom_model_data":12340523}, "model": "xylo:item/combat/warlock/warlock_boots"},
		{"predicate": {"custom_model_data":12340533}, "model": "xylo:item/combat/hunter/hunter_boots"},
		{"predicate": {"custom_model_data":12340543}, "model": "xylo:item/rpg_classes/warrior/armor/warrior_boots"},
		{"predicate": {"custom_model_data":12340553}, "model": "xylo:item/armory/nether_star/nether_star_boots"}
	]
}

