{
	"parent": "item/generated",
	"textures": {
		"layer0": "item/netherite_chestplate"
	},
	
	"overrides": [
		{"predicate": {"custom_model_data":12340511}, "model": "xylo:item/armory/obsidian/obsidian_chestplate"},
		{"predicate": {"custom_model_data":12340521}, "model": "xylo:item/combat/warlock/warlock_chestplate"},
		{"predicate": {"custom_model_data":12340531}, "model": "xylo:item/combat/hunter/hunter_chestplate"},
		{"predicate": {"custom_model_data":12340541}, "model": "xylo:item/rpg_classes/warrior/armor/warrior_chestplate"},
		{"predicate": {"custom_model_data":12340551}, "model": "xylo:item/armory/nether_star/nether_star_chestplate"},

		{"predicate": {"custom_model_data":12345000}, "model": "xylo:item/hats/witch_hat_0"}
	]
}

