{
	"parent": "item/generated",
	"textures": {
		"layer0": "item/paper"
	},
	
	"overrides": [
		{"predicate": {"custom_model_data":12340000}, "model": "xylo:gui/cct_gui"},
		{"predicate": {"custom_model_data":12340001}, "model": "xylo:block/cct"},
		{"predicate": {"custom_model_data":12340002}, "model": "xylo:block/forge"},
		{"predicate": {"custom_model_data":12340003}, "model": "xylo:gui/forge"},
		{"predicate": {"custom_model_data":12340004}, "model": "xylo:gui/forge_x"},
		{"predicate": {"custom_model_data":12340099}, "model": "xylo:item/generic/empty"},
		{"predicate": {"custom_model_data":12341000}, "model": "xylo_rpg:gui/skills_table"},
		{"predicate": {"custom_model_data":12341010}, "model": "xylo_rpg:item/gui/up"},
		{"predicate": {"custom_model_data":12341011}, "model": "xylo_rpg:item/gui/down"},
		{"predicate": {"custom_model_data":12341012}, "model": "xylo_rpg:item/gui/atk_dmg"},
		{"predicate": {"custom_model_data":12341013}, "model": "xylo_rpg:item/gui/handling"},
		{"predicate": {"custom_model_data":12341014}, "model": "xylo_rpg:item/gui/range_dmg"},
		{"predicate": {"custom_model_data":12341015}, "model": "xylo_rpg:item/gui/mobility"},
		{"predicate": {"custom_model_data":12341016}, "model": "xylo_rpg:item/gui/health"},
		{"predicate": {"custom_model_data":12341017}, "model": "xylo_rpg:item/gui/magic_dmg"},
		{"predicate": {"custom_model_data":12341018}, "model": "xylo_rpg:item/gui/stamina_cap"},
		{"predicate": {"custom_model_data":12341019}, "model": "xylo_rpg:item/gui/stamina_reg"},
		{"predicate": {"custom_model_data":12341020}, "model": "xylo_rpg:item/gui/energy_cap"},
		{"predicate": {"custom_model_data":12341021}, "model": "xylo_rpg:item/gui/energy_reg"},
		{"predicate": {"custom_model_data":12341022}, "model": "xylo_rpg:item/gui/oshield_cap"},
		{"predicate": {"custom_model_data":12341023}, "model": "xylo_rpg:item/gui/transm_eff"},
		{"predicate": {"custom_model_data":12341024}, "model": "xylo_rpg:item/gui/transm_s_to_e"},
		{"predicate": {"custom_model_data":12341025}, "model": "xylo_rpg:item/gui/transm_s_to_o"},
		{"predicate": {"custom_model_data":12341026}, "model": "xylo_rpg:item/gui/transm_e_to_s"},
		{"predicate": {"custom_model_data":12341027}, "model": "xylo_rpg:item/gui/transm_e_to_o"},
		{"predicate": {"custom_model_data":12341028}, "model": "xylo_rpg:item/gui/reset"},
		{"predicate": {"custom_model_data":12341029}, "model": "xylo_rpg:block/skills_table"},
		{"predicate": {"custom_model_data":12341030}, "model": "xylo_rpg:item/gui/class"},
		{"predicate": {"custom_model_data":12341033}, "model": "xylo_rpg:item/gui/pack_icon"},
		{"predicate": {"custom_model_data":12341034}, "model": "xylo_rpg:item/gui/warlock"},
		{"predicate": {"custom_model_data":12341035}, "model": "xylo_rpg:item/gui/hunter"},
		{"predicate": {"custom_model_data":12341036}, "model": "xylo_rpg:item/gui/warrior"},
		{"predicate": {"custom_model_data":12341037}, "model": "xylo_rpg:item/gui/assassin"},
		{"predicate": {"custom_model_data":12341038}, "model": "xylo_rpg:item/gui/archer"},
		{"predicate": {"custom_model_data":12341039}, "model": "xylo_rpg:item/elements/ice_spikes"},
		{"predicate": {"custom_model_data":12341040}, "model": "xylo_rpg:item/abilities/turret"},
		{"predicate": {"custom_model_data":12341041}, "model": "xylo_rpg:item/cores/core"},
		{"predicate": {"custom_model_data":12341042}, "model": "xylo_rpg:item/cores/ability_core"},
		{"predicate": {"custom_model_data":12341043}, "model": "xylo_rpg:item/abilities/globe"},
		{"predicate": {"custom_model_data":12341044}, "model": "xylo_rpg:item/gui/transm"},
		{"predicate": {"custom_model_data":12341045}, "model": "xylo_rpg:item/gui/exp_converter"},
		{"predicate": {"custom_model_data":12341046}, "model": "xylo_rpg:advancements/drop_item"},
		{"predicate": {"custom_model_data":12341047}, "model": "xylo_rpg:advancements/elements/elements"},
		{"predicate": {"custom_model_data":12341048}, "model": "xylo_rpg:advancements/elements/darkness"},
		{"predicate": {"custom_model_data":12341049}, "model": "xylo_rpg:advancements/elements/light"},
		{"predicate": {"custom_model_data":12341050}, "model": "xylo_rpg:advancements/elements/fire"},
		{"predicate": {"custom_model_data":12341051}, "model": "xylo_rpg:advancements/elements/freeze"},
		{"predicate": {"custom_model_data":12341052}, "model": "xylo_rpg:advancements/elements/shock"},
		{"predicate": {"custom_model_data":12341053}, "model": "xylo_rpg:advancements/elements/air"},
		{"predicate": {"custom_model_data":12341054}, "model": "xylo_rpg:item/cores/durability_core"},
		{"predicate": {"custom_model_data":12341055}, "model": "xylo_rpg:item/cores/passive_ability_core"},
		{"predicate": {"custom_model_data":12341056}, "model": "xylo_rpg:item/cores/combat_ability_core"},
		{"predicate": {"custom_model_data":12341057}, "model": "xylo_rpg:item/cores/mix_ability_core"},
		{"predicate": {"custom_model_data":12341058}, "model": "xylo_rpg:item/spells/circle"},
		{"predicate": {"custom_model_data":12341059}, "model": "xylo_rpg:item/spells/circle_effects"},
		{"predicate": {"custom_model_data":12341060}, "model": "xylo_rpg:item/spells/circle_types"},
		{"predicate": {"custom_model_data":12341061}, "model": "xylo_rpg:item/spells/circle_damage"},
		{"predicate": {"custom_model_data":12341062}, "model": "xylo_rpg:item/spells/circle_elements"},
		{"predicate": {"custom_model_data":12341063}, "model": "xylo_rpg:item/spells/circle_others"}
		
	]
}

