{
    "parent": "builtin/entity",
    "gui_light": "front",
    "textures": {
        "particle": "block/dark_oak_planks"
    },
    "display": {
        "thirdperson_righthand": {
            "rotation": [ 0, 90, 0 ],
            "translation": [ 10, 6, -4 ],
            "scale": [ 1, 1, 1 ]
        },
        "thirdperson_lefthand": {
            "rotation": [ 0, 90, 0 ],
            "translation": [ 10, 6, 12 ],
            "scale": [ 1, 1, 1 ]
        },
        "firstperson_righthand": {
            "rotation": [ 0, 180, 5 ],
            "translation": [ -10, 2, -10 ],
            "scale": [ 1.25, 1.25, 1.25 ]
        },
        "firstperson_lefthand": {
            "rotation": [ 0, 180, 5 ],
            "translation": [ 10, 0, -10 ],
            "scale": [ 1.25, 1.25, 1.25 ]
        },
        "gui": {
            "rotation": [ 15, -25, -5 ],
            "translation": [ 2, 3, 0 ],
            "scale": [ 0.65, 0.65, 0.65 ]
        },
        "fixed": {
            "rotation": [ 0, 180, 0 ],
            "translation": [ -2, 4, -5],
            "scale":[ 0.5, 0.5, 0.5]
        },
        "ground": {
            "rotation": [ 0, 0, 0 ],
            "translation": [ 4, 4, 2],
            "scale":[ 0.25, 0.25, 0.25]
        }
    },
    "overrides": [
        {"predicate": {"blocking": 1}, "model": "item/shield_blocking"},

        {"predicate": {"custom_model_data":12340002}, "model": "xylo:item/utility/tools/swords/wooden_sword"},
        {"predicate": {"blocking": 1,"custom_model_data":12340002}, "model": "xylo:item/utility/tools/swords/wooden_sword_blocking"},
        {"predicate": {"custom_model_data":12340003}, "model": "xylo:item/utility/tools/swords/stone_sword"},
        {"predicate": {"blocking": 1,"custom_model_data":12340003}, "model": "xylo:item/utility/tools/swords/stone_sword_blocking"},
        {"predicate": {"custom_model_data":12340004}, "model": "xylo:item/utility/tools/swords/iron_sword"},
        {"predicate": {"blocking": 1,"custom_model_data":12340004}, "model": "xylo:item/utility/tools/swords/iron_sword_blocking"},
        {"predicate": {"custom_model_data":12340005}, "model": "xylo:item/utility/tools/swords/golden_sword"},
        {"predicate": {"blocking": 1,"custom_model_data":12340005}, "model": "xylo:item/utility/tools/swords/golden_sword_blocking"},
        {"predicate": {"custom_model_data":12340006}, "model": "xylo:item/utility/tools/swords/diamond_sword"},
        {"predicate": {"blocking": 1,"custom_model_data":12340006}, "model": "xylo:item/utility/tools/swords/diamond_sword_blocking"},
        {"predicate": {"custom_model_data":12340007}, "model": "xylo:item/utility/tools/swords/netherite_sword"},
        {"predicate": {"blocking": 1,"custom_model_data":12340007}, "model": "xylo:item/utility/tools/swords/netherite_sword_blocking"},

        {"predicate": {"custom_model_data":12341200}, "model": "minecraft:item/shield"},
        {"predicate": {"custom_model_data":12341200, "blocking": 1}, "model": "minecraft:item/shield_blocking"},
        {"predicate": {"custom_model_data":12341201}, "model": "xylo_rpg:item/weapons/shield/stone"},
        {"predicate": {"custom_model_data":12341201, "blocking": 1}, "model": "xylo_rpg:item/weapons/shield/stone_blocking"},
        {"predicate": {"custom_model_data":12341202}, "model": "xylo_rpg:item/weapons/shield/golden"},
        {"predicate": {"custom_model_data":12341202, "blocking": 1}, "model": "xylo_rpg:item/weapons/shield/golden_blocking"},
        {"predicate": {"custom_model_data":12341203}, "model": "xylo_rpg:item/weapons/shield/iron"},
        {"predicate": {"custom_model_data":12341203, "blocking": 1}, "model": "xylo_rpg:item/weapons/shield/iron_blocking"},
        {"predicate": {"custom_model_data":12341204}, "model": "xylo_rpg:item/weapons/shield/diamond"},
        {"predicate": {"custom_model_data":12341204, "blocking": 1}, "model": "xylo_rpg:item/weapons/shield/diamond_blocking"},
        {"predicate": {"custom_model_data":12341205}, "model": "xylo_rpg:item/weapons/shield/netherite"},
        {"predicate": {"custom_model_data":12341205, "blocking": 1}, "model": "xylo_rpg:item/weapons/shield/netherite_blocking"},


        {"predicate": {"custom_model_data":12341206}, "model": "xylo_rpg:item/weapons/dagger/wooden"},
        {"predicate": {"custom_model_data":12341206, "blocking": 1}, "model": "xylo_rpg:item/weapons/dagger/wooden_blocking"},
        {"predicate": {"custom_model_data":12341207}, "model": "xylo_rpg:item/weapons/dagger/stone"},
        {"predicate": {"custom_model_data":12341207, "blocking": 1}, "model": "xylo_rpg:item/weapons/dagger/stone_blocking"},
        {"predicate": {"custom_model_data":12341208}, "model": "xylo_rpg:item/weapons/dagger/golden"},
        {"predicate": {"custom_model_data":12341208, "blocking": 1}, "model": "xylo_rpg:item/weapons/dagger/golden_blocking"},
        {"predicate": {"custom_model_data":12341209}, "model": "xylo_rpg:item/weapons/dagger/iron"},
        {"predicate": {"custom_model_data":12341209, "blocking": 1}, "model": "xylo_rpg:item/weapons/dagger/iron_blocking"},
        {"predicate": {"custom_model_data":12341210}, "model": "xylo_rpg:item/weapons/dagger/diamond"},
        {"predicate": {"custom_model_data":12341210, "blocking": 1}, "model": "xylo_rpg:item/weapons/dagger/diamond_blocking"},
        {"predicate": {"custom_model_data":12341211}, "model": "xylo_rpg:item/weapons/dagger/netherite"},
        {"predicate": {"custom_model_data":12341211, "blocking": 1}, "model": "xylo_rpg:item/weapons/dagger/netherite_blocking"}
    ]
}
