{
  "parent": "minecraft:item/handheld_rod",
  "textures": {
    "layer0": "minecraft:item/warped_fungus_on_a_stick"
  },
	
	"overrides": [
		{"predicate": {"custom_model_data":12341058}, "model": "xylo_rpg:item/spells/book"},
		{"predicate": {"custom_model_data":12341059}, "model": "xylo_rpg:item/abilities/effects/support/stealth/shadow_blade"},

  		{"predicate": {"custom_model_data":12341212}, "model": "xylo_rpg:item/weapons/light_sword/wooden"},
		{"predicate": {"custom_model_data":12341213}, "model": "xylo_rpg:item/weapons/light_sword/stone"},
		{"predicate": {"custom_model_data":12341214}, "model": "xylo_rpg:item/weapons/light_sword/golden"},
		{"predicate": {"custom_model_data":12341215}, "model": "xylo_rpg:item/weapons/light_sword/iron"},
		{"predicate": {"custom_model_data":12341216}, "model": "xylo_rpg:item/weapons/light_sword/diamond"},
		{"predicate": {"custom_model_data":12341217}, "model": "xylo_rpg:item/weapons/light_sword/netherite"}
	]
}