{
  "spawners": {
    "water_ambient": [],
    "ambient": [],
    "misc": [],
    "water_creature": [],
    "creature": [
      {
        "type": "minecraft:bee",
        "weight": 10,
        "minCount": 1,
        "maxCount": 5
      },
      {
        "type": "minecraft:pillager",
        "weight": 15,
        "minCount": 4,
        "maxCount": 4
      },
      {
        "type": "minecraft:sheep",
        "weight": 12,
        "minCount": 4,
        "maxCount": 4
      },
      {
        "type": "minecraft:chicken",
        "weight": 12,
        "minCount": 4,
        "maxCount": 4
      },
      {
        "type": "minecraft:horse",
        "weight": 10,
        "minCount": 4,
        "maxCount": 6
      },
      {
        "type": "minecraft:wolf",
        "weight": 15,
        "minCount": 4,
        "maxCount": 4
      }
    ],
    "monster": [
      {
        "type": "minecraft:phantom",
        "weight": 3,
        "minCount": 1,
        "maxCount": 1
      },
      {
        "type": "minecraft:creeper",
        "weight": 8,
        "minCount": 1,
        "maxCount": 1
      },
      {
        "type": "minecraft:zombie_villager",
        "weight": 65,
        "minCount": 3,
        "maxCount": 3
      },
      {
        "type": "minecraft:pillager",
        "weight": 4,
        "minCount": 1,
        "maxCount": 1
      },
      {
        "type": "minecraft:spider",
        "weight": 100,
        "minCount": 4,
        "maxCount": 4
      },
      {
        "type": "minecraft:zombie",
        "weight": 75,
        "minCount": 4,
        "maxCount": 4
      },
      {
        "type": "minecraft:skeleton",
        "weight": 100,
        "minCount": 4,
        "maxCount": 4
      },
      {
        "type": "minecraft:enderman",
        "weight": 10,
        "minCount": 1,
        "maxCount": 4
      },
      {
        "type": "minecraft:witch",
        "weight": 5,
        "minCount": 1,
        "maxCount": 1
      }
    ]
  },
  "spawn_costs": {},
  "carvers": {
    "air": []
  },
  "features": [
    [
      "divine_dimension:ethera/water2"
    ],
    [
      "divine_dimension:ethera/lake"
    ],
    [
      "minecraft:ore_iron_upper",
      "minecraft:ore_coal_lower",
      "minecraft:ore_iron_middle",
      "minecraft:ore_iron_small",
      "minecraft:ore_gold",
      "minecraft:ore_gold_lower",
      "minecraft:ore_redstone",
      "minecraft:ore_redstone_lower",
      "minecraft:ore_diamond",
      "minecraft:ore_diamond_large",
      "minecraft:ore_diamond_buried",
      "minecraft:ore_lapis",
      "minecraft:ore_emerald",
      "minecraft:ore_lapis_buried",
      "minecraft:ore_copper"
    ],
    [
      "divine_dimension:ethera/redstone_blobs",
      "divine_dimension:ethera/gold_blobs",
      "divine_dimension:ethera/lapis_ore"
    ],
    [
      "minecraft:patch_grass_normal",
      "minecraft:patch_tall_grass_2",
      "minecraft:patch_sunflower",
      "minecraft:patch_berry_common",
      "minecraft:flower_plains",
      "divine_dimension:ethera/wheat"
    ],
    [
      "divine_dimension:ethera/iron_blobs"
    ],
    [],
    [],
    [],
    [],
    [
      "minecraft:freeze_top_layer"
    ]
  ],
  "temperature": 0.95,
  "downfall": 0.1,
  "effects": {
    "fog_color": 10602960,
    "water_color": 8430528,
    "water_fog_color": 5540758,
    "grass_color": 14942027,
    "sky_color": 12043519,
    "foliage_color": 14942027,
    "mood_sound": {
      "sound": "minecraft:ambient.cave",
      "tick_delay": 6000,
      "block_search_extent": 8,
      "offset": 2
    }
  },
  "precipitation": "rain"
}
