{
  "spawners": {
    "water_ambient": [],
    "ambient": [
      {
        "type": "minecraft:bat",
        "weight": 100,
        "minCount": 8,
        "maxCount": 8
      }
    ],
    "misc": [],
    "water_creature": [],
    "creature": [
      {
        "type": "minecraft:wolf",
        "weight": 100,
        "minCount": 4,
        "maxCount": 4
      },
      {
        "type": "minecraft:rabbit",
        "weight": 109,
        "minCount": 2,
        "maxCount": 3
      },
      {
        "type": "minecraft:fox",
        "weight": 70,
        "minCount": 2,
        "maxCount": 4
      }
    ],
    "monster": [
      {
        "type": "minecraft:phantom",
        "weight": 3,
        "minCount": 1,
        "maxCount": 1
      },
      {
        "type": "minecraft:creeper",
        "weight": 5,
        "minCount": 1,
        "maxCount": 1
      },
      {
        "type": "minecraft:fox",
        "weight": 2,
        "minCount": 1,
        "maxCount": 1
      },
      {
        "type": "minecraft:spider",
        "weight": 40,
        "minCount": 4,
        "maxCount": 4
      },
      {
        "type": "minecraft:stray",
        "weight": 100,
        "minCount": 1,
        "maxCount": 4
      },
      {
        "type": "minecraft:skeleton",
        "weight": 60,
        "minCount": 1,
        "maxCount": 4
      },
      {
        "type": "minecraft:cave_spider",
        "weight": 20,
        "minCount": 4,
        "maxCount": 4
      }
    ]
  },
  "spawn_costs": {},
  "carvers": {
    "air": []
  },
  "features": [
    [],
    [
      "divine_dimension:ethera/snow_pile",
      "divine_dimension:ethera/icepool"
    ],
    [
      "minecraft:forest_rock"
    ],
    [
      "minecraft:ore_coal_lower",
      "minecraft:ore_iron_upper",
      "minecraft:ore_iron_middle",
      "minecraft:ore_iron_small",
      "minecraft:ore_gold",
      "minecraft:ore_gold_lower",
      "minecraft:ore_redstone",
      "minecraft:ore_redstone_lower",
      "minecraft:ore_diamond",
      "minecraft:ore_diamond_large",
      "minecraft:ore_diamond_buried",
      "minecraft:ore_lapis",
      "minecraft:ore_emerald",
      "minecraft:ore_lapis_buried",
      "minecraft:ore_copper"
    ],
    [
      "minecraft:ice_spike",
      "minecraft:ice_patch",
      "minecraft:blue_ice"
    ],
    [
      "divine_dimension:ethera/redstone_blobs",
      "divine_dimension:ethera/gold_blobs",
      "divine_dimension:ethera/lapis_ore"
    ],
    [
      "divine_dimension:ethera/iron_blobs"
    ],
    [],
    [],
    [],
    [
      "minecraft:freeze_top_layer"
    ]
  ],
  "temperature": 0,
  "downfall": 0.1,
  "effects": {
    "fog_color": 14004160,
    "water_color": 5750188,
    "water_fog_color": 5063032,
    "grass_color": 2636564,
    "sky_color": 14014448,
    "foliage_color": 2636564,
    "mood_sound": {
      "sound": "minecraft:ambient.cave",
      "tick_delay": 6000,
      "block_search_extent": 8,
      "offset": 2
    }
  },
  "precipitation": "snow"
}
