{
  "spawners": {
    "water_ambient": [],
    "ambient": [
      {
        "type": "minecraft:bat",
        "weight": 200,
        "minCount": 1,
        "maxCount": 1
      }
    ],
    "misc": [],
    "water_creature": [],
    "creature": [
      {
        "type": "minecraft:bee",
        "weight": 5,
        "minCount": 1,
        "maxCount": 5
      },
      {
        "type": "minecraft:rabbit",
        "weight": 80,
        "minCount": 3,
        "maxCount": 5
      }
    ],
    "monster": [
      {
        "type": "minecraft:rabbit",
        "weight": 3,
        "minCount": 1,
        "maxCount": 1
      },
      {
        "type": "minecraft:phantom",
        "weight": 3,
        "minCount": 1,
        "maxCount": 1
      },
      {
        "type": "minecraft:creeper",
        "weight": 8,
        "minCount": 1,
        "maxCount": 1
      },
      {
        "type": "minecraft:zombie_villager",
        "weight": 39,
        "minCount": 4,
        "maxCount": 4
      },
      {
        "type": "minecraft:spider",
        "weight": 100,
        "minCount": 4,
        "maxCount": 4
      },
      {
        "type": "minecraft:husk",
        "weight": 80,
        "minCount": 4,
        "maxCount": 4
      },
      {
        "type": "minecraft:skeleton",
        "weight": 100,
        "minCount": 4,
        "maxCount": 4
      },
      {
        "type": "minecraft:enderman",
        "weight": 10,
        "minCount": 1,
        "maxCount": 4
      },
      {
        "type": "minecraft:witch",
        "weight": 5,
        "minCount": 1,
        "maxCount": 1
      }
    ]
  },
  "spawn_costs": {},
  "carvers": {
    "air": []
  },
  "features": [
    [],
    [
      "divine_dimension:ethera/water1"
    ],
    [],
    [
      "divine_dimension:ethera/sa-tree"
    ],
    [
      "minecraft:patch_sugar_cane_desert",
      "minecraft:patch_sugar_cane"
    ],
    [
      "minecraft:ore_coal_lower",
      "minecraft:ore_iron_upper",
      "minecraft:ore_iron_middle",
      "minecraft:ore_iron_small",
      "minecraft:ore_gold",
      "minecraft:ore_gold_lower",
      "minecraft:ore_redstone",
      "minecraft:ore_redstone_lower",
      "minecraft:ore_diamond",
      "minecraft:ore_diamond_large",
      "minecraft:ore_diamond_buried",
      "minecraft:ore_lapis",
      "minecraft:ore_emerald",
      "minecraft:ore_lapis_buried",
      "minecraft:ore_copper"
    ],
    [
      "divine_dimension:ethera/sa-blobs",
      "divine_dimension:ethera/sa-blobs2",
      "divine_dimension:ethera/sa-blobs3"
    ],
    [
      "divine_dimension:ethera/iron_blobs"
    ],
    [],
    [
      "divine_dimension:ethera/redstone_blobs",
      "divine_dimension:ethera/gold_blobs",
      "divine_dimension:ethera/lapis_ore"
    ],
    [
      "minecraft:freeze_top_layer"
    ]
  ],
  "temperature": 0.95,
  "downfall": 0.1,
  "effects": {
    "fog_color": 14203512,
    "water_color": 10673078,
    "water_fog_color": 7452854,
    "grass_color": 2065734,
    "sky_color": 15198911,
    "foliage_color": 2065734,
    "mood_sound": {
      "sound": "minecraft:ambient.cave",
      "tick_delay": 6000,
      "block_search_extent": 8,
      "offset": 2
    }
  },
  "precipitation": "none"
}
