{
  "temperature": 0.6,
  "downfall": 0.3,
  "precipitation": "rain",
  "effects": {
    "sky_color": 7907327,
    "fog_color": 12638463,
    "water_color": 4159204,
    "water_fog_color": 329011,
    "particle": {
      "options": {
        "type": "minecraft:cloud"
      },
      "probability": 0.005
    }
  },
  "spawners": {
    "water_ambient": [],
    "ambient": [
      {
        "type": "minecraft:bat",
        "weight": 200,
        "minCount": 1,
        "maxCount": 1
      }
    ],
    "misc": [],
    "water_creature": [],
    "creature": [
      {
        "type": "minecraft:bee",
        "weight": 5,
        "minCount": 1,
        "maxCount": 5
      }
    ],
    "monster": [
      {
        "type": "minecraft:phantom",
        "weight": 3,
        "minCount": 1,
        "maxCount": 1
      },
      {
        "type": "minecraft:zombie_villager",
        "weight": 65,
        "minCount": 3,
        "maxCount": 3
      },
      {
        "type": "minecraft:spider",
        "weight": 100,
        "minCount": 4,
        "maxCount": 4
      },
      {
        "type": "minecraft:zombie",
        "weight": 75,
        "minCount": 4,
        "maxCount": 4
      },
      {
        "type": "minecraft:skeleton",
        "weight": 100,
        "minCount": 4,
        "maxCount": 4
      },
      {
        "type": "minecraft:enderman",
        "weight": 10,
        "minCount": 1,
        "maxCount": 4
      },
      {
        "type": "minecraft:witch",
        "weight": 5,
        "minCount": 1,
        "maxCount": 1
      }
    ]
  },
  "spawn_costs": {},
  "carvers": {},
  "features": []
}
