{
    "type": "minecraft:crafting_shaped",
    "pattern": [
        "W",
        "C"
    ],
    "key": {
        "W": {
            "item": "minecraft:wooden_sword"
        },
        "C": {
            "item": "minecraft:crafting_table"
        }
    },
    "result": {
        "item": "minecraft:item_frame",
        "data":"{display:{Name:'{\"text\":\"剑工作台\",\"italic\":false}'},CustomModelData:6370006,EntityTag:{Item:{id:\"minecraft:item_frame\",Count:1b,tag:{CustomModelData:6370006}},Tags:[\"wasd.sword_crafter\"],Facing:1b,Invulnerable:1b,Invisible:1b,Fixed:1b}}"
    }
}