{
  "display": {
    "icon": {
      "item": "minecraft:piston"
    },
    "title": {
      "text": "实用数据包",
      "color": "green",
      "bold": true,
      "italic": false
    },
    "description": {
      "text": "",
      "color": "white",
      "bold": false,
      "italic": false
    },
    "frame": "goal",
    "show_toast": false,
    "announce_to_chat": false
  },
  "parent": "xylo:xylo_datapacks",
  "criteria": {
    "tick": {
      "trigger": "minecraft:impossible"
    }
  }
}
