{
    "display": {
        "icon": {
            "item": "minecraft:ender_eye"
        },
        "title": {
            "text": "数据包",
            "bold": true,
            "color": "gold"
        },
        "description": {
            "text": "作者是Xylo",
            "color": "white",
            "bold": false,
            "italic": false
        },
        "background": "minecraft:textures/block/black_concrete.png",
        "show_toast": false,
        "announce_to_chat": false,
        "frame": "challenge"
    },
    "criteria": {
        "tick": {
            "trigger": "minecraft:tick"
        }
    }
}
