{
  "parent": "wasd.boots:recipes/patron/patreon",
  "display": {
    "icon": {
      "item": "minecraft:leather_boots",
      "nbt": "{CustomModelData:6370019,display:{color:8487297}}"
    },
    "title": "弹簧靴",
    "description": "长按Shift键可蓄力跳跃距离，按住时间越长，跳跃高度越高。",
    "frame": "goal",
    "show_toast": true,
    "announce_to_chat": false,
    "hidden": false
  },
  "criteria": {
    "requirement": {
      "trigger": "minecraft:inventory_changed",
      "conditions": {
        "items": [
          {
            "nbt": "{CustomModelData:6370019}",
            "items": [
              "minecraft:leather_boots"
            ]
          }
        ]
      }
    }
  }
}
