{
  "parent": "wasd.boots:recipes/patron/patreon",
  "display": {
    "icon": {
      "item": "minecraft:leather_boots",
      "nbt": "{CustomModelData:6370021,display:{color:11007}}"
    },
    "title": "水靴",
    "description": "每次从高空坠落时，自动在脚下放置一格水。",
    "frame": "goal",
    "show_toast": true,
    "announce_to_chat": false,
    "hidden": false
  },
  "criteria": {
    "requirement": {
      "trigger": "minecraft:inventory_changed",
      "conditions": {
        "items": [
          {
            "nbt": "{CustomModelData:6370021}",
            "items": [
              "minecraft:leather_boots"
            ]
          }
        ]
      }
    }
  }
}
