{
  "condition": "minecraft:alternative",
  "terms": [
    {
      "condition": "minecraft:reference",
      "name": "xylo_tools:restore_item/mh"
    },
    {
      "condition": "minecraft:reference",
      "name": "xylo_tools:restore_item/oh"
    },
    {
      "condition": "minecraft:reference",
      "name": "xylo_tools:restore_item/head"
    },
    {
      "condition": "minecraft:reference",
      "name": "xylo_tools:restore_item/chest"
    },
    {
      "condition": "minecraft:reference",
      "name": "xylo_tools:restore_item/legs"
    },
    {
      "condition": "minecraft:reference",
      "name": "xylo_tools:restore_item/feet"
    }
  ]
}