{
	"credit": "Made with Blockbench",
	"texture_size": [32, 32],
	"textures": {
		"0": "helmets/potato/potato",
		"1": "helmets/potato/iron_layer_1",
		"particle": "helmets/potato/potato"
	},
	"elements": [
		{
			"from": [4, 0, 4],
			"to": [12, 8, 12],
			"rotation": {"angle": 0, "axis": "y", "origin": [12, 8, 12]},
			"faces": {
				"north": {"uv": [4, 4, 8, 8], "texture": "#1"},
				"east": {"uv": [12, 4, 8, 8], "texture": "#1"},
				"south": {"uv": [12, 4, 16, 8], "texture": "#1"},
				"west": {"uv": [4, 4, 0, 8], "texture": "#1"},
				"up": {"uv": [4, 0, 8, 4], "texture": "#1"},
				"down": {"uv": [8, 0, 12, 4], "texture": "#1"}
			}
		},
		{
			"from": [3, 3, 5.5],
			"to": [4, 11, 9.5],
			"rotation": {"angle": 0, "axis": "y", "origin": [8, 8.25, 0.5]},
			"faces": {
				"north": {"uv": [4, 6, 5, 14], "texture": "#0"},
				"east": {"uv": [8, 6, 4, 14], "texture": "#0"},
				"south": {"uv": [7, 6, 8, 14], "texture": "#0"},
				"west": {"uv": [4, 6, 8, 14], "texture": "#0"},
				"up": {"uv": [8, 6, 4, 7], "rotation": 270, "texture": "#0"},
				"down": {"uv": [4, 13, 8, 14], "rotation": 90, "texture": "#0"}
			}
		},
		{
			"from": [3, 11, 6.5],
			"to": [4, 12, 9.5],
			"rotation": {"angle": 0, "axis": "y", "origin": [8, 8.25, 0.5]},
			"faces": {
				"north": {"uv": [5, 5, 6, 6], "texture": "#0"},
				"east": {"uv": [5, 5, 8, 6], "texture": "#0"},
				"south": {"uv": [8, 5, 7, 6], "texture": "#0"},
				"west": {"uv": [5, 5, 8, 6], "texture": "#0"},
				"up": {"uv": [5, 5, 8, 6], "rotation": 270, "texture": "#0"},
				"down": {"uv": [5, 5, 8, 6], "rotation": 90, "texture": "#0"}
			}
		},
		{
			"from": [3, 4, 9.5],
			"to": [4, 13, 11.5],
			"rotation": {"angle": 0, "axis": "y", "origin": [8, 8.25, 0.5]},
			"faces": {
				"north": {"uv": [8, 4, 9, 13], "texture": "#0"},
				"east": {"uv": [10, 4, 8, 13], "texture": "#0"},
				"south": {"uv": [9, 4, 10, 13], "texture": "#0"},
				"west": {"uv": [8, 4, 10, 13], "texture": "#0"},
				"up": {"uv": [8, 4, 10, 5], "rotation": 270, "texture": "#0"},
				"down": {"uv": [8, 12, 10, 13], "rotation": 90, "texture": "#0"}
			}
		},
		{
			"from": [3, 5, 11.5],
			"to": [4, 13, 13.5],
			"rotation": {"angle": 0, "axis": "y", "origin": [8, 8.25, 0.5]},
			"faces": {
				"north": {"uv": [10, 4, 11, 12], "texture": "#0"},
				"east": {"uv": [12, 4, 10, 12], "texture": "#0"},
				"south": {"uv": [11, 4, 12, 12], "texture": "#0"},
				"west": {"uv": [10, 4, 12, 12], "texture": "#0"},
				"up": {"uv": [10, 4, 12, 5], "rotation": 270, "texture": "#0"},
				"down": {"uv": [10, 11, 12, 12], "rotation": 90, "texture": "#0"}
			}
		},
		{
			"from": [3, 6, 13.5],
			"to": [4, 12, 14.5],
			"rotation": {"angle": 0, "axis": "y", "origin": [8, 8.25, 0.5]},
			"faces": {
				"north": {"uv": [12, 5, 13, 11], "texture": "#0"},
				"east": {"uv": [13, 5, 12, 11], "texture": "#0"},
				"south": {"uv": [12, 5, 13, 11], "texture": "#0"},
				"west": {"uv": [12, 5, 13, 11], "texture": "#0"},
				"up": {"uv": [12, 5, 13, 6], "rotation": 270, "texture": "#0"},
				"down": {"uv": [12, 10, 13, 11], "rotation": 90, "texture": "#0"}
			}
		},
		{
			"from": [3, 7, 14.5],
			"to": [4, 11, 15.5],
			"rotation": {"angle": 0, "axis": "y", "origin": [8, 8.25, 0.5]},
			"faces": {
				"north": {"uv": [13, 6, 14, 10], "texture": "#0"},
				"east": {"uv": [14, 6, 13, 10], "texture": "#0"},
				"south": {"uv": [13, 6, 14, 10], "texture": "#0"},
				"west": {"uv": [13, 6, 14, 10], "texture": "#0"},
				"up": {"uv": [13, 6, 14, 7], "rotation": 270, "texture": "#0"},
				"down": {"uv": [13, 9, 14, 10], "rotation": 90, "texture": "#0"}
			}
		},
		{
			"from": [3, 4, 4.5],
			"to": [4, 10, 5.5],
			"rotation": {"angle": 0, "axis": "y", "origin": [8, 8.25, 0.5]},
			"faces": {
				"north": {"uv": [3, 7, 4, 13], "texture": "#0"},
				"east": {"uv": [4, 7, 3, 13], "texture": "#0"},
				"south": {"uv": [3, 7, 4, 13], "texture": "#0"},
				"west": {"uv": [3, 7, 4, 13], "texture": "#0"},
				"up": {"uv": [3, 7, 4, 8], "rotation": 270, "texture": "#0"},
				"down": {"uv": [3, 12, 4, 13], "rotation": 90, "texture": "#0"}
			}
		},
		{
			"from": [3, 5, 3.5],
			"to": [4, 9, 4.5],
			"rotation": {"angle": 0, "axis": "y", "origin": [8, 8.25, 0.5]},
			"faces": {
				"north": {"uv": [2, 8, 3, 12], "texture": "#0"},
				"east": {"uv": [3, 8, 2, 12], "texture": "#0"},
				"south": {"uv": [2, 8, 3, 12], "texture": "#0"},
				"west": {"uv": [2, 8, 3, 12], "texture": "#0"},
				"up": {"uv": [2, 8, 3, 9], "rotation": 270, "texture": "#0"},
				"down": {"uv": [2, 11, 3, 12], "rotation": 90, "texture": "#0"}
			}
		},
		{
			"from": [12, 3, 5.5],
			"to": [13, 11, 9.5],
			"rotation": {"angle": 0, "axis": "y", "origin": [8, 8.25, 0.5]},
			"faces": {
				"north": {"uv": [5, 6, 4, 14], "texture": "#0"},
				"east": {"uv": [8, 6, 4, 14], "texture": "#0"},
				"south": {"uv": [8, 6, 7, 14], "texture": "#0"},
				"west": {"uv": [4, 6, 8, 14], "texture": "#0"},
				"up": {"uv": [8, 7, 4, 6], "rotation": 270, "texture": "#0"},
				"down": {"uv": [4, 14, 8, 13], "rotation": 90, "texture": "#0"}
			}
		},
		{
			"from": [12, 11, 6.5],
			"to": [13, 12, 9.5],
			"rotation": {"angle": 0, "axis": "y", "origin": [8, 8.25, 0.5]},
			"faces": {
				"north": {"uv": [6, 5, 5, 6], "texture": "#0"},
				"east": {"uv": [8, 5, 5, 6], "texture": "#0"},
				"south": {"uv": [7, 5, 8, 6], "texture": "#0"},
				"west": {"uv": [8, 5, 5, 6], "texture": "#0"},
				"up": {"uv": [5, 6, 8, 5], "rotation": 270, "texture": "#0"},
				"down": {"uv": [5, 6, 8, 5], "rotation": 90, "texture": "#0"}
			}
		},
		{
			"from": [12, 4, 9.5],
			"to": [13, 13, 11.5],
			"rotation": {"angle": 0, "axis": "y", "origin": [8, 8.25, 0.5]},
			"faces": {
				"north": {"uv": [9, 4, 8, 13], "texture": "#0"},
				"east": {"uv": [10, 4, 8, 13], "texture": "#0"},
				"south": {"uv": [10, 4, 9, 13], "texture": "#0"},
				"west": {"uv": [8, 4, 10, 13], "texture": "#0"},
				"up": {"uv": [8, 5, 10, 4], "rotation": 270, "texture": "#0"},
				"down": {"uv": [8, 13, 10, 12], "rotation": 90, "texture": "#0"}
			}
		},
		{
			"from": [12, 5, 11.5],
			"to": [13, 13, 13.5],
			"rotation": {"angle": 0, "axis": "y", "origin": [8, 8.25, 0.5]},
			"faces": {
				"north": {"uv": [11, 4, 10, 12], "texture": "#0"},
				"east": {"uv": [12, 4, 10, 12], "texture": "#0"},
				"south": {"uv": [12, 4, 11, 12], "texture": "#0"},
				"west": {"uv": [10, 4, 12, 12], "texture": "#0"},
				"up": {"uv": [10, 5, 12, 4], "rotation": 270, "texture": "#0"},
				"down": {"uv": [10, 12, 12, 11], "rotation": 90, "texture": "#0"}
			}
		},
		{
			"from": [12, 6, 13.5],
			"to": [13, 12, 14.5],
			"rotation": {"angle": 0, "axis": "y", "origin": [8, 8.25, 0.5]},
			"faces": {
				"north": {"uv": [13, 5, 12, 11], "texture": "#0"},
				"east": {"uv": [13, 5, 12, 11], "texture": "#0"},
				"south": {"uv": [13, 5, 12, 11], "texture": "#0"},
				"west": {"uv": [12, 5, 13, 11], "texture": "#0"},
				"up": {"uv": [12, 6, 13, 5], "rotation": 270, "texture": "#0"},
				"down": {"uv": [12, 11, 13, 10], "rotation": 90, "texture": "#0"}
			}
		},
		{
			"from": [12, 7, 14.5],
			"to": [13, 11, 15.5],
			"rotation": {"angle": 0, "axis": "y", "origin": [8, 8.25, 0.5]},
			"faces": {
				"north": {"uv": [14, 6, 13, 10], "texture": "#0"},
				"east": {"uv": [14, 6, 13, 10], "texture": "#0"},
				"south": {"uv": [14, 6, 13, 10], "texture": "#0"},
				"west": {"uv": [13, 6, 14, 10], "texture": "#0"},
				"up": {"uv": [13, 7, 14, 6], "rotation": 270, "texture": "#0"},
				"down": {"uv": [13, 10, 14, 9], "rotation": 90, "texture": "#0"}
			}
		},
		{
			"from": [12, 4, 4.5],
			"to": [13, 10, 5.5],
			"rotation": {"angle": 0, "axis": "y", "origin": [8, 8.25, 0.5]},
			"faces": {
				"north": {"uv": [4, 7, 3, 13], "texture": "#0"},
				"east": {"uv": [4, 7, 3, 13], "texture": "#0"},
				"south": {"uv": [4, 7, 3, 13], "texture": "#0"},
				"west": {"uv": [3, 7, 4, 13], "texture": "#0"},
				"up": {"uv": [3, 8, 4, 7], "rotation": 270, "texture": "#0"},
				"down": {"uv": [3, 13, 4, 12], "rotation": 90, "texture": "#0"}
			}
		},
		{
			"from": [12, 5, 3.5],
			"to": [13, 9, 4.5],
			"rotation": {"angle": 0, "axis": "y", "origin": [8, 8.25, 0.5]},
			"faces": {
				"north": {"uv": [3, 8, 2, 12], "texture": "#0"},
				"east": {"uv": [3, 8, 2, 12], "texture": "#0"},
				"south": {"uv": [3, 8, 2, 12], "texture": "#0"},
				"west": {"uv": [2, 8, 3, 12], "texture": "#0"},
				"up": {"uv": [2, 9, 3, 8], "rotation": 270, "texture": "#0"},
				"down": {"uv": [2, 12, 3, 11], "rotation": 90, "texture": "#0"}
			}
		}
	],
	"gui_light": "front",
	"display": {
		"thirdperson_righthand": {
			"rotation": [75, 45, 0],
			"translation": [0, 2.5, 0],
			"scale": [0.375, 0.375, 0.375]
		},
		"firstperson_righthand": {
			"rotation": [0, 45, 0],
			"scale": [0.4, 0.4, 0.4]
		},
		"firstperson_lefthand": {
			"rotation": [0, 225, 0],
			"scale": [0.4, 0.4, 0.4]
		},
		"ground": {
			"scale": [0.5, 0.5, 0.5]
		},
		"gui": {
			"rotation": [30, 225, 0],
			"translation": [0, -1.75, 0]
		},
		"head": {
			"translation": [0, 7.75, 0],
			"scale": [1.81, 1.81, 1.81]
		},
		"fixed": {
			"translation": [0, -3, 0],
			"scale": [1.17, 1.17, 1.17]
		}
	},
	"groups": [
		0,
		{
			"name": "potato",
			"origin": [0, 0, 0],
			"color": 0,
			"children": [1, 2, 3, 4, 5, 6, 7, 8]
		},
		{
			"name": "potato",
			"origin": [0, 0, 0],
			"color": 0,
			"children": [9, 10, 11, 12, 13, 14, 15, 16]
		}
	]
}