{
	"credit": "Made with Blockbench",
	"texture_size": [32, 32],
	"textures": {
		"0": "helmets/ramming/iron_layer_1",
		"1": "helmets/ramming/iron_sword",
		"particle": "helmets/ramming/iron_layer_1"
	},
	"elements": [
		{
			"from": [4, 0, 4],
			"to": [12, 8, 12],
			"rotation": {"angle": 0, "axis": "y", "origin": [12, 8, 12]},
			"faces": {
				"north": {"uv": [4, 4, 8, 8], "texture": "#0"},
				"east": {"uv": [12, 4, 8, 8], "texture": "#0"},
				"south": {"uv": [12, 4, 16, 8], "texture": "#0"},
				"west": {"uv": [4, 4, 0, 8], "texture": "#0"},
				"up": {"uv": [4, 0, 8, 4], "texture": "#0"},
				"down": {"uv": [8, 0, 12, 4], "texture": "#0"}
			}
		},
		{
			"from": [10, 9.51777, 12.25],
			"to": [11, 11.51777, 14.25],
			"rotation": {"angle": 45, "axis": "x", "origin": [8, 15.76777, 8]},
			"faces": {
				"north": {"uv": [4, 11, 5, 13], "texture": "#1"},
				"east": {"uv": [3, 11, 5, 13], "texture": "#1"},
				"south": {"uv": [3, 11, 4, 13], "texture": "#1"},
				"west": {"uv": [5, 11, 3, 13], "texture": "#1"},
				"up": {"uv": [5, 11, 3, 12], "rotation": 90, "texture": "#1"},
				"down": {"uv": [5, 12, 3, 13], "rotation": 270, "texture": "#1"}
			}
		},
		{
			"from": [10, 10.51777, 9.25],
			"to": [11, 14.51777, 13.25],
			"rotation": {"angle": 45, "axis": "x", "origin": [8, 15.76777, 8]},
			"faces": {
				"north": {"uv": [7, 8, 8, 12], "texture": "#1"},
				"east": {"uv": [4, 8, 8, 12], "texture": "#1"},
				"south": {"uv": [4, 8, 5, 12], "texture": "#1"},
				"west": {"uv": [8, 8, 4, 12], "texture": "#1"},
				"up": {"uv": [8, 8, 4, 9], "rotation": 90, "texture": "#1"},
				"down": {"uv": [8, 11, 4, 12], "rotation": 270, "texture": "#1"}
			}
		},
		{
			"from": [10, 12.51777, 8.25],
			"to": [11, 15.51777, 11.25],
			"rotation": {"angle": 45, "axis": "x", "origin": [8, 15.76777, 8]},
			"faces": {
				"north": {"uv": [8, 7, 9, 10], "texture": "#1"},
				"east": {"uv": [6, 7, 9, 10], "texture": "#1"},
				"south": {"uv": [6, 7, 7, 10], "texture": "#1"},
				"west": {"uv": [9, 7, 6, 10], "texture": "#1"},
				"up": {"uv": [6, 7, 9, 8], "rotation": 270, "texture": "#1"},
				"down": {"uv": [6, 9, 9, 10], "rotation": 90, "texture": "#1"}
			}
		},
		{
			"from": [10, 13.51777, 7.25],
			"to": [11, 16.51777, 10.25],
			"rotation": {"angle": 45, "axis": "x", "origin": [8, 15.76777, 8]},
			"faces": {
				"north": {"uv": [9, 6, 10, 9], "texture": "#1"},
				"east": {"uv": [7, 6, 10, 9], "texture": "#1"},
				"south": {"uv": [7, 6, 8, 9], "texture": "#1"},
				"west": {"uv": [10, 6, 7, 9], "texture": "#1"},
				"up": {"uv": [7, 6, 10, 7], "rotation": 270, "texture": "#1"},
				"down": {"uv": [7, 8, 10, 9], "rotation": 90, "texture": "#1"}
			}
		},
		{
			"from": [10, 14.51777, 6.25],
			"to": [11, 17.51777, 9.25],
			"rotation": {"angle": 45, "axis": "x", "origin": [8, 15.76777, 8]},
			"faces": {
				"north": {"uv": [10, 5, 11, 8], "texture": "#1"},
				"east": {"uv": [8, 5, 11, 8], "texture": "#1"},
				"south": {"uv": [8, 5, 9, 8], "texture": "#1"},
				"west": {"uv": [11, 5, 8, 8], "texture": "#1"},
				"up": {"uv": [8, 5, 11, 6], "rotation": 270, "texture": "#1"},
				"down": {"uv": [8, 7, 11, 8], "rotation": 90, "texture": "#1"}
			}
		},
		{
			"from": [10, 15.51777, 5.25],
			"to": [11, 18.51777, 8.25],
			"rotation": {"angle": 45, "axis": "x", "origin": [8, 15.76777, 8]},
			"faces": {
				"north": {"uv": [11, 4, 12, 7], "texture": "#1"},
				"east": {"uv": [9, 4, 12, 7], "texture": "#1"},
				"south": {"uv": [9, 4, 10, 7], "texture": "#1"},
				"west": {"uv": [12, 4, 9, 7], "texture": "#1"},
				"up": {"uv": [9, 4, 12, 5], "rotation": 270, "texture": "#1"},
				"down": {"uv": [9, 6, 12, 7], "rotation": 90, "texture": "#1"}
			}
		},
		{
			"from": [10, 16.51777, 4.25],
			"to": [11, 19.51777, 7.25],
			"rotation": {"angle": 45, "axis": "x", "origin": [8, 15.76777, 8]},
			"faces": {
				"north": {"uv": [12, 3, 13, 6], "texture": "#1"},
				"east": {"uv": [10, 3, 13, 6], "texture": "#1"},
				"south": {"uv": [10, 3, 11, 6], "texture": "#1"},
				"west": {"uv": [13, 3, 10, 6], "texture": "#1"},
				"up": {"uv": [10, 3, 13, 4], "rotation": 270, "texture": "#1"},
				"down": {"uv": [10, 5, 13, 6], "rotation": 90, "texture": "#1"}
			}
		},
		{
			"from": [10, 17.51777, 3.25],
			"to": [11, 20.51777, 6.25],
			"rotation": {"angle": 45, "axis": "x", "origin": [8, 15.76777, 8]},
			"faces": {
				"north": {"uv": [13, 2, 14, 5], "texture": "#1"},
				"east": {"uv": [11, 2, 14, 5], "texture": "#1"},
				"south": {"uv": [11, 2, 12, 5], "texture": "#1"},
				"west": {"uv": [14, 2, 11, 5], "texture": "#1"},
				"up": {"uv": [11, 2, 14, 3], "rotation": 270, "texture": "#1"},
				"down": {"uv": [11, 4, 14, 5], "rotation": 90, "texture": "#1"}
			}
		},
		{
			"from": [10, 18.51777, 2.25],
			"to": [11, 21.51777, 5.25],
			"rotation": {"angle": 45, "axis": "x", "origin": [8, 15.76777, 8]},
			"faces": {
				"north": {"uv": [14, 1, 15, 4], "texture": "#1"},
				"east": {"uv": [12, 1, 15, 4], "texture": "#1"},
				"south": {"uv": [12, 1, 13, 4], "texture": "#1"},
				"west": {"uv": [15, 1, 12, 4], "texture": "#1"},
				"up": {"uv": [12, 1, 15, 2], "rotation": 270, "texture": "#1"},
				"down": {"uv": [12, 3, 15, 4], "rotation": 90, "texture": "#1"}
			}
		},
		{
			"from": [10, 19.51777, 1.25],
			"to": [11, 22.51777, 4.25],
			"rotation": {"angle": 45, "axis": "x", "origin": [8, 15.76777, 8]},
			"faces": {
				"north": {"uv": [15, 0, 16, 3], "texture": "#1"},
				"east": {"uv": [13, 0, 16, 3], "texture": "#1"},
				"south": {"uv": [13, 0, 14, 3], "texture": "#1"},
				"west": {"uv": [16, 0, 13, 3], "texture": "#1"},
				"up": {"uv": [13, 0, 16, 1], "rotation": 270, "texture": "#1"},
				"down": {"uv": [13, 2, 16, 3], "rotation": 90, "texture": "#1"}
			}
		},
		{
			"from": [10, 9.51777, 8.25],
			"to": [11, 11.51777, 11.25],
			"rotation": {"angle": 45, "axis": "x", "origin": [8, 15.76777, 8]},
			"faces": {
				"north": {"uv": [8, 11, 9, 13], "texture": "#1"},
				"east": {"uv": [6, 11, 9, 13], "texture": "#1"},
				"south": {"uv": [6, 11, 7, 13], "texture": "#1"},
				"west": {"uv": [9, 11, 6, 13], "texture": "#1"},
				"up": {"uv": [9, 11, 6, 12], "rotation": 90, "texture": "#1"},
				"down": {"uv": [9, 12, 6, 13], "rotation": 270, "texture": "#1"}
			}
		},
		{
			"from": [10, 12.51777, 12.25],
			"to": [11, 15.51777, 14.25],
			"rotation": {"angle": 45, "axis": "x", "origin": [8, 15.76777, 8]},
			"faces": {
				"north": {"uv": [5, 7, 4, 10], "texture": "#1"},
				"east": {"uv": [3, 7, 5, 10], "texture": "#1"},
				"south": {"uv": [4, 7, 3, 10], "texture": "#1"},
				"west": {"uv": [5, 7, 3, 10], "texture": "#1"},
				"up": {"uv": [5, 7, 3, 8], "rotation": 90, "texture": "#1"},
				"down": {"uv": [5, 9, 3, 10], "rotation": 270, "texture": "#1"}
			}
		},
		{
			"from": [10, 14.51777, 13.25],
			"to": [11, 16.51777, 15.25],
			"rotation": {"angle": 45, "axis": "x", "origin": [8, 15.76777, 8]},
			"faces": {
				"north": {"uv": [3, 6, 4, 8], "texture": "#1"},
				"east": {"uv": [2, 6, 4, 8], "texture": "#1"},
				"south": {"uv": [2, 6, 3, 8], "texture": "#1"},
				"west": {"uv": [4, 6, 2, 8], "texture": "#1"},
				"up": {"uv": [2, 6, 4, 7], "rotation": 90, "texture": "#1"},
				"down": {"uv": [2, 7, 4, 8], "rotation": 270, "texture": "#1"}
			}
		},
		{
			"from": [10, 8.51777, 7.25],
			"to": [11, 10.51777, 9.25],
			"rotation": {"angle": 45, "axis": "x", "origin": [8, 15.76777, 8]},
			"faces": {
				"north": {"uv": [9, 12, 10, 14], "texture": "#1"},
				"east": {"uv": [8, 12, 10, 14], "texture": "#1"},
				"south": {"uv": [8, 12, 9, 14], "texture": "#1"},
				"west": {"uv": [10, 12, 8, 14], "texture": "#1"},
				"up": {"uv": [10, 12, 8, 13], "rotation": 90, "texture": "#1"},
				"down": {"uv": [10, 13, 8, 14], "rotation": 270, "texture": "#1"}
			}
		},
		{
			"from": [5, 9.51777, 12.25],
			"to": [6, 11.51777, 14.25],
			"rotation": {"angle": 45, "axis": "x", "origin": [8, 15.76777, 8]},
			"faces": {
				"north": {"uv": [4, 11, 5, 13], "texture": "#1"},
				"east": {"uv": [3, 11, 5, 13], "texture": "#1"},
				"south": {"uv": [3, 11, 4, 13], "texture": "#1"},
				"west": {"uv": [5, 11, 3, 13], "texture": "#1"},
				"up": {"uv": [5, 11, 3, 12], "rotation": 90, "texture": "#1"},
				"down": {"uv": [5, 12, 3, 13], "rotation": 270, "texture": "#1"}
			}
		},
		{
			"from": [5, 10.51777, 9.25],
			"to": [6, 14.51777, 13.25],
			"rotation": {"angle": 45, "axis": "x", "origin": [8, 15.76777, 8]},
			"faces": {
				"north": {"uv": [7, 8, 8, 12], "texture": "#1"},
				"east": {"uv": [4, 8, 8, 12], "texture": "#1"},
				"south": {"uv": [4, 8, 5, 12], "texture": "#1"},
				"west": {"uv": [8, 8, 4, 12], "texture": "#1"},
				"up": {"uv": [8, 8, 4, 9], "rotation": 90, "texture": "#1"},
				"down": {"uv": [8, 11, 4, 12], "rotation": 270, "texture": "#1"}
			}
		},
		{
			"from": [5, 12.51777, 8.25],
			"to": [6, 15.51777, 11.25],
			"rotation": {"angle": 45, "axis": "x", "origin": [8, 15.76777, 8]},
			"faces": {
				"north": {"uv": [8, 7, 9, 10], "texture": "#1"},
				"east": {"uv": [6, 7, 9, 10], "texture": "#1"},
				"south": {"uv": [6, 7, 7, 10], "texture": "#1"},
				"west": {"uv": [9, 7, 6, 10], "texture": "#1"},
				"up": {"uv": [6, 7, 9, 8], "rotation": 270, "texture": "#1"},
				"down": {"uv": [6, 9, 9, 10], "rotation": 90, "texture": "#1"}
			}
		},
		{
			"from": [5, 13.51777, 7.25],
			"to": [6, 16.51777, 10.25],
			"rotation": {"angle": 45, "axis": "x", "origin": [8, 15.76777, 8]},
			"faces": {
				"north": {"uv": [9, 6, 10, 9], "texture": "#1"},
				"east": {"uv": [7, 6, 10, 9], "texture": "#1"},
				"south": {"uv": [7, 6, 8, 9], "texture": "#1"},
				"west": {"uv": [10, 6, 7, 9], "texture": "#1"},
				"up": {"uv": [7, 6, 10, 7], "rotation": 270, "texture": "#1"},
				"down": {"uv": [7, 8, 10, 9], "rotation": 90, "texture": "#1"}
			}
		},
		{
			"from": [5, 14.51777, 6.25],
			"to": [6, 17.51777, 9.25],
			"rotation": {"angle": 45, "axis": "x", "origin": [8, 15.76777, 8]},
			"faces": {
				"north": {"uv": [10, 5, 11, 8], "texture": "#1"},
				"east": {"uv": [8, 5, 11, 8], "texture": "#1"},
				"south": {"uv": [8, 5, 9, 8], "texture": "#1"},
				"west": {"uv": [11, 5, 8, 8], "texture": "#1"},
				"up": {"uv": [8, 5, 11, 6], "rotation": 270, "texture": "#1"},
				"down": {"uv": [8, 7, 11, 8], "rotation": 90, "texture": "#1"}
			}
		},
		{
			"from": [5, 15.51777, 5.25],
			"to": [6, 18.51777, 8.25],
			"rotation": {"angle": 45, "axis": "x", "origin": [8, 15.76777, 8]},
			"faces": {
				"north": {"uv": [11, 4, 12, 7], "texture": "#1"},
				"east": {"uv": [9, 4, 12, 7], "texture": "#1"},
				"south": {"uv": [9, 4, 10, 7], "texture": "#1"},
				"west": {"uv": [12, 4, 9, 7], "texture": "#1"},
				"up": {"uv": [9, 4, 12, 5], "rotation": 270, "texture": "#1"},
				"down": {"uv": [9, 6, 12, 7], "rotation": 90, "texture": "#1"}
			}
		},
		{
			"from": [5, 16.51777, 4.25],
			"to": [6, 19.51777, 7.25],
			"rotation": {"angle": 45, "axis": "x", "origin": [8, 15.76777, 8]},
			"faces": {
				"north": {"uv": [12, 3, 13, 6], "texture": "#1"},
				"east": {"uv": [10, 3, 13, 6], "texture": "#1"},
				"south": {"uv": [10, 3, 11, 6], "texture": "#1"},
				"west": {"uv": [13, 3, 10, 6], "texture": "#1"},
				"up": {"uv": [10, 3, 13, 4], "rotation": 270, "texture": "#1"},
				"down": {"uv": [10, 5, 13, 6], "rotation": 90, "texture": "#1"}
			}
		},
		{
			"from": [5, 17.51777, 3.25],
			"to": [6, 20.51777, 6.25],
			"rotation": {"angle": 45, "axis": "x", "origin": [8, 15.76777, 8]},
			"faces": {
				"north": {"uv": [13, 2, 14, 5], "texture": "#1"},
				"east": {"uv": [11, 2, 14, 5], "texture": "#1"},
				"south": {"uv": [11, 2, 12, 5], "texture": "#1"},
				"west": {"uv": [14, 2, 11, 5], "texture": "#1"},
				"up": {"uv": [11, 2, 14, 3], "rotation": 270, "texture": "#1"},
				"down": {"uv": [11, 4, 14, 5], "rotation": 90, "texture": "#1"}
			}
		},
		{
			"from": [5, 18.51777, 2.25],
			"to": [6, 21.51777, 5.25],
			"rotation": {"angle": 45, "axis": "x", "origin": [8, 15.76777, 8]},
			"faces": {
				"north": {"uv": [14, 1, 15, 4], "texture": "#1"},
				"east": {"uv": [12, 1, 15, 4], "texture": "#1"},
				"south": {"uv": [12, 1, 13, 4], "texture": "#1"},
				"west": {"uv": [15, 1, 12, 4], "texture": "#1"},
				"up": {"uv": [12, 1, 15, 2], "rotation": 270, "texture": "#1"},
				"down": {"uv": [12, 3, 15, 4], "rotation": 90, "texture": "#1"}
			}
		},
		{
			"from": [5, 19.51777, 1.25],
			"to": [6, 22.51777, 4.25],
			"rotation": {"angle": 45, "axis": "x", "origin": [8, 15.76777, 8]},
			"faces": {
				"north": {"uv": [15, 0, 16, 3], "texture": "#1"},
				"east": {"uv": [13, 0, 16, 3], "texture": "#1"},
				"south": {"uv": [13, 0, 14, 3], "texture": "#1"},
				"west": {"uv": [16, 0, 13, 3], "texture": "#1"},
				"up": {"uv": [13, 0, 16, 1], "rotation": 270, "texture": "#1"},
				"down": {"uv": [13, 2, 16, 3], "rotation": 90, "texture": "#1"}
			}
		},
		{
			"from": [5, 9.51777, 8.25],
			"to": [6, 11.51777, 11.25],
			"rotation": {"angle": 45, "axis": "x", "origin": [8, 15.76777, 8]},
			"faces": {
				"north": {"uv": [8, 11, 9, 13], "texture": "#1"},
				"east": {"uv": [6, 11, 9, 13], "texture": "#1"},
				"south": {"uv": [6, 11, 7, 13], "texture": "#1"},
				"west": {"uv": [9, 11, 6, 13], "texture": "#1"},
				"up": {"uv": [9, 11, 6, 12], "rotation": 90, "texture": "#1"},
				"down": {"uv": [9, 12, 6, 13], "rotation": 270, "texture": "#1"}
			}
		},
		{
			"from": [5, 12.51777, 12.25],
			"to": [6, 15.51777, 14.25],
			"rotation": {"angle": 45, "axis": "x", "origin": [8, 15.76777, 8]},
			"faces": {
				"north": {"uv": [5, 7, 4, 10], "texture": "#1"},
				"east": {"uv": [3, 7, 5, 10], "texture": "#1"},
				"south": {"uv": [4, 7, 3, 10], "texture": "#1"},
				"west": {"uv": [5, 7, 3, 10], "texture": "#1"},
				"up": {"uv": [5, 7, 3, 8], "rotation": 90, "texture": "#1"},
				"down": {"uv": [5, 9, 3, 10], "rotation": 270, "texture": "#1"}
			}
		},
		{
			"from": [5, 14.51777, 13.25],
			"to": [6, 16.51777, 15.25],
			"rotation": {"angle": 45, "axis": "x", "origin": [8, 15.76777, 8]},
			"faces": {
				"north": {"uv": [3, 6, 4, 8], "texture": "#1"},
				"east": {"uv": [2, 6, 4, 8], "texture": "#1"},
				"south": {"uv": [2, 6, 3, 8], "texture": "#1"},
				"west": {"uv": [4, 6, 2, 8], "texture": "#1"},
				"up": {"uv": [2, 6, 4, 7], "rotation": 90, "texture": "#1"},
				"down": {"uv": [2, 7, 4, 8], "rotation": 270, "texture": "#1"}
			}
		},
		{
			"from": [5, 8.51777, 7.25],
			"to": [6, 10.51777, 9.25],
			"rotation": {"angle": 45, "axis": "x", "origin": [8, 15.76777, 8]},
			"faces": {
				"north": {"uv": [9, 12, 10, 14], "texture": "#1"},
				"east": {"uv": [8, 12, 10, 14], "texture": "#1"},
				"south": {"uv": [8, 12, 9, 14], "texture": "#1"},
				"west": {"uv": [10, 12, 8, 14], "texture": "#1"},
				"up": {"uv": [10, 12, 8, 13], "rotation": 90, "texture": "#1"},
				"down": {"uv": [10, 13, 8, 14], "rotation": 270, "texture": "#1"}
			}
		}
	],
	"gui_light": "front",
	"display": {
		"thirdperson_righthand": {
			"rotation": [75, 45, 0],
			"translation": [0, 2.5, 0],
			"scale": [0.375, 0.375, 0.375]
		},
		"firstperson_righthand": {
			"rotation": [0, 45, 0],
			"scale": [0.4, 0.4, 0.4]
		},
		"firstperson_lefthand": {
			"rotation": [0, 225, 0],
			"scale": [0.4, 0.4, 0.4]
		},
		"ground": {
			"scale": [0.5, 0.5, 0.5]
		},
		"gui": {
			"rotation": [30, 225, 0],
			"translation": [0, -1.75, 0]
		},
		"head": {
			"translation": [0, 7.75, 0],
			"scale": [1.81, 1.81, 1.81]
		},
		"fixed": {
			"translation": [0, -3, 0],
			"scale": [1.17, 1.17, 1.17]
		}
	},
	"groups": [
		0,
		{
			"name": "sword",
			"origin": [0, 0, 0],
			"color": 0,
			"children": [1, 2, 3, 4, 5, 6, 7, 8, 9, 10, 11, 12, 13, 14]
		},
		{
			"name": "sword",
			"origin": [0, 0, 0],
			"color": 0,
			"children": [15, 16, 17, 18, 19, 20, 21, 22, 23, 24, 25, 26, 27, 28]
		}
	]
}