{
    "type": "minecraft:crafting_shaped",
    "pattern": [
        "#E#",
        "#C#",
        "#E#"
    ],
    "key": {
        "#": {
            "item": "minecraft:ender_pearl"
        },
        "E": {
            "item": "minecraft:ender_eye"
        },
        "C": {
            "item": "minecraft:crafting_table"
        }
    },
    "result": {
        "item": "minecraft:item_frame",
        "data":"{display:{Name:'{\"text\":\"末影工作台\",\"italic\":false}'},CustomModelData:6370003,EntityTag:{Item:{id:\"minecraft:item_frame\",Count:1b,tag:{CustomModelData:6370003}},Tags:[\"wasd.ender_crafter\"],Facing:1b,Invulnerable:1b,Invisible:1b,Fixed:1b}}"
    }
}