[
  {
    "condition": "minecraft:reference",
    "name": "xylo:ground_jump"
  },
  {
    "condition": "minecraft:reference",
    "name": "xylo:dmg_dealt_direct"
  },
  {
    "condition": "minecraft:alternative",
    "terms": [
      {
        "condition": "minecraft:reference",
        "name": "xylo:holding/mh/sword"
      },
      {
        "condition": "minecraft:reference",
        "name": "xylo:holding/mh/axe"
      },
      {
        "condition": "minecraft:reference",
        "name": "xylo_tools:weapon/melee/dual_wield/holding_mh"
      }
    ]
  }
]
