{
    "pools": [
        {
            "rolls": 1,
            "entries": [
                {
                    "type": "minecraft:item",
                    "name": "cooked_mutton",
                    "functions": [
                        {
                            "function": "minecraft:set_nbt",
                            "tag": "{display:{Name:'{\"text\":\"荧光蘑菇\",\"italic\":false}'},CustomModelData:5551,eth:{item:1b,glowing_mushroom:1b}}"
                        }
                    ]
                }
            ]
        }
    ]
}