{
    "pools": [
        {
            "rolls": 1,
            "entries": [
                {
                    "type": "item",
                    "weight": 1,
                    "name": "minecraft:apple",
                    "functions": [
                        {
                            "function": "set_nbt",
                            "tag": "{display:{Name:'{\"text\":\"伊威斯水果\",\"italic\":false}',Lore:['{\"text\":\"糖果\",\"color\":\"gray\",\"italic\":false}']},CustomModelData:5551,eth:{item:4b,sweet_ivis_fruit:1b}}"
                        }
                    ]
                },
                {
                    "type": "item",
                    "weight": 1,
                    "name": "minecraft:apple",
                    "functions": [
                        {
                            "function": "set_nbt",
                            "tag": "{display:{Name:'{\"text\":\"伊威斯水果\",\"italic\":false}',Lore:['{\"text\":\"酸性\",\"color\":\"gray\",\"italic\":false}']},CustomModelData:5551,eth:{item:5b,sour_ivis_fruit:1b}}"
                        }
                    ]
                },
                {
                    "type": "item",
                    "weight": 1,
                    "name": "minecraft:apple",
                    "functions": [
                        {
                            "function": "set_nbt",
                            "tag": "{display:{Name:'{\"text\":\"伊威斯水果\",\"italic\":false}',Lore:['{\"text\":\"炎热\",\"color\":\"gray\",\"italic\":false}']},CustomModelData:5551,eth:{item:6b,hot_ivis_fruit:1b}}"
                        }
                    ]
                }
            ]
        }
    ]
}