{
    "pools": [
        {
            "rolls": 1,
            "entries": [
                {
                    "type": "minecraft:item",
                    "name": "bread",
                    "functions": [
                        {
                            "function": "minecraft:set_nbt",
                            "tag": "{display:{Name:'{\"text\":\"伊威斯\",\"italic\":false}'},CustomModelData:5553,eth:{ivis:1b,item:14b}}"
                        }
                    ]
                }
            ]
        }
    ]
}