{
  "pools": [
    {
      "rolls": 1,
      "entries": [
        {
          "type": "minecraft:item",
          "name": "minecraft:golden_apple",
          "functions": [
            {
              "function": "minecraft:set_nbt",
              "tag": "{CustomModelData:5552,display:{Name:'[{\"text\":\"经验碎片:\",\"italic\":false,\"color\":\"gold\"},{\"text\":\" \",\"color\":\"blue\"},{\"text\":\"Alacrity\",\"color\":\"green\"}]',Lore:['[{\"text\":\"内含神圣、元素能量的碎片。\",\"italic\":false,\"color\":\"white\"}]','[{\"text\":\"该碎片与\",\"italic\":false,\"color\":\"white\"}]','[{\"text\":\"与风元素碎片\",\"italic\":false,\"color\":\"white\"},{\"text\":\"相适应\",\"color\":\"green\"},{\"text\":\"。\"},{\"text\":\"\",\"color\":\"dark_purple\"}]','[{\"text\":\"风\",\"italic\":false,\"color\":\"green\"},{\"text\":\"是自由且敏捷的，行动迅速而又具有欺骗的力量。\",\"italic\":false,\"color\":\"white\"}]','[{\"text\":\"因此，\",\"italic\":false,\"color\":\"white\"}]','[{\"text\":\"与风同行的人也会渴望力量和自由。\",\"italic\":false,\"color\":\"white\"},{\"text\":\"\",\"italic\":false,\"color\":\"dark_purple\"}]','[{\"text\":\"\",\"italic\":false,\"color\":\"dark_purple\"}]','[{\"text\":\"消耗后获得一定的敏捷经验。\",\"italic\":false,\"color\":\"green\"}]']},HideFlags:127}"
            }
          ]
        }
      ]
    }
  ]
}
