{
  "pools": [
    {
      "rolls": 1,
      "entries": [
        {
          "type": "minecraft:item",
          "name": "minecraft:golden_apple",
          "functions": [
            {
              "function": "minecraft:set_nbt",
              "tag": "{CustomModelData:5551,display:{Name:'[{\"text\":\"经验碎片:\",\"italic\":false,\"color\":\"gold\"},{\"text\":\" Strength\",\"color\":\"blue\"}]',Lore:['[{\"text\":\"内含神圣、元素能量的碎片。\",\"italic\":false,\"color\":\"white\"}]','[{\"text\":\"该碎片与\",\"italic\":false,\"color\":\"white\"}]','[{\"text\":\"与水元素碎片\",\"italic\":false,\"color\":\"white\"},{\"text\":\"相适应。\",\"color\":\"blue\"},{\"text\":\"。\"},{\"text\":\"\",\"color\":\"dark_purple\"}]','[{\"text\":\"水\",\"italic\":false,\"color\":\"blue\"},{\"text\":\"拥有巨大的力量，\",\"italic\":false,\"color\":\"white\"}]','[{\"text\":\"但这种力量却需要更好的耐心。\",\"italic\":false,\"color\":\"white\"}]','[{\"text\":\"因此，人们也必须拥有对弓箭的耐心，才能发挥它的真正力量。\",\"italic\":false,\"color\":\"white\"},{\"text\":\"\",\"italic\":false,\"color\":\"dark_purple\"}]','[{\"text\":\"\",\"italic\":false,\"color\":\"dark_purple\"}]','[{\"text\":\"消耗后获得一定的力量经验。\",\"italic\":false,\"color\":\"blue\"}]']},HideFlags:127}"
            }
          ]
        }
      ]
    }
  ]
}
