{
  "pools": [
    {
      "rolls": {
        "min": 1,
        "max": 2
      },
      "entries": [
        {
          "type": "minecraft:loot_table",
          "name": "divine_dimension:items/food/shards/frosted",
          "conditions": [
            {
              "condition": "minecraft:location_check",
              "predicate": {
                "biome": "divine_dimension:ethera/frosted_plains"
              }
            }
          ]
        },
        {
          "type": "minecraft:loot_table",
          "name": "divine_dimension:items/food/shards/dominium",
          "conditions": [
            {
              "condition": "minecraft:location_check",
              "predicate": {
                "biome": "divine_dimension:ethera/dominium"
              }
            }
          ]
        },
        {
          "type": "minecraft:loot_table",
          "name": "divine_dimension:items/food/shards/hinnom",
          "conditions": [
            {
              "condition": "minecraft:location_check",
              "predicate": {
                "biome": "divine_dimension:ethera/hinnom"
              }
            }
          ]
        },
        {
          "type": "minecraft:loot_table",
          "name": "divine_dimension:items/food/shards/farwoods",
          "conditions": [
            {
              "condition": "minecraft:location_check",
              "predicate": {
                "biome": "divine_dimension:ethera/farwoods"
              }
            }
          ]
        },
        {
          "type": "minecraft:loot_table",
          "name": "divine_dimension:items/food/shards/oasis",
          "conditions": [
            {
              "condition": "minecraft:location_check",
              "predicate": {
                "biome": "divine_dimension:ethera/sapphire_oasis"
              }
            }
          ]
        },
        {
          "type": "minecraft:loot_table",
          "name": "divine_dimension:items/food/shards/wind",
          "conditions": [
            {
              "condition": "minecraft:location_check",
              "predicate": {
                "biome": "divine_dimension:ethera/wind_zone"
              }
            }
          ]
        },
        {
          "type": "minecraft:loot_table",
          "name": "divine_dimension:items/food/shards/skyvale",
          "conditions": [
            {
              "condition": "minecraft:location_check",
              "predicate": {
                "biome": "divine_dimension:ethera/skyvale"
              }
            }
          ]
        },
        {
          "type": "minecraft:loot_table",
          "name": "divine_dimension:items/food/shards/skyvale",
          "conditions": [
            {
              "condition": "minecraft:location_check",
              "predicate": {
                "biome": "divine_dimension:the_astral/plains"
              }
            }
          ]
        }
      ]
    }
  ]
}
