{
  "pools": [
    {
      "rolls": 1,
      "entries": [
        {
          "type": "minecraft:item",
          "name": "minecraft:golden_apple",
          "functions": [
            {
              "function": "minecraft:set_nbt",
              "tag": "{CustomModelData:5553,display:{Name:'[{\"text\":\"经验碎片:\",\"italic\":false,\"color\":\"gold\"},{\"text\":\" \",\"color\":\"blue\"},{\"text\":\"Power\",\"color\":\"red\"}]',Lore:['[{\"text\":\"内含神圣、元素能量的碎片。\",\"italic\":false,\"color\":\"white\"}]','[{\"text\":\"该碎片与\",\"italic\":false,\"color\":\"white\"}]','[{\"text\":\"与火元素碎片\",\"italic\":false,\"color\":\"white\"},{\"text\":\"相适应\",\"color\":\"red\"},{\"text\":\"。\"},{\"text\":\"\",\"color\":\"dark_purple\"}]','[{\"text\":\"火元素\",\"italic\":false,\"color\":\"red\"},{\"text\":\"是最灿烂和富有生命力的，\",\"italic\":false,\"color\":\"white\"}]','[{\"text\":\"但如果处置不当，也能造成巨大的破坏。\",\"italic\":false,\"color\":\"white\"}]','[{\"text\":\"一个人应从自己光芒四射的精神中了解自己\",\"italic\":false,\"color\":\"white\"}]','[{\"text\":\"在战斗中的真正力量。\",\"italic\":false,\"color\":\"white\"},{\"text\":\"\",\"italic\":false,\"color\":\"dark_purple\"}]','[{\"text\":\"\",\"italic\":false,\"color\":\"dark_purple\"}]','[{\"text\":\"消耗后获得一定的力量经验 (1点伤害 = 10点经验)。\",\"italic\":false,\"color\":\"red\"}]']},HideFlags:127}"
            }
          ]
        }
      ]
    }
  ]
}
