{
  "pools": [
    {
      "rolls": 1,
      "entries": [
        {
          "type": "minecraft:item",
          "name": "minecraft:golden_apple",
          "functions": [
            {
              "function": "minecraft:set_nbt",
              "tag": "{CustomModelData:5554,display:{Name:'[{\"text\":\"经验碎片:\",\"italic\":false,\"color\":\"gold\"},{\"text\":\" \",\"color\":\"blue\"},{\"text\":\"魔法\",\"color\":\"dark_purple\"}]',Lore:['[{\"text\":\"内含神圣、元素能量的碎片。\",\"italic\":false,\"color\":\"white\"}]','[{\"text\":\"该碎片与\",\"italic\":false,\"color\":\"white\"}]','[{\"text\":\"与地元素碎片\",\"italic\":false,\"color\":\"white\"},{\"text\":\"相适应\",\"color\":\"dark_purple\"},{\"text\":\"。\"},{\"text\":\"\",\"color\":\"dark_purple\"}]','[{\"text\":\"地元素\",\"italic\":false,\"color\":\"dark_purple\"},{\"text\":\"是最稳定和强大的，\",\"italic\":false,\"color\":\"white\"}]','[{\"text\":\"并立足与现实物质世界。\",\"italic\":false,\"color\":\"white\"}]','[{\"text\":\"要解开\",\"italic\":false,\"color\":\"white\"},{\"text\":\"神圣的秘密\",\"color\":\"gold\"},{\"text\":\"，就必须在物质世界中\",\"color\":\"white\"}]','[{\"text\":\"扎根\",\"italic\":false,\"color\":\"white\"}]','[{\"text\":\"才不会在伟大的神圣维度中\",\"italic\":false,\"color\":\"white\"},{\"text\":\"迷失\",\"color\":\"light_purple\"},{\"text\":\"。\"},{\"text\":\"\",\"color\":\"dark_purple\"}]','[{\"text\":\"\",\"italic\":false,\"color\":\"dark_purple\"}]','[{\"text\":\"消耗后可获得一定的耐力经验。\",\"italic\":false,\"color\":\"dark_purple\"}]']},HideFlags:127}"
            }
          ]
        }
      ]
    }
  ]
}
