{
    "name": "JEI搜索",
    "icon": "minecraft:map",
    "category": "patchouli:jei",
    "sortnum": 1,
    "pages": [
        {
            "type": "text",
            "text": "由于在本整合包中，JEI包含了所有物品，知道如何正确进行搜索是非常重要的，在JEI有几个搜索符号，在寻找特殊类型时这些搜索符号非常有用。$(l)在你想搜索内容之前输入这些符号$(reset)（例如：@mek，%misc等）}"
        },
        {
            "type": "text",
            "text": "-@ 搜索物品时会根据$(l)模组名称$(reset)查询该模组内的物品$(br)-# 搜索物品时会根据$(l)物品描述$(reset)查询所有包含该描述的物品$(br)-% 根据$(l)创造模式工具栏$(reset)查询所有符合条件的物品$(br)-$ 搜索物品时会根据$(l)矿物词典$(reset)查询所有包含该矿物词典的物品$(br)，另外还需要注意：$(l)可以同时添加多个搜索符号，在搜索前添加“|”$(l)可将搜索字符分开，例如“wrench|hammer”可以搜索到扳手+锤子$(reset)。"
        }
    ]
}