[
  {
    "function": "minecraft:set_nbt",
    "tag": "{xylo_tools:{has_lore:1b}}"
  },
  {
    "function": "minecraft:copy_nbt",
    "source": {
      "type": "minecraft:storage",
      "source": "xylo_tools:op"
    },
    "ops": [
      {
        "source": "SelectedItem.tag.display.Lore",
        "target": "display.Lore",
        "op": "replace"
      }
    ]
  },
  {
    "function": "minecraft:set_lore",
    "entity": "this",
    "lore": [
      [
        [
          {
            "text": "",
            "color": "gray"
          }
        ]
      ],
      [
        [
          {
            "text": "耐久: ",
            "color": "gray",
            "italic": false
          },
          {
            "nbt": "SelectedItem.tag.xylo_tools.durability",
            "storage": "xylo_tools:op",
            "color": "gray"
          },
          {
            "text": "/",
            "color": "gray"
          },
          {
            "nbt": "SelectedItem.tag.xylo_tools.max_durability",
            "storage": "xylo_tools:op",
            "color": "gray"
          }
        ]
      ]
    ]
  }
]
