{
  "parent": "wasd.pearl:recipes/crafter_recipe",
  "display": {
    "icon": {
      "item": "minecraft:ender_pearl",
      "nbt": "{CustomModelData:6370022}"
    },
    "title": "幽灵珍珠",
    "description": "可用于穿透墙壁，但无法穿过厚度超过3格以上。",
    "frame": "goal",
    "show_toast": true,
    "announce_to_chat": false,
    "hidden": false
  },
  "criteria": {
    "requirement": {
      "trigger": "minecraft:inventory_changed",
      "conditions": {
        "items": [
          {
            "nbt": "{CustomModelData:6370022}",
            "items": [
              "minecraft:ender_pearl"
            ]
          }
        ]
      }
    }
  }
}
