{
  "parent": "wasd.pearl:recipes/crafter_recipe",
  "display": {
    "icon": {
      "item": "minecraft:ender_pearl",
      "nbt": "{CustomModelData:6370014}"
    },
    "title": "金珍珠",
    "description": "落地后给予与金苹果一样的药水效果。",
    "frame": "goal",
    "show_toast": true,
    "announce_to_chat": false,
    "hidden": false
  },
  "criteria": {
    "requirement": {
      "trigger": "minecraft:inventory_changed",
      "conditions": {
        "items": [
          {
            "nbt": "{CustomModelData:6370014}",
            "items": [
              "minecraft:ender_pearl"
            ]
          }
        ]
      }
    }
  }
}
