{
  "parent": "wasd.pearl:recipes/crafter_recipe",
  "display": {
    "icon": {
      "item": "minecraft:ender_pearl",
      "nbt": "{CustomModelData:6370006}"
    },
    "title": "忍者珍珠",
    "description": "在传送到指定位置后，获得完全隐身的效果。",
    "frame": "goal",
    "show_toast": true,
    "announce_to_chat": false,
    "hidden": false
  },
  "criteria": {
    "requirement": {
      "trigger": "minecraft:inventory_changed",
      "conditions": {
        "items": [
          {
            "nbt": "{CustomModelData:6370006}",
            "items": [
              "minecraft:ender_pearl"
            ]
          }
        ]
      }
    }
  }
}
