{
  "parent": "wasd.pearl:recipes/crafter_recipe",
  "display": {
    "icon": {
      "item": "minecraft:ender_pearl",
      "nbt": "{CustomModelData:6370019}"
    },
    "title": "安全珍珠",
    "description": "让使用者在熔岩中获得抗火效果，如果在空中则获得缓降效果。",
    "frame": "goal",
    "show_toast": true,
    "announce_to_chat": false,
    "hidden": false
  },
  "criteria": {
    "requirement": {
      "trigger": "minecraft:inventory_changed",
      "conditions": {
        "items": [
          {
            "nbt": "{CustomModelData:6370019}",
            "items": [
              "minecraft:ender_pearl"
            ]
          }
        ]
      }
    }
  }
}
