[
    {
      "condition": "minecraft:entity_properties",
      "entity": "this",
      "predicate": {
        "equipment": {
          "offhand": {
            "items": [
              "minecraft:bow"
            ]
          }
        }
      }
    },
    {
      "condition": "minecraft:alternative",
      "terms": [
        {
          "condition": "minecraft:entity_properties",
          "entity": "this",
          "predicate": {
            "equipment": {
              "offhand": {
                "nbt": "{xylo:{id:\"xylo_rpg:wooden_bow\"}}"
              }
            }
          }
        },
        {
          "condition": "minecraft:inverted",
          "term": {
            "condition": "minecraft:entity_properties",
            "entity": "this",
            "predicate": {
              "equipment": {
                "offhand": {
                  "nbt": "{xylo:{}}"
                }
              }
            }
          }
        }
      ]
    }
]