{
    "flower": "ALL",
    "lore": "Tier 2:\nThe temperment of the Rocky Bee can be\nsoftened by the Slimy Bee, yielding Clay.",
    "loreColor": "#00AAAA",
    "maxTimeInHive": 2400,
    "sizeModifier": 0.75,
    "traits": ["can_swim"],
    "hasHoneycomb": true,
    "baseLayerTexture": "other/clay",
    "ColorData": {
        "honeycombColor": "#acaebd",
        "isBeeColored": false,
        "isRainbowBee": false,
        "isGlowing": false,
        "isEnchanted": false
    },
    "CombatData": {
        "isPassive": false,
        "removeStingerOnAttack": false,
        "inflictsPoison": true,
        "attackDamage": 1
    },
    "MutationData": {
        "hasMutation": true,
        "mutations": [
            {
                "type": "BLOCK",
                "inputID": "tag:minecraft:sand",
                "outputs": [{ "outputID": "minecraft:clay", "weight": 10 }]
            }
        ]
    },
    "CentrifugeData": {
        "hasCentrifugeOutput": true,

        "mainOutput": "minecraft:clay",
        "mainOutputWeight": 0.5,
        "mainOutputCount": 2,

        "secondaryOutput": "minecraft:terracotta",
        "secondaryOutputWeight": 0.1,
        "secondaryOutputCount": 1,

        "bottleOutput": "minecraft:honey_bottle",
        "bottleOutputWeight": 0.25,
        "bottleOutputCount": 1,

        "mainInputCount": 1
    },
    "SpawnData": {
        "canSpawnInWorld": false
    },
    "BreedData": {
        "isBreedable": true,
        "parent1": "rocky",
        "parent2": "slimy",
        "feedItem": "tag:forge:storage_blocks/clay",
        "feedAmount": 1,
        "childGrowthDelay": -24000,
        "breedDelay": 6000
    },
    "TraitData": {
        "hasTraits": true
    }
}
