{
  "parent": "wasd.redstone:pack",
  "display": {
    "icon": {
      "item": "minecraft:item_frame",
      "nbt": "{CustomModelData:6370005}"
    },
    "title": "红石工作台",
    "description": "用于制作本数据包中的所有红石设备。",
    "frame": "goal",
    "show_toast": true,
    "announce_to_chat": false,
    "hidden": false
  },
  "criteria": {
    "requirement": {
      "trigger": "minecraft:inventory_changed",
      "conditions": {
        "items": [
          {
            "nbt": "{CustomModelData:6370005}",
            "items": [
              "minecraft:item_frame"
            ]
          }
        ]
      }
    }
  }
}
