{
    "criteria": {
        "not_target": {
            "trigger": "minecraft:entity_hurt_player",
            "conditions": {
                "entity": {
                    "type": "#xylo:non_mob"
                }
            }
        },
        "target": {
            "trigger": "minecraft:entity_hurt_player",
            "conditions": {
                "entity": [
                    {
                        "condition": "minecraft:inverted",
                        "term": {
                            "condition": "minecraft:entity_properties",
                            "entity": "this",
                            "predicate": {
                                "type": "#xylo:non_mob"
                            }
                        }
                    }
                ]
            }
        },
        "blocked": {
            "trigger": "minecraft:entity_hurt_player",
            "conditions": {
                "damage": {
                    "blocked": true
                }
            }
        },
        "not_blocked": {
            "trigger": "minecraft:entity_hurt_player",
            "conditions": {
                "damage": {
                    "blocked": false
                }
            }
        },
        "indirect_dmg": {
            "trigger": "minecraft:entity_hurt_player",
            "conditions": {
                "damage": {
                    "type": {
                        "direct_entity": {
                            "type": "#xylo:non_mob"
                        }
                    }
                }
            }
        },
        "direct_dmg": {
            "trigger": "minecraft:entity_hurt_player",
            "conditions": {
                "damage": {
                    "type": {
                        "direct_entity": {
                            "nbt": "{Attributes:[{}]}"
                        }
                    }
                }
            }
        },
        "direct_dmg_2": {
            "trigger": "minecraft:entity_hurt_player",
            "conditions": {
                "damage": {
                    "type": {
                        "direct_entity": {
                            "type": "minecraft:arrow",
                            "nbt": "{Tags:[\"xtl_dual_wield\"]}"
                        }
                    }
                }
            }
        },
        "direct_dmg_3": {
            "trigger": "minecraft:entity_hurt_player",
            "conditions": {
                "damage": {
                    "type": {
                        "direct_entity": {
                            "type": "minecraft:area_effect_cloud",
                            "nbt": "{Tags:[\"x_apply_dmg_dir\"]}"
                        }
                    }
                }
            }
        },
        "apply_dmg": {
            "trigger": "minecraft:entity_hurt_player",
            "conditions": {
                "damage": {
                    "type": {
                        "direct_entity": {
                            "type": "minecraft:area_effect_cloud",
                            "nbt": "{Tags:[\"x_apply_dmg\"]}"
                        }
                    }
                }
            }
        },
        "bit0": {
            "trigger": "minecraft:entity_hurt_player",
            "conditions": {
                "damage": {
                    "source_entity": {
                        "nbt": "{Tags:[\"xhd_enthit.bit0\"]}"
                    }
                }
            }
        },
        "bit1": {
            "trigger": "minecraft:entity_hurt_player",
            "conditions": {
                "damage": {
                    "source_entity": {
                        "nbt": "{Tags:[\"xhd_enthit.bit1\"]}"
                    }
                }
            }
        },
        "bit2": {
            "trigger": "minecraft:entity_hurt_player",
            "conditions": {
                "damage": {
                    "source_entity": {
                        "nbt": "{Tags:[\"xhd_enthit.bit2\"]}"
                    }
                }
            }
        },
        "bit3": {
            "trigger": "minecraft:entity_hurt_player",
            "conditions": {
                "damage": {
                    "source_entity": {
                        "nbt": "{Tags:[\"xhd_enthit.bit3\"]}"
                    }
                }
            }
        },
        "bit4": {
            "trigger": "minecraft:entity_hurt_player",
            "conditions": {
                "damage": {
                    "source_entity": {
                        "nbt": "{Tags:[\"xhd_enthit.bit4\"]}"
                    }
                }
            }
        },
        "bit5": {
            "trigger": "minecraft:entity_hurt_player",
            "conditions": {
                "damage": {
                    "source_entity": {
                        "nbt": "{Tags:[\"xhd_enthit.bit5\"]}"
                    }
                }
            }
        },
        "bit6": {
            "trigger": "minecraft:entity_hurt_player",
            "conditions": {
                "damage": {
                    "source_entity": {
                        "nbt": "{Tags:[\"xhd_enthit.bit6\"]}"
                    }
                }
            }
        },
        "bit7": {
            "trigger": "minecraft:entity_hurt_player",
            "conditions": {
                "damage": {
                    "source_entity": {
                        "nbt": "{Tags:[\"xhd_enthit.bit7\"]}"
                    }
                }
            }
        },
        "bit8": {
            "trigger": "minecraft:entity_hurt_player",
            "conditions": {
                "damage": {
                    "source_entity": {
                        "nbt": "{Tags:[\"xhd_enthit.bit8\"]}"
                    }
                }
            }
        },
        "bit9": {
            "trigger": "minecraft:entity_hurt_player",
            "conditions": {
                "damage": {
                    "source_entity": {
                        "nbt": "{Tags:[\"xhd_enthit.bit9\"]}"
                    }
                }
            }
        },
        "bit10": {
            "trigger": "minecraft:entity_hurt_player",
            "conditions": {
                "damage": {
                    "source_entity": {
                        "nbt": "{Tags:[\"xhd_enthit.bit10\"]}"
                    }
                }
            }
        },
        "bit11": {
            "trigger": "minecraft:entity_hurt_player",
            "conditions": {
                "damage": {
                    "source_entity": {
                        "nbt": "{Tags:[\"xhd_enthit.bit11\"]}"
                    }
                }
            }
        },
        "bit12": {
            "trigger": "minecraft:entity_hurt_player",
            "conditions": {
                "damage": {
                    "source_entity": {
                        "nbt": "{Tags:[\"xhd_enthit.bit12\"]}"
                    }
                }
            }
        },
        "bit13": {
            "trigger": "minecraft:entity_hurt_player",
            "conditions": {
                "damage": {
                    "source_entity": {
                        "nbt": "{Tags:[\"xhd_enthit.bit13\"]}"
                    }
                }
            }
        },
        "bit14": {
            "trigger": "minecraft:entity_hurt_player",
            "conditions": {
                "damage": {
                    "source_entity": {
                        "nbt": "{Tags:[\"xhd_enthit.bit14\"]}"
                    }
                }
            }
        },
        "bit15": {
            "trigger": "minecraft:entity_hurt_player",
            "conditions": {
                "damage": {
                    "source_entity": {
                        "nbt": "{Tags:[\"xhd_enthit.bit15\"]}"
                    }
                }
            }
        },
        "bit16": {
            "trigger": "minecraft:entity_hurt_player",
            "conditions": {
                "damage": {
                    "source_entity": {
                        "nbt": "{Tags:[\"xhd_enthit.bit16\"]}"
                    }
                }
            }
        },
        "bit17": {
            "trigger": "minecraft:entity_hurt_player",
            "conditions": {
                "damage": {
                    "source_entity": {
                        "nbt": "{Tags:[\"xhd_enthit.bit17\"]}"
                    }
                }
            }
        },
        "bit18": {
            "trigger": "minecraft:entity_hurt_player",
            "conditions": {
                "damage": {
                    "source_entity": {
                        "nbt": "{Tags:[\"xhd_enthit.bit18\"]}"
                    }
                }
            }
        },
        "bit19": {
            "trigger": "minecraft:entity_hurt_player",
            "conditions": {
                "damage": {
                    "source_entity": {
                        "nbt": "{Tags:[\"xhd_enthit.bit19\"]}"
                    }
                }
            }
        },
        "bit20": {
            "trigger": "minecraft:entity_hurt_player",
            "conditions": {
                "damage": {
                    "source_entity": {
                        "nbt": "{Tags:[\"xhd_enthit.bit20\"]}"
                    }
                }
            }
        },
        "bit21": {
            "trigger": "minecraft:entity_hurt_player",
            "conditions": {
                "damage": {
                    "source_entity": {
                        "nbt": "{Tags:[\"xhd_enthit.bit21\"]}"
                    }
                }
            }
        },
        "bit22": {
            "trigger": "minecraft:entity_hurt_player",
            "conditions": {
                "damage": {
                    "source_entity": {
                        "nbt": "{Tags:[\"xhd_enthit.bit22\"]}"
                    }
                }
            }
        },
        "bit23": {
            "trigger": "minecraft:entity_hurt_player",
            "conditions": {
                "damage": {
                    "source_entity": {
                        "nbt": "{Tags:[\"xhd_enthit.bit23\"]}"
                    }
                }
            }
        },
        "bit24": {
            "trigger": "minecraft:entity_hurt_player",
            "conditions": {
                "damage": {
                    "source_entity": {
                        "nbt": "{Tags:[\"xhd_enthit.bit24\"]}"
                    }
                }
            }
        },
        "bit25": {
            "trigger": "minecraft:entity_hurt_player",
            "conditions": {
                "damage": {
                    "source_entity": {
                        "nbt": "{Tags:[\"xhd_enthit.bit25\"]}"
                    }
                }
            }
        },
        "bit26": {
            "trigger": "minecraft:entity_hurt_player",
            "conditions": {
                "damage": {
                    "source_entity": {
                        "nbt": "{Tags:[\"xhd_enthit.bit26\"]}"
                    }
                }
            }
        },
        "bit27": {
            "trigger": "minecraft:entity_hurt_player",
            "conditions": {
                "damage": {
                    "source_entity": {
                        "nbt": "{Tags:[\"xhd_enthit.bit27\"]}"
                    }
                }
            }
        },
        "bit28": {
            "trigger": "minecraft:entity_hurt_player",
            "conditions": {
                "damage": {
                    "source_entity": {
                        "nbt": "{Tags:[\"xhd_enthit.bit28\"]}"
                    }
                }
            }
        },
        "bit29": {
            "trigger": "minecraft:entity_hurt_player",
            "conditions": {
                "damage": {
                    "source_entity": {
                        "nbt": "{Tags:[\"xhd_enthit.bit29\"]}"
                    }
                }
            }
        },
        "bit30": {
            "trigger": "minecraft:entity_hurt_player",
            "conditions": {
                "damage": {
                    "source_entity": {
                        "nbt": "{Tags:[\"xhd_enthit.bit30\"]}"
                    }
                }
            }
        },
        "bit31": {
            "trigger": "minecraft:entity_hurt_player",
            "conditions": {
                "damage": {
                    "source_entity": {
                        "nbt": "{Tags:[\"xhd_enthit.bit31\"]}"
                    }
                }
            }
        },
        "nbit0": {
            "trigger": "minecraft:entity_hurt_player",
            "conditions": {
                "damage": {
                    "source_entity": {
                        "nbt": "{Tags:[\"xhd_enthit.nbit0\"]}"
                    }
                }
            }
        },
        "nbit1": {
            "trigger": "minecraft:entity_hurt_player",
            "conditions": {
                "damage": {
                    "source_entity": {
                        "nbt": "{Tags:[\"xhd_enthit.nbit1\"]}"
                    }
                }
            }
        },
        "nbit2": {
            "trigger": "minecraft:entity_hurt_player",
            "conditions": {
                "damage": {
                    "source_entity": {
                        "nbt": "{Tags:[\"xhd_enthit.nbit2\"]}"
                    }
                }
            }
        },
        "nbit3": {
            "trigger": "minecraft:entity_hurt_player",
            "conditions": {
                "damage": {
                    "source_entity": {
                        "nbt": "{Tags:[\"xhd_enthit.nbit3\"]}"
                    }
                }
            }
        },
        "nbit4": {
            "trigger": "minecraft:entity_hurt_player",
            "conditions": {
                "damage": {
                    "source_entity": {
                        "nbt": "{Tags:[\"xhd_enthit.nbit4\"]}"
                    }
                }
            }
        },
        "nbit5": {
            "trigger": "minecraft:entity_hurt_player",
            "conditions": {
                "damage": {
                    "source_entity": {
                        "nbt": "{Tags:[\"xhd_enthit.nbit5\"]}"
                    }
                }
            }
        },
        "nbit6": {
            "trigger": "minecraft:entity_hurt_player",
            "conditions": {
                "damage": {
                    "source_entity": {
                        "nbt": "{Tags:[\"xhd_enthit.nbit6\"]}"
                    }
                }
            }
        },
        "nbit7": {
            "trigger": "minecraft:entity_hurt_player",
            "conditions": {
                "damage": {
                    "source_entity": {
                        "nbt": "{Tags:[\"xhd_enthit.nbit7\"]}"
                    }
                }
            }
        },
        "nbit8": {
            "trigger": "minecraft:entity_hurt_player",
            "conditions": {
                "damage": {
                    "source_entity": {
                        "nbt": "{Tags:[\"xhd_enthit.nbit8\"]}"
                    }
                }
            }
        },
        "nbit9": {
            "trigger": "minecraft:entity_hurt_player",
            "conditions": {
                "damage": {
                    "source_entity": {
                        "nbt": "{Tags:[\"xhd_enthit.nbit9\"]}"
                    }
                }
            }
        },
        "nbit10": {
            "trigger": "minecraft:entity_hurt_player",
            "conditions": {
                "damage": {
                    "source_entity": {
                        "nbt": "{Tags:[\"xhd_enthit.nbit10\"]}"
                    }
                }
            }
        },
        "nbit11": {
            "trigger": "minecraft:entity_hurt_player",
            "conditions": {
                "damage": {
                    "source_entity": {
                        "nbt": "{Tags:[\"xhd_enthit.nbit11\"]}"
                    }
                }
            }
        },
        "nbit12": {
            "trigger": "minecraft:entity_hurt_player",
            "conditions": {
                "damage": {
                    "source_entity": {
                        "nbt": "{Tags:[\"xhd_enthit.nbit12\"]}"
                    }
                }
            }
        },
        "nbit13": {
            "trigger": "minecraft:entity_hurt_player",
            "conditions": {
                "damage": {
                    "source_entity": {
                        "nbt": "{Tags:[\"xhd_enthit.nbit13\"]}"
                    }
                }
            }
        },
        "nbit14": {
            "trigger": "minecraft:entity_hurt_player",
            "conditions": {
                "damage": {
                    "source_entity": {
                        "nbt": "{Tags:[\"xhd_enthit.nbit14\"]}"
                    }
                }
            }
        },
        "nbit15": {
            "trigger": "minecraft:entity_hurt_player",
            "conditions": {
                "damage": {
                    "source_entity": {
                        "nbt": "{Tags:[\"xhd_enthit.nbit15\"]}"
                    }
                }
            }
        },
        "nbit16": {
            "trigger": "minecraft:entity_hurt_player",
            "conditions": {
                "damage": {
                    "source_entity": {
                        "nbt": "{Tags:[\"xhd_enthit.nbit16\"]}"
                    }
                }
            }
        },
        "nbit17": {
            "trigger": "minecraft:entity_hurt_player",
            "conditions": {
                "damage": {
                    "source_entity": {
                        "nbt": "{Tags:[\"xhd_enthit.nbit17\"]}"
                    }
                }
            }
        },
        "nbit18": {
            "trigger": "minecraft:entity_hurt_player",
            "conditions": {
                "damage": {
                    "source_entity": {
                        "nbt": "{Tags:[\"xhd_enthit.nbit18\"]}"
                    }
                }
            }
        },
        "nbit19": {
            "trigger": "minecraft:entity_hurt_player",
            "conditions": {
                "damage": {
                    "source_entity": {
                        "nbt": "{Tags:[\"xhd_enthit.nbit19\"]}"
                    }
                }
            }
        },
        "nbit20": {
            "trigger": "minecraft:entity_hurt_player",
            "conditions": {
                "damage": {
                    "source_entity": {
                        "nbt": "{Tags:[\"xhd_enthit.nbit20\"]}"
                    }
                }
            }
        },
        "nbit21": {
            "trigger": "minecraft:entity_hurt_player",
            "conditions": {
                "damage": {
                    "source_entity": {
                        "nbt": "{Tags:[\"xhd_enthit.nbit21\"]}"
                    }
                }
            }
        },
        "nbit22": {
            "trigger": "minecraft:entity_hurt_player",
            "conditions": {
                "damage": {
                    "source_entity": {
                        "nbt": "{Tags:[\"xhd_enthit.nbit22\"]}"
                    }
                }
            }
        },
        "nbit23": {
            "trigger": "minecraft:entity_hurt_player",
            "conditions": {
                "damage": {
                    "source_entity": {
                        "nbt": "{Tags:[\"xhd_enthit.nbit23\"]}"
                    }
                }
            }
        },
        "nbit24": {
            "trigger": "minecraft:entity_hurt_player",
            "conditions": {
                "damage": {
                    "source_entity": {
                        "nbt": "{Tags:[\"xhd_enthit.nbit24\"]}"
                    }
                }
            }
        },
        "nbit25": {
            "trigger": "minecraft:entity_hurt_player",
            "conditions": {
                "damage": {
                    "source_entity": {
                        "nbt": "{Tags:[\"xhd_enthit.nbit25\"]}"
                    }
                }
            }
        },
        "nbit26": {
            "trigger": "minecraft:entity_hurt_player",
            "conditions": {
                "damage": {
                    "source_entity": {
                        "nbt": "{Tags:[\"xhd_enthit.nbit26\"]}"
                    }
                }
            }
        },
        "nbit27": {
            "trigger": "minecraft:entity_hurt_player",
            "conditions": {
                "damage": {
                    "source_entity": {
                        "nbt": "{Tags:[\"xhd_enthit.nbit27\"]}"
                    }
                }
            }
        },
        "nbit28": {
            "trigger": "minecraft:entity_hurt_player",
            "conditions": {
                "damage": {
                    "source_entity": {
                        "nbt": "{Tags:[\"xhd_enthit.nbit28\"]}"
                    }
                }
            }
        },
        "nbit29": {
            "trigger": "minecraft:entity_hurt_player",
            "conditions": {
                "damage": {
                    "source_entity": {
                        "nbt": "{Tags:[\"xhd_enthit.nbit29\"]}"
                    }
                }
            }
        },
        "nbit30": {
            "trigger": "minecraft:entity_hurt_player",
            "conditions": {
                "damage": {
                    "source_entity": {
                        "nbt": "{Tags:[\"xhd_enthit.nbit30\"]}"
                    }
                }
            }
        },
        "nbit31": {
            "trigger": "minecraft:entity_hurt_player",
            "conditions": {
                "damage": {
                    "source_entity": {
                        "nbt": "{Tags:[\"xhd_enthit.nbit31\"]}"
                    }
                }
            }
        },
        "dmg0": {
            "trigger": "minecraft:entity_hurt_player",
            "conditions": {
                "damage": {
                    "taken": {
                        "min": 0.0,
                        "max": 0.99
                    }
                }
            }
        },
        "dmg1": {
            "trigger": "minecraft:entity_hurt_player",
            "conditions": {
                "damage": {
                    "taken": {
                        "min": 1.0,
                        "max": 1.99
                    }
                }
            }
        },
        "dmg2": {
            "trigger": "minecraft:entity_hurt_player",
            "conditions": {
                "damage": {
                    "taken": {
                        "min": 2.0,
                        "max": 2.99
                    }
                }
            }
        },
        "dmg3": {
            "trigger": "minecraft:entity_hurt_player",
            "conditions": {
                "damage": {
                    "taken": {
                        "min": 3.0,
                        "max": 3.99
                    }
                }
            }
        },
        "dmg4": {
            "trigger": "minecraft:entity_hurt_player",
            "conditions": {
                "damage": {
                    "taken": {
                        "min": 4.0,
                        "max": 4.99
                    }
                }
            }
        },
        "dmg5": {
            "trigger": "minecraft:entity_hurt_player",
            "conditions": {
                "damage": {
                    "taken": {
                        "min": 5.0,
                        "max": 5.99
                    }
                }
            }
        },
        "dmg6": {
            "trigger": "minecraft:entity_hurt_player",
            "conditions": {
                "damage": {
                    "taken": {
                        "min": 6.0,
                        "max": 6.99
                    }
                }
            }
        },
        "dmg7": {
            "trigger": "minecraft:entity_hurt_player",
            "conditions": {
                "damage": {
                    "taken": {
                        "min": 7.0,
                        "max": 7.99
                    }
                }
            }
        },
        "dmg8": {
            "trigger": "minecraft:entity_hurt_player",
            "conditions": {
                "damage": {
                    "taken": {
                        "min": 8.0,
                        "max": 8.99
                    }
                }
            }
        },
        "dmg9": {
            "trigger": "minecraft:entity_hurt_player",
            "conditions": {
                "damage": {
                    "taken": {
                        "min": 9.0,
                        "max": 9.99
                    }
                }
            }
        },
        "dmg10": {
            "trigger": "minecraft:entity_hurt_player",
            "conditions": {
                "damage": {
                    "taken": {
                        "min": 10.0,
                        "max": 10.99
                    }
                }
            }
        },
        "dmg11": {
            "trigger": "minecraft:entity_hurt_player",
            "conditions": {
                "damage": {
                    "taken": {
                        "min": 11.0,
                        "max": 11.99
                    }
                }
            }
        },
        "dmg12": {
            "trigger": "minecraft:entity_hurt_player",
            "conditions": {
                "damage": {
                    "taken": {
                        "min": 12.0,
                        "max": 12.99
                    }
                }
            }
        },
        "dmg13": {
            "trigger": "minecraft:entity_hurt_player",
            "conditions": {
                "damage": {
                    "taken": {
                        "min": 13.0,
                        "max": 13.99
                    }
                }
            }
        },
        "dmg14": {
            "trigger": "minecraft:entity_hurt_player",
            "conditions": {
                "damage": {
                    "taken": {
                        "min": 14.0,
                        "max": 14.99
                    }
                }
            }
        },
        "dmg15": {
            "trigger": "minecraft:entity_hurt_player",
            "conditions": {
                "damage": {
                    "taken": {
                        "min": 15.0,
                        "max": 15.99
                    }
                }
            }
        },
        "dmg16": {
            "trigger": "minecraft:entity_hurt_player",
            "conditions": {
                "damage": {
                    "taken": {
                        "min": 16.0,
                        "max": 16.99
                    }
                }
            }
        },
        "dmg17": {
            "trigger": "minecraft:entity_hurt_player",
            "conditions": {
                "damage": {
                    "taken": {
                        "min": 17.0,
                        "max": 17.99
                    }
                }
            }
        },
        "dmg18": {
            "trigger": "minecraft:entity_hurt_player",
            "conditions": {
                "damage": {
                    "taken": {
                        "min": 18.0,
                        "max": 18.99
                    }
                }
            }
        },
        "dmg19": {
            "trigger": "minecraft:entity_hurt_player",
            "conditions": {
                "damage": {
                    "taken": {
                        "min": 19.0,
                        "max": 19.99
                    }
                }
            }
        },
        "dmg20": {
            "trigger": "minecraft:entity_hurt_player",
            "conditions": {
                "damage": {
                    "taken": {
                        "min": 20.0,
                        "max": 20.99
                    }
                }
            }
        },
        "dmg21": {
            "trigger": "minecraft:entity_hurt_player",
            "conditions": {
                "damage": {
                    "taken": {
                        "min": 21.0,
                        "max": 21.99
                    }
                }
            }
        },
        "dmg22": {
            "trigger": "minecraft:entity_hurt_player",
            "conditions": {
                "damage": {
                    "taken": {
                        "min": 22.0,
                        "max": 22.99
                    }
                }
            }
        },
        "dmg23": {
            "trigger": "minecraft:entity_hurt_player",
            "conditions": {
                "damage": {
                    "taken": {
                        "min": 23.0,
                        "max": 23.99
                    }
                }
            }
        },
        "dmg24": {
            "trigger": "minecraft:entity_hurt_player",
            "conditions": {
                "damage": {
                    "taken": {
                        "min": 24.0,
                        "max": 24.99
                    }
                }
            }
        },
        "dmg25": {
            "trigger": "minecraft:entity_hurt_player",
            "conditions": {
                "damage": {
                    "taken": {
                        "min": 25.0,
                        "max": 25.99
                    }
                }
            }
        },
        "dmg26": {
            "trigger": "minecraft:entity_hurt_player",
            "conditions": {
                "damage": {
                    "taken": {
                        "min": 26.0,
                        "max": 26.99
                    }
                }
            }
        },
        "dmg27": {
            "trigger": "minecraft:entity_hurt_player",
            "conditions": {
                "damage": {
                    "taken": {
                        "min": 27.0,
                        "max": 27.99
                    }
                }
            }
        },
        "dmg28": {
            "trigger": "minecraft:entity_hurt_player",
            "conditions": {
                "damage": {
                    "taken": {
                        "min": 28.0,
                        "max": 28.99
                    }
                }
            }
        },
        "dmg29": {
            "trigger": "minecraft:entity_hurt_player",
            "conditions": {
                "damage": {
                    "taken": {
                        "min": 29.0,
                        "max": 29.99
                    }
                }
            }
        },
        "dmg30": {
            "trigger": "minecraft:entity_hurt_player",
            "conditions": {
                "damage": {
                    "taken": {
                        "min": 30.0,
                        "max": 30.99
                    }
                }
            }
        },
        "dmg31": {
            "trigger": "minecraft:entity_hurt_player",
            "conditions": {
                "damage": {
                    "taken": {
                        "min": 31.0,
                        "max": 31.99
                    }
                }
            }
        },
        "dmg32": {
            "trigger": "minecraft:entity_hurt_player",
            "conditions": {
                "damage": {
                    "taken": {
                        "min": 32.0,
                        "max": 32.99
                    }
                }
            }
        },
        "dmg33": {
            "trigger": "minecraft:entity_hurt_player",
            "conditions": {
                "damage": {
                    "taken": {
                        "min": 33.0,
                        "max": 33.99
                    }
                }
            }
        },
        "dmg34": {
            "trigger": "minecraft:entity_hurt_player",
            "conditions": {
                "damage": {
                    "taken": {
                        "min": 34.0,
                        "max": 34.99
                    }
                }
            }
        },
        "dmg35": {
            "trigger": "minecraft:entity_hurt_player",
            "conditions": {
                "damage": {
                    "taken": {
                        "min": 35.0,
                        "max": 35.99
                    }
                }
            }
        },
        "dmg36": {
            "trigger": "minecraft:entity_hurt_player",
            "conditions": {
                "damage": {
                    "taken": {
                        "min": 36.0,
                        "max": 36.99
                    }
                }
            }
        },
        "dmg37": {
            "trigger": "minecraft:entity_hurt_player",
            "conditions": {
                "damage": {
                    "taken": {
                        "min": 37.0,
                        "max": 37.99
                    }
                }
            }
        },
        "dmg38": {
            "trigger": "minecraft:entity_hurt_player",
            "conditions": {
                "damage": {
                    "taken": {
                        "min": 38.0,
                        "max": 38.99
                    }
                }
            }
        },
        "dmg39": {
            "trigger": "minecraft:entity_hurt_player",
            "conditions": {
                "damage": {
                    "taken": {
                        "min": 39.0,
                        "max": 39.99
                    }
                }
            }
        },
        "dmg40": {
            "trigger": "minecraft:entity_hurt_player",
            "conditions": {
                "damage": {
                    "taken": {
                        "min": 40.0,
                        "max": 40.99
                    }
                }
            }
        },
        "dmg41": {
            "trigger": "minecraft:entity_hurt_player",
            "conditions": {
                "damage": {
                    "taken": {
                        "min": 41.0,
                        "max": 41.99
                    }
                }
            }
        },
        "dmg42": {
            "trigger": "minecraft:entity_hurt_player",
            "conditions": {
                "damage": {
                    "taken": {
                        "min": 42.0,
                        "max": 42.99
                    }
                }
            }
        },
        "dmg43": {
            "trigger": "minecraft:entity_hurt_player",
            "conditions": {
                "damage": {
                    "taken": {
                        "min": 43.0,
                        "max": 43.99
                    }
                }
            }
        },
        "dmg44": {
            "trigger": "minecraft:entity_hurt_player",
            "conditions": {
                "damage": {
                    "taken": {
                        "min": 44.0,
                        "max": 44.99
                    }
                }
            }
        },
        "dmg45": {
            "trigger": "minecraft:entity_hurt_player",
            "conditions": {
                "damage": {
                    "taken": {
                        "min": 45.0,
                        "max": 45.99
                    }
                }
            }
        },
        "dmg46": {
            "trigger": "minecraft:entity_hurt_player",
            "conditions": {
                "damage": {
                    "taken": {
                        "min": 46.0,
                        "max": 46.99
                    }
                }
            }
        },
        "dmg47": {
            "trigger": "minecraft:entity_hurt_player",
            "conditions": {
                "damage": {
                    "taken": {
                        "min": 47.0,
                        "max": 47.99
                    }
                }
            }
        },
        "dmg48": {
            "trigger": "minecraft:entity_hurt_player",
            "conditions": {
                "damage": {
                    "taken": {
                        "min": 48.0,
                        "max": 48.99
                    }
                }
            }
        },
        "dmg49": {
            "trigger": "minecraft:entity_hurt_player",
            "conditions": {
                "damage": {
                    "taken": {
                        "min": 49.0,
                        "max": 49.99
                    }
                }
            }
        },
        "dmg50": {
            "trigger": "minecraft:entity_hurt_player",
            "conditions": {
                "damage": {
                    "taken": {
                        "min": 50.0,
                        "max": 50.99
                    }
                }
            }
        },
        "dmg51": {
            "trigger": "minecraft:entity_hurt_player",
            "conditions": {
                "damage": {
                    "taken": {
                        "min": 51.0,
                        "max": 51.99
                    }
                }
            }
        },
        "dmg52": {
            "trigger": "minecraft:entity_hurt_player",
            "conditions": {
                "damage": {
                    "taken": {
                        "min": 52.0,
                        "max": 52.99
                    }
                }
            }
        },
        "dmg53": {
            "trigger": "minecraft:entity_hurt_player",
            "conditions": {
                "damage": {
                    "taken": {
                        "min": 53.0,
                        "max": 53.99
                    }
                }
            }
        },
        "dmg54": {
            "trigger": "minecraft:entity_hurt_player",
            "conditions": {
                "damage": {
                    "taken": {
                        "min": 54.0,
                        "max": 54.99
                    }
                }
            }
        },
        "dmg55": {
            "trigger": "minecraft:entity_hurt_player",
            "conditions": {
                "damage": {
                    "taken": {
                        "min": 55.0,
                        "max": 55.99
                    }
                }
            }
        },
        "dmg56": {
            "trigger": "minecraft:entity_hurt_player",
            "conditions": {
                "damage": {
                    "taken": {
                        "min": 56.0,
                        "max": 56.99
                    }
                }
            }
        },
        "dmg57": {
            "trigger": "minecraft:entity_hurt_player",
            "conditions": {
                "damage": {
                    "taken": {
                        "min": 57.0,
                        "max": 57.99
                    }
                }
            }
        },
        "dmg58": {
            "trigger": "minecraft:entity_hurt_player",
            "conditions": {
                "damage": {
                    "taken": {
                        "min": 58.0,
                        "max": 58.99
                    }
                }
            }
        },
        "dmg59": {
            "trigger": "minecraft:entity_hurt_player",
            "conditions": {
                "damage": {
                    "taken": {
                        "min": 59.0,
                        "max": 59.99
                    }
                }
            }
        },
        "dmg60": {
            "trigger": "minecraft:entity_hurt_player",
            "conditions": {
                "damage": {
                    "taken": {
                        "min": 60.0,
                        "max": 60.99
                    }
                }
            }
        },
        "dmg61": {
            "trigger": "minecraft:entity_hurt_player",
            "conditions": {
                "damage": {
                    "taken": {
                        "min": 61.0,
                        "max": 61.99
                    }
                }
            }
        },
        "dmg62": {
            "trigger": "minecraft:entity_hurt_player",
            "conditions": {
                "damage": {
                    "taken": {
                        "min": 62.0,
                        "max": 62.99
                    }
                }
            }
        },
        "dmg63": {
            "trigger": "minecraft:entity_hurt_player",
            "conditions": {
                "damage": {
                    "taken": {
                        "min": 63.0,
                        "max": 63.99
                    }
                }
            }
        },
        "dmg64": {
            "trigger": "minecraft:entity_hurt_player",
            "conditions": {
                "damage": {
                    "taken": {
                        "min": 64.0,
                        "max": 64.99
                    }
                }
            }
        },
        "dmg65": {
            "trigger": "minecraft:entity_hurt_player",
            "conditions": {
                "damage": {
                    "taken": {
                        "min": 65.0,
                        "max": 65.99
                    }
                }
            }
        },
        "dmg66": {
            "trigger": "minecraft:entity_hurt_player",
            "conditions": {
                "damage": {
                    "taken": {
                        "min": 66.0,
                        "max": 66.99
                    }
                }
            }
        },
        "dmg67": {
            "trigger": "minecraft:entity_hurt_player",
            "conditions": {
                "damage": {
                    "taken": {
                        "min": 67.0,
                        "max": 67.99
                    }
                }
            }
        },
        "dmg68": {
            "trigger": "minecraft:entity_hurt_player",
            "conditions": {
                "damage": {
                    "taken": {
                        "min": 68.0,
                        "max": 68.99
                    }
                }
            }
        },
        "dmg69": {
            "trigger": "minecraft:entity_hurt_player",
            "conditions": {
                "damage": {
                    "taken": {
                        "min": 69.0,
                        "max": 69.99
                    }
                }
            }
        },
        "dmg70": {
            "trigger": "minecraft:entity_hurt_player",
            "conditions": {
                "damage": {
                    "taken": {
                        "min": 70.0,
                        "max": 70.99
                    }
                }
            }
        },
        "dmg71": {
            "trigger": "minecraft:entity_hurt_player",
            "conditions": {
                "damage": {
                    "taken": {
                        "min": 71.0,
                        "max": 71.99
                    }
                }
            }
        },
        "dmg72": {
            "trigger": "minecraft:entity_hurt_player",
            "conditions": {
                "damage": {
                    "taken": {
                        "min": 72.0,
                        "max": 72.99
                    }
                }
            }
        },
        "dmg73": {
            "trigger": "minecraft:entity_hurt_player",
            "conditions": {
                "damage": {
                    "taken": {
                        "min": 73.0,
                        "max": 73.99
                    }
                }
            }
        },
        "dmg74": {
            "trigger": "minecraft:entity_hurt_player",
            "conditions": {
                "damage": {
                    "taken": {
                        "min": 74.0,
                        "max": 74.99
                    }
                }
            }
        },
        "dmg75": {
            "trigger": "minecraft:entity_hurt_player",
            "conditions": {
                "damage": {
                    "taken": {
                        "min": 75.0,
                        "max": 75.99
                    }
                }
            }
        },
        "dmg76": {
            "trigger": "minecraft:entity_hurt_player",
            "conditions": {
                "damage": {
                    "taken": {
                        "min": 76.0,
                        "max": 76.99
                    }
                }
            }
        },
        "dmg77": {
            "trigger": "minecraft:entity_hurt_player",
            "conditions": {
                "damage": {
                    "taken": {
                        "min": 77.0,
                        "max": 77.99
                    }
                }
            }
        },
        "dmg78": {
            "trigger": "minecraft:entity_hurt_player",
            "conditions": {
                "damage": {
                    "taken": {
                        "min": 78.0,
                        "max": 78.99
                    }
                }
            }
        },
        "dmg79": {
            "trigger": "minecraft:entity_hurt_player",
            "conditions": {
                "damage": {
                    "taken": {
                        "min": 79.0,
                        "max": 79.99
                    }
                }
            }
        },
        "dmg80": {
            "trigger": "minecraft:entity_hurt_player",
            "conditions": {
                "damage": {
                    "taken": {
                        "min": 80.0,
                        "max": 80.99
                    }
                }
            }
        },
        "dmg81": {
            "trigger": "minecraft:entity_hurt_player",
            "conditions": {
                "damage": {
                    "taken": {
                        "min": 81.0,
                        "max": 81.99
                    }
                }
            }
        },
        "dmg82": {
            "trigger": "minecraft:entity_hurt_player",
            "conditions": {
                "damage": {
                    "taken": {
                        "min": 82.0,
                        "max": 82.99
                    }
                }
            }
        },
        "dmg83": {
            "trigger": "minecraft:entity_hurt_player",
            "conditions": {
                "damage": {
                    "taken": {
                        "min": 83.0,
                        "max": 83.99
                    }
                }
            }
        },
        "dmg84": {
            "trigger": "minecraft:entity_hurt_player",
            "conditions": {
                "damage": {
                    "taken": {
                        "min": 84.0,
                        "max": 84.99
                    }
                }
            }
        },
        "dmg85": {
            "trigger": "minecraft:entity_hurt_player",
            "conditions": {
                "damage": {
                    "taken": {
                        "min": 85.0,
                        "max": 85.99
                    }
                }
            }
        },
        "dmg86": {
            "trigger": "minecraft:entity_hurt_player",
            "conditions": {
                "damage": {
                    "taken": {
                        "min": 86.0,
                        "max": 86.99
                    }
                }
            }
        },
        "dmg87": {
            "trigger": "minecraft:entity_hurt_player",
            "conditions": {
                "damage": {
                    "taken": {
                        "min": 87.0,
                        "max": 87.99
                    }
                }
            }
        },
        "dmg88": {
            "trigger": "minecraft:entity_hurt_player",
            "conditions": {
                "damage": {
                    "taken": {
                        "min": 88.0,
                        "max": 88.99
                    }
                }
            }
        },
        "dmg89": {
            "trigger": "minecraft:entity_hurt_player",
            "conditions": {
                "damage": {
                    "taken": {
                        "min": 89.0,
                        "max": 89.99
                    }
                }
            }
        },
        "dmg90": {
            "trigger": "minecraft:entity_hurt_player",
            "conditions": {
                "damage": {
                    "taken": {
                        "min": 90.0,
                        "max": 90.99
                    }
                }
            }
        },
        "dmg91": {
            "trigger": "minecraft:entity_hurt_player",
            "conditions": {
                "damage": {
                    "taken": {
                        "min": 91.0,
                        "max": 91.99
                    }
                }
            }
        },
        "dmg92": {
            "trigger": "minecraft:entity_hurt_player",
            "conditions": {
                "damage": {
                    "taken": {
                        "min": 92.0,
                        "max": 92.99
                    }
                }
            }
        },
        "dmg93": {
            "trigger": "minecraft:entity_hurt_player",
            "conditions": {
                "damage": {
                    "taken": {
                        "min": 93.0,
                        "max": 93.99
                    }
                }
            }
        },
        "dmg94": {
            "trigger": "minecraft:entity_hurt_player",
            "conditions": {
                "damage": {
                    "taken": {
                        "min": 94.0,
                        "max": 94.99
                    }
                }
            }
        },
        "dmg95": {
            "trigger": "minecraft:entity_hurt_player",
            "conditions": {
                "damage": {
                    "taken": {
                        "min": 95.0,
                        "max": 95.99
                    }
                }
            }
        },
        "dmg96": {
            "trigger": "minecraft:entity_hurt_player",
            "conditions": {
                "damage": {
                    "taken": {
                        "min": 96.0,
                        "max": 96.99
                    }
                }
            }
        },
        "dmg97": {
            "trigger": "minecraft:entity_hurt_player",
            "conditions": {
                "damage": {
                    "taken": {
                        "min": 97.0,
                        "max": 97.99
                    }
                }
            }
        },
        "dmg98": {
            "trigger": "minecraft:entity_hurt_player",
            "conditions": {
                "damage": {
                    "taken": {
                        "min": 98.0,
                        "max": 98.99
                    }
                }
            }
        },
        "dmg99": {
            "trigger": "minecraft:entity_hurt_player",
            "conditions": {
                "damage": {
                    "taken": {
                        "min": 99.0,
                        "max": 99.99
                    }
                }
            }
        },
        "dmg100": {
            "trigger": "minecraft:entity_hurt_player",
            "conditions": {
                "damage": {
                    "taken": {
                        "min": 100.0
                    }
                }
            }
        },
        "dmg0_9": {
            "trigger": "minecraft:entity_hurt_player",
            "conditions": {
                "damage": {
                    "taken": {
                        "min": 0.0,
                        "max": 9.99
                    }
                }
            }
        },
        "dmg10_19": {
            "trigger": "minecraft:entity_hurt_player",
            "conditions": {
                "damage": {
                    "taken": {
                        "min": 10.0,
                        "max": 19.99
                    }
                }
            }
        },
        "dmg20_29": {
            "trigger": "minecraft:entity_hurt_player",
            "conditions": {
                "damage": {
                    "taken": {
                        "min": 20.0,
                        "max": 29.99
                    }
                }
            }
        },
        "dmg30_39": {
            "trigger": "minecraft:entity_hurt_player",
            "conditions": {
                "damage": {
                    "taken": {
                        "min": 30.0,
                        "max": 39.99
                    }
                }
            }
        },
        "dmg40_49": {
            "trigger": "minecraft:entity_hurt_player",
            "conditions": {
                "damage": {
                    "taken": {
                        "min": 40.0,
                        "max": 49.99
                    }
                }
            }
        },
        "dmg50_59": {
            "trigger": "minecraft:entity_hurt_player",
            "conditions": {
                "damage": {
                    "taken": {
                        "min": 50.0,
                        "max": 59.99
                    }
                }
            }
        },
        "dmg60_69": {
            "trigger": "minecraft:entity_hurt_player",
            "conditions": {
                "damage": {
                    "taken": {
                        "min": 60.0,
                        "max": 69.99
                    }
                }
            }
        },
        "dmg70_79": {
            "trigger": "minecraft:entity_hurt_player",
            "conditions": {
                "damage": {
                    "taken": {
                        "min": 70.0,
                        "max": 79.99
                    }
                }
            }
        },
        "dmg80_89": {
            "trigger": "minecraft:entity_hurt_player",
            "conditions": {
                "damage": {
                    "taken": {
                        "min": 80.0,
                        "max": 89.99
                    }
                }
            }
        },
        "dmg90_99": {
            "trigger": "minecraft:entity_hurt_player",
            "conditions": {
                "damage": {
                    "taken": {
                        "min": 90.0,
                        "max": 99.99
                    }
                }
            }
        }
    },
    "requirements": [
        [
            "target",
            "not_target"
        ],
        [
            "blocked",
            "not_blocked"
        ],
        [
            "indirect_dmg",
            "direct_dmg",
            "direct_dmg_2",
            "direct_dmg_3",
            "apply_dmg"
        ],
        [
            "bit0",
            "nbit0"
        ],
        [
            "bit1",
            "nbit1"
        ],
        [
            "bit2",
            "nbit2"
        ],
        [
            "bit3",
            "nbit3"
        ],
        [
            "bit4",
            "nbit4"
        ],
        [
            "bit5",
            "nbit5"
        ],
        [
            "bit6",
            "nbit6"
        ],
        [
            "bit7",
            "nbit7"
        ],
        [
            "bit8",
            "nbit8"
        ],
        [
            "bit9",
            "nbit9"
        ],
        [
            "bit10",
            "nbit10"
        ],
        [
            "bit11",
            "nbit11"
        ],
        [
            "bit12",
            "nbit12"
        ],
        [
            "bit13",
            "nbit13"
        ],
        [
            "bit14",
            "nbit14"
        ],
        [
            "bit15",
            "nbit15"
        ],
        [
            "bit16",
            "nbit16"
        ],
        [
            "bit17",
            "nbit17"
        ],
        [
            "bit18",
            "nbit18"
        ],
        [
            "bit19",
            "nbit19"
        ],
        [
            "bit20",
            "nbit20"
        ],
        [
            "bit21",
            "nbit21"
        ],
        [
            "bit22",
            "nbit22"
        ],
        [
            "bit23",
            "nbit23"
        ],
        [
            "bit24",
            "nbit24"
        ],
        [
            "bit25",
            "nbit25"
        ],
        [
            "bit26",
            "nbit26"
        ],
        [
            "bit27",
            "nbit27"
        ],
        [
            "bit28",
            "nbit28"
        ],
        [
            "bit29",
            "nbit29"
        ],
        [
            "bit30",
            "nbit30"
        ],
        [
            "bit31",
            "nbit31"
        ],
        [
            "target",
            "not_target",
            "dmg0",
            "dmg1",
            "dmg2",
            "dmg3",
            "dmg4",
            "dmg5",
            "dmg6",
            "dmg7",
            "dmg8",
            "dmg9",
            "dmg10",
            "dmg11",
            "dmg12",
            "dmg13",
            "dmg14",
            "dmg15",
            "dmg16",
            "dmg17",
            "dmg18",
            "dmg19",
            "dmg20",
            "dmg21",
            "dmg22",
            "dmg23",
            "dmg24",
            "dmg25",
            "dmg26",
            "dmg27",
            "dmg28",
            "dmg29",
            "dmg30",
            "dmg31",
            "dmg32",
            "dmg33",
            "dmg34",
            "dmg35",
            "dmg36",
            "dmg37",
            "dmg38",
            "dmg39",
            "dmg40",
            "dmg41",
            "dmg42",
            "dmg43",
            "dmg44",
            "dmg45",
            "dmg46",
            "dmg47",
            "dmg48",
            "dmg49",
            "dmg50",
            "dmg51",
            "dmg52",
            "dmg53",
            "dmg54",
            "dmg55",
            "dmg56",
            "dmg57",
            "dmg58",
            "dmg59",
            "dmg60",
            "dmg61",
            "dmg62",
            "dmg63",
            "dmg64",
            "dmg65",
            "dmg66",
            "dmg67",
            "dmg68",
            "dmg69",
            "dmg70",
            "dmg71",
            "dmg72",
            "dmg73",
            "dmg74",
            "dmg75",
            "dmg76",
            "dmg77",
            "dmg78",
            "dmg79",
            "dmg80",
            "dmg81",
            "dmg82",
            "dmg83",
            "dmg84",
            "dmg85",
            "dmg86",
            "dmg87",
            "dmg88",
            "dmg89",
            "dmg90",
            "dmg91",
            "dmg92",
            "dmg93",
            "dmg94",
            "dmg95",
            "dmg96",
            "dmg97",
            "dmg98",
            "dmg99",
            "dmg100"
        ],
        [
            "target",
            "not_target",
            "dmg0_9",
            "dmg10_19",
            "dmg20_29",
            "dmg30_39",
            "dmg40_49",
            "dmg50_59",
            "dmg60_69",
            "dmg70_79",
            "dmg80_89",
            "dmg90_99",
            "dmg100"
        ]
    ],
    "rewards": {
        "function": "xylo_hit_detection:entity_hurt_player/reward"
    }
}