{
  "criteria": {
    "not_target": {
      "trigger": "minecraft:player_hurt_entity",
      "conditions": {
        "entity": {
          "type": "#xylo:non_mob"
        }
      }
    },
    "target": {
      "trigger": "minecraft:player_hurt_entity",
      "conditions": {
        "entity": [
          {
            "condition": "minecraft:inverted",
            "term": {
              "condition": "minecraft:entity_properties",
              "entity": "this",
              "predicate": {
                "type": "#xylo:non_mob"
              }
            }
          }
        ]
      }
    },
    "blocked": {
      "trigger": "minecraft:player_hurt_entity",
      "conditions": {
        "damage": {
          "blocked": true
        }
      }
    },
    "not_blocked": {
      "trigger": "minecraft:player_hurt_entity",
      "conditions": {
        "damage": {
          "blocked": false
        }
      }
    },
    "indirect_dmg": {
      "trigger": "minecraft:player_hurt_entity",
      "conditions": {
        "damage": {
          "type": {
            "direct_entity": {
              "type": "#xylo:non_mob"
            }
          }
        }
      }
    },
    "direct_dmg": {
      "trigger": "minecraft:player_hurt_entity",
      "conditions": {
        "damage": {
          "type": {
            "direct_entity": {
              "nbt": "{Attributes:[{}]}"
            }
          }
        }
      }
    },
    "direct_dmg_2": {
      "trigger": "minecraft:player_hurt_entity",
      "conditions": {
        "damage": {
          "type": {
            "direct_entity": {
              "type": "minecraft:arrow",
              "nbt": "{Tags:[\"xtl_dual_wield\"]}"
            }
          }
        }
      }
    },
    "direct_dmg_3": {
      "trigger": "minecraft:player_hurt_entity",
      "conditions": {
        "damage": {
          "type": {
            "direct_entity": {
              "type": "minecraft:area_effect_cloud",
              "nbt": "{Tags:[\"x_apply_dmg_dir\"]}"
            }
          }
        }
      }
    },
    "apply_dmg": {
      "trigger": "minecraft:player_hurt_entity",
      "conditions": {
        "damage": {
          "type": {
            "direct_entity": {
              "type": "minecraft:area_effect_cloud",
              "nbt": "{Tags:[\"x_apply_dmg\"]}"
            }
          }
        }
      }
    },
    "bit0": {
      "trigger": "minecraft:player_hurt_entity",
      "conditions": {
        "entity": [
          {
            "condition": "minecraft:entity_scores",
            "entity": "this",
            "scores": {
              "xhd_entityid.0": 1
            }
          }
        ]
      }
    },
    "bit1": {
      "trigger": "minecraft:player_hurt_entity",
      "conditions": {
        "entity": [
          {
            "condition": "minecraft:entity_scores",
            "entity": "this",
            "scores": {
              "xhd_entityid.1": 1
            }
          }
        ]
      }
    },
    "bit2": {
      "trigger": "minecraft:player_hurt_entity",
      "conditions": {
        "entity": [
          {
            "condition": "minecraft:entity_scores",
            "entity": "this",
            "scores": {
              "xhd_entityid.2": 1
            }
          }
        ]
      }
    },
    "bit3": {
      "trigger": "minecraft:player_hurt_entity",
      "conditions": {
        "entity": [
          {
            "condition": "minecraft:entity_scores",
            "entity": "this",
            "scores": {
              "xhd_entityid.3": 1
            }
          }
        ]
      }
    },
    "bit4": {
      "trigger": "minecraft:player_hurt_entity",
      "conditions": {
        "entity": [
          {
            "condition": "minecraft:entity_scores",
            "entity": "this",
            "scores": {
              "xhd_entityid.4": 1
            }
          }
        ]
      }
    },
    "bit5": {
      "trigger": "minecraft:player_hurt_entity",
      "conditions": {
        "entity": [
          {
            "condition": "minecraft:entity_scores",
            "entity": "this",
            "scores": {
              "xhd_entityid.5": 1
            }
          }
        ]
      }
    },
    "bit6": {
      "trigger": "minecraft:player_hurt_entity",
      "conditions": {
        "entity": [
          {
            "condition": "minecraft:entity_scores",
            "entity": "this",
            "scores": {
              "xhd_entityid.6": 1
            }
          }
        ]
      }
    },
    "bit7": {
      "trigger": "minecraft:player_hurt_entity",
      "conditions": {
        "entity": [
          {
            "condition": "minecraft:entity_scores",
            "entity": "this",
            "scores": {
              "xhd_entityid.7": 1
            }
          }
        ]
      }
    },
    "bit8": {
      "trigger": "minecraft:player_hurt_entity",
      "conditions": {
        "entity": [
          {
            "condition": "minecraft:entity_scores",
            "entity": "this",
            "scores": {
              "xhd_entityid.8": 1
            }
          }
        ]
      }
    },
    "bit9": {
      "trigger": "minecraft:player_hurt_entity",
      "conditions": {
        "entity": [
          {
            "condition": "minecraft:entity_scores",
            "entity": "this",
            "scores": {
              "xhd_entityid.9": 1
            }
          }
        ]
      }
    },
    "bit10": {
      "trigger": "minecraft:player_hurt_entity",
      "conditions": {
        "entity": [
          {
            "condition": "minecraft:entity_scores",
            "entity": "this",
            "scores": {
              "xhd_entityid.10": 1
            }
          }
        ]
      }
    },
    "bit11": {
      "trigger": "minecraft:player_hurt_entity",
      "conditions": {
        "entity": [
          {
            "condition": "minecraft:entity_scores",
            "entity": "this",
            "scores": {
              "xhd_entityid.11": 1
            }
          }
        ]
      }
    },
    "bit12": {
      "trigger": "minecraft:player_hurt_entity",
      "conditions": {
        "entity": [
          {
            "condition": "minecraft:entity_scores",
            "entity": "this",
            "scores": {
              "xhd_entityid.12": 1
            }
          }
        ]
      }
    },
    "bit13": {
      "trigger": "minecraft:player_hurt_entity",
      "conditions": {
        "entity": [
          {
            "condition": "minecraft:entity_scores",
            "entity": "this",
            "scores": {
              "xhd_entityid.13": 1
            }
          }
        ]
      }
    },
    "bit14": {
      "trigger": "minecraft:player_hurt_entity",
      "conditions": {
        "entity": [
          {
            "condition": "minecraft:entity_scores",
            "entity": "this",
            "scores": {
              "xhd_entityid.14": 1
            }
          }
        ]
      }
    },
    "bit15": {
      "trigger": "minecraft:player_hurt_entity",
      "conditions": {
        "entity": [
          {
            "condition": "minecraft:entity_scores",
            "entity": "this",
            "scores": {
              "xhd_entityid.15": 1
            }
          }
        ]
      }
    },
    "bit16": {
      "trigger": "minecraft:player_hurt_entity",
      "conditions": {
        "entity": [
          {
            "condition": "minecraft:entity_scores",
            "entity": "this",
            "scores": {
              "xhd_entityid.16": 1
            }
          }
        ]
      }
    },
    "bit17": {
      "trigger": "minecraft:player_hurt_entity",
      "conditions": {
        "entity": [
          {
            "condition": "minecraft:entity_scores",
            "entity": "this",
            "scores": {
              "xhd_entityid.17": 1
            }
          }
        ]
      }
    },
    "bit18": {
      "trigger": "minecraft:player_hurt_entity",
      "conditions": {
        "entity": [
          {
            "condition": "minecraft:entity_scores",
            "entity": "this",
            "scores": {
              "xhd_entityid.18": 1
            }
          }
        ]
      }
    },
    "bit19": {
      "trigger": "minecraft:player_hurt_entity",
      "conditions": {
        "entity": [
          {
            "condition": "minecraft:entity_scores",
            "entity": "this",
            "scores": {
              "xhd_entityid.19": 1
            }
          }
        ]
      }
    },
    "bit20": {
      "trigger": "minecraft:player_hurt_entity",
      "conditions": {
        "entity": [
          {
            "condition": "minecraft:entity_scores",
            "entity": "this",
            "scores": {
              "xhd_entityid.20": 1
            }
          }
        ]
      }
    },
    "bit21": {
      "trigger": "minecraft:player_hurt_entity",
      "conditions": {
        "entity": [
          {
            "condition": "minecraft:entity_scores",
            "entity": "this",
            "scores": {
              "xhd_entityid.21": 1
            }
          }
        ]
      }
    },
    "bit22": {
      "trigger": "minecraft:player_hurt_entity",
      "conditions": {
        "entity": [
          {
            "condition": "minecraft:entity_scores",
            "entity": "this",
            "scores": {
              "xhd_entityid.22": 1
            }
          }
        ]
      }
    },
    "bit23": {
      "trigger": "minecraft:player_hurt_entity",
      "conditions": {
        "entity": [
          {
            "condition": "minecraft:entity_scores",
            "entity": "this",
            "scores": {
              "xhd_entityid.23": 1
            }
          }
        ]
      }
    },
    "bit24": {
      "trigger": "minecraft:player_hurt_entity",
      "conditions": {
        "entity": [
          {
            "condition": "minecraft:entity_scores",
            "entity": "this",
            "scores": {
              "xhd_entityid.24": 1
            }
          }
        ]
      }
    },
    "bit25": {
      "trigger": "minecraft:player_hurt_entity",
      "conditions": {
        "entity": [
          {
            "condition": "minecraft:entity_scores",
            "entity": "this",
            "scores": {
              "xhd_entityid.25": 1
            }
          }
        ]
      }
    },
    "bit26": {
      "trigger": "minecraft:player_hurt_entity",
      "conditions": {
        "entity": [
          {
            "condition": "minecraft:entity_scores",
            "entity": "this",
            "scores": {
              "xhd_entityid.26": 1
            }
          }
        ]
      }
    },
    "bit27": {
      "trigger": "minecraft:player_hurt_entity",
      "conditions": {
        "entity": [
          {
            "condition": "minecraft:entity_scores",
            "entity": "this",
            "scores": {
              "xhd_entityid.27": 1
            }
          }
        ]
      }
    },
    "bit28": {
      "trigger": "minecraft:player_hurt_entity",
      "conditions": {
        "entity": [
          {
            "condition": "minecraft:entity_scores",
            "entity": "this",
            "scores": {
              "xhd_entityid.28": 1
            }
          }
        ]
      }
    },
    "bit29": {
      "trigger": "minecraft:player_hurt_entity",
      "conditions": {
        "entity": [
          {
            "condition": "minecraft:entity_scores",
            "entity": "this",
            "scores": {
              "xhd_entityid.29": 1
            }
          }
        ]
      }
    },
    "bit30": {
      "trigger": "minecraft:player_hurt_entity",
      "conditions": {
        "entity": [
          {
            "condition": "minecraft:entity_scores",
            "entity": "this",
            "scores": {
              "xhd_entityid.30": 1
            }
          }
        ]
      }
    },
    "bit31": {
      "trigger": "minecraft:player_hurt_entity",
      "conditions": {
        "entity": [
          {
            "condition": "minecraft:entity_scores",
            "entity": "this",
            "scores": {
              "xhd_entityid.31": 1
            }
          }
        ]
      }
    },
    "!bit0": {
      "trigger": "minecraft:player_hurt_entity",
      "conditions": {
        "entity": [
          {
            "condition": "minecraft:entity_scores",
            "entity": "this",
            "scores": {
              "xhd_entityid.0": 0
            }
          }
        ]
      }
    },
    "!bit1": {
      "trigger": "minecraft:player_hurt_entity",
      "conditions": {
        "entity": [
          {
            "condition": "minecraft:entity_scores",
            "entity": "this",
            "scores": {
              "xhd_entityid.1": 0
            }
          }
        ]
      }
    },
    "!bit2": {
      "trigger": "minecraft:player_hurt_entity",
      "conditions": {
        "entity": [
          {
            "condition": "minecraft:entity_scores",
            "entity": "this",
            "scores": {
              "xhd_entityid.2": 0
            }
          }
        ]
      }
    },
    "!bit3": {
      "trigger": "minecraft:player_hurt_entity",
      "conditions": {
        "entity": [
          {
            "condition": "minecraft:entity_scores",
            "entity": "this",
            "scores": {
              "xhd_entityid.3": 0
            }
          }
        ]
      }
    },
    "!bit4": {
      "trigger": "minecraft:player_hurt_entity",
      "conditions": {
        "entity": [
          {
            "condition": "minecraft:entity_scores",
            "entity": "this",
            "scores": {
              "xhd_entityid.4": 0
            }
          }
        ]
      }
    },
    "!bit5": {
      "trigger": "minecraft:player_hurt_entity",
      "conditions": {
        "entity": [
          {
            "condition": "minecraft:entity_scores",
            "entity": "this",
            "scores": {
              "xhd_entityid.5": 0
            }
          }
        ]
      }
    },
    "!bit6": {
      "trigger": "minecraft:player_hurt_entity",
      "conditions": {
        "entity": [
          {
            "condition": "minecraft:entity_scores",
            "entity": "this",
            "scores": {
              "xhd_entityid.6": 0
            }
          }
        ]
      }
    },
    "!bit7": {
      "trigger": "minecraft:player_hurt_entity",
      "conditions": {
        "entity": [
          {
            "condition": "minecraft:entity_scores",
            "entity": "this",
            "scores": {
              "xhd_entityid.7": 0
            }
          }
        ]
      }
    },
    "!bit8": {
      "trigger": "minecraft:player_hurt_entity",
      "conditions": {
        "entity": [
          {
            "condition": "minecraft:entity_scores",
            "entity": "this",
            "scores": {
              "xhd_entityid.8": 0
            }
          }
        ]
      }
    },
    "!bit9": {
      "trigger": "minecraft:player_hurt_entity",
      "conditions": {
        "entity": [
          {
            "condition": "minecraft:entity_scores",
            "entity": "this",
            "scores": {
              "xhd_entityid.9": 0
            }
          }
        ]
      }
    },
    "!bit10": {
      "trigger": "minecraft:player_hurt_entity",
      "conditions": {
        "entity": [
          {
            "condition": "minecraft:entity_scores",
            "entity": "this",
            "scores": {
              "xhd_entityid.10": 0
            }
          }
        ]
      }
    },
    "!bit11": {
      "trigger": "minecraft:player_hurt_entity",
      "conditions": {
        "entity": [
          {
            "condition": "minecraft:entity_scores",
            "entity": "this",
            "scores": {
              "xhd_entityid.11": 0
            }
          }
        ]
      }
    },
    "!bit12": {
      "trigger": "minecraft:player_hurt_entity",
      "conditions": {
        "entity": [
          {
            "condition": "minecraft:entity_scores",
            "entity": "this",
            "scores": {
              "xhd_entityid.12": 0
            }
          }
        ]
      }
    },
    "!bit13": {
      "trigger": "minecraft:player_hurt_entity",
      "conditions": {
        "entity": [
          {
            "condition": "minecraft:entity_scores",
            "entity": "this",
            "scores": {
              "xhd_entityid.13": 0
            }
          }
        ]
      }
    },
    "!bit14": {
      "trigger": "minecraft:player_hurt_entity",
      "conditions": {
        "entity": [
          {
            "condition": "minecraft:entity_scores",
            "entity": "this",
            "scores": {
              "xhd_entityid.14": 0
            }
          }
        ]
      }
    },
    "!bit15": {
      "trigger": "minecraft:player_hurt_entity",
      "conditions": {
        "entity": [
          {
            "condition": "minecraft:entity_scores",
            "entity": "this",
            "scores": {
              "xhd_entityid.15": 0
            }
          }
        ]
      }
    },
    "!bit16": {
      "trigger": "minecraft:player_hurt_entity",
      "conditions": {
        "entity": [
          {
            "condition": "minecraft:entity_scores",
            "entity": "this",
            "scores": {
              "xhd_entityid.16": 0
            }
          }
        ]
      }
    },
    "!bit17": {
      "trigger": "minecraft:player_hurt_entity",
      "conditions": {
        "entity": [
          {
            "condition": "minecraft:entity_scores",
            "entity": "this",
            "scores": {
              "xhd_entityid.17": 0
            }
          }
        ]
      }
    },
    "!bit18": {
      "trigger": "minecraft:player_hurt_entity",
      "conditions": {
        "entity": [
          {
            "condition": "minecraft:entity_scores",
            "entity": "this",
            "scores": {
              "xhd_entityid.18": 0
            }
          }
        ]
      }
    },
    "!bit19": {
      "trigger": "minecraft:player_hurt_entity",
      "conditions": {
        "entity": [
          {
            "condition": "minecraft:entity_scores",
            "entity": "this",
            "scores": {
              "xhd_entityid.19": 0
            }
          }
        ]
      }
    },
    "!bit20": {
      "trigger": "minecraft:player_hurt_entity",
      "conditions": {
        "entity": [
          {
            "condition": "minecraft:entity_scores",
            "entity": "this",
            "scores": {
              "xhd_entityid.20": 0
            }
          }
        ]
      }
    },
    "!bit21": {
      "trigger": "minecraft:player_hurt_entity",
      "conditions": {
        "entity": [
          {
            "condition": "minecraft:entity_scores",
            "entity": "this",
            "scores": {
              "xhd_entityid.21": 0
            }
          }
        ]
      }
    },
    "!bit22": {
      "trigger": "minecraft:player_hurt_entity",
      "conditions": {
        "entity": [
          {
            "condition": "minecraft:entity_scores",
            "entity": "this",
            "scores": {
              "xhd_entityid.22": 0
            }
          }
        ]
      }
    },
    "!bit23": {
      "trigger": "minecraft:player_hurt_entity",
      "conditions": {
        "entity": [
          {
            "condition": "minecraft:entity_scores",
            "entity": "this",
            "scores": {
              "xhd_entityid.23": 0
            }
          }
        ]
      }
    },
    "!bit24": {
      "trigger": "minecraft:player_hurt_entity",
      "conditions": {
        "entity": [
          {
            "condition": "minecraft:entity_scores",
            "entity": "this",
            "scores": {
              "xhd_entityid.24": 0
            }
          }
        ]
      }
    },
    "!bit25": {
      "trigger": "minecraft:player_hurt_entity",
      "conditions": {
        "entity": [
          {
            "condition": "minecraft:entity_scores",
            "entity": "this",
            "scores": {
              "xhd_entityid.25": 0
            }
          }
        ]
      }
    },
    "!bit26": {
      "trigger": "minecraft:player_hurt_entity",
      "conditions": {
        "entity": [
          {
            "condition": "minecraft:entity_scores",
            "entity": "this",
            "scores": {
              "xhd_entityid.26": 0
            }
          }
        ]
      }
    },
    "!bit27": {
      "trigger": "minecraft:player_hurt_entity",
      "conditions": {
        "entity": [
          {
            "condition": "minecraft:entity_scores",
            "entity": "this",
            "scores": {
              "xhd_entityid.27": 0
            }
          }
        ]
      }
    },
    "!bit28": {
      "trigger": "minecraft:player_hurt_entity",
      "conditions": {
        "entity": [
          {
            "condition": "minecraft:entity_scores",
            "entity": "this",
            "scores": {
              "xhd_entityid.28": 0
            }
          }
        ]
      }
    },
    "!bit29": {
      "trigger": "minecraft:player_hurt_entity",
      "conditions": {
        "entity": [
          {
            "condition": "minecraft:entity_scores",
            "entity": "this",
            "scores": {
              "xhd_entityid.29": 0
            }
          }
        ]
      }
    },
    "!bit30": {
      "trigger": "minecraft:player_hurt_entity",
      "conditions": {
        "entity": [
          {
            "condition": "minecraft:entity_scores",
            "entity": "this",
            "scores": {
              "xhd_entityid.30": 0
            }
          }
        ]
      }
    },
    "!bit31": {
      "trigger": "minecraft:player_hurt_entity",
      "conditions": {
        "entity": [
          {
            "condition": "minecraft:entity_scores",
            "entity": "this",
            "scores": {
              "xhd_entityid.31": 0
            }
          }
        ]
      }
    },
    "dmg0": {
      "trigger": "minecraft:player_hurt_entity",
      "conditions": {
        "damage": {
          "dealt": {
            "min": 0.0,
            "max": 0.99
          }
        }
      }
    },
    "dmg1": {
      "trigger": "minecraft:player_hurt_entity",
      "conditions": {
        "damage": {
          "dealt": {
            "min": 1.0,
            "max": 1.99
          }
        }
      }
    },
    "dmg2": {
      "trigger": "minecraft:player_hurt_entity",
      "conditions": {
        "damage": {
          "dealt": {
            "min": 2.0,
            "max": 2.99
          }
        }
      }
    },
    "dmg3": {
      "trigger": "minecraft:player_hurt_entity",
      "conditions": {
        "damage": {
          "dealt": {
            "min": 3.0,
            "max": 3.99
          }
        }
      }
    },
    "dmg4": {
      "trigger": "minecraft:player_hurt_entity",
      "conditions": {
        "damage": {
          "dealt": {
            "min": 4.0,
            "max": 4.99
          }
        }
      }
    },
    "dmg5": {
      "trigger": "minecraft:player_hurt_entity",
      "conditions": {
        "damage": {
          "dealt": {
            "min": 5.0,
            "max": 5.99
          }
        }
      }
    },
    "dmg6": {
      "trigger": "minecraft:player_hurt_entity",
      "conditions": {
        "damage": {
          "dealt": {
            "min": 6.0,
            "max": 6.99
          }
        }
      }
    },
    "dmg7": {
      "trigger": "minecraft:player_hurt_entity",
      "conditions": {
        "damage": {
          "dealt": {
            "min": 7.0,
            "max": 7.99
          }
        }
      }
    },
    "dmg8": {
      "trigger": "minecraft:player_hurt_entity",
      "conditions": {
        "damage": {
          "dealt": {
            "min": 8.0,
            "max": 8.99
          }
        }
      }
    },
    "dmg9": {
      "trigger": "minecraft:player_hurt_entity",
      "conditions": {
        "damage": {
          "dealt": {
            "min": 9.0,
            "max": 9.99
          }
        }
      }
    },
    "dmg10": {
      "trigger": "minecraft:player_hurt_entity",
      "conditions": {
        "damage": {
          "dealt": {
            "min": 10.0,
            "max": 10.99
          }
        }
      }
    },
    "dmg11": {
      "trigger": "minecraft:player_hurt_entity",
      "conditions": {
        "damage": {
          "dealt": {
            "min": 11.0,
            "max": 11.99
          }
        }
      }
    },
    "dmg12": {
      "trigger": "minecraft:player_hurt_entity",
      "conditions": {
        "damage": {
          "dealt": {
            "min": 12.0,
            "max": 12.99
          }
        }
      }
    },
    "dmg13": {
      "trigger": "minecraft:player_hurt_entity",
      "conditions": {
        "damage": {
          "dealt": {
            "min": 13.0,
            "max": 13.99
          }
        }
      }
    },
    "dmg14": {
      "trigger": "minecraft:player_hurt_entity",
      "conditions": {
        "damage": {
          "dealt": {
            "min": 14.0,
            "max": 14.99
          }
        }
      }
    },
    "dmg15": {
      "trigger": "minecraft:player_hurt_entity",
      "conditions": {
        "damage": {
          "dealt": {
            "min": 15.0,
            "max": 15.99
          }
        }
      }
    },
    "dmg16": {
      "trigger": "minecraft:player_hurt_entity",
      "conditions": {
        "damage": {
          "dealt": {
            "min": 16.0,
            "max": 16.99
          }
        }
      }
    },
    "dmg17": {
      "trigger": "minecraft:player_hurt_entity",
      "conditions": {
        "damage": {
          "dealt": {
            "min": 17.0,
            "max": 17.99
          }
        }
      }
    },
    "dmg18": {
      "trigger": "minecraft:player_hurt_entity",
      "conditions": {
        "damage": {
          "dealt": {
            "min": 18.0,
            "max": 18.99
          }
        }
      }
    },
    "dmg19": {
      "trigger": "minecraft:player_hurt_entity",
      "conditions": {
        "damage": {
          "dealt": {
            "min": 19.0,
            "max": 19.99
          }
        }
      }
    },
    "dmg20": {
      "trigger": "minecraft:player_hurt_entity",
      "conditions": {
        "damage": {
          "dealt": {
            "min": 20.0,
            "max": 20.99
          }
        }
      }
    },
    "dmg21": {
      "trigger": "minecraft:player_hurt_entity",
      "conditions": {
        "damage": {
          "dealt": {
            "min": 21.0,
            "max": 21.99
          }
        }
      }
    },
    "dmg22": {
      "trigger": "minecraft:player_hurt_entity",
      "conditions": {
        "damage": {
          "dealt": {
            "min": 22.0,
            "max": 22.99
          }
        }
      }
    },
    "dmg23": {
      "trigger": "minecraft:player_hurt_entity",
      "conditions": {
        "damage": {
          "dealt": {
            "min": 23.0,
            "max": 23.99
          }
        }
      }
    },
    "dmg24": {
      "trigger": "minecraft:player_hurt_entity",
      "conditions": {
        "damage": {
          "dealt": {
            "min": 24.0,
            "max": 24.99
          }
        }
      }
    },
    "dmg25": {
      "trigger": "minecraft:player_hurt_entity",
      "conditions": {
        "damage": {
          "dealt": {
            "min": 25.0,
            "max": 25.99
          }
        }
      }
    },
    "dmg26": {
      "trigger": "minecraft:player_hurt_entity",
      "conditions": {
        "damage": {
          "dealt": {
            "min": 26.0,
            "max": 26.99
          }
        }
      }
    },
    "dmg27": {
      "trigger": "minecraft:player_hurt_entity",
      "conditions": {
        "damage": {
          "dealt": {
            "min": 27.0,
            "max": 27.99
          }
        }
      }
    },
    "dmg28": {
      "trigger": "minecraft:player_hurt_entity",
      "conditions": {
        "damage": {
          "dealt": {
            "min": 28.0,
            "max": 28.99
          }
        }
      }
    },
    "dmg29": {
      "trigger": "minecraft:player_hurt_entity",
      "conditions": {
        "damage": {
          "dealt": {
            "min": 29.0,
            "max": 29.99
          }
        }
      }
    },
    "dmg30": {
      "trigger": "minecraft:player_hurt_entity",
      "conditions": {
        "damage": {
          "dealt": {
            "min": 30.0,
            "max": 30.99
          }
        }
      }
    },
    "dmg31": {
      "trigger": "minecraft:player_hurt_entity",
      "conditions": {
        "damage": {
          "dealt": {
            "min": 31.0,
            "max": 31.99
          }
        }
      }
    },
    "dmg32": {
      "trigger": "minecraft:player_hurt_entity",
      "conditions": {
        "damage": {
          "dealt": {
            "min": 32.0,
            "max": 32.99
          }
        }
      }
    },
    "dmg33": {
      "trigger": "minecraft:player_hurt_entity",
      "conditions": {
        "damage": {
          "dealt": {
            "min": 33.0,
            "max": 33.99
          }
        }
      }
    },
    "dmg34": {
      "trigger": "minecraft:player_hurt_entity",
      "conditions": {
        "damage": {
          "dealt": {
            "min": 34.0,
            "max": 34.99
          }
        }
      }
    },
    "dmg35": {
      "trigger": "minecraft:player_hurt_entity",
      "conditions": {
        "damage": {
          "dealt": {
            "min": 35.0,
            "max": 35.99
          }
        }
      }
    },
    "dmg36": {
      "trigger": "minecraft:player_hurt_entity",
      "conditions": {
        "damage": {
          "dealt": {
            "min": 36.0,
            "max": 36.99
          }
        }
      }
    },
    "dmg37": {
      "trigger": "minecraft:player_hurt_entity",
      "conditions": {
        "damage": {
          "dealt": {
            "min": 37.0,
            "max": 37.99
          }
        }
      }
    },
    "dmg38": {
      "trigger": "minecraft:player_hurt_entity",
      "conditions": {
        "damage": {
          "dealt": {
            "min": 38.0,
            "max": 38.99
          }
        }
      }
    },
    "dmg39": {
      "trigger": "minecraft:player_hurt_entity",
      "conditions": {
        "damage": {
          "dealt": {
            "min": 39.0,
            "max": 39.99
          }
        }
      }
    },
    "dmg40": {
      "trigger": "minecraft:player_hurt_entity",
      "conditions": {
        "damage": {
          "dealt": {
            "min": 40.0,
            "max": 40.99
          }
        }
      }
    },
    "dmg41": {
      "trigger": "minecraft:player_hurt_entity",
      "conditions": {
        "damage": {
          "dealt": {
            "min": 41.0,
            "max": 41.99
          }
        }
      }
    },
    "dmg42": {
      "trigger": "minecraft:player_hurt_entity",
      "conditions": {
        "damage": {
          "dealt": {
            "min": 42.0,
            "max": 42.99
          }
        }
      }
    },
    "dmg43": {
      "trigger": "minecraft:player_hurt_entity",
      "conditions": {
        "damage": {
          "dealt": {
            "min": 43.0,
            "max": 43.99
          }
        }
      }
    },
    "dmg44": {
      "trigger": "minecraft:player_hurt_entity",
      "conditions": {
        "damage": {
          "dealt": {
            "min": 44.0,
            "max": 44.99
          }
        }
      }
    },
    "dmg45": {
      "trigger": "minecraft:player_hurt_entity",
      "conditions": {
        "damage": {
          "dealt": {
            "min": 45.0,
            "max": 45.99
          }
        }
      }
    },
    "dmg46": {
      "trigger": "minecraft:player_hurt_entity",
      "conditions": {
        "damage": {
          "dealt": {
            "min": 46.0,
            "max": 46.99
          }
        }
      }
    },
    "dmg47": {
      "trigger": "minecraft:player_hurt_entity",
      "conditions": {
        "damage": {
          "dealt": {
            "min": 47.0,
            "max": 47.99
          }
        }
      }
    },
    "dmg48": {
      "trigger": "minecraft:player_hurt_entity",
      "conditions": {
        "damage": {
          "dealt": {
            "min": 48.0,
            "max": 48.99
          }
        }
      }
    },
    "dmg49": {
      "trigger": "minecraft:player_hurt_entity",
      "conditions": {
        "damage": {
          "dealt": {
            "min": 49.0,
            "max": 49.99
          }
        }
      }
    },
    "dmg50": {
      "trigger": "minecraft:player_hurt_entity",
      "conditions": {
        "damage": {
          "dealt": {
            "min": 50.0,
            "max": 50.99
          }
        }
      }
    },
    "dmg51": {
      "trigger": "minecraft:player_hurt_entity",
      "conditions": {
        "damage": {
          "dealt": {
            "min": 51.0,
            "max": 51.99
          }
        }
      }
    },
    "dmg52": {
      "trigger": "minecraft:player_hurt_entity",
      "conditions": {
        "damage": {
          "dealt": {
            "min": 52.0,
            "max": 52.99
          }
        }
      }
    },
    "dmg53": {
      "trigger": "minecraft:player_hurt_entity",
      "conditions": {
        "damage": {
          "dealt": {
            "min": 53.0,
            "max": 53.99
          }
        }
      }
    },
    "dmg54": {
      "trigger": "minecraft:player_hurt_entity",
      "conditions": {
        "damage": {
          "dealt": {
            "min": 54.0,
            "max": 54.99
          }
        }
      }
    },
    "dmg55": {
      "trigger": "minecraft:player_hurt_entity",
      "conditions": {
        "damage": {
          "dealt": {
            "min": 55.0,
            "max": 55.99
          }
        }
      }
    },
    "dmg56": {
      "trigger": "minecraft:player_hurt_entity",
      "conditions": {
        "damage": {
          "dealt": {
            "min": 56.0,
            "max": 56.99
          }
        }
      }
    },
    "dmg57": {
      "trigger": "minecraft:player_hurt_entity",
      "conditions": {
        "damage": {
          "dealt": {
            "min": 57.0,
            "max": 57.99
          }
        }
      }
    },
    "dmg58": {
      "trigger": "minecraft:player_hurt_entity",
      "conditions": {
        "damage": {
          "dealt": {
            "min": 58.0,
            "max": 58.99
          }
        }
      }
    },
    "dmg59": {
      "trigger": "minecraft:player_hurt_entity",
      "conditions": {
        "damage": {
          "dealt": {
            "min": 59.0,
            "max": 59.99
          }
        }
      }
    },
    "dmg60": {
      "trigger": "minecraft:player_hurt_entity",
      "conditions": {
        "damage": {
          "dealt": {
            "min": 60.0,
            "max": 60.99
          }
        }
      }
    },
    "dmg61": {
      "trigger": "minecraft:player_hurt_entity",
      "conditions": {
        "damage": {
          "dealt": {
            "min": 61.0,
            "max": 61.99
          }
        }
      }
    },
    "dmg62": {
      "trigger": "minecraft:player_hurt_entity",
      "conditions": {
        "damage": {
          "dealt": {
            "min": 62.0,
            "max": 62.99
          }
        }
      }
    },
    "dmg63": {
      "trigger": "minecraft:player_hurt_entity",
      "conditions": {
        "damage": {
          "dealt": {
            "min": 63.0,
            "max": 63.99
          }
        }
      }
    },
    "dmg64": {
      "trigger": "minecraft:player_hurt_entity",
      "conditions": {
        "damage": {
          "dealt": {
            "min": 64.0,
            "max": 64.99
          }
        }
      }
    },
    "dmg65": {
      "trigger": "minecraft:player_hurt_entity",
      "conditions": {
        "damage": {
          "dealt": {
            "min": 65.0,
            "max": 65.99
          }
        }
      }
    },
    "dmg66": {
      "trigger": "minecraft:player_hurt_entity",
      "conditions": {
        "damage": {
          "dealt": {
            "min": 66.0,
            "max": 66.99
          }
        }
      }
    },
    "dmg67": {
      "trigger": "minecraft:player_hurt_entity",
      "conditions": {
        "damage": {
          "dealt": {
            "min": 67.0,
            "max": 67.99
          }
        }
      }
    },
    "dmg68": {
      "trigger": "minecraft:player_hurt_entity",
      "conditions": {
        "damage": {
          "dealt": {
            "min": 68.0,
            "max": 68.99
          }
        }
      }
    },
    "dmg69": {
      "trigger": "minecraft:player_hurt_entity",
      "conditions": {
        "damage": {
          "dealt": {
            "min": 69.0,
            "max": 69.99
          }
        }
      }
    },
    "dmg70": {
      "trigger": "minecraft:player_hurt_entity",
      "conditions": {
        "damage": {
          "dealt": {
            "min": 70.0,
            "max": 70.99
          }
        }
      }
    },
    "dmg71": {
      "trigger": "minecraft:player_hurt_entity",
      "conditions": {
        "damage": {
          "dealt": {
            "min": 71.0,
            "max": 71.99
          }
        }
      }
    },
    "dmg72": {
      "trigger": "minecraft:player_hurt_entity",
      "conditions": {
        "damage": {
          "dealt": {
            "min": 72.0,
            "max": 72.99
          }
        }
      }
    },
    "dmg73": {
      "trigger": "minecraft:player_hurt_entity",
      "conditions": {
        "damage": {
          "dealt": {
            "min": 73.0,
            "max": 73.99
          }
        }
      }
    },
    "dmg74": {
      "trigger": "minecraft:player_hurt_entity",
      "conditions": {
        "damage": {
          "dealt": {
            "min": 74.0,
            "max": 74.99
          }
        }
      }
    },
    "dmg75": {
      "trigger": "minecraft:player_hurt_entity",
      "conditions": {
        "damage": {
          "dealt": {
            "min": 75.0,
            "max": 75.99
          }
        }
      }
    },
    "dmg76": {
      "trigger": "minecraft:player_hurt_entity",
      "conditions": {
        "damage": {
          "dealt": {
            "min": 76.0,
            "max": 76.99
          }
        }
      }
    },
    "dmg77": {
      "trigger": "minecraft:player_hurt_entity",
      "conditions": {
        "damage": {
          "dealt": {
            "min": 77.0,
            "max": 77.99
          }
        }
      }
    },
    "dmg78": {
      "trigger": "minecraft:player_hurt_entity",
      "conditions": {
        "damage": {
          "dealt": {
            "min": 78.0,
            "max": 78.99
          }
        }
      }
    },
    "dmg79": {
      "trigger": "minecraft:player_hurt_entity",
      "conditions": {
        "damage": {
          "dealt": {
            "min": 79.0,
            "max": 79.99
          }
        }
      }
    },
    "dmg80": {
      "trigger": "minecraft:player_hurt_entity",
      "conditions": {
        "damage": {
          "dealt": {
            "min": 80.0,
            "max": 80.99
          }
        }
      }
    },
    "dmg81": {
      "trigger": "minecraft:player_hurt_entity",
      "conditions": {
        "damage": {
          "dealt": {
            "min": 81.0,
            "max": 81.99
          }
        }
      }
    },
    "dmg82": {
      "trigger": "minecraft:player_hurt_entity",
      "conditions": {
        "damage": {
          "dealt": {
            "min": 82.0,
            "max": 82.99
          }
        }
      }
    },
    "dmg83": {
      "trigger": "minecraft:player_hurt_entity",
      "conditions": {
        "damage": {
          "dealt": {
            "min": 83.0,
            "max": 83.99
          }
        }
      }
    },
    "dmg84": {
      "trigger": "minecraft:player_hurt_entity",
      "conditions": {
        "damage": {
          "dealt": {
            "min": 84.0,
            "max": 84.99
          }
        }
      }
    },
    "dmg85": {
      "trigger": "minecraft:player_hurt_entity",
      "conditions": {
        "damage": {
          "dealt": {
            "min": 85.0,
            "max": 85.99
          }
        }
      }
    },
    "dmg86": {
      "trigger": "minecraft:player_hurt_entity",
      "conditions": {
        "damage": {
          "dealt": {
            "min": 86.0,
            "max": 86.99
          }
        }
      }
    },
    "dmg87": {
      "trigger": "minecraft:player_hurt_entity",
      "conditions": {
        "damage": {
          "dealt": {
            "min": 87.0,
            "max": 87.99
          }
        }
      }
    },
    "dmg88": {
      "trigger": "minecraft:player_hurt_entity",
      "conditions": {
        "damage": {
          "dealt": {
            "min": 88.0,
            "max": 88.99
          }
        }
      }
    },
    "dmg89": {
      "trigger": "minecraft:player_hurt_entity",
      "conditions": {
        "damage": {
          "dealt": {
            "min": 89.0,
            "max": 89.99
          }
        }
      }
    },
    "dmg90": {
      "trigger": "minecraft:player_hurt_entity",
      "conditions": {
        "damage": {
          "dealt": {
            "min": 90.0,
            "max": 90.99
          }
        }
      }
    },
    "dmg91": {
      "trigger": "minecraft:player_hurt_entity",
      "conditions": {
        "damage": {
          "dealt": {
            "min": 91.0,
            "max": 91.99
          }
        }
      }
    },
    "dmg92": {
      "trigger": "minecraft:player_hurt_entity",
      "conditions": {
        "damage": {
          "dealt": {
            "min": 92.0,
            "max": 92.99
          }
        }
      }
    },
    "dmg93": {
      "trigger": "minecraft:player_hurt_entity",
      "conditions": {
        "damage": {
          "dealt": {
            "min": 93.0,
            "max": 93.99
          }
        }
      }
    },
    "dmg94": {
      "trigger": "minecraft:player_hurt_entity",
      "conditions": {
        "damage": {
          "dealt": {
            "min": 94.0,
            "max": 94.99
          }
        }
      }
    },
    "dmg95": {
      "trigger": "minecraft:player_hurt_entity",
      "conditions": {
        "damage": {
          "dealt": {
            "min": 95.0,
            "max": 95.99
          }
        }
      }
    },
    "dmg96": {
      "trigger": "minecraft:player_hurt_entity",
      "conditions": {
        "damage": {
          "dealt": {
            "min": 96.0,
            "max": 96.99
          }
        }
      }
    },
    "dmg97": {
      "trigger": "minecraft:player_hurt_entity",
      "conditions": {
        "damage": {
          "dealt": {
            "min": 97.0,
            "max": 97.99
          }
        }
      }
    },
    "dmg98": {
      "trigger": "minecraft:player_hurt_entity",
      "conditions": {
        "damage": {
          "dealt": {
            "min": 98.0,
            "max": 98.99
          }
        }
      }
    },
    "dmg99": {
      "trigger": "minecraft:player_hurt_entity",
      "conditions": {
        "damage": {
          "dealt": {
            "min": 99.0,
            "max": 99.99
          }
        }
      }
    },
    "dmg100": {
      "trigger": "minecraft:player_hurt_entity",
      "conditions": {
        "damage": {
          "dealt": {
            "min": 100.0
          }
        }
      }
    },
    "dmg0_9": {
      "trigger": "minecraft:player_hurt_entity",
      "conditions": {
        "damage": {
          "dealt": {
            "min": 0.0,
            "max": 9.99
          }
        }
      }
    },
    "dmg10_19": {
      "trigger": "minecraft:player_hurt_entity",
      "conditions": {
        "damage": {
          "dealt": {
            "min": 10.0,
            "max": 19.99
          }
        }
      }
    },
    "dmg20_29": {
      "trigger": "minecraft:player_hurt_entity",
      "conditions": {
        "damage": {
          "dealt": {
            "min": 20.0,
            "max": 29.99
          }
        }
      }
    },
    "dmg30_39": {
      "trigger": "minecraft:player_hurt_entity",
      "conditions": {
        "damage": {
          "dealt": {
            "min": 30.0,
            "max": 39.99
          }
        }
      }
    },
    "dmg40_49": {
      "trigger": "minecraft:player_hurt_entity",
      "conditions": {
        "damage": {
          "dealt": {
            "min": 40.0,
            "max": 49.99
          }
        }
      }
    },
    "dmg50_59": {
      "trigger": "minecraft:player_hurt_entity",
      "conditions": {
        "damage": {
          "dealt": {
            "min": 50.0,
            "max": 59.99
          }
        }
      }
    },
    "dmg60_69": {
      "trigger": "minecraft:player_hurt_entity",
      "conditions": {
        "damage": {
          "dealt": {
            "min": 60.0,
            "max": 69.99
          }
        }
      }
    },
    "dmg70_79": {
      "trigger": "minecraft:player_hurt_entity",
      "conditions": {
        "damage": {
          "dealt": {
            "min": 70.0,
            "max": 79.99
          }
        }
      }
    },
    "dmg80_89": {
      "trigger": "minecraft:player_hurt_entity",
      "conditions": {
        "damage": {
          "dealt": {
            "min": 80.0,
            "max": 89.99
          }
        }
      }
    },
    "dmg90_99": {
      "trigger": "minecraft:player_hurt_entity",
      "conditions": {
        "damage": {
          "dealt": {
            "min": 90.0,
            "max": 99.99
          }
        }
      }
    }
  },
  "requirements": [
    [
      "target",
      "not_target"
    ],
    [
      "blocked",
      "not_blocked"
    ],
    [
      "indirect_dmg",
      "direct_dmg",
      "direct_dmg_2",
      "direct_dmg_3",
      "apply_dmg"
    ],
    [
      "bit0",
      "!bit0"
    ],
    [
      "bit1",
      "!bit1"
    ],
    [
      "bit2",
      "!bit2"
    ],
    [
      "bit3",
      "!bit3"
    ],
    [
      "bit4",
      "!bit4"
    ],
    [
      "bit5",
      "!bit5"
    ],
    [
      "bit6",
      "!bit6"
    ],
    [
      "bit7",
      "!bit7"
    ],
    [
      "bit8",
      "!bit8"
    ],
    [
      "bit9",
      "!bit9"
    ],
    [
      "bit10",
      "!bit10"
    ],
    [
      "bit11",
      "!bit11"
    ],
    [
      "bit12",
      "!bit12"
    ],
    [
      "bit13",
      "!bit13"
    ],
    [
      "bit14",
      "!bit14"
    ],
    [
      "bit15",
      "!bit15"
    ],
    [
      "bit16",
      "!bit16"
    ],
    [
      "bit17",
      "!bit17"
    ],
    [
      "bit18",
      "!bit18"
    ],
    [
      "bit19",
      "!bit19"
    ],
    [
      "bit20",
      "!bit20"
    ],
    [
      "bit21",
      "!bit21"
    ],
    [
      "bit22",
      "!bit22"
    ],
    [
      "bit23",
      "!bit23"
    ],
    [
      "bit24",
      "!bit24"
    ],
    [
      "bit25",
      "!bit25"
    ],
    [
      "bit26",
      "!bit26"
    ],
    [
      "bit27",
      "!bit27"
    ],
    [
      "bit28",
      "!bit28"
    ],
    [
      "bit29",
      "!bit29"
    ],
    [
      "bit30",
      "!bit30"
    ],
    [
      "bit31",
      "!bit31"
    ],
    [
      "target",
      "not_target",
      "dmg0",
      "dmg1",
      "dmg2",
      "dmg3",
      "dmg4",
      "dmg5",
      "dmg6",
      "dmg7",
      "dmg8",
      "dmg9",
      "dmg10",
      "dmg11",
      "dmg12",
      "dmg13",
      "dmg14",
      "dmg15",
      "dmg16",
      "dmg17",
      "dmg18",
      "dmg19",
      "dmg20",
      "dmg21",
      "dmg22",
      "dmg23",
      "dmg24",
      "dmg25",
      "dmg26",
      "dmg27",
      "dmg28",
      "dmg29",
      "dmg30",
      "dmg31",
      "dmg32",
      "dmg33",
      "dmg34",
      "dmg35",
      "dmg36",
      "dmg37",
      "dmg38",
      "dmg39",
      "dmg40",
      "dmg41",
      "dmg42",
      "dmg43",
      "dmg44",
      "dmg45",
      "dmg46",
      "dmg47",
      "dmg48",
      "dmg49",
      "dmg50",
      "dmg51",
      "dmg52",
      "dmg53",
      "dmg54",
      "dmg55",
      "dmg56",
      "dmg57",
      "dmg58",
      "dmg59",
      "dmg60",
      "dmg61",
      "dmg62",
      "dmg63",
      "dmg64",
      "dmg65",
      "dmg66",
      "dmg67",
      "dmg68",
      "dmg69",
      "dmg70",
      "dmg71",
      "dmg72",
      "dmg73",
      "dmg74",
      "dmg75",
      "dmg76",
      "dmg77",
      "dmg78",
      "dmg79",
      "dmg80",
      "dmg81",
      "dmg82",
      "dmg83",
      "dmg84",
      "dmg85",
      "dmg86",
      "dmg87",
      "dmg88",
      "dmg89",
      "dmg90",
      "dmg91",
      "dmg92",
      "dmg93",
      "dmg94",
      "dmg95",
      "dmg96",
      "dmg97",
      "dmg98",
      "dmg99",
      "dmg100"
    ],
    [
      "target",
      "not_target",
      "dmg0_9",
      "dmg10_19",
      "dmg20_29",
      "dmg30_39",
      "dmg40_49",
      "dmg50_59",
      "dmg60_69",
      "dmg70_79",
      "dmg80_89",
      "dmg90_99",
      "dmg100"
    ]
  ],
  "rewards": {
    "function": "xylo_hit_detection:player_hurt_entity/reward"
  }
}