{
	"credit": "Made with Blockbench",
	"texture_size": [32, 32],
	"textures": {
		"0": "xylo_rpg:item/elements/ice_spikes",
		"particle": "xylo_rpg:item/elements/ice_spikes"
	},
	"elements": [
		{
			"from": [8, 0, 10],
			"to": [13.7, 19, 16],
			"faces": {
				"north": {"uv": [0, 0, 8, 8], "texture": "#0"},
				"east": {"uv": [0, 0, 8, 8], "texture": "#0"},
				"south": {"uv": [0, 0, 8, 8], "texture": "#0"},
				"west": {"uv": [0, 0, 8, 8], "texture": "#0"},
				"up": {"uv": [8, 0, 16, 8], "texture": "#0"},
				"down": {"uv": [8, 8, 16, 16], "texture": "#0"}
			}
		},
		{
			"from": [7, -6, 5.7],
			"to": [10.9, 13, 8.7],
			"faces": {
				"north": {"uv": [0, 0, 8, 8], "texture": "#0"},
				"east": {"uv": [0, 0, 8, 8], "texture": "#0"},
				"south": {"uv": [0, 0, 8, 8], "texture": "#0"},
				"west": {"uv": [0, 0, 8, 8], "texture": "#0"},
				"up": {"uv": [8, 0, 16, 8], "texture": "#0"},
				"down": {"uv": [8, 8, 16, 16], "texture": "#0"}
			}
		},
		{
			"from": [8.3, 6, 6.9],
			"to": [11.8, 24.3, 8.7],
			"faces": {
				"north": {"uv": [0, 0, 8, 8], "texture": "#0"},
				"east": {"uv": [0, 0, 8, 8], "texture": "#0"},
				"south": {"uv": [0, 0, 8, 8], "texture": "#0"},
				"west": {"uv": [0, 0, 8, 8], "texture": "#0"},
				"up": {"uv": [8, 0, 16, 8], "texture": "#0"},
				"down": {"uv": [8, 8, 16, 16], "texture": "#0"}
			}
		},
		{
			"from": [6, 7, 8],
			"to": [13, 26, 14],
			"faces": {
				"north": {"uv": [0, 0, 8, 8], "texture": "#0"},
				"east": {"uv": [0, 0, 8, 8], "texture": "#0"},
				"south": {"uv": [0, 0, 8, 8], "texture": "#0"},
				"west": {"uv": [0, 0, 8, 8], "texture": "#0"},
				"up": {"uv": [8, 0, 16, 8], "texture": "#0"},
				"down": {"uv": [8, 8, 16, 16], "texture": "#0"}
			}
		},
		{
			"from": [8, 13, 9],
			"to": [11, 32, 12],
			"faces": {
				"north": {"uv": [0, 0, 8, 8], "texture": "#0"},
				"east": {"uv": [0, 0, 8, 8], "texture": "#0"},
				"south": {"uv": [0, 0, 8, 8], "texture": "#0"},
				"west": {"uv": [0, 0, 8, 8], "texture": "#0"},
				"up": {"uv": [8, 0, 16, 8], "texture": "#0"},
				"down": {"uv": [8, 8, 16, 16], "texture": "#0"}
			}
		},
		{
			"from": [4.75, 2, 9],
			"to": [6.75, 21, 13.25],
			"faces": {
				"north": {"uv": [0, 0, 8, 8], "texture": "#0"},
				"east": {"uv": [0, 0, 8, 8], "texture": "#0"},
				"south": {"uv": [0, 0, 8, 8], "texture": "#0"},
				"west": {"uv": [0, 0, 8, 8], "texture": "#0"},
				"up": {"uv": [8, 0, 16, 8], "texture": "#0"},
				"down": {"uv": [8, 8, 16, 16], "texture": "#0"}
			}
		},
		{
			"from": [6.5, 3, 6.4],
			"to": [9.5, 22, 9.4],
			"faces": {
				"north": {"uv": [0, 0, 8, 8], "texture": "#0"},
				"east": {"uv": [0, 0, 8, 8], "texture": "#0"},
				"south": {"uv": [0, 0, 8, 8], "texture": "#0"},
				"west": {"uv": [0, 0, 8, 8], "texture": "#0"},
				"up": {"uv": [8, 0, 16, 8], "texture": "#0"},
				"down": {"uv": [8, 8, 16, 16], "texture": "#0"}
			}
		},
		{
			"from": [11.5, 3, 9],
			"to": [14.5, 22, 12],
			"faces": {
				"north": {"uv": [0, 0, 8, 8], "texture": "#0"},
				"east": {"uv": [0, 0, 8, 8], "texture": "#0"},
				"south": {"uv": [0, 0, 8, 8], "texture": "#0"},
				"west": {"uv": [0, 0, 8, 8], "texture": "#0"},
				"up": {"uv": [8, 0, 16, 8], "texture": "#0"},
				"down": {"uv": [8, 8, 16, 16], "texture": "#0"}
			}
		},
		{
			"from": [11.5, -3, 7],
			"to": [13.4, 10.9, 10],
			"faces": {
				"north": {"uv": [0, 0, 8, 8], "texture": "#0"},
				"east": {"uv": [0, 0, 8, 8], "texture": "#0"},
				"south": {"uv": [0, 0, 8, 8], "texture": "#0"},
				"west": {"uv": [0, 0, 8, 8], "texture": "#0"},
				"up": {"uv": [8, 0, 16, 8], "texture": "#0"},
				"down": {"uv": [8, 8, 16, 16], "texture": "#0"}
			}
		},
		{
			"from": [7.7, -9, 9.2],
			"to": [12, 6, 13.7],
			"faces": {
				"north": {"uv": [0, 0, 8, 8], "texture": "#0"},
				"east": {"uv": [0, 0, 8, 8], "texture": "#0"},
				"south": {"uv": [0, 0, 8, 8], "texture": "#0"},
				"west": {"uv": [0, 0, 8, 8], "texture": "#0"},
				"up": {"uv": [8, 0, 16, 8], "texture": "#0"},
				"down": {"uv": [8, 8, 16, 16], "texture": "#0"}
			}
		},
		{
			"from": [8.9, -5.3, 10.7],
			"to": [12.7, 6, 14.7],
			"faces": {
				"north": {"uv": [0, 0, 8, 8], "texture": "#0"},
				"east": {"uv": [0, 0, 8, 8], "texture": "#0"},
				"south": {"uv": [0, 0, 8, 8], "texture": "#0"},
				"west": {"uv": [0, 0, 8, 8], "texture": "#0"},
				"up": {"uv": [8, 0, 16, 8], "texture": "#0"},
				"down": {"uv": [8, 8, 16, 16], "texture": "#0"}
			}
		},
		{
			"from": [6.1, -13.2, 8.3],
			"to": [8.1, 3, 12],
			"faces": {
				"north": {"uv": [0, 0, 8, 8], "texture": "#0"},
				"east": {"uv": [0, 0, 8, 8], "texture": "#0"},
				"south": {"uv": [0, 0, 8, 8], "texture": "#0"},
				"west": {"uv": [0, 0, 8, 8], "texture": "#0"},
				"up": {"uv": [8, 0, 16, 8], "texture": "#0"},
				"down": {"uv": [8, 8, 16, 16], "texture": "#0"}
			}
		}
	],
	"display": {
		"thirdperson_righthand": {
			"rotation": [75, 45, 0],
			"translation": [0, 2.5, 0],
			"scale": [0.375, 0.375, 0.375]
		},
		"thirdperson_lefthand": {
			"rotation": [75, 45, 0],
			"translation": [0, 2.5, 0],
			"scale": [0.375, 0.375, 0.375]
		},
		"firstperson_righthand": {
			"rotation": [0, 45, 0],
			"scale": [0.4, 0.4, 0.4]
		},
		"firstperson_lefthand": {
			"rotation": [0, 225, 0],
			"scale": [0.4, 0.4, 0.4]
		},
		"ground": {
			"translation": [0, 3, 0],
			"scale": [0.25, 0.25, 0.25]
		},
		"gui": {
			"rotation": [30, 225, 0],
			"scale": [0.625, 0.625, 0.625]
		},
		"head": {
			"translation": [-2.5, -17.15, -4.75],
			"scale": [1.62, 1.62, 1.62]
		},
		"fixed": {
			"scale": [0.5, 0.5, 0.5]
		}
	}
}