{
  "parent": "wasd.bows:recipes/crafter_recipe",
  "display": {
    "icon": {
      "item": "minecraft:clay_ball",
      "nbt": "{CustomModelData:6370000}"
    },
    "title": "赞助专属内容",
    "description": "\n只需要赞助1美元即可获得访问权限，链接：\nPatreon.com/WASD_Build_Team\n",
    "frame": "goal",
    "show_toast": true,
    "announce_to_chat": false,
    "hidden": false
  },
  "criteria": {
    "requirement": {
      "trigger": "minecraft:inventory_changed",
      "conditions": {
        "items": [
          {
            "nbt": "{CustomModelData:6370000}",
            "items": [
              "minecraft:clay_ball"
            ]
          }
        ]
      }
    }
  }
}
