{
    "credit": "Made by Philipp Opheys / pro_pixel_ from BuildmodeOne",
    "textures": {
        "0": "minecraft:block/green_concrete_powder",
        "15": "minecraft:block/white_concrete",
        "particle": "minecraft:block/white_concrete"
    },
    "elements": [
        {
            "__comment": "Element",
            "from": [
                4,
                0,
                4
            ],
            "to": [
                12,
                8,
                12
            ],
            "faces": {
                "down": {
                    "uv": [
                        0,
                        0,
                        8,
                        8
                    ],
                    "texture": "#0"
                },
                "up": {
                    "uv": [
                        0,
                        0,
                        8,
                        8
                    ],
                    "texture": "#0"
                },
                "north": {
                    "uv": [
                        0,
                        0,
                        8,
                        8
                    ],
                    "texture": "#0"
                },
                "south": {
                    "uv": [
                        0,
                        0,
                        8,
                        8
                    ],
                    "texture": "#0"
                },
                "west": {
                    "uv": [
                        0,
                        0,
                        8,
                        8
                    ],
                    "texture": "#0"
                },
                "east": {
                    "uv": [
                        0,
                        0,
                        8,
                        8
                    ],
                    "texture": "#0"
                }
            }
        },
        {
            "__comment": "Element",
            "from": [
                7,
                0,
                3.5
            ],
            "to": [
                9,
                8.5,
                4
            ],
            "faces": {
                "down": {
                    "uv": [
                        0,
                        0,
                        2,
                        0.5
                    ],
                    "texture": "#15"
                },
                "up": {
                    "uv": [
                        0,
                        0,
                        2,
                        0.5
                    ],
                    "texture": "#15"
                },
                "north": {
                    "uv": [
                        0,
                        0,
                        2,
                        8.5
                    ],
                    "texture": "#15"
                },
                "south": {
                    "uv": [
                        0,
                        0,
                        2,
                        8.5
                    ],
                    "texture": "#15"
                },
                "west": {
                    "uv": [
                        0,
                        0,
                        0.5,
                        8.5
                    ],
                    "texture": "#15"
                },
                "east": {
                    "uv": [
                        0,
                        0,
                        0.5,
                        8.5
                    ],
                    "texture": "#15"
                }
            }
        },
        {
            "__comment": "Element",
            "from": [
                12,
                0,
                7
            ],
            "to": [
                12.5,
                8.5,
                9
            ],
            "faces": {
                "down": {
                    "uv": [
                        0,
                        0,
                        2,
                        0.5
                    ],
                    "texture": "#15",
                    "rotation": 90
                },
                "up": {
                    "uv": [
                        0,
                        0,
                        2,
                        0.5
                    ],
                    "texture": "#15",
                    "rotation": 270
                },
                "north": {
                    "uv": [
                        0,
                        0,
                        0.5,
                        8.5
                    ],
                    "texture": "#15"
                },
                "south": {
                    "uv": [
                        0,
                        0,
                        0.5,
                        8.5
                    ],
                    "texture": "#15"
                },
                "west": {
                    "uv": [
                        0,
                        0,
                        2,
                        8.5
                    ],
                    "texture": "#15"
                },
                "east": {
                    "uv": [
                        0,
                        0,
                        2,
                        8.5
                    ],
                    "texture": "#15"
                }
            }
        },
        {
            "__comment": "Element",
            "from": [
                3.5,
                0,
                7
            ],
            "to": [
                4,
                8.5,
                9
            ],
            "faces": {
                "down": {
                    "uv": [
                        0,
                        0,
                        2,
                        0.5
                    ],
                    "texture": "#15",
                    "rotation": 90
                },
                "up": {
                    "uv": [
                        0,
                        0,
                        2,
                        0.5
                    ],
                    "texture": "#15",
                    "rotation": 270
                },
                "north": {
                    "uv": [
                        0,
                        0,
                        0.5,
                        8.5
                    ],
                    "texture": "#15"
                },
                "south": {
                    "uv": [
                        0,
                        0,
                        0.5,
                        8.5
                    ],
                    "texture": "#15"
                },
                "west": {
                    "uv": [
                        0,
                        0,
                        2,
                        8.5
                    ],
                    "texture": "#15"
                },
                "east": {
                    "uv": [
                        0,
                        0,
                        2,
                        8.5
                    ],
                    "texture": "#15"
                }
            }
        },
        {
            "__comment": "Element",
            "from": [
                7,
                0,
                12
            ],
            "to": [
                9,
                8.5,
                12.5
            ],
            "faces": {
                "down": {
                    "uv": [
                        0,
                        0,
                        2,
                        0.5
                    ],
                    "texture": "#15"
                },
                "up": {
                    "uv": [
                        0,
                        0,
                        2,
                        0.5
                    ],
                    "texture": "#15"
                },
                "north": {
                    "uv": [
                        0,
                        0,
                        2,
                        8.5
                    ],
                    "texture": "#15"
                },
                "south": {
                    "uv": [
                        0,
                        0,
                        2,
                        8.5
                    ],
                    "texture": "#15"
                },
                "west": {
                    "uv": [
                        0,
                        0,
                        0.5,
                        8.5
                    ],
                    "texture": "#15"
                },
                "east": {
                    "uv": [
                        0,
                        0,
                        0.5,
                        8.5
                    ],
                    "texture": "#15"
                }
            }
        },
        {
            "__comment": "Element",
            "from": [
                4,
                8,
                7
            ],
            "to": [
                12,
                8.5,
                9
            ],
            "faces": {
                "down": {
                    "uv": [
                        0,
                        0,
                        8,
                        2
                    ],
                    "texture": "#15"
                },
                "up": {
                    "uv": [
                        0,
                        0,
                        8,
                        2
                    ],
                    "texture": "#15"
                },
                "north": {
                    "uv": [
                        0,
                        0,
                        8,
                        0.5
                    ],
                    "texture": "#15"
                },
                "south": {
                    "uv": [
                        0,
                        0,
                        8,
                        0.5
                    ],
                    "texture": "#15"
                },
                "west": {
                    "uv": [
                        0,
                        0,
                        2,
                        0.5
                    ],
                    "texture": "#15"
                },
                "east": {
                    "uv": [
                        0,
                        0,
                        2,
                        0.5
                    ],
                    "texture": "#15"
                }
            }
        },
        {
            "__comment": "Element",
            "from": [
                7,
                8,
                4
            ],
            "to": [
                9,
                8.5,
                7
            ],
            "faces": {
                "down": {
                    "uv": [
                        0,
                        0,
                        3,
                        2
                    ],
                    "texture": "#15",
                    "rotation": 90
                },
                "up": {
                    "uv": [
                        0,
                        0,
                        3,
                        2
                    ],
                    "texture": "#15",
                    "rotation": 270
                },
                "north": {
                    "uv": [
                        0,
                        0,
                        2,
                        0.5
                    ],
                    "texture": "#15"
                },
                "south": {
                    "uv": [
                        0,
                        0,
                        2,
                        0.5
                    ],
                    "texture": "#15"
                },
                "west": {
                    "uv": [
                        0,
                        0,
                        3,
                        0.5
                    ],
                    "texture": "#15"
                },
                "east": {
                    "uv": [
                        0,
                        0,
                        3,
                        0.5
                    ],
                    "texture": "#15"
                }
            }
        },
        {
            "__comment": "Element",
            "from": [
                7,
                8,
                9
            ],
            "to": [
                9,
                8.5,
                12
            ],
            "faces": {
                "down": {
                    "uv": [
                        0,
                        0,
                        3,
                        2
                    ],
                    "texture": "#15",
                    "rotation": 90
                },
                "up": {
                    "uv": [
                        0,
                        0,
                        3,
                        2
                    ],
                    "texture": "#15",
                    "rotation": 270
                },
                "north": {
                    "uv": [
                        0,
                        0,
                        2,
                        0.5
                    ],
                    "texture": "#15"
                },
                "south": {
                    "uv": [
                        0,
                        0,
                        2,
                        0.5
                    ],
                    "texture": "#15"
                },
                "west": {
                    "uv": [
                        0,
                        0,
                        3,
                        0.5
                    ],
                    "texture": "#15"
                },
                "east": {
                    "uv": [
                        0,
                        0,
                        3,
                        0.5
                    ],
                    "texture": "#15"
                }
            }
        },
        {
            "__comment": "Element",
            "from": [
                7.5,
                8.5,
                8.5
            ],
            "to": [
                8.5,
                9,
                12
            ],
            "rotation": {
                "origin": [
                    7.8,
                    8,
                    8.2
                ],
                "axis": "y",
                "angle": 45
            },
            "faces": {
                "down": {
                    "uv": [
                        0,
                        0,
                        3.5,
                        1
                    ],
                    "texture": "#15",
                    "rotation": 90
                },
                "up": {
                    "uv": [
                        0,
                        0,
                        3.5,
                        1
                    ],
                    "texture": "#15",
                    "rotation": 270
                },
                "north": {
                    "uv": [
                        0,
                        0,
                        1,
                        0.5
                    ],
                    "texture": "#15",
                    "rotation": 180
                },
                "south": {
                    "uv": [
                        0,
                        0,
                        1,
                        0.5
                    ],
                    "texture": "#15",
                    "rotation": 180
                },
                "west": {
                    "uv": [
                        0,
                        0,
                        3.5,
                        0.5
                    ],
                    "texture": "#15",
                    "rotation": 180
                },
                "east": {
                    "uv": [
                        0,
                        0,
                        3.5,
                        0.5
                    ],
                    "texture": "#15",
                    "rotation": 180
                }
            }
        },
        {
            "__comment": "Element",
            "from": [
                4,
                8.5,
                7.5
            ],
            "to": [
                7.5,
                9,
                8.5
            ],
            "rotation": {
                "origin": [
                    7.8,
                    8,
                    8.2
                ],
                "axis": "y",
                "angle": 45
            },
            "faces": {
                "down": {
                    "uv": [
                        0,
                        0,
                        3.5,
                        1
                    ],
                    "texture": "#15"
                },
                "up": {
                    "uv": [
                        0,
                        0,
                        3.5,
                        1
                    ],
                    "texture": "#15"
                },
                "north": {
                    "uv": [
                        0,
                        0,
                        3.5,
                        0.5
                    ],
                    "texture": "#15"
                },
                "south": {
                    "uv": [
                        0,
                        0,
                        3.5,
                        0.5
                    ],
                    "texture": "#15"
                },
                "west": {
                    "uv": [
                        0,
                        0,
                        1,
                        0.5
                    ],
                    "texture": "#15"
                },
                "east": {
                    "uv": [
                        0,
                        0,
                        1,
                        0.5
                    ],
                    "texture": "#15"
                }
            }
        },
        {
            "__comment": "Element",
            "from": [
                7.5,
                8.5,
                7.5
            ],
            "to": [
                8.5,
                9.25,
                8.5
            ],
            "rotation": {
                "origin": [
                    7.8,
                    8,
                    8.2
                ],
                "axis": "y",
                "angle": 45
            },
            "faces": {
                "down": {
                    "uv": [
                        0,
                        0,
                        1,
                        1
                    ],
                    "texture": "#15"
                },
                "up": {
                    "uv": [
                        0,
                        0,
                        1,
                        1
                    ],
                    "texture": "#15"
                },
                "north": {
                    "uv": [
                        0,
                        0,
                        1,
                        0.75
                    ],
                    "texture": "#15"
                },
                "south": {
                    "uv": [
                        0,
                        0,
                        1,
                        0.75
                    ],
                    "texture": "#15"
                },
                "west": {
                    "uv": [
                        0,
                        0,
                        1,
                        0.75
                    ],
                    "texture": "#15"
                },
                "east": {
                    "uv": [
                        0,
                        0,
                        1,
                        0.75
                    ],
                    "texture": "#15"
                }
            }
        },
        {
            "__comment": "Element",
            "from": [
                8.5,
                8.5,
                7.25
            ],
            "to": [
                9,
                9,
                8.75
            ],
            "rotation": {
                "origin": [
                    7.8,
                    8,
                    8.2
                ],
                "axis": "y",
                "angle": 45
            },
            "shade": false,
            "faces": {
                "down": {
                    "uv": [
                        0,
                        0,
                        0.5,
                        1.5
                    ],
                    "texture": "#15"
                },
                "up": {
                    "uv": [
                        0,
                        0,
                        0.5,
                        1.5
                    ],
                    "texture": "#15"
                },
                "north": {
                    "uv": [
                        0,
                        0,
                        0.5,
                        0.5
                    ],
                    "texture": "#15"
                },
                "south": {
                    "uv": [
                        0,
                        0,
                        0.5,
                        0.5
                    ],
                    "texture": "#15"
                },
                "west": {
                    "uv": [
                        0,
                        0,
                        1.5,
                        0.5
                    ],
                    "texture": "#15"
                },
                "east": {
                    "uv": [
                        0,
                        0,
                        1.5,
                        0.5
                    ],
                    "texture": "#15"
                }
            }
        },
        {
            "__comment": "Element",
            "from": [
                7.25,
                8.5,
                4.5
            ],
            "to": [
                8.75,
                9,
                5
            ],
            "rotation": {
                "origin": [
                    7.8,
                    8,
                    8.2
                ],
                "axis": "y",
                "angle": 45
            },
            "shade": false,
            "faces": {
                "down": {
                    "uv": [
                        0,
                        0,
                        0.5,
                        1.5
                    ],
                    "texture": "#15",
                    "rotation": 270
                },
                "up": {
                    "uv": [
                        0,
                        0,
                        0.5,
                        1.5
                    ],
                    "texture": "#15",
                    "rotation": 90
                },
                "north": {
                    "uv": [
                        0,
                        0,
                        1.5,
                        0.5
                    ],
                    "texture": "#15"
                },
                "south": {
                    "uv": [
                        0,
                        0,
                        1.5,
                        0.5
                    ],
                    "texture": "#15"
                },
                "west": {
                    "uv": [
                        0,
                        0,
                        0.5,
                        0.5
                    ],
                    "texture": "#15"
                },
                "east": {
                    "uv": [
                        0,
                        0,
                        0.5,
                        0.5
                    ],
                    "texture": "#15"
                }
            }
        },
        {
            "__comment": "Element",
            "from": [
                11,
                8.5,
                7.25
            ],
            "to": [
                11.5,
                9,
                8.75
            ],
            "rotation": {
                "origin": [
                    7.8,
                    8,
                    8.2
                ],
                "axis": "y",
                "angle": 45
            },
            "shade": false,
            "faces": {
                "down": {
                    "uv": [
                        0,
                        0,
                        0.5,
                        1.5
                    ],
                    "texture": "#15"
                },
                "up": {
                    "uv": [
                        0,
                        0,
                        0.5,
                        1.5
                    ],
                    "texture": "#15"
                },
                "north": {
                    "uv": [
                        0,
                        0,
                        0.5,
                        0.5
                    ],
                    "texture": "#15"
                },
                "south": {
                    "uv": [
                        0,
                        0,
                        0.5,
                        0.5
                    ],
                    "texture": "#15"
                },
                "west": {
                    "uv": [
                        0,
                        0,
                        1.5,
                        0.5
                    ],
                    "texture": "#15"
                },
                "east": {
                    "uv": [
                        0,
                        0,
                        1.5,
                        0.5
                    ],
                    "texture": "#15"
                }
            }
        },
        {
            "__comment": "Element",
            "from": [
                7.25,
                8.5,
                7
            ],
            "to": [
                8.5,
                9,
                7.5
            ],
            "rotation": {
                "origin": [
                    7.8,
                    8,
                    8.2
                ],
                "axis": "y",
                "angle": 45
            },
            "shade": false,
            "faces": {
                "down": {
                    "uv": [
                        0,
                        0,
                        0.5,
                        1.25
                    ],
                    "texture": "#15",
                    "rotation": 270
                },
                "up": {
                    "uv": [
                        0,
                        0,
                        0.5,
                        1.25
                    ],
                    "texture": "#15",
                    "rotation": 90
                },
                "north": {
                    "uv": [
                        0,
                        0,
                        1.25,
                        0.5
                    ],
                    "texture": "#15"
                },
                "south": {
                    "uv": [
                        0,
                        0,
                        1.25,
                        0.5
                    ],
                    "texture": "#15"
                },
                "west": {
                    "uv": [
                        0,
                        0,
                        0.5,
                        0.5
                    ],
                    "texture": "#15"
                },
                "east": {
                    "uv": [
                        0,
                        0,
                        0.5,
                        0.5
                    ],
                    "texture": "#15"
                }
            }
        },
        {
            "__comment": "Element",
            "from": [
                9.25,
                8.5,
                6.5
            ],
            "to": [
                10.75,
                9,
                7
            ],
            "rotation": {
                "origin": [
                    7.8,
                    8,
                    8.2
                ],
                "axis": "y",
                "angle": 45
            },
            "faces": {
                "down": {
                    "uv": [
                        0,
                        0,
                        1.5,
                        0.5
                    ],
                    "texture": "#15"
                },
                "up": {
                    "uv": [
                        0,
                        0,
                        1.5,
                        0.5
                    ],
                    "texture": "#15"
                },
                "north": {
                    "uv": [
                        0,
                        0,
                        1.5,
                        0.5
                    ],
                    "texture": "#15"
                },
                "south": {
                    "uv": [
                        0,
                        0,
                        1.5,
                        0.5
                    ],
                    "texture": "#15"
                },
                "west": {
                    "uv": [
                        0,
                        0,
                        0.5,
                        0.5
                    ],
                    "texture": "#15"
                },
                "east": {
                    "uv": [
                        0,
                        0,
                        0.5,
                        0.5
                    ],
                    "texture": "#15"
                }
            }
        },
        {
            "__comment": "Element",
            "from": [
                9,
                8.5,
                5.25
            ],
            "to": [
                9.5,
                9,
                6.75
            ],
            "rotation": {
                "origin": [
                    7.8,
                    8,
                    8.2
                ],
                "axis": "y",
                "angle": 45
            },
            "faces": {
                "down": {
                    "uv": [
                        0,
                        0,
                        1.5,
                        0.5
                    ],
                    "texture": "#15",
                    "rotation": 270
                },
                "up": {
                    "uv": [
                        0,
                        0,
                        1.5,
                        0.5
                    ],
                    "texture": "#15",
                    "rotation": 90
                },
                "north": {
                    "uv": [
                        0,
                        0,
                        0.5,
                        0.5
                    ],
                    "texture": "#15"
                },
                "south": {
                    "uv": [
                        0,
                        0,
                        0.5,
                        0.5
                    ],
                    "texture": "#15"
                },
                "west": {
                    "uv": [
                        0,
                        0,
                        1.5,
                        0.5
                    ],
                    "texture": "#15"
                },
                "east": {
                    "uv": [
                        0,
                        0,
                        1.5,
                        0.5
                    ],
                    "texture": "#15"
                }
            }
        },
        {
            "__comment": "Element",
            "from": [
                9.25,
                8.5,
                9
            ],
            "to": [
                10.75,
                9,
                9.5
            ],
            "rotation": {
                "origin": [
                    7.8,
                    8,
                    8.2
                ],
                "axis": "y",
                "angle": 45
            },
            "faces": {
                "down": {
                    "uv": [
                        0,
                        0,
                        1.5,
                        0.5
                    ],
                    "texture": "#15"
                },
                "up": {
                    "uv": [
                        0,
                        0,
                        1.5,
                        0.5
                    ],
                    "texture": "#15"
                },
                "north": {
                    "uv": [
                        0,
                        0,
                        1.5,
                        0.5
                    ],
                    "texture": "#15"
                },
                "south": {
                    "uv": [
                        0,
                        0,
                        1.5,
                        0.5
                    ],
                    "texture": "#15"
                },
                "west": {
                    "uv": [
                        0,
                        0,
                        0.5,
                        0.5
                    ],
                    "texture": "#15"
                },
                "east": {
                    "uv": [
                        0,
                        0,
                        0.5,
                        0.5
                    ],
                    "texture": "#15"
                }
            }
        },
        {
            "__comment": "Element",
            "from": [
                6.5,
                8.5,
                5.25
            ],
            "to": [
                7,
                9,
                6.75
            ],
            "rotation": {
                "origin": [
                    7.8,
                    8,
                    8.2
                ],
                "axis": "y",
                "angle": 45
            },
            "faces": {
                "down": {
                    "uv": [
                        0,
                        0,
                        1.5,
                        0.5
                    ],
                    "texture": "#15",
                    "rotation": 270
                },
                "up": {
                    "uv": [
                        0,
                        0,
                        1.5,
                        0.5
                    ],
                    "texture": "#15",
                    "rotation": 90
                },
                "north": {
                    "uv": [
                        0,
                        0,
                        0.5,
                        0.5
                    ],
                    "texture": "#15"
                },
                "south": {
                    "uv": [
                        0,
                        0,
                        0.5,
                        0.5
                    ],
                    "texture": "#15"
                },
                "west": {
                    "uv": [
                        0,
                        0,
                        1.5,
                        0.5
                    ],
                    "texture": "#15"
                },
                "east": {
                    "uv": [
                        0,
                        0,
                        1.5,
                        0.5
                    ],
                    "texture": "#15"
                }
            }
        },
        {
            "__comment": "Element",
            "from": [
                9,
                8.5,
                7
            ],
            "to": [
                9.25,
                9,
                7.25
            ],
            "rotation": {
                "origin": [
                    7.8,
                    8,
                    8.2
                ],
                "axis": "y",
                "angle": 45
            },
            "faces": {
                "down": {
                    "uv": [
                        0,
                        0,
                        0.25,
                        0.25
                    ],
                    "texture": "#15",
                    "rotation": 270
                },
                "up": {
                    "uv": [
                        0,
                        0,
                        0.25,
                        0.25
                    ],
                    "texture": "#15",
                    "rotation": 90
                },
                "north": {
                    "uv": [
                        0,
                        0,
                        0.25,
                        0.5
                    ],
                    "texture": "#15"
                },
                "south": {
                    "uv": [
                        0,
                        0,
                        0.25,
                        0.5
                    ],
                    "texture": "#15"
                },
                "west": {
                    "uv": [
                        0,
                        0,
                        0.25,
                        0.5
                    ],
                    "texture": "#15"
                },
                "east": {
                    "uv": [
                        0,
                        0,
                        0.25,
                        0.5
                    ],
                    "texture": "#15"
                }
            }
        },
        {
            "__comment": "Element",
            "from": [
                8.75,
                8.5,
                5
            ],
            "to": [
                9,
                9,
                5.25
            ],
            "rotation": {
                "origin": [
                    7.8,
                    8,
                    8.2
                ],
                "axis": "y",
                "angle": 45
            },
            "faces": {
                "down": {
                    "uv": [
                        0,
                        0,
                        0.25,
                        0.25
                    ],
                    "texture": "#15",
                    "rotation": 180
                },
                "up": {
                    "uv": [
                        0,
                        0,
                        0.25,
                        0.25
                    ],
                    "texture": "#15",
                    "rotation": 180
                },
                "north": {
                    "uv": [
                        0,
                        0,
                        0.25,
                        0.5
                    ],
                    "texture": "#15"
                },
                "south": {
                    "uv": [
                        0,
                        0,
                        0.25,
                        0.5
                    ],
                    "texture": "#15"
                },
                "west": {
                    "uv": [
                        0,
                        0,
                        0.25,
                        0.5
                    ],
                    "texture": "#15"
                },
                "east": {
                    "uv": [
                        0,
                        0,
                        0.25,
                        0.5
                    ],
                    "texture": "#15"
                }
            }
        },
        {
            "__comment": "Element",
            "from": [
                9,
                8.5,
                8.75
            ],
            "to": [
                9.25,
                9,
                9
            ],
            "rotation": {
                "origin": [
                    7.8,
                    8,
                    8.2
                ],
                "axis": "y",
                "angle": 45
            },
            "faces": {
                "down": {
                    "uv": [
                        0,
                        0,
                        0.25,
                        0.25
                    ],
                    "texture": "#15",
                    "rotation": 270
                },
                "up": {
                    "uv": [
                        0,
                        0,
                        0.25,
                        0.25
                    ],
                    "texture": "#15",
                    "rotation": 90
                },
                "north": {
                    "uv": [
                        0,
                        0,
                        0.25,
                        0.5
                    ],
                    "texture": "#15"
                },
                "south": {
                    "uv": [
                        0,
                        0,
                        0.25,
                        0.5
                    ],
                    "texture": "#15"
                },
                "west": {
                    "uv": [
                        0,
                        0,
                        0.25,
                        0.5
                    ],
                    "texture": "#15"
                },
                "east": {
                    "uv": [
                        0,
                        0,
                        0.25,
                        0.5
                    ],
                    "texture": "#15"
                }
            }
        },
        {
            "__comment": "Element",
            "from": [
                7,
                8.5,
                5
            ],
            "to": [
                7.25,
                9,
                5.25
            ],
            "rotation": {
                "origin": [
                    7.8,
                    8,
                    8.2
                ],
                "axis": "y",
                "angle": 45
            },
            "faces": {
                "down": {
                    "uv": [
                        0,
                        0,
                        0.25,
                        0.25
                    ],
                    "texture": "#15",
                    "rotation": 180
                },
                "up": {
                    "uv": [
                        0,
                        0,
                        0.25,
                        0.25
                    ],
                    "texture": "#15",
                    "rotation": 180
                },
                "north": {
                    "uv": [
                        0,
                        0,
                        0.25,
                        0.5
                    ],
                    "texture": "#15"
                },
                "south": {
                    "uv": [
                        0,
                        0,
                        0.25,
                        0.5
                    ],
                    "texture": "#15"
                },
                "west": {
                    "uv": [
                        0,
                        0,
                        0.25,
                        0.5
                    ],
                    "texture": "#15"
                },
                "east": {
                    "uv": [
                        0,
                        0,
                        0.25,
                        0.5
                    ],
                    "texture": "#15"
                }
            }
        },
        {
            "__comment": "Element",
            "from": [
                10.75,
                8.5,
                7
            ],
            "to": [
                11,
                9,
                7.25
            ],
            "rotation": {
                "origin": [
                    7.8,
                    8,
                    8.2
                ],
                "axis": "y",
                "angle": 45
            },
            "faces": {
                "down": {
                    "uv": [
                        0,
                        0,
                        0.25,
                        0.25
                    ],
                    "texture": "#15",
                    "rotation": 270
                },
                "up": {
                    "uv": [
                        0,
                        0,
                        0.25,
                        0.25
                    ],
                    "texture": "#15",
                    "rotation": 90
                },
                "north": {
                    "uv": [
                        0,
                        0,
                        0.25,
                        0.5
                    ],
                    "texture": "#15"
                },
                "south": {
                    "uv": [
                        0,
                        0,
                        0.25,
                        0.5
                    ],
                    "texture": "#15"
                },
                "west": {
                    "uv": [
                        0,
                        0,
                        0.25,
                        0.5
                    ],
                    "texture": "#15"
                },
                "east": {
                    "uv": [
                        0,
                        0,
                        0.25,
                        0.5
                    ],
                    "texture": "#15"
                }
            }
        },
        {
            "__comment": "Element",
            "from": [
                8.75,
                8.5,
                6.75
            ],
            "to": [
                9,
                9,
                7
            ],
            "rotation": {
                "origin": [
                    7.8,
                    8,
                    8.2
                ],
                "axis": "y",
                "angle": 45
            },
            "faces": {
                "down": {
                    "uv": [
                        0,
                        0,
                        0.25,
                        0.25
                    ],
                    "texture": "#15",
                    "rotation": 180
                },
                "up": {
                    "uv": [
                        0,
                        0,
                        0.25,
                        0.25
                    ],
                    "texture": "#15",
                    "rotation": 180
                },
                "north": {
                    "uv": [
                        0,
                        0,
                        0.25,
                        0.5
                    ],
                    "texture": "#15"
                },
                "south": {
                    "uv": [
                        0,
                        0,
                        0.25,
                        0.5
                    ],
                    "texture": "#15"
                },
                "west": {
                    "uv": [
                        0,
                        0,
                        0.25,
                        0.5
                    ],
                    "texture": "#15"
                },
                "east": {
                    "uv": [
                        0,
                        0,
                        0.25,
                        0.5
                    ],
                    "texture": "#15"
                }
            }
        },
        {
            "__comment": "Element",
            "from": [
                8.5,
                8.5,
                7
            ],
            "to": [
                8.75,
                9,
                7.25
            ],
            "rotation": {
                "origin": [
                    7.8,
                    8,
                    8.2
                ],
                "axis": "y",
                "angle": 45
            },
            "faces": {
                "down": {
                    "uv": [
                        0,
                        0,
                        0.25,
                        0.25
                    ],
                    "texture": "#15",
                    "rotation": 180
                },
                "up": {
                    "uv": [
                        0,
                        0,
                        0.25,
                        0.25
                    ],
                    "texture": "#15",
                    "rotation": 180
                },
                "north": {
                    "uv": [
                        0,
                        0,
                        0.25,
                        0.5
                    ],
                    "texture": "#15"
                },
                "south": {
                    "uv": [
                        0,
                        0,
                        0.25,
                        0.5
                    ],
                    "texture": "#15"
                },
                "west": {
                    "uv": [
                        0,
                        0,
                        0.25,
                        0.5
                    ],
                    "texture": "#15"
                },
                "east": {
                    "uv": [
                        0,
                        0,
                        0.25,
                        0.5
                    ],
                    "texture": "#15"
                }
            }
        },
        {
            "__comment": "Element",
            "from": [
                10.75,
                8.5,
                8.75
            ],
            "to": [
                11,
                9,
                9
            ],
            "rotation": {
                "origin": [
                    7.8,
                    8,
                    8.2
                ],
                "axis": "y",
                "angle": 45
            },
            "faces": {
                "down": {
                    "uv": [
                        0,
                        0,
                        0.25,
                        0.25
                    ],
                    "texture": "#15",
                    "rotation": 270
                },
                "up": {
                    "uv": [
                        0,
                        0,
                        0.25,
                        0.25
                    ],
                    "texture": "#15",
                    "rotation": 90
                },
                "north": {
                    "uv": [
                        0,
                        0,
                        0.25,
                        0.5
                    ],
                    "texture": "#15"
                },
                "south": {
                    "uv": [
                        0,
                        0,
                        0.25,
                        0.5
                    ],
                    "texture": "#15"
                },
                "west": {
                    "uv": [
                        0,
                        0,
                        0.25,
                        0.5
                    ],
                    "texture": "#15"
                },
                "east": {
                    "uv": [
                        0,
                        0,
                        0.25,
                        0.5
                    ],
                    "texture": "#15"
                }
            }
        },
        {
            "__comment": "Element",
            "from": [
                7,
                8.5,
                6.75
            ],
            "to": [
                7.25,
                9,
                7
            ],
            "rotation": {
                "origin": [
                    7.8,
                    8,
                    8.2
                ],
                "axis": "y",
                "angle": 45
            },
            "faces": {
                "down": {
                    "uv": [
                        0,
                        0,
                        0.25,
                        0.25
                    ],
                    "texture": "#15",
                    "rotation": 180
                },
                "up": {
                    "uv": [
                        0,
                        0,
                        0.25,
                        0.25
                    ],
                    "texture": "#15",
                    "rotation": 180
                },
                "north": {
                    "uv": [
                        0,
                        0,
                        0.25,
                        0.5
                    ],
                    "texture": "#15"
                },
                "south": {
                    "uv": [
                        0,
                        0,
                        0.25,
                        0.5
                    ],
                    "texture": "#15"
                },
                "west": {
                    "uv": [
                        0,
                        0,
                        0.25,
                        0.5
                    ],
                    "texture": "#15"
                },
                "east": {
                    "uv": [
                        0,
                        0,
                        0.25,
                        0.5
                    ],
                    "texture": "#15"
                }
            }
        }
    ],
    "display": {
        "head": {
            "translation": [
                0,
                -14.75,
                0
            ],
            "scale": [
                2.28,
                2.28,
                2.28
            ]
        }
    }
}