{
    "feature": "divine_dimension:ethera/ame_dec",
    "placement": [
        {
            "type": "minecraft:count",
            "count": 70
        },
        {
            "type": "minecraft:count",
            "count": 28
        },
        {
            "type": "minecraft:in_square"
        },
        {
            "type": "minecraft:height_range",
            "height": {
                "type": "minecraft:uniform",
                "min_inclusive": {
                    "above_bottom": 0
                },
                "max_inclusive": {
                    "absolute": 350
                }
            }
        },
        {
            "type": "minecraft:biome"
        }
    ]
}
