{
    "feature": "divine_dimension:ethera/clouds-grass",
    "placement": [
        {
            "type": "count",
            "count": 1
        },
        {
            "type": "minecraft:in_square"
        },
        {
            "type": "heightmap",
            "heightmap": "WORLD_SURFACE_WG"
        },
        {
            "type": "minecraft:surface_water_depth_filter",
            "max_water_depth": 0
        },
        {
            "type": "minecraft:biome"
        },
        {
            "type": "minecraft:biome"
        }
    ]
}
