{
    "feature": "divine_dimension:ethera/redstone_blobs",
    "placement": [
        {
            "type": "count",
            "count": 1
        },
        {
            "type": "minecraft:in_square"
        },
        {
            "type": "minecraft:height_range",
            "height": {
                "min_inclusive": {
                    "above_bottom": 0
                },
                "max_inclusive": {
                    "below_top": 0
                },
                "type": "minecraft:uniform"
            }
        }
    ]
}
