{
    "feature": "divine_dimension:ethera/sa-blobs3",
    "placement": [
        {
            "type": "count",
            "count": 60
        },
        {
            "type": "minecraft:in_square"
        },
        {
            "type": "minecraft:height_range",
            "height": {
                "min_inclusive": {
                    "above_bottom": 0
                },
                "max_inclusive": {
                    "absolute": 105
                },
                "type": "minecraft:uniform"
            }
        },
        {
            "type": "minecraft:biome"
        }
    ]
}
