{
    "display": {
        "title": {
            "text": "全满阵列"
        },
        "description": {
            "text": "制作所有类型的水壶",
            "color": "green"
        },
        "icon": {
            "item": "minecraft:rabbit_hide",
            "nbt": "{CustomModelData:99920}"
        },
        "frame": "goal",
        "show_toast": true,
        "announce_to_chat": true,
        "hidden": false
    },
    "criteria": {
        "Swallow": {
            "trigger": "minecraft:inventory_changed",
            "conditions": {
                "items": [
                    {
                        "item": "minecraft:carrot_on_a_stick",
                        "nbt": "{swallow:1b}"
                    }
                ]
            }
        },
        "Berserker": {
            "trigger": "minecraft:inventory_changed",
            "conditions": {
                "items": [
                    {
                        "item": "minecraft:carrot_on_a_stick",
                        "nbt": "{berserker_brew:1b}"
                    }
                ]
            }
        },
        "Moon": {
            "trigger": "minecraft:inventory_changed",
            "conditions": {
                "items": [
                    {
                        "item": "minecraft:carrot_on_a_stick",
                        "nbt": "{full_moon:1b}"
                    }
                ]
            }
        },
        "Blood": {
            "trigger": "minecraft:inventory_changed",
            "conditions": {
                "items": [
                    {
                        "item": "minecraft:carrot_on_a_stick",
                        "nbt": "{black_blood:1b}"
                    }
                ]
            }
        },
        "Whale": {
            "trigger": "minecraft:inventory_changed",
            "conditions": {
                "items": [
                    {
                        "item": "minecraft:carrot_on_a_stick",
                        "nbt": "{killer_whale:1b}"
                    }
                ]
            }
        }
    },
    "requirements": [
        [
            "Swallow"
        ],
        [
            "Berserker"
        ],
        [
            "Moon"
        ],
        [
            "Blood"
        ],
        [
            "Whale"
        ]
    ],
    "parent": "monsters_pack:main/mare"
}