{
    "display": {
        "title": {
            "text": "炼金手册"
        },
        "description": {
            "text": "将书与腐肉合成",
            "color": "green"
        },
        "icon": {
            "item": "minecraft:written_book",
            "nbt": "{CustomModelData:9991}"
        },
        "frame": "task",
        "show_toast": false,
        "announce_to_chat": false,
        "hidden": false
    },
    "criteria": {
        "Book": {
            "trigger": "minecraft:inventory_changed",
            "conditions": {
                "items": [
                    {
                        "item": "minecraft:written_book",
                        "nbt": "{CustomModelData:9991}"
                    }
                ]
            }
        }
    },
    "requirements": [
        [
            "Book"
        ]
    ],
    "parent": "monsters_pack:main/root"
}