{
    "display": {
        "title": {
            "text": "爆炸武器"
        },
        "description": {
            "text": "制作一枚炸弹",
            "color": "green"
        },
        "icon": {
            "item": "minecraft:snowball",
            "nbt": "{CustomModelData:9994}"
        },
        "frame": "task",
        "show_toast": true,
        "announce_to_chat": true,
        "hidden": false
    },
    "criteria": {
        "1": {
            "trigger": "minecraft:inventory_changed",
            "conditions": {
                "items": [
                    {
                        "item": ["snowball"],
                        "nbt": "{flash_bomb:1b}"
                    }
                ]
            }
        },
        "2": {
            "trigger": "minecraft:inventory_changed",
            "conditions": {
                "items": [
                    {
                        "item": ["snowball"],
                        "nbt": "{incendiary_bomb:1b}"
                    }
                ]
            }
        },
        "3": {
            "trigger": "minecraft:inventory_changed",
            "conditions": {
                "items": [
                    {
                        "item": ["snowball"],
                        "nbt": "{frostburn_bomb:1b}"
                    }
                ]
            }
        }
    },
    "requirements": [
        [
            "1",
            "2",
            "3"
        ]
    ],
    "parent": "monsters_pack:main/silver_ingot"
}