{
    "display": {
        "title": {
            "text": "幸运渔夫"
        },
        "description": {
            "text": "在钓鱼时发现一个奇怪的瓶子",
            "color": "green"
        },
        "icon": {
            "item": "minecraft:rabbit_hide",
            "nbt": "{CustomModelData:99917}"
        },
        "frame": "task",
        "show_toast": true,
        "announce_to_chat": true,
        "hidden": false
    },
    "criteria": {
        "Bottled": {
            "trigger": "minecraft:inventory_changed",
            "conditions": {
                "items": [
                    {
                        "item": "minecraft:rabbit_hide",
                        "nbt": "{bottled_spirit:1b}"
                    }
                ]
            }
        }
    },
    "requirements": [
        [
            "Bottled"
        ]
    ],
    "parent": "monsters_pack:main/silver_ingot"
}