{
    "display": {
        "title": {
            "text": "坚不可摧"
        },
        "description": {
            "text": "获得一件绯红铠甲",
            "color": "dark_purple"
        },
        "icon": {
            "item": "minecraft:netherite_chestplate",
            "nbt": "{CustomModelData:9991}"
        },
        "frame": "challenge",
        "show_toast": true,
        "announce_to_chat": true,
        "hidden": false
    },
    "criteria": {
        "Helmet": {
            "trigger": "minecraft:inventory_changed",
            "conditions": {
                "items": [
                    {
                        "items": ["minecraft:netherite_helmet"],
                        "nbt": "{crimson_helmet:1b}"
                    }
                ]
            }
        },
        "Chestplate": {
            "trigger": "minecraft:inventory_changed",
            "conditions": {
                "items": [
                    {
                        "items": ["minecraft:netherite_chestplate"],
                        "nbt": "{crimson_chestplate:1b}"
                    }
                ]
            }
        },
        "Leggings": {
            "trigger": "minecraft:inventory_changed",
            "conditions": {
                "items": [
                    {
                        "items": ["minecraft:netherite_leggings"],
                        "nbt": "{crimson_leggings:1b}"
                    }
                ]
            }
        },
        "Boots": {
            "trigger": "minecraft:inventory_changed",
            "conditions": {
                "items": [
                    {
                        "items": ["minecraft:netherite_boots"],
                        "nbt": "{crimson_boots:1b}"
                    }
                ]
            }
        }
    },
    "requirements": [
        [
            "Helmet",
            "Chestplate",
            "Leggings",
            "Boots"
        ]
    ],
    "parent": "monsters_pack:main/summon_elder_vampire"
}