{
    "display": {
        "title": {
            "text": "战利品"
        },
        "description": {
            "text": "制作出所有的黑暗金属装备",
            "color": "dark_purple"
        },
        "icon": {
            "item": "minecraft:iron_sword",
            "nbt": "{CustomModelData:9992}"
        },
        "frame": "challenge",
        "show_toast": true,
        "announce_to_chat": true,
        "hidden": false
    },
    "criteria": {
        "Hammer": {
            "trigger": "minecraft:inventory_changed",
            "conditions": {
                "items": [
                    {
                        "item": "minecraft:iron_sword",
                        "nbt": "{dark_hammer:1b}"
                    }
                ]
            }
        },
        "Ballista": {
            "trigger": "minecraft:inventory_changed",
            "conditions": {
                "items": [
                    {
                        "item": "minecraft:crossbow",
                        "nbt": "{ballista:1b}"
                    }
                ]
            }
        },
        "Dark Shield": {
            "trigger": "minecraft:inventory_changed",
            "conditions": {
                "items": [
                    {
                        "item": "minecraft:shield",
                        "nbt": "{dark_shield:1b}"
                    }
                ]
            }
        }
    },
    "requirements": [
        [
            "Hammer"
        ],
        [
            "Ballista"
        ],
        [
            "Dark Shield"
        ]
    ],
    "parent": "monsters_pack:main/summon_frost_legion"
}