{
    "display": {
        "title": {
            "text": "生态魔术"
        },
        "description": {
            "text": "获得属于自己的力量",
            "color": "dark_purple"
        },
        "icon": {
            "item": "minecraft:carrot_on_a_stick",
            "nbt": "{CustomModelData:9993}"
        },
        "frame": "challenge",
        "show_toast": true,
        "announce_to_chat": true,
        "hidden": false
    },
    "criteria": {
        "Staff": {
            "trigger": "minecraft:inventory_changed",
            "conditions": {
                "items": [
                    {
                        "item": "minecraft:carrot_on_a_stick",
                        "nbt": "{druid_staff:1b}"
                    }
                ]
            }
        }
    },
    "requirements": [
        [
            "Staff"
        ]
    ],
    "parent": "monsters_pack:main/summon_leshen"
}