{
    "display": {
        "title": {
            "text": "艾恩·希德"
        },
        "description": {
            "text": "收回所有的精灵装备",
            "color": "dark_purple"
        },
        "icon": {
            "item": "minecraft:netherite_sword",
            "nbt": "{CustomModelData:9991}"
        },
        "frame": "challenge",
        "show_toast": true,
        "announce_to_chat": true,
        "hidden": true
    },
    "criteria": {
        "Helmet": {
            "trigger": "minecraft:inventory_changed",
            "conditions": {
                "items": [
                    {
                        "item": "minecraft:netherite_helmet",
                        "nbt": "{elven_helmet:1b}"
                    }
                ]
            }
        },
        "Chestplate": {
            "trigger": "minecraft:inventory_changed",
            "conditions": {
                "items": [
                    {
                        "item": "minecraft:netherite_chestplate",
                        "nbt": "{elven_chestplate:1b}"
                    }
                ]
            }
        },
        "Leggings": {
            "trigger": "minecraft:inventory_changed",
            "conditions": {
                "items": [
                    {
                        "item": "minecraft:netherite_leggings",
                        "nbt": "{elven_leggings:1b}"
                    }
                ]
            }
        },
        "Boots": {
            "trigger": "minecraft:inventory_changed",
            "conditions": {
                "items": [
                    {
                        "item": "minecraft:netherite_boots",
                        "nbt": "{elven_boots:1b}"
                    }
                ]
            }
        },
        "Sword": {
            "trigger": "minecraft:inventory_changed",
            "conditions": {
                "items": [
                    {
                        "item": "minecraft:netherite_sword",
                        "nbt": "{elven_sword:1b}"
                    }
                ]
            }
        }
    },
    "requirements": [
        [
            "Helmet"
        ],
        [
            "Chestplate"
        ],
        [
            "Leggings"
        ],
        [
            "Boots"
        ],
        [
            "Sword"
        ]
    ],
    "parent": "monsters_pack:main/silver_ingot"
}