{
    "display": {
        "title": {
            "text": "美食家"
        },
        "description": {
            "text": "烹饪一个恶魔炖肉",
            "color": "dark_purple"
        },
        "icon": {
            "item": "minecraft:rabbit_stew",
            "nbt": "{CustomModelData:9991}"
        },
        "frame": "challenge",
        "show_toast": true,
        "announce_to_chat": true,
        "hidden": false
    },
    "criteria": {
        "Stew": {
            "trigger": "minecraft:inventory_changed",
            "conditions": {
                "items": [
                    {
                        "item": "minecraft:rabbit_stew",
                        "nbt": "{fiend_stew:1b}"
                    }
                ]
            }
        }
    },
    "requirements": [
        [
            "Stew"
        ]
    ],
    "parent": "monsters_pack:main/hurt_fiend"
}