{
    "display": {
        "title": {
            "text": "大型游戏"
        },
        "description": {
            "text": "遇到一个恶魔",
            "color": "green"
        },
        "icon": {
            "item": "minecraft:rabbit_hide",
            "nbt": "{CustomModelData:9991}"
        },
        "frame": "task",
        "show_toast": true,
        "announce_to_chat": true,
        "hidden": false
    },
    "criteria": {
        "Fiend": {
            "trigger": "minecraft:player_hurt_entity",
            "conditions": {
                "entity": {
                    "type": "minecraft:ravager",
                    "nbt": "{Tags:[\"fiend\"]}"
                }
            }
        }
    },
    "requirements": [
        [
            "Fiend"
        ]
    ],
    "parent": "monsters_pack:main/silver_ingot"
}