{
    "display": {
        "title": {
            "text": "蛮王之力"
        },
        "description": {
            "text": "遇到一个巨魔",
            "color": "green"
        },
        "icon": {
            "item": "minecraft:rabbit_hide",
            "nbt": "{CustomModelData:9993}"
        },
        "frame": "task",
        "show_toast": true,
        "announce_to_chat": true,
        "hidden": false
    },
    "criteria": {
        "Troll": {
            "trigger": "minecraft:player_hurt_entity",
            "conditions": {
                "entity": {
                    "type": "minecraft:iron_golem",
                    "nbt": "{Tags:[\"troll\"]}"
                }
            }
        }
    },
    "requirements": [
        [
            "Troll"
        ]
    ],
    "parent": "monsters_pack:main/silver_ingot"
}