{
    "display": {
        "title": {
            "text": "将它们都烧掉"
        },
        "description": {
            "text": "制作一个地狱施法者",
            "color": "dark_purple"
        },
        "icon": {
            "item": "minecraft:carrot_on_a_stick",
            "nbt": "{CustomModelData:99910}"
        },
        "frame": "challenge",
        "show_toast": true,
        "announce_to_chat": true,
        "hidden": false
    },
    "criteria": {
        "Caster": {
            "trigger": "minecraft:inventory_changed",
            "conditions": {
                "items": [
                    {
                        "item": "minecraft:carrot_on_a_stick",
                        "nbt": "{inferno_caster:1b}"
                    }
                ]
            }
        }
    },
    "requirements": [
        [
            "Caster"
        ]
    ],
    "parent": "monsters_pack:main/silver_ingot"
}