{
    "display": {
        "title": {
            "text": "不会感恩的人"
        },
        "description": {
            "text": "释放并击杀一名精灵",
            "color": "dark_purple"
        },
        "icon": {
            "item": "minecraft:rabbit_hide",
            "nbt": "{CustomModelData:99918}"
        },
        "frame": "challenge",
        "show_toast": true,
        "announce_to_chat": true,
        "hidden": false
    },
    "criteria": {
        "Impossible": {
            "trigger": "minecraft:impossible"
        }
    },
    "requirements": [
        [
            "Impossible"
        ]
    ],
    "parent": "monsters_pack:main/bottled_spirit"
}