{
    "display": {
        "title": {
            "text": "野兽与怪物"
        },
        "description": {
            "text": "制作指南手册和巫师桌来开始工作！",
            "color": "green"
        },
        "icon": {
            "item": "minecraft:iron_sword",
            "nbt": "{CustomModelData:9991}"
        },
        "frame": "task",
        "show_toast": true,
        "announce_to_chat": true,
        "hidden": false,
        "background": "minecraft:textures/block/mossy_cobblestone.png"
    },
    "criteria": {
        "Auto": {
            "trigger": "minecraft:tick"
        }
    }
}