{
    "display": {
        "title": {
            "text": "怪物银器"
        },
        "description": {
            "text": "一种珍贵的纯金属",
            "color": "green"
        },
        "icon": {
            "item": "minecraft:rabbit_hide",
            "nbt": "{CustomModelData:9998}"
        },
        "frame": "task",
        "show_toast": true,
        "announce_to_chat": true,
        "hidden": false
    },
    "criteria": {
        "Ingot": {
            "trigger": "minecraft:inventory_changed",
            "conditions": {
                "items": [
                    {
                        "item": "minecraft:rabbit_hide",
                        "nbt": "{silver_ingot:1b}"
                    }
                ]
            }
        }
    },
    "requirements": [
        [
            "Ingot"
        ]
    ],
    "parent": "monsters_pack:main/root"
}