{
    "display": {
        "title": {
            "text": "妈妈愤怒了"
        },
        "description": {
            "text": "摧毁一个狼人蛋并受到惩罚",
            "color": "green"
        },
        "icon": {
            "item": "minecraft:rabbit_hide",
            "nbt": "{CustomModelData:99922}"
        },
        "frame": "task",
        "show_toast": true,
        "announce_to_chat": true,
        "hidden": false
    },
    "criteria": {
        "Impossible": {
            "trigger": "minecraft:impossible"
        }
    },
    "requirements": [
        [
            "Impossible"
        ]
    ],
    "parent": "monsters_pack:main/silver_ingot"
}