{
    "display": {
        "title": {
            "text": "森林之魂"
        },
        "description": {
            "text": "通过bnm.燃烧它的孩子来召唤乐神",
            "color": "green"
        },
        "icon": {
            "item": "minecraft:rabbit_hide",
            "nbt": "{CustomModelData:9999}"
        },
        "frame": "goal",
        "show_toast": true,
        "announce_to_chat": true,
        "hidden": false
    },
    "criteria": {
        "Impossible": {
            "trigger": "minecraft:impossible"
        }
    },
    "requirements": [
        [
            "Impossible"
        ]
    ],
    "parent": "monsters_pack:main/hurt_troll"
}