{
    "display": {
        "title": {
            "text": "行走中的死神"
        },
        "description": {
            "text": "召唤冰霜军团",
            "color": "green"
        },
        "icon": {
            "item": "minecraft:carrot_on_a_stick",
            "nbt": "{CustomModelData:9992}"
        },
        "frame": "task",
        "show_toast": true,
        "announce_to_chat": true,
        "hidden": false
    },
    "criteria": {
        "Impossible": {
            "trigger": "minecraft:impossible"
        }
    },
    "requirements": [
        [
            "Impossible"
        ]
    ],
    "parent": "monsters_pack:main/silver_ingot"
}