{
    "display": {
        "title": {
            "text": "长獠之夜"
        },
        "description": {
            "text": "召唤一名吸血鬼长老并祈祷",
            "color": "green"
        },
        "icon": {
            "item": "minecraft:armor_stand",
            "nbt": "{CustomModelData:9992}"
        },
        "frame": "goal",
        "show_toast": true,
        "announce_to_chat": true,
        "hidden": false
    },
    "criteria": {
        "Impossible": {
            "trigger": "minecraft:impossible"
        }
    },
    "requirements": [
        [
            "Impossible"
        ]
    ],
    "parent": "monsters_pack:main/kill_djinn"
}