{
  "parent": "wasd.tnt:recipes/patron/patreon",
  "display": {
    "icon": {
      "item": "minecraft:glow_item_frame",
      "nbt": "{CustomModelData:6371026}"
    },
    "title": "劣质TNT",
    "description": "制造一个假的TNT爆炸，不会造成任何伤害，非常适合用来捣乱。",
    "frame": "goal",
    "show_toast": true,
    "announce_to_chat": false,
    "hidden": false
  },
  "criteria": {
    "requirement": {
      "trigger": "minecraft:inventory_changed",
      "conditions": {
        "items": [
          {
            "nbt": "{CustomModelData:6371026}",
            "items": [
              "minecraft:glow_item_frame"
            ]
          }
        ]
      }
    }
  }
}
