{
  "parent": "wasd.tnt:recipes/patron/patreon",
  "display": {
    "icon": {
      "item": "minecraft:glow_item_frame",
      "nbt": "{CustomModelData:6371019}"
    },
    "title": "激光TNT",
    "description": "可左右旋转，如果目标在面前，那么就会发射一道具有毁灭性的激光。",
    "frame": "goal",
    "show_toast": true,
    "announce_to_chat": false,
    "hidden": false
  },
  "criteria": {
    "requirement": {
      "trigger": "minecraft:inventory_changed",
      "conditions": {
        "items": [
          {
            "nbt": "{CustomModelData:6371019}",
            "items": [
              "minecraft:glow_item_frame"
            ]
          }
        ]
      }
    }
  }
}
