{
  "parent": "wasd.tnt:recipes/patron/patreon",
  "display": {
    "icon": {
      "item": "minecraft:glow_item_frame",
      "nbt": "{CustomModelData:6371020}"
    },
    "title": "流星TNT",
    "description": "从天空中召唤一颗流星，直击地球！",
    "frame": "goal",
    "show_toast": true,
    "announce_to_chat": false,
    "hidden": false
  },
  "criteria": {
    "requirement": {
      "trigger": "minecraft:inventory_changed",
      "conditions": {
        "items": [
          {
            "nbt": "{CustomModelData:6371020}",
            "items": [
              "minecraft:glow_item_frame"
            ]
          }
        ]
      }
    }
  }
}
