{
    "sources": [
        {
            "type": "single",
            "resource": "xylo:gui/cct_gui"
        },
        {
            "type": "single",
            "resource": "xylo:gui/forge"
        },
        {
            "type": "single",
            "resource": "xylo:gui/forge_x"
        },
        {
            "type": "single",
            "resource": "xylo:custom/texture"
        },
        {
            "type": "single",
            "resource": "xylo:custom/texture1"
        },
        {
            "type": "single",
            "resource": "xylo_rpg:advancements/drop_item"
        },
        {
            "type": "single",
            "resource": "xylo_rpg:advancements/elements/air"
        },
        {
            "type": "single",
            "resource": "xylo_rpg:advancements/elements/darkness"
        },
        {
            "type": "single",
            "resource": "xylo_rpg:advancements/elements/elements"
        },
        {
            "type": "single",
            "resource": "xylo_rpg:advancements/elements/fire"
        },
        {
            "type": "single",
            "resource": "xylo_rpg:advancements/elements/freeze"
        },
        {
            "type": "single",
            "resource": "xylo_rpg:advancements/elements/light"
        },
        {
            "type": "single",
            "resource": "xylo_rpg:advancements/elements/shock"
        },
        {
            "type": "single",
            "resource": "xylo_rpg:gui/skills_table"
        }
    ]
}