{
    "credit": "Made with Blockbench",
    "textures": {
        "0": "xylo_rpg:item/weapons/shield/diamond",
        "particle": "xylo_rpg:item/weapons/shield/diamond"
    },
    "elements": [
        {
            "from": [-5.98371, -10.92062, 0.97521],
            "to": [5.96094, 10.97789, 1.99612],
            "rotation": {"angle": 0, "axis": "y", "origin": [-2.61746, 0, -2.61746]},
            "faces": {
                "north": {"uv": [3.5, 0.25, 6.5, 5.75], "texture": "#0"},
                "east": {"uv": [3.25, 0.25, 3.5, 5.75], "texture": "#0"},
                "south": {"uv": [0.25, 0.25, 3.25, 5.75], "texture": "#0"},
                "west": {"uv": [0, 0.25, 0.25, 5.75], "texture": "#0"},
                "up": {"uv": [0.25, 0, 3.25, 0.25], "texture": "#0"},
                "down": {"uv": [3.25, 0, 6.25, 0.25], "texture": "#0"}
            }
        },
        {
            "from": [-1.00677, -2.98305, -4.99711],
            "to": [0.984, 2.98927, 0.97521],
            "rotation": {"angle": 0, "axis": "y", "origin": [-2.61746, 0, -2.61746]},
            "faces": {
                "north": {"uv": [8, 1.5, 8.5, 3], "texture": "#0"},
                "east": {"uv": [6.5, 1.5, 8, 3], "texture": "#0"},
                "south": {"uv": [10, 1.5, 10.5, 3], "texture": "#0"},
                "west": {"uv": [8.5, 1.5, 10, 3], "texture": "#0"},
                "up": {"uv": [8, 0, 8.5, 1.5], "texture": "#0"},
                "down": {"uv": [8.5, 0, 9, 1.5], "texture": "#0"}
            }
        }
    ],
    "gui_light": "front",
    "display": {
        "thirdperson_righthand": {
            "rotation": [ 45, 135, 0 ],
            "translation": [ 3.51, 11, -2 ],
            "scale": [ 1, 1, 1 ]
        },
        "thirdperson_lefthand": {
            "rotation": [ 45, 135, 0 ],
            "translation": [ 13.51, 3, 5 ],
            "scale": [ 1, 1, 1 ]
        },
        "firstperson_righthand": {
            "rotation": [ 0, 180, -5 ],
            "translation": [ -15, 5, -11 ],
            "scale": [ 1.25, 1.25, 1.25 ]
        },
        "firstperson_lefthand": {
            "rotation": [ 0, 180, -5 ],
            "translation": [ 5, 5, -11 ],
            "scale": [ 1.25, 1.25, 1.25 ]
        },
        "gui": {
            "rotation": [ 15, -25, -5 ],
            "translation": [ 2, 3, 0 ],
            "scale": [ 0.65, 0.65, 0.65 ]
        }
    }
}
