{
  "pools": [
    {
      "rolls": 1,
      "entries": [
        {
          "type": "item",
          "name": "minecraft:diamond_leggings",
          "functions": [
            {
              "function": "set_nbt",
              "tag": "{CustomModelData:888502,AttributeModifiers:[{AttributeName:\"generic.armor_toughness\",Name:\"generic.armor_toughness\",Amount:-10,Operation:0,UUID:[I;-1112438523,-1678162319,-1888207382,-993756585],Slot:\"legs\"}],Enchantments:[{id:\"minecraft:protection\",lvl:5s},{id:\"minecraft:fire_protection\",lvl:6s},{id:\"minecraft:vanishing_curse\",lvl:1s}]}"
            },
            {
              "function": "set_name",
              "name": [
                {
                  "text": "弗洛苏斯",
                  "color": "white",
                  "italic": false
                }
              ]
            },
            {
              "function": "set_lore",
              "lore": [
                {
                  "text": "我是个好人！",
                  "color": "gray",
                  "italic": false
                }
              ]
            },
            {
              "function": "set_damage",
              "damage": {
                "min": 0.78,
                "max": 0.83
              }
            }
          ]
        }
      ]
    }
  ]
}
