{
  "pools": [
    {
      "rolls": 1,
      "entries": [
        {
          "type": "item",
          "name": "minecraft:slime_spawn_egg",
          "functions": [
            {
              "function": "set_nbt",
              "tag": "{HideFlags:2,Enchantments:[{}],CustomModelData:888502,EntityTag:{id:\"minecraft:vex\",CustomNameVisible:1b,Silent:1b,HandItems:[{id:\"minecraft:ender_eye\",Count:1b},{id:\"minecraft:ender_eye\",Count:1b}],ActiveEffects:[{Id:14b,Amplifier:1b,Duration:20000000,ShowParticles:0b}],PersistenceRequired:1b,LifeTicks:200000,Attributes:[{Name:generic.follow_range,Base:70},{Name:generic.attack_damage,Base:0}],Tags:[\"bp.construct\",\"bp.entity\"],CustomName:'{\"text\":\"Construct\",\"bold\":true}'}}"
            },
            {
              "function": "set_name",
              "name": [
                {
                  "text": "毁灭胶囊",
                  "color": "white",
                  "italic": false
                }
              ]
            },
            {
              "function": "set_lore",
              "lore": [
                {
                  "text": "潘多拉魔盒！",
                  "color": "gray",
                  "italic": false
                }
              ]
            }
          ]
        }
      ]
    }
  ]
}
