{
  "pools": [
    {
      "rolls": 1,
      "entries": [
        {
          "type": "item",
          "name": "minecraft:leather_chestplate",
          "functions": [
            {
              "function": "set_nbt",
              "tag": "{Enchantments:[{id:\"minecraft:thorns\",lvl:40s}],AttributeModifiers:[{Amount:-2d,AttributeName:\"generic.max_health\",Name:\"generic.max_health\",Operation:0,Slot:\"chest\",UUID:[I;-1556938542,-381664793,-1102686690,-60608705]}],CustomModelData:888503,display:{color:11247524}}"
            },
            {
              "function": "set_name",
              "name": [
                {
                  "text": "牧羊女斗篷",
                  "color": "white",
                  "italic": false
                }
              ]
            },
            {
              "function": "set_lore",
              "lore": [
                {
                  "text": "注意安全，我的小宝贝，我只会离开一小会儿...",
                  "color": "gray",
                  "italic": false
                }
              ]
            }
          ]
        }
      ]
    }
  ]
}
