{
  "display": {
    "icon": {
      "item": "minecraft:warped_fungus_on_a_stick",
      "nbt": "{CustomModelData:12341058}"
    },
    "title": {
      "text": "法术书                  ",
      "font": "minecraft:default",
      "color": "white",
      "bold": false,
      "italic": false
    },
    "description": [
      {
        "text": "\uE000",
        "font": "xylo_rpg:advancements/items_recipes/others",
        "color": "white"
      },
      {
        "text": "\n\n\n\n这本书使用能量来施展法术。\n",
        "font": "minecraft:default",
        "color": "white",
        "bold": false,
        "italic": false
      },
      {
        "text": "在站着不动的前提下，你可以手持法术书然后按下两次F键来激活效果。\n点击外圈的提示来新建一个法术，然后点击圆圈中间的提示来保存法术。\n右键点击法术书来施法。",
        "font": "minecraft:default",
        "color": "gray",
        "bold": false,
        "italic": false
      }
    ],
    "frame": "task",
    "show_toast": false,
    "announce_to_chat": false
  },
  "parent": "xylo_rpg:tutorial/cct",
  "criteria": {
    "tick": {
      "trigger": "minecraft:tick"
    }
  }
}