{
  "display": {
    "icon": {
      "item": "minecraft:diamond_chestplate"
    },
    "title": {
      "text": "胸甲                                        ",
      "font": "minecraft:default",
      "color": "white",
      "bold": false,
      "italic": false
    },
    "description": [
      {
        "text": "\uE001",
        "font": "xylo_rpg:advancements/items_recipes/wooden",
        "color": "white"
      },
      {
        "text": "\uE001",
        "font": "xylo_rpg:advancements/items_recipes/stone",
        "color": "white"
      },
      {
        "text": "\uE001",
        "font": "xylo_rpg:advancements/items_recipes/golden",
        "color": "white"
      },
      {
        "text": "\uE001",
        "font": "xylo_rpg:advancements/items_recipes/iron",
        "color": "white"
      },
      {
        "text": "\uE001",
        "font": "xylo_rpg:advancements/items_recipes/diamond",
        "color": "white"
      },
      {
        "text": "\uE001",
        "font": "xylo_rpg:advancements/items_recipes/netherite",
        "color": "white"
      },
      {
        "text": "",
        "font": "minecraft:default",
        "color": "white"
      }
    ],
    "frame": "task",
    "show_toast": false,
    "announce_to_chat": false
  },
  "parent": "xylo_rpg:tutorial/items_recipes/helmet",
  "criteria": {
    "tick": {
      "trigger": "minecraft:tick"
    }
  }
}