{
  "display": {
    "icon": {
      "item": "minecraft:warped_fungus_on_a_stick",
      "nbt": "{CustomModelData:12341216}"
    },
    "title": {
      "text": "轻剑                                        ",
      "font": "minecraft:default",
      "color": "white",
      "bold": false,
      "italic": false
    },
    "description": [
      {
        "text": "\uE00D",
        "font": "xylo_rpg:advancements/items_recipes/wooden",
        "color": "white"
      },
      {
        "text": "\uE00D",
        "font": "xylo_rpg:advancements/items_recipes/stone",
        "color": "white"
      },
      {
        "text": "\uE00D",
        "font": "xylo_rpg:advancements/items_recipes/golden",
        "color": "white"
      },
      {
        "text": "\uE00D",
        "font": "xylo_rpg:advancements/items_recipes/iron",
        "color": "white"
      },
      {
        "text": "\uE00D",
        "font": "xylo_rpg:advancements/items_recipes/diamond",
        "color": "white"
      },
      {
        "text": "\uE00D",
        "font": "xylo_rpg:advancements/items_recipes/netherite",
        "color": "white"
      },
      {
        "text": "\n\n\n\n可以双剑齐发。\n手持右键可攻击，",
        "font": "minecraft:default",
        "color": "white"
      }
    ],
    "frame": "task",
    "show_toast": false,
    "announce_to_chat": false
  },
  "parent": "xylo_rpg:tutorial/items_recipes/spear",
  "criteria": {
    "tick": {
      "trigger": "minecraft:tick"
    }
  }
}