{
  "display": {
    "icon": {
      "item": "minecraft:crossbow",
      "nbt": "{CustomModelData:12341210}"
    },
    "title": {
      "text": "长剑                                        ",
      "font": "minecraft:default",
      "color": "white",
      "bold": false,
      "italic": false
    },
    "description": [
      [
        {
          "text": "\uE00A",
          "font": "xylo_rpg:advancements/items_recipes/wooden",
          "color": "white"
        },
        {
          "text": "\uE00A",
          "font": "xylo_rpg:advancements/items_recipes/stone",
          "color": "white"
        },
        {
          "text": "\uE00A",
          "font": "xylo_rpg:advancements/items_recipes/golden",
          "color": "white"
        },
        {
          "text": "\uE00A",
          "font": "xylo_rpg:advancements/items_recipes/iron",
          "color": "white"
        },
        {
          "text": "\uE00A",
          "font": "xylo_rpg:advancements/items_recipes/diamond",
          "color": "white"
        },
        {
          "text": "\n\n\n\n\uE00A",
          "font": "xylo_rpg:advancements/items_recipes/netherite",
          "color": "white"
        }
      ],
      [
        {
          "text": "\n\n\n\n当手持时，你不能在副手栏装备物品。\n作为补偿，在潜行时，防卫护盾点数将会获得重生。（前提是要有防卫护盾技能点）",
          "font": "minecraft:default",
          "color": "white"
        }
      ]
    ],
    "frame": "task",
    "show_toast": false,
    "announce_to_chat": false
  },
  "parent": "xylo_rpg:tutorial/items_recipes/one_edge_sword",
  "criteria": {
    "tick": {
      "trigger": "minecraft:tick"
    }
  }
}