{
  "display": {
    "icon": {
      "item": "minecraft:filled_map"
    },
    "title": {
      "text": "市场地图                  ",
      "font": "minecraft:default",
      "color": "white",
      "bold": false,
      "italic": false
    },
    "description": [
      {
        "text": "\uE001\n\n\n",
        "font": "xylo_rpg:advancements/items_recipes/others",
        "color": "white"
      },
      {
        "text": " 通过此地图可更快的寻找到市场。\n",
        "font": "minecraft:default",
        "color": "white",
        "bold": false,
        "italic": false
      },
      {
        "text": "\n在市场内你可以购买到能力核心、耐久核心和其他更为强大的物品，\n当然前提是你要携带上一定的钻石和绿宝石。",
        "font": "minecraft:default",
        "color": "gray",
        "bold": false,
        "italic": false
      }
    ],
    "frame": "task",
    "show_toast": true,
    "announce_to_chat": false
  },
  "parent": "xylo_rpg:tutorial/2_forge",
  "criteria": {
    "requirement": {
      "trigger": "minecraft:inventory_changed",
      "conditions": {
        "items": [
          {
            "items": [
              "minecraft:filled_map"
            ],
            "nbt": "{xylo:{id:\"xylo_rpg:market_map\"}}"
          }
        ]
      }
    }
  }
}