{
  "parent": "bracken:glacium/enter_glacium",
  "display": {
    "title": {
      "text": "内瑟班勇士"
    },
    "description": {
      "text": "收集并穿戴所有的冰川盔甲。",
      "color": "green"
    },
    "icon": {
      "item": "minecraft:diamond_chestplate",
      "nbt": "{CustomModelData:888502,Enchantments:[{}]}"
    },
    "frame": "challenge",
    "show_toast": true,
    "announce_to_chat": true,
    "hidden": true
  },
  "criteria": {
    "bracken:glacium/armor1": {
      "trigger": "minecraft:inventory_changed",
      "conditions": {
        "player": [
          {
            "condition": "minecraft:entity_properties",
            "entity": "this",
            "predicate": {
              "equipment": {
                "head": {
                  "items": [
                    "minecraft:diamond_helmet"
                  ],
                  "nbt": "{CustomModelData:888502}"
                }
              }
            }
          },
          {
            "condition": "minecraft:entity_properties",
            "entity": "this",
            "predicate": {
              "equipment": {
                "legs": {
                  "items": [
                    "minecraft:diamond_leggings"
                  ],
                  "nbt": "{CustomModelData:888502}"
                }
              }
            }
          },
          {
            "condition": "minecraft:entity_properties",
            "entity": "this",
            "predicate": {
              "equipment": {
                "feet": {
                  "items": [
                    "minecraft:diamond_boots"
                  ],
                  "nbt": "{CustomModelData:888502}"
                }
              }
            }
          },
          {
            "condition": "minecraft:entity_properties",
            "entity": "this",
            "predicate": {
              "equipment": {
                "chest": {
                  "items": [
                    "minecraft:diamond_chestplate"
                  ],
                  "nbt": "{CustomModelData:888502}"
                }
              }
            }
          }
        ]
      }
    }
  },
  "requirements": [
    [
      "bracken:glacium/armor1"
    ]
  ]
}
