{
  "type": "minecraft:random_selector",
  "config": {
    "features": [
      {
        "chance": 0.01,
        "feature": {
          "feature": {
            "type": "minecraft:simple_block",
            "config": {
              "to_place": {
                "type": "minecraft:simple_state_provider",
                "state": {"Properties": {
                  "candles": "4",
                  "lit": "true",
                  "waterlogged": "false"
                },
                  "Name": "minecraft:candle"
                }
              }
            }
          },
          "placement": [
            {
              "type": "minecraft:block_predicate_filter",
              "predicate": {
                "type": "minecraft:all_of",
                "predicates": [
                  {
                    "type": "minecraft:matching_blocks",
                    "offset": [
                      0,
                      -1,
                      0
                    ],
                    "blocks": [
                      "minecraft:grass_block"
                    ]
                  },
                  {
                    "type": "minecraft:matching_blocks",
                    "blocks": [
                      "minecraft:air"
                    ]
                  },
                  {
                    "type": "minecraft:matching_blocks",
                    "offset": [
                      0,
                      1,
                      0
                    ],
                    "blocks": [
                      "minecraft:air"
                    ]
                  }
                ]
              }
            }
          ]
        }
      },
      {
        "chance": 0.01,
        "feature": {
          "feature": {
            "type": "minecraft:simple_block",
            "config": {
              "to_place": {
                "type": "minecraft:simple_state_provider",
                "state": {
                  "Properties": {
                    "candles": "1",
                    "lit": "true",
                    "waterlogged": "false"
                  },
                  "Name": "minecraft:candle"
                }
              }
            }
          },
          
          "placement": [
            {
              "type": "minecraft:block_predicate_filter",
              "predicate": {
                "type": "minecraft:all_of",
                "predicates": [
                  {
                    "type": "minecraft:matching_blocks",
                    "offset": [
                      0,
                      -1,
                      0
                    ],
                    "blocks": [
                      "minecraft:grass_block"
                    ]
                  },
                  {
                    "type": "minecraft:matching_blocks",
                    "blocks": [
                      "minecraft:air"
                    ]
                  }
                ]
              }
            }
          ]
        }
      }
    ],
    "default": {
      "feature": {
        "type": "minecraft:simple_block",
        "config": {
          "to_place": {
            "type": "minecraft:simple_state_provider",
            "state": {
              "Name": "minecraft:poppy"
            }
          }
        }
      },
      "placement": [
        {
          "type": "minecraft:block_predicate_filter",
          "predicate": {
            "type": "minecraft:all_of",
            "predicates": [
              {
                "type": "minecraft:matching_blocks",
                "offset": [
                  0,
                  -1,
                  0
                ],
                "blocks": [
                  "minecraft:grass_block"
                ]
              },
              {
                "type": "minecraft:matching_blocks",
                "blocks": [
                  "minecraft:air"
                ]
              }
            ]
          }
        }
      ]
    }
  }
}
