{
  "type": "minecraft:waterlogged_vegetation_patch",
  "config": {
    "surface": "floor",
    "depth": 2,
    "vertical_range": 2,
    "extra_bottom_block_chance": 0,
    "extra_edge_column_chance": 0.5,
    "vegetation_chance": 0.775,
    "xz_radius": 15,
    "replaceable": "#minecraft:grass_block",
    "ground_state": {
      "type": "minecraft:simple_state_provider",
      "state": {
        "Name": "minecraft:grass_block",
        "Properties": {
          "snowy": "false"
        }
      }
    },
    "vegetation_feature": {
      "placement": [],
      "feature": {
        "type": "minecraft:random_selector",
        "config": {
          "features": [],
          "default": {
            "feature": {
              "type": "minecraft:block_column",
              "config": {
                "direction": "up",
                "allowed_placement": {
                  "type": "minecraft:true"
                },
                "prioritize_tip": false,
                "layers": [
                  {
                    "height": 1,
                    "provider": {
                      "type": "minecraft:simple_state_provider",
                      "state": {
                        "Name": "minecraft:farmland",
                        "Properties": {
                          "moisture": "7"
                        }
                      }
                    }
                  },
                  {
                    "height": 1,
                    "provider": {
                      "type": "minecraft:weighted_state_provider",
                      "entries": [
                        {
                          "weight": 3,
                          "data": {
                            "Name": "minecraft:wheat",
                            "Properties": {
                              "age": "7"
                            }
                          }
                        }
                      ]
                    }
                  }
                ]
              }
            },
            "placement": []
          }
        }
      }
    }
  }
}