{
  "display": {
    "icon": {
      "item": "minecraft:diamond_axe",
      "nbt": "{CustomModelData:12340404}"
    },
    "title": {
      "text": "盔甲武器数据包",
      "color": "green",
      "bold": true,
      "italic": false
    },
    "description": {
      "text": "新的盔甲、武器和工具，",
      "color": "white",
      "bold": false,
      "italic": false
    },
    "frame": "goal",
    "show_toast": false,
    "announce_to_chat": false
  },
  "parent": "xylo:datapacks_list",
  "criteria": {
    "tick": {
      "trigger": "minecraft:tick"
    }
  }
}
