{
  "display": {
    "icon": {
      "item": "minecraft:stone_sword"
    },
    "title": {
      "text": "元素伤害                        ",
      "color": "white",
      "font": "minecraft:default",
      "bold": false,
      "italic": false
    },
    "description": [
      {
        "text": "分成主动或被动能力，你可以造成元素伤害。\n伤害的高低取决于你元素点数的数量。\n主动能力可以使你的元素点数翻倍。\n你需要至少一个元素点数才能造成该元素伤害。",
        "color": "white",
        "font": "minecraft:default",
        "bold": false,
        "italic": false
      },
      {
        "text": "\n为了获得元素攻击点数，你需要使用具有元素点数的物品。",
        "color": "gray",
        "font": "minecraft:default",
        "bold": false,
        "italic": false
      }
    ],
    "frame": "goal",
    "show_toast": false,
    "announce_to_chat": false,
    "hidden": false
  },
  "parent": "xylo_rpg:tutorial/elements",
  "criteria": {
    "tick": {
      "trigger": "minecraft:tick"
    }
  }
}
