{
  "display": {
    "icon": {
      "item": "minecraft:chainmail_chestplate"
    },
    "title": {
      "text": "元素防御                        ",
      "color": "white",
      "font": "minecraft:default",
      "bold": false,
      "italic": false
    },
    "description": [
      {
        "text": "在获得元素状态之前，你不能拥有元素防御。你的元素防御点数等于你护甲值的总攻击数值。元素防御会随着时间的推移而缓慢恢复。",
        "color": "white",
        "font": "minecraft:default",
        "bold": false,
        "italic": false
      },
      {
        "text": "\n为了获得元素防御点数，你必须在盔甲中装备具有元素点数的物品。",
        "color": "gray",
        "font": "minecraft:default",
        "bold": false,
        "italic": false
      }
    ],
    "frame": "goal",
    "show_toast": false,
    "announce_to_chat": false,
    "hidden": false
  },
  "parent": "xylo_rpg:tutorial/elements/1_attack",
  "criteria": {
    "tick": {
      "trigger": "minecraft:tick"
    }
  }
}
