{
  "display": {
    "icon": {
      "item": "minecraft:paper",
      "nbt": "{CustomModelData:12341053}"
    },
    "title": {
      "text": "空气                                 ",
      "color": "gray",
      "font": "minecraft:default",
      "bold": false,
      "italic": false
    },
    "description": [
      {
        "text": "\uE006",
        "font": "xylo_rpg:elements_icons",
        "italic": false,
        "color": "gray"
      },
      {
        "text": " 空气:",
        "color": "gray",
        "font": "minecraft:default",
        "bold": false,
        "italic": false
      },
      {
        "text": " 当受到空气影响时，你将会获得漂浮的能力。当效果叠加时你将会更快地获得漂浮能力。",
        "color": "white",
        "font": "minecraft:default",
        "bold": false,
        "italic": false
      }
    ],
    "frame": "task",
    "show_toast": false,
    "announce_to_chat": false,
    "hidden": false
  },
  "parent": "xylo_rpg:tutorial/elements/shock",
  "criteria": {
    "tick": {
      "trigger": "minecraft:tick"
    }
  }
}