{
  "display": {
    "icon": {
      "item": "minecraft:paper",
      "nbt": "{CustomModelData:12341048}"
    },
    "title": {
      "text": "黑暗                                 ",
      "color": "dark_gray",
      "font": "minecraft:default",
      "bold": false,
      "italic": false
    },
    "description": [
      {
        "text": "\uE001",
        "font": "xylo_rpg:elements_icons",
        "italic": false,
        "color": "dark_gray"
      },
      {
        "text": " 黑暗:",
        "color": "dark_gray",
        "font": "minecraft:default",
        "bold": false,
        "italic": false
      },
      {
        "text": " 当被黑暗影响时，你将会获得凋零和失明效果，同时这些效果可叠加。",
        "color": "white",
        "font": "minecraft:default",
        "bold": false,
        "italic": false
      }
    ],
    "frame": "task",
    "show_toast": false,
    "announce_to_chat": false,
    "hidden": false
  },
  "parent": "xylo_rpg:tutorial/elements",
  "criteria": {
    "tick": {
      "trigger": "minecraft:tick"
    }
  }
}
