{
  "display": {
    "icon": {
      "item": "minecraft:paper",
      "nbt": "{CustomModelData:12341050}"
    },
    "title": {
      "text": "火                                 ",
      "color": "red",
      "font": "minecraft:default",
      "bold": false,
      "italic": false
    },
    "description": [
      {
        "text": "\uE003",
        "font": "xylo_rpg:elements_icons",
        "italic": false,
        "color": "red"
      },
      {
        "text": " 火:",
        "color": "red",
        "font": "minecraft:default",
        "bold": false,
        "italic": false
      },
      {
        "text": " 当受到火影响时，你将会着火。同时效果在叠加后将会使你附近的实体爆炸。",
        "color": "white",
        "font": "minecraft:default",
        "bold": false,
        "italic": false
      }
    ],
    "frame": "task",
    "show_toast": false,
    "announce_to_chat": false,
    "hidden": false
  },
  "parent": "xylo_rpg:tutorial/elements/light",
  "criteria": {
    "tick": {
      "trigger": "minecraft:tick"
    }
  }
}
