{
  "display": {
    "icon": {
      "item": "minecraft:paper",
      "nbt": "{CustomModelData:12341051}"
    },
    "title": {
      "text": "冰冻                                 ",
      "color": "aqua",
      "font": "minecraft:default",
      "bold": false,
      "italic": false
    },
    "description": [
      {
        "text": "\uE004",
        "font": "xylo_rpg:elements_icons",
        "italic": false,
        "color": "aqua"
      },
      {
        "text": " 冰冻:",
        "color": "aqua",
        "font": "minecraft:default",
        "bold": false,
        "italic": false
      },
      {
        "text": " 当受到冰冻影响时，你将会被甩出去。同时当效果叠加时你将会被冻结在冰晶里。",
        "color": "white",
        "font": "minecraft:default",
        "bold": false,
        "italic": false
      }
    ],
    "frame": "task",
    "show_toast": false,
    "announce_to_chat": false,
    "hidden": false
  },
  "parent": "xylo_rpg:tutorial/elements/fire",
  "criteria": {
    "tick": {
      "trigger": "minecraft:tick"
    }
  }
}
