{
  "display": {
    "icon": {
      "item": "minecraft:paper",
      "nbt": "{CustomModelData:12341049}"
    },
    "title": {
      "text": "光                                 ",
      "color": "yellow",
      "font": "minecraft:default",
      "bold": false,
      "italic": false
    },
    "description": [
      {
        "text": "\uE002",
        "font": "xylo_rpg:elements_icons",
        "italic": false,
        "color": "yellow"
      },
      {
        "text": " 光:",
        "color": "yellow",
        "font": "minecraft:default",
        "bold": false,
        "italic": false
      },
      {
        "text": " 当受到光影响时，你的所有药水效果都会被清除。",
        "color": "white",
        "font": "minecraft:default",
        "bold": false,
        "italic": false
      }
    ],
    "frame": "task",
    "show_toast": false,
    "announce_to_chat": false,
    "hidden": false
  },
  "parent": "xylo_rpg:tutorial/elements/darkness",
  "criteria": {
    "tick": {
      "trigger": "minecraft:tick"
    }
  }
}
