{
  "display": {
    "icon": {
      "item": "minecraft:paper",
      "nbt": "{CustomModelData:12341052}"
    },
    "title": {
      "text": "雷电                                 ",
      "color": "blue",
      "font": "minecraft:default",
      "bold": false,
      "italic": false
    },
    "description": [
      {
        "text": "\uE005",
        "font": "xylo_rpg:elements_icons",
        "italic": false,
        "color": "blue"
      },
      {
        "text": " 雷电:",
        "color": "blue",
        "font": "minecraft:default",
        "bold": false,
        "italic": false
      },
      {
        "text": " 当受到雷电影响时，你的能量和体力恢复速度将会减半。当效果叠加时将会消耗你一定比例的能量和护盾。",
        "color": "white",
        "font": "minecraft:default",
        "bold": false,
        "italic": false
      }
    ],
    "frame": "task",
    "show_toast": false,
    "announce_to_chat": false,
    "hidden": false
  },
  "parent": "xylo_rpg:tutorial/elements/freeze",
  "criteria": {
    "tick": {
      "trigger": "minecraft:tick"
    }
  }
}
