{
	"credit": "Made with Blockbench",
	"texture_size": [32, 32],
	"textures": {
		"0": "xylo_rpg:item/cores/core",
		"1": "xylo_rpg:item/cores/passive_ability_core",
		"particle": "xylo_rpg:item/cores/core"
	},
	"elements": [
		{
			"from": [3.5, 11, 8],
			"to": [4.5, 17, 9],
			"rotation": {"angle": -45, "axis": "z", "origin": [3.5, 11, 8]},
			"faces": {
				"north": {"uv": [5, 3, 5.5, 6], "texture": "#0"},
				"east": {"uv": [3.5, 5, 4, 8], "texture": "#0"},
				"south": {"uv": [5.5, 0, 6, 3], "texture": "#0"},
				"west": {"uv": [5.5, 3, 6, 6], "texture": "#0"},
				"up": {"uv": [9, 9, 8.5, 8.5], "texture": "#0"},
				"down": {"uv": [9.5, 0, 9, 0.5], "texture": "#0"}
			}
		},
		{
			"from": [11, 5, 8.1],
			"to": [12, 11, 8.9],
			"rotation": {"angle": 0, "axis": "y", "origin": [12, 0, 8]},
			"faces": {
				"north": {"uv": [4, 0, 4.5, 3], "texture": "#0"},
				"east": {"uv": [4, 3, 4.5, 6], "texture": "#0"},
				"south": {"uv": [4.5, 0, 5, 3], "texture": "#0"},
				"west": {"uv": [4.5, 3, 5, 6], "texture": "#0"},
				"up": {"uv": [9, 6.5, 8.5, 6], "texture": "#0"},
				"down": {"uv": [9, 6.5, 8.5, 7], "texture": "#0"}
			}
		},
		{
			"from": [11, -1, 8],
			"to": [12, 5, 9],
			"rotation": {"angle": -45, "axis": "z", "origin": [12, 5, 8]},
			"faces": {
				"north": {"uv": [0, 5, 0.5, 8], "texture": "#0"},
				"east": {"uv": [5, 0, 5.5, 3], "texture": "#0"},
				"south": {"uv": [0.5, 5, 1, 8], "texture": "#0"},
				"west": {"uv": [1, 5, 1.5, 8], "texture": "#0"},
				"up": {"uv": [9, 7.5, 8.5, 7], "texture": "#0"},
				"down": {"uv": [9, 7.5, 8.5, 8], "texture": "#0"}
			}
		},
		{
			"from": [11, 11, 8.01],
			"to": [12, 17, 8.99],
			"rotation": {"angle": 45, "axis": "z", "origin": [12, 11, 8]},
			"faces": {
				"north": {"uv": [1.5, 5, 2, 8], "texture": "#0"},
				"east": {"uv": [2, 5, 2.5, 8], "texture": "#0"},
				"south": {"uv": [2.5, 5, 3, 8], "texture": "#0"},
				"west": {"uv": [3, 5, 3.5, 8], "texture": "#0"},
				"up": {"uv": [8.5, 9, 8, 8.5], "texture": "#0"},
				"down": {"uv": [9, 8, 8.5, 8.5], "texture": "#0"}
			}
		},
		{
			"from": [3.5, -1, 8.01],
			"to": [4.5, 5, 8.99],
			"rotation": {"angle": 45, "axis": "z", "origin": [3.5, 5, 8]},
			"faces": {
				"north": {"uv": [5, 6, 5.5, 9], "texture": "#0"},
				"east": {"uv": [5.5, 6, 6, 9], "texture": "#0"},
				"south": {"uv": [6, 6, 6.5, 9], "texture": "#0"},
				"west": {"uv": [6.5, 0, 7, 3], "texture": "#0"},
				"up": {"uv": [9.5, 2, 9, 1.5], "texture": "#0"},
				"down": {"uv": [9.5, 2, 9, 2.5], "texture": "#0"}
			}
		},
		{
			"from": [3.5, 5, 8.1],
			"to": [4.5, 11, 8.9],
			"rotation": {"angle": 0, "axis": "y", "origin": [3.5, 0, 8]},
			"faces": {
				"north": {"uv": [6, 0, 6.5, 3], "texture": "#0"},
				"east": {"uv": [6, 3, 6.5, 6], "texture": "#0"},
				"south": {"uv": [4, 6, 4.5, 9], "texture": "#0"},
				"west": {"uv": [4.5, 6, 5, 9], "texture": "#0"},
				"up": {"uv": [9.5, 1, 9, 0.5], "texture": "#0"},
				"down": {"uv": [9.5, 1, 9, 1.5], "texture": "#0"}
			}
		},
		{
			"from": [9, 6, 7.85],
			"to": [10, 10, 9.15],
			"rotation": {"angle": 0, "axis": "y", "origin": [12, 0, 8]},
			"faces": {
				"north": {"uv": [2, 8, 2.5, 10], "texture": "#0"},
				"east": {"uv": [6.5, 3, 7.25, 5], "texture": "#0"},
				"south": {"uv": [2.5, 8, 3, 10], "texture": "#0"},
				"west": {"uv": [6.5, 5, 7.25, 7], "texture": "#0"},
				"up": {"uv": [7.5, 2.75, 7, 2], "texture": "#0"},
				"down": {"uv": [4, 8, 3.5, 8.75], "texture": "#0"}
			}
		},
		{
			"from": [5.5, 6, 7.85],
			"to": [6.5, 10, 9.15],
			"rotation": {"angle": 0, "axis": "y", "origin": [12, 0, 8]},
			"faces": {
				"north": {"uv": [8, 2.5, 8.5, 4.5], "texture": "#0"},
				"east": {"uv": [7, 0, 7.75, 2], "texture": "#0"},
				"south": {"uv": [3, 8, 3.5, 10], "texture": "#0"},
				"west": {"uv": [6.5, 7, 7.25, 9], "texture": "#0"},
				"up": {"uv": [8.5, 5.25, 8, 4.5], "texture": "#0"},
				"down": {"uv": [8.5, 5.5, 8, 6.25], "texture": "#0"}
			}
		},
		{
			"from": [5.5, 1.1, 7.75],
			"to": [6.5, 6, 9.25],
			"rotation": {"angle": 45, "axis": "z", "origin": [5.5, 6, 8]},
			"faces": {
				"north": {"uv": [7.5, 7, 8, 9.5], "texture": "#0"},
				"east": {"uv": [2, 0, 2.75, 2.5], "texture": "#0"},
				"south": {"uv": [0, 8, 0.5, 10.5], "texture": "#0"},
				"west": {"uv": [0, 2.5, 0.75, 5], "texture": "#0"},
				"up": {"uv": [9, 0.75, 8.5, 0], "texture": "#0"},
				"down": {"uv": [9, 1, 8.5, 1.75], "texture": "#0"}
			}
		},
		{
			"from": [9, 10, 7.75],
			"to": [10, 14.9, 9.25],
			"rotation": {"angle": 45, "axis": "z", "origin": [10, 10, 8]},
			"faces": {
				"north": {"uv": [1, 8, 1.5, 10.5], "texture": "#0"},
				"east": {"uv": [3, 0, 3.75, 2.5], "texture": "#0"},
				"south": {"uv": [1.5, 8, 2, 10.5], "texture": "#0"},
				"west": {"uv": [3, 2.5, 3.75, 5], "texture": "#0"},
				"up": {"uv": [9, 4.75, 8.5, 4], "texture": "#0"},
				"down": {"uv": [9, 5, 8.5, 5.75], "texture": "#0"}
			}
		},
		{
			"from": [9, 3.8, 7.75],
			"to": [10, 6, 9.25],
			"rotation": {"angle": -45, "axis": "z", "origin": [10, 6, 8]},
			"faces": {
				"north": {"uv": [7.5, 2, 8, 3.625], "texture": "#0"},
				"east": {"uv": [0, 0, 0.75, 1.625], "texture": "#0"},
				"south": {"uv": [7.5, 4.5, 8, 6.125], "texture": "#0"},
				"west": {"uv": [1, 0, 1.75, 1.625], "texture": "#0"},
				"up": {"uv": [8.5, 7.25, 8, 6.5], "texture": "#0"},
				"down": {"uv": [8.5, 7.5, 8, 8.25], "texture": "#0"}
			}
		},
		{
			"from": [9, 1.1, 7.75],
			"to": [10, 2.82, 9.25],
			"rotation": {"angle": -45, "axis": "z", "origin": [10, 6, 8]},
			"faces": {
				"north": {"uv": [7.5, 3.625, 8, 4.5], "texture": "#0"},
				"east": {"uv": [0, 1.625, 0.75, 2.5], "texture": "#0"},
				"south": {"uv": [7.5, 6.125, 8, 7], "texture": "#0"},
				"west": {"uv": [1, 1.625, 1.75, 2.5], "texture": "#0"},
				"up": {"uv": [8.5, 7.25, 8, 6.5], "texture": "#0"},
				"down": {"uv": [8.5, 7.5, 8, 8.25], "texture": "#0"}
			}
		},
		{
			"from": [5.5, 13.18, 7.75],
			"to": [6.5, 14.9, 9.25],
			"rotation": {"angle": -45, "axis": "z", "origin": [5.5, 10, 8]},
			"faces": {
				"north": {"uv": [8, 0, 8.5, 0.875], "texture": "#0"},
				"east": {"uv": [1, 2.5, 1.75, 3.375], "texture": "#0"},
				"south": {"uv": [0.5, 8, 1, 8.875], "texture": "#0"},
				"west": {"uv": [2, 2.5, 2.75, 3.375], "texture": "#0"},
				"up": {"uv": [9, 2.75, 8.5, 2], "texture": "#0"},
				"down": {"uv": [9, 3, 8.5, 3.75], "texture": "#0"}
			}
		},
		{
			"from": [5.5, 10, 7.75],
			"to": [6.5, 12.2, 9.25],
			"rotation": {"angle": -45, "axis": "z", "origin": [5.5, 10, 8]},
			"faces": {
				"north": {"uv": [8, 0.875, 8.5, 2.5], "texture": "#0"},
				"east": {"uv": [1, 3.375, 1.75, 5], "texture": "#0"},
				"south": {"uv": [0.5, 8.875, 1, 10.5], "texture": "#0"},
				"west": {"uv": [2, 3.375, 2.75, 5], "texture": "#0"},
				"up": {"uv": [9, 2.75, 8.5, 2], "texture": "#0"},
				"down": {"uv": [9, 3, 8.5, 3.75], "texture": "#0"}
			}
		},
		{
			"from": [7.25, 7.5, 8],
			"to": [8.25, 8.5, 9],
			"rotation": {"angle": 45, "axis": "z", "origin": [7.75, 8, 8]},
			"faces": {
				"north": {"uv": [9, 2.5, 9.5, 3], "texture": "#0"},
				"east": {"uv": [9, 3, 9.5, 3.5], "texture": "#0"},
				"south": {"uv": [3.5, 9, 4, 9.5], "texture": "#0"},
				"west": {"uv": [9, 3.5, 9.5, 4], "texture": "#0"},
				"up": {"uv": [4.5, 9.5, 4, 9], "texture": "#0"},
				"down": {"uv": [9.5, 4, 9, 4.5], "texture": "#0"}
			}
		},
		{
			"from": [4.15, 2.15, 8.4],
			"to": [11.05, 13.85, 8.6],
			"rotation": {"angle": 0, "axis": "z", "origin": [7.75, 8, 8]},
			"faces": {
				"north": {"uv": [0, 0, 16, 16], "texture": "#1"},
				"south": {"uv": [0, 0, 16, 16], "texture": "#1"}
			}
		}
	],
	"gui_light": "front",
	"display": {
		"thirdperson_righthand": {
			"translation": [0, 3, 1],
			"scale": [0.47, 0.47, 0.47]
		},
		"thirdperson_lefthand": {
			"translation": [0, 3, 1],
			"scale": [0.47, 0.47, 0.47]
		},
		"firstperson_righthand": {
			"rotation": [0, -90, 25],
			"translation": [1.13, 3.2, 1.13],
			"scale": [0.68, 0.68, 0.68]
		},
		"firstperson_lefthand": {
			"rotation": [0, -90, 25],
			"translation": [1.13, 3.2, 1.13],
			"scale": [0.68, 0.68, 0.68]
		},
		"ground": {
			"translation": [0, 2, 0],
			"scale": [0.5, 0.5, 0.5]
		},
		"gui": {
			"scale": [1.05, 1.05, 1.05]
		},
		"head": {
			"rotation": [0, 180, 0],
			"translation": [0, 13, 7]
		},
		"fixed": {
			"rotation": [0, 180, 0]
		}
	},
	"groups": [
		{
			"name": "group",
			"origin": [0, 0, 8.5],
			"color": 0,
			"children": [0, 1, 2, 3, 4, 5]
		},
		{
			"name": "group",
			"origin": [0, 10, 6.5],
			"color": 0,
			"children": [6, 7, 8, 9, 10, 11, 12, 13]
		},
		14,
		15
	]
}