{
    "pools": [
        {
            "rolls": 1,
            "entries": [
                {
                    "type": "minecraft:item",
                    "name": "minecraft:potion",
                    "functions": [
                        {
                            "function": "minecraft:set_nbt",
                            "tag": "{display:{Name:'{\"text\":\"瓶装云\",\"italic\":false}'},CustomPotionEffects:[{Id:25b,Amplifier:0b,Duration:600,ShowParticles:1b},{Id:28b,Amplifier:0b,Duration:900,ShowParticles:1b}],CustomPotionColor:14940927}"
                        }
                    ]
                }
            ]
        }
    ]
}