{
    "pools": [
        {
            "rolls": 1,
            "entries": [
                {
                    "type": "minecraft:item",
                    "name": "minecraft:axolotl_spawn_egg",
                    "functions": [
                        {
                            "function": "minecraft:set_nbt",
                            "tag": "{display:{Name:'[{\"text\":\"幼虫刷怪蛋\",\"italic\":false}]'},EntityTag:{id:\"minecraft:silverfish\",DeathLootTable:\"divine_dimension:entities/larvae\",Health:15f,Tags:[\"eth.larvae\",\"eth.modified\",\"eth.ignore\"],CustomName:'{\"text\":\"Larvae\"}',Attributes:[{Name:generic.max_health,Base:15},{Name:generic.attack_damage,Base:6}]}}"
                        }
                    ]
                }
            ]
        }
    ]
}