[
  {
    "condition": "minecraft:inverted",
    "term": {
      "condition": "minecraft:entity_properties",
      "entity": "this",
      "predicate": {
        "equipment": {
          "mainhand": {
            "items": [
              "minecraft:shield"
            ]
          }
        }
      }
    }
  },
  {
    "condition": "minecraft:entity_properties",
    "entity": "this",
    "predicate": {
      "equipment": {
        "offhand": {
          "items": [
            "minecraft:shield"
          ]
        }
      },
      "type_specific": {
        "type": "player",
        "advancements": {
          "xylo_tools:vanilla/shield/blocking": true
        }
      }
    }
  }
]
