{
  "display": {
    "icon": {
      "item": "minecraft:ender_chest"
    },
    "title": {
      "text": "便捷末影箱数据包",
      "color": "green",
      "bold": true,
      "italic": false
    },
    "description": {
      "text": "更好的破坏末影箱，不需要使用镐子。",
      "color": "white",
      "bold": false,
      "italic": false
    },
    "frame": "goal",
    "show_toast": false,
    "announce_to_chat": false
  },
  "parent": "xylo:datapacks_list",
  "criteria": {
    "requirement": {
      "trigger": "minecraft:tick"
    }
  }
}
