{
    "flower": "tag:pneumaticcraft:plastic_bricks",
    "creator": "Ridanisaurus Rid & TemperedFool",
    "lore": "如果你在一只铁蜜蜂上涂润滑油然后装到气动头盔，\n最后放入压力室中你会得到什么？！...AM...PCBEE",
    "loreColor": "#00AAAA",
    "maxTimeInHive": 4800,
    "sizeModifier": 1,
    "hasHoneycomb": true,
    "traits": ["can_swim", "slippers"],
    "baseLayerTexture": "other/pcbee",
    "ColorData": {
        "honeycombColor": "#7a7f80",
        "modelType": "ARMORED"
    },
    "CombatData": {
        "isPassive": false,
        "removeStingerOnAttack": false,
        "inflictsPoison": true,
        "attackDamage": 2
    },
    "MutationData": {
        "hasMutation": true,
        "mutationCount": 4,
        "mutations": [
            {
                "type": "BLOCK",
                "inputID": "minecraft:water",
                "outputs": [{ "outputID": "pneumaticcraft:yeast_culture", "weight": 10, "chance": 0.2 }]
            },
            {
                "type": "BLOCK",
                "inputID": "pneumaticcraft:vegetable_oil",
                "outputs": [{ "outputID": "pneumaticcraft:oil", "weight": 10 }]
            }
        ]
    },
    "CentrifugeData": {
        "hasCentrifugeOutput": false
    },
    "SpawnData": {
        "canSpawnInWorld": false
    },
    "BreedData": {
        "isBreedable": true,
        "feedItem": "pneumaticcraft:programming_puzzle",
        "feedAmount": 1,
        "childGrowthDelay": -24000,
        "breedDelay": 6000
    },
    "TraitData": {
        "hasTraits": true
    }
}
