[
  {
    "function": "minecraft:copy_nbt",
    "source": "this",
    "ops": [
      {
        "source": "Pos",
        "target": "xylo_warps.coord",
        "op": "replace"
      }
    ]
  },
  {
    "function": "minecraft:copy_nbt",
    "source": "this",
    "ops": [
      {
        "source": "Rotation",
        "target": "xylo_warps.rotation",
        "op": "replace"
      }
    ]
  },
  {
    "function": "minecraft:copy_nbt",
    "source": "this",
    "ops": [
      {
        "source": "Dimension",
        "target": "xylo_warps.dimension",
        "op": "replace"
      }
    ]
  },
  {
    "function": "minecraft:set_lore",
    "entity": "this",
    "lore": [
      [
        [
          {
            "text": "坐标: ",
            "color": "gray",
            "italic": false
          },
          {
            "score": {
              "name":  "#xs_x",
              "objective": "xs_op"
            },
            "color": "gray",
            "italic": false
          },
          {
            "text": ", ",
            "color": "gray",
            "italic": false
          },
          {
            "score": {
              "name":  "#xs_y",
              "objective": "xs_op"
            },
            "color": "gray",
            "italic": false
          },
          {
            "text": ", ",
            "color": "gray",
            "italic": false
          },
          {
            "score": {
              "name":  "#xs_z",
              "objective": "xs_op"
            },
            "color": "gray",
            "italic": false
          }
        ]
      ],
      [
        [
          {
            "text": "维度: ",
            "color": "gray",
            "italic": false
          },
          {
            "nbt": "Dimension",
            "entity": "@s",
            "color": "gray"
          }
        ]
      ]
    ]
  }
]