{
    "parent": "bracken:underdark/enter_underdark",
    "display": {
        "title": {
            "text": "什么？为什么？"
        },
        "description": {
            "text": "找到一个迷路的矿工，然后出于某种原因给他们一拳。",
            "color": "green"
        },
        "icon": {
            "item": "minecraft:filled_map"
        },
        "frame": "task",
        "show_toast": true,
        "announce_to_chat": true,
        "hidden": true
    },
    "criteria": {
        "bracken:underdark/lost1": {
            "trigger": "minecraft:player_hurt_entity",
            "conditions": {
                "player": [
                    {
                        "condition": "minecraft:entity_properties",
                        "entity": "this",
                        "predicate": {
                            "location": {
                                "dimension": "bracken:the_underdark"
                            }
                        }
                    }
                ],
                "entity": [
                    {
                        "condition": "minecraft:entity_properties",
                        "entity": "this",
                        "predicate": {
                            "type": "minecraft:pillager"
                        }
                    }
                ]
            }
        }
    },
    "requirements": [
        [
            "bracken:underdark/lost1"
        ]
    ]
}
