[
  {
    "condition": "minecraft:inverted",
    "term": {
      "condition": "minecraft:value_check",
      "value": {
        "type": "minecraft:score",
        "target": {
          "type": "minecraft:fixed",
          "name": "#xrgp_new_class_id"
        },
        "score": "xrpg_op"
      },
      "range": 0
    }
  },
  {
    "condition": "minecraft:value_check",
    "value": {
      "type": "minecraft:score",
      "target": {
        "type": "minecraft:fixed",
        "name": "#xrgp_old_class_id"
      },
      "score": "xrpg_op"
    },
    "range": {
      "min": {
        "type": "minecraft:score",
        "target": {
          "type": "minecraft:fixed",
          "name": "#xrgp_new_class_id"
        },
        "score": "xrpg_op"
      },
      "max": {
        "type": "minecraft:score",
        "target": {
          "type": "minecraft:fixed",
          "name": "#xrgp_new_class_id"
        },
        "score": "xrpg_op"
      }
    }
  }
]
