{
	"credit": "Made with Blockbench",
	"texture_size": [32, 32],
	"textures": {
		"0": "xylo:block/cct",
		"particle": "xylo:block/cct"
	},
	"elements": [
		{
			"from": [-8, -8, -8],
			"to": [24, 24, 24],
			"faces": {
				"north": {"uv": [0, 0, 8, 8], "texture": "#0"},
				"east": {"uv": [0, 0, 8, 8], "texture": "#0"},
				"south": {"uv": [0, 0, 8, 8], "texture": "#0"},
				"west": {"uv": [0, 0, 8, 8], "texture": "#0"},
				"up": {"uv": [8, 0, 16, 8], "texture": "#0"},
				"down": {"uv": [8, 8, 16, 16], "texture": "#0"}
			}
		},
		{
			"from": [-8, 24, -8],
			"to": [24, 25, -7],
			"faces": {
				"north": {"uv": [0, 8, 0.5, 16], "texture": "#0"},
				"east": {"uv": [0, 8, 0.5, 16], "texture": "#0"},
				"south": {"uv": [0, 8, 0.5, 16], "texture": "#0"},
				"west": {"uv": [0, 8, 0.5, 16], "texture": "#0"},
				"up": {"uv": [0, 15, 8, 16], "texture": "#0"},
				"down": {"uv": [0, 15, 8, 16], "texture": "#0"}
			}
		},
		{
			"from": [-8, 23, -9],
			"to": [24, 24, -8],
			"faces": {
				"north": {"uv": [0, 8, 0.5, 16], "texture": "#0"},
				"east": {"uv": [0, 8, 0.5, 16], "texture": "#0"},
				"south": {"uv": [0, 8, 0.5, 16], "texture": "#0"},
				"west": {"uv": [0, 8, 0.5, 16], "texture": "#0"},
				"up": {"uv": [0, 15, 8, 16], "texture": "#0"},
				"down": {"uv": [0, 15, 8, 16], "texture": "#0"}
			}
		},
		{
			"from": [23, 24, -8],
			"to": [24, 25, 24],
			"faces": {
				"north": {"uv": [0, 8, 0.5, 16], "texture": "#0"},
				"east": {"uv": [0, 8, 0.5, 16], "texture": "#0"},
				"south": {"uv": [0, 8, 0.5, 16], "texture": "#0"},
				"west": {"uv": [0, 8, 0.5, 16], "texture": "#0"},
				"up": {"uv": [0, 8, 1, 16], "texture": "#0"},
				"down": {"uv": [0, 8, 1, 16], "texture": "#0"}
			}
		},
		{
			"from": [24, 23, -8],
			"to": [25, 24, 24],
			"faces": {
				"north": {"uv": [0, 8, 0.5, 16], "texture": "#0"},
				"east": {"uv": [0, 8, 0.5, 16], "texture": "#0"},
				"south": {"uv": [0, 8, 0.5, 16], "texture": "#0"},
				"west": {"uv": [0, 8, 0.5, 16], "texture": "#0"},
				"up": {"uv": [0, 8, 1, 16], "texture": "#0"},
				"down": {"uv": [0, 8, 1, 16], "texture": "#0"}
			}
		},
		{
			"from": [-8, 24, 23],
			"to": [24, 25, 24],
			"rotation": {"angle": 0, "axis": "y", "origin": [16, 24, 29]},
			"faces": {
				"north": {"uv": [0, 8, 0.5, 16], "texture": "#0"},
				"east": {"uv": [0, 8, 0.5, 16], "texture": "#0"},
				"south": {"uv": [0, 8, 0.5, 16], "texture": "#0"},
				"west": {"uv": [0, 8, 0.5, 16], "texture": "#0"},
				"up": {"uv": [0, 15, 8, 16], "texture": "#0"},
				"down": {"uv": [0, 15, 8, 16], "texture": "#0"}
			}
		},
		{
			"from": [-8, 23, 24],
			"to": [24, 24, 25],
			"rotation": {"angle": 0, "axis": "y", "origin": [16, 24, 29]},
			"faces": {
				"north": {"uv": [0, 8, 0.5, 16], "texture": "#0"},
				"east": {"uv": [0, 8, 0.5, 16], "texture": "#0"},
				"south": {"uv": [0, 8, 0.5, 16], "texture": "#0"},
				"west": {"uv": [0, 8, 0.5, 16], "texture": "#0"},
				"up": {"uv": [0, 15, 8, 16], "texture": "#0"},
				"down": {"uv": [0, 15, 8, 16], "texture": "#0"}
			}
		},
		{
			"from": [-9, 23, -8],
			"to": [-8, 24, 24],
			"faces": {
				"north": {"uv": [0, 8, 0.5, 16], "texture": "#0"},
				"east": {"uv": [0, 8, 0.5, 16], "texture": "#0"},
				"south": {"uv": [0, 8, 0.5, 16], "texture": "#0"},
				"west": {"uv": [0, 8, 0.5, 16], "texture": "#0"},
				"up": {"uv": [0, 8, 1, 16], "texture": "#0"},
				"down": {"uv": [0, 8, 1, 16], "texture": "#0"}
			}
		},
		{
			"from": [-8, 24, -8],
			"to": [-7, 25, 24],
			"faces": {
				"north": {"uv": [0, 8, 0.5, 16], "texture": "#0"},
				"east": {"uv": [0, 8, 0.5, 16], "texture": "#0"},
				"south": {"uv": [0, 8, 0.5, 16], "texture": "#0"},
				"west": {"uv": [0, 8, 0.5, 16], "texture": "#0"},
				"up": {"uv": [0, 8, 1, 16], "texture": "#0"},
				"down": {"uv": [0, 8, 1, 16], "texture": "#0"}
			}
		},
		{
			"from": [16, 24, -8],
			"to": [17, 25, 24],
			"faces": {
				"north": {"uv": [0, 8, 0.5, 16], "texture": "#0"},
				"east": {"uv": [0, 8, 0.5, 16], "texture": "#0"},
				"south": {"uv": [0, 8, 0.5, 16], "texture": "#0"},
				"west": {"uv": [0, 8, 0.5, 16], "texture": "#0"},
				"up": {"uv": [0, 8, 1, 16], "texture": "#0"},
				"down": {"uv": [0, 8, 1, 16], "texture": "#0"}
			}
		},
		{
			"from": [-1, 24, -8],
			"to": [0, 25, 24],
			"faces": {
				"north": {"uv": [0, 8, 0.5, 16], "texture": "#0"},
				"east": {"uv": [0, 8, 0.5, 16], "texture": "#0"},
				"south": {"uv": [0, 8, 0.5, 16], "texture": "#0"},
				"west": {"uv": [0, 8, 0.5, 16], "texture": "#0"},
				"up": {"uv": [0, 8, 1, 16], "texture": "#0"},
				"down": {"uv": [0, 8, 1, 16], "texture": "#0"}
			}
		},
		{
			"from": [-8, 24, -1],
			"to": [24, 25, 0],
			"faces": {
				"north": {"uv": [0, 8, 0.5, 16], "texture": "#0"},
				"east": {"uv": [0, 8, 0.5, 16], "texture": "#0"},
				"south": {"uv": [0, 8, 0.5, 16], "texture": "#0"},
				"west": {"uv": [0, 8, 0.5, 16], "texture": "#0"},
				"up": {"uv": [0, 15, 8, 16], "texture": "#0"},
				"down": {"uv": [0, 15, 8, 16], "texture": "#0"}
			}
		},
		{
			"from": [-8, 24, 16],
			"to": [24, 25, 17],
			"rotation": {"angle": 0, "axis": "y", "origin": [16, 24, 29]},
			"faces": {
				"north": {"uv": [0, 8, 0.5, 16], "texture": "#0"},
				"east": {"uv": [0, 8, 0.5, 16], "texture": "#0"},
				"south": {"uv": [0, 8, 0.5, 16], "texture": "#0"},
				"west": {"uv": [0, 8, 0.5, 16], "texture": "#0"},
				"up": {"uv": [0, 15, 8, 16], "texture": "#0"},
				"down": {"uv": [0, 15, 8, 16], "texture": "#0"}
			}
		},
		{
			"from": [10.25, 24, -1],
			"to": [11.25, 25, 17],
			"faces": {
				"north": {"uv": [0, 8, 0.5, 16], "texture": "#0"},
				"east": {"uv": [0, 8, 0.5, 16], "texture": "#0"},
				"south": {"uv": [0, 8, 0.5, 16], "texture": "#0"},
				"west": {"uv": [0, 8, 0.5, 16], "texture": "#0"},
				"up": {"uv": [0, 8, 1, 16], "texture": "#0"},
				"down": {"uv": [0, 8, 1, 16], "texture": "#0"}
			}
		},
		{
			"from": [4.75, 24, -1],
			"to": [5.75, 25, 17],
			"faces": {
				"north": {"uv": [0, 8, 0.5, 16], "texture": "#0"},
				"east": {"uv": [0, 8, 0.5, 16], "texture": "#0"},
				"south": {"uv": [0, 8, 0.5, 16], "texture": "#0"},
				"west": {"uv": [0, 8, 0.5, 16], "texture": "#0"},
				"up": {"uv": [0, 8, 1, 16], "texture": "#0"},
				"down": {"uv": [0, 8, 1, 16], "texture": "#0"}
			}
		},
		{
			"from": [-1, 24, 4.5],
			"to": [17, 25, 5.5],
			"faces": {
				"north": {"uv": [0, 8, 0.5, 16], "texture": "#0"},
				"east": {"uv": [0, 8, 0.5, 16], "texture": "#0"},
				"south": {"uv": [0, 8, 0.5, 16], "texture": "#0"},
				"west": {"uv": [0, 8, 0.5, 16], "texture": "#0"},
				"up": {"uv": [0, 15, 8, 16], "texture": "#0"},
				"down": {"uv": [0, 15, 8, 16], "texture": "#0"}
			}
		},
		{
			"from": [-1, 24, 10.25],
			"to": [17, 25, 11.25],
			"faces": {
				"north": {"uv": [0, 8, 0.5, 16], "texture": "#0"},
				"east": {"uv": [0, 8, 0.5, 16], "texture": "#0"},
				"south": {"uv": [0, 8, 0.5, 16], "texture": "#0"},
				"west": {"uv": [0, 8, 0.5, 16], "texture": "#0"},
				"up": {"uv": [0, 15, 8, 16], "texture": "#0"},
				"down": {"uv": [0, 15, 8, 16], "texture": "#0"}
			}
		},
		{
			"from": [24, -8, 24],
			"to": [25, 24, 25],
			"rotation": {"angle": 0, "axis": "z", "origin": [16, 24, 29]},
			"faces": {
				"north": {"uv": [3.5, 8, 4.5, 16], "texture": "#0"},
				"east": {"uv": [3.5, 8, 4.5, 16], "texture": "#0"},
				"south": {"uv": [3.5, 8, 4.5, 16], "texture": "#0"},
				"west": {"uv": [3.5, 8, 4.5, 16], "texture": "#0"},
				"up": {"uv": [0, 8, 1, 9], "texture": "#0"},
				"down": {"uv": [0, 8, 1, 9], "texture": "#0"}
			}
		},
		{
			"from": [-9, -8, 24],
			"to": [-8, 24, 25],
			"rotation": {"angle": 0, "axis": "y", "origin": [16, 24, 29]},
			"faces": {
				"north": {"uv": [3.5, 8, 4.5, 16], "texture": "#0"},
				"east": {"uv": [3.5, 8, 4.5, 16], "texture": "#0"},
				"south": {"uv": [3.5, 8, 4.5, 16], "texture": "#0"},
				"west": {"uv": [3.5, 8, 4.5, 16], "texture": "#0"},
				"up": {"uv": [0, 8, 1, 9], "texture": "#0"},
				"down": {"uv": [0, 8, 1, 9], "texture": "#0"}
			}
		},
		{
			"from": [-9, -8, -9],
			"to": [-8, 24, -8],
			"rotation": {"angle": 0, "axis": "y", "origin": [16, 24, 29]},
			"faces": {
				"north": {"uv": [3.5, 8, 4.5, 16], "texture": "#0"},
				"east": {"uv": [3.5, 8, 4.5, 16], "texture": "#0"},
				"south": {"uv": [3.5, 8, 4.5, 16], "texture": "#0"},
				"west": {"uv": [3.5, 8, 4.5, 16], "texture": "#0"},
				"up": {"uv": [0, 8, 1, 9], "texture": "#0"},
				"down": {"uv": [0, 8, 1, 9], "texture": "#0"}
			}
		},
		{
			"from": [24, -8, -9],
			"to": [25, 24, -8],
			"rotation": {"angle": 0, "axis": "y", "origin": [16, 24, 29]},
			"faces": {
				"north": {"uv": [3.5, 8, 4.5, 16], "texture": "#0"},
				"east": {"uv": [3.5, 8, 4.5, 16], "texture": "#0"},
				"south": {"uv": [3.5, 8, 4.5, 16], "texture": "#0"},
				"west": {"uv": [3.5, 8, 4.5, 16], "texture": "#0"},
				"up": {"uv": [0, 8, 1, 9], "texture": "#0"},
				"down": {"uv": [0, 8, 1, 9], "texture": "#0"}
			}
		}
	],
	"display": {
		"thirdperson_righthand": {
			"rotation": [75, 45, 0],
			"translation": [0, 2.5, 0],
			"scale": [0.18, 0.18, 0.18]
		},
		"thirdperson_lefthand": {
			"rotation": [75, 45, 0],
			"translation": [0, 2.5, 0],
			"scale": [0.18, 0.18, 0.18]
		},
		"firstperson_righthand": {
			"rotation": [0, 45, 0],
			"scale": [0.18, 0.18, 0.18]
		},
		"firstperson_lefthand": {
			"rotation": [0, 225, 0],
			"scale": [0.18, 0.18, 0.18]
		},
		"ground": {
			"translation": [0, 3, 0],
			"scale": [0.12, 0.12, 0.12]
		},
		"gui": {
			"rotation": [30, 225, 0],
			"scale": [0.31, 0.31, 0.31]
		},
		"head": {
			"translation": [0, -30.425, 0],
			"scale": [0.8001, 0.8001, 0.8001]
		},
		"fixed": {
			"scale": [0.25, 0.25, 0.25]
		}
	}
}