{
    "type": "minecraft:crafting_shaped",
    "pattern": [
        "###",
        "#C#",
        "SSS"
    ],
    "key": {
        "#": {
            "item": "minecraft:cobblestone"
        },
        "S": {
            "item": "minecraft:smooth_stone"
        },
        "C": {
            "item": "minecraft:crafting_table"
        }
    },
    "result": {
        "item": "minecraft:item_frame",
        "data":"{display:{Name:'{\"text\":\"自定义工作台\",\"italic\":false}'},CustomModelData:6370001,EntityTag:{Item:{id:\"minecraft:item_frame\",Count:1b,tag:{CustomModelData:6370001}},Tags:[\"wasd.custom_crafter\"],Facing:1b,Invulnerable:1b,Invisible:1b,Fixed:1b}}"
    }
}